2018-01-01 00:00:00+01:00,41.50096140438722
2018-01-01 01:00:00+01:00,36.59308296052572
2018-01-01 02:00:00+01:00,38.782704604630794
2018-01-01 03:00:00+01:00,36.986248783232305
2018-01-01 04:00:00+01:00,34.43527793721051
2018-01-01 05:00:00+01:00,34.437533440038415
2018-01-01 06:00:00+01:00,44.90792536682377
2018-01-01 07:00:00+01:00,48.59584683680996
2018-01-01 08:00:00+01:00,52.56647622260969
2018-01-01 09:00:00+01:00,58.35914868956826
2018-01-01 10:00:00+01:00,58.80201719927561
2018-01-01 11:00:00+01:00,56.697617335793154
2018-01-01 12:00:00+01:00,56.65495771594875
2018-01-01 13:00:00+01:00,54.71571632871643
2018-01-01 14:00:00+01:00,54.25435333465665
2018-01-01 15:00:00+01:00,52.607757865540975
2018-01-01 16:00:00+01:00,53.6067927362402
2018-01-01 17:00:00+01:00,58.54521427750504
2018-01-01 18:00:00+01:00,62.41567177991184
2018-01-01 19:00:00+01:00,63.615759821561795
2018-01-01 20:00:00+01:00,61.26302456870078
2018-01-01 21:00:00+01:00,60.328177597921496
2018-01-01 22:00:00+01:00,54.12199865989757
2018-01-01 23:00:00+01:00,52.62329156917088
2018-01-02 00:00:00+01:00,47.02309660542227
2018-01-02 01:00:00+01:00,40.0303338873768
2018-01-02 02:00:00+01:00,38.77545234540702
2018-01-02 03:00:00+01:00,36.65879097244993
2018-01-02 04:00:00+01:00,38.81344737755773
2018-01-02 05:00:00+01:00,39.16387316577649
2018-01-02 06:00:00+01:00,41.52788993184654
2018-01-02 07:00:00+01:00,47.657138529852546
2018-01-02 08:00:00+01:00,55.225875287037695
2018-01-02 09:00:00+01:00,57.16945465042255
2018-01-02 10:00:00+01:00,58.852613724243895
2018-01-02 11:00:00+01:00,57.403731070612956
2018-01-02 12:00:00+01:00,55.1707629822884
2018-01-02 13:00:00+01:00,55.79230618129669
2018-01-02 14:00:00+01:00,55.625661615444415
2018-01-02 15:00:00+01:00,54.29412885737859
2018-01-02 16:00:00+01:00,54.17936347341972
2018-01-02 17:00:00+01:00,56.95735079967479
2018-01-02 18:00:00+01:00,61.94636899195117
2018-01-02 19:00:00+01:00,65.3172646446772
2018-01-02 20:00:00+01:00,63.474417720546306
2018-01-02 21:00:00+01:00,59.21376104098025
2018-01-02 22:00:00+01:00,58.40333625348375
2018-01-02 23:00:00+01:00,54.305808281786994
2018-01-03 00:00:00+01:00,51.82380455673342
2018-01-03 01:00:00+01:00,46.32090910251251
2018-01-03 02:00:00+01:00,45.54960505428269
2018-01-03 03:00:00+01:00,42.25323867826551
2018-01-03 04:00:00+01:00,43.33894706310252
2018-01-03 05:00:00+01:00,45.226198513625185
2018-01-03 06:00:00+01:00,49.90488754632829
2018-01-03 07:00:00+01:00,56.402137049358885
2018-01-03 08:00:00+01:00,61.66533880072232
2018-01-03 09:00:00+01:00,67.77361007445836
2018-01-03 10:00:00+01:00,68.63545837818609
2018-01-03 11:00:00+01:00,65.33166482854858
2018-01-03 12:00:00+01:00,63.32257864123344
2018-01-03 13:00:00+01:00,63.70842033099782
2018-01-03 14:00:00+01:00,65.2662932253199
2018-01-03 15:00:00+01:00,63.06204322617367
2018-01-03 16:00:00+01:00,63.540968936952986
2018-01-03 17:00:00+01:00,67.52065101022124
2018-01-03 18:00:00+01:00,74.64081786778
2018-01-03 19:00:00+01:00,76.10457438945153
2018-01-03 20:00:00+01:00,74.28209911438982
2018-01-03 21:00:00+01:00,72.35716092453025
2018-01-03 22:00:00+01:00,65.81867801231648
2018-01-03 23:00:00+01:00,61.72837699729999
2018-01-04 00:00:00+01:00,58.947452976633905
2018-01-04 01:00:00+01:00,53.90413787280758
2018-01-04 02:00:00+01:00,51.54952942115941
2018-01-04 03:00:00+01:00,50.44849214852652
2018-01-04 04:00:00+01:00,46.589344373730746
2018-01-04 05:00:00+01:00,51.17107544379152
2018-01-04 06:00:00+01:00,56.496669163450015
2018-01-04 07:00:00+01:00,64.33092333313454
2018-01-04 08:00:00+01:00,68.65893093344721
2018-01-04 09:00:00+01:00,71.48657454641915
2018-01-04 10:00:00+01:00,73.91117006953588
2018-01-04 11:00:00+01:00,72.04167610034517
2018-01-04 12:00:00+01:00,72.13676500175775
2018-01-04 13:00:00+01:00,72.30539547652018
2018-01-04 14:00:00+01:00,69.85689540567874
2018-01-04 15:00:00+01:00,67.70914680467087
2018-01-04 16:00:00+01:00,67.36424561576264
2018-01-04 17:00:00+01:00,69.62434137515311
2018-01-04 18:00:00+01:00,76.05601428230729
2018-01-04 19:00:00+01:00,80.9412303713472
2018-01-04 20:00:00+01:00,78.90698509469497
2018-01-04 21:00:00+01:00,75.72226175793669
2018-01-04 22:00:00+01:00,67.86008030477534
2018-01-04 23:00:00+01:00,63.03385846667843
2018-01-05 00:00:00+01:00,47.95933206371635
2018-01-05 01:00:00+01:00,42.61978234463572
2018-01-05 02:00:00+01:00,38.062563435917134
2018-01-05 03:00:00+01:00,38.57885815429597
2018-01-05 04:00:00+01:00,36.46031190067414
2018-01-05 05:00:00+01:00,42.643682512909926
2018-01-05 06:00:00+01:00,41.715103263713615
2018-01-05 07:00:00+01:00,49.477286578728666
2018-01-05 08:00:00+01:00,55.05029757154163
2018-01-05 09:00:00+01:00,59.073390205764724
2018-01-05 10:00:00+01:00,59.35728640158978
2018-01-05 11:00:00+01:00,59.35073014386978
2018-01-05 12:00:00+01:00,59.58921300603006
2018-01-05 13:00:00+01:00,55.91094678151734
2018-01-05 14:00:00+01:00,57.32952244253952
2018-01-05 15:00:00+01:00,56.659473431105255
2018-01-05 16:00:00+01:00,57.41741267420307
2018-01-05 17:00:00+01:00,59.57243851313607
2018-01-05 18:00:00+01:00,65.81950205075721
2018-01-05 19:00:00+01:00,69.21142836030158
2018-01-05 20:00:00+01:00,68.08576537866071
2018-01-05 21:00:00+01:00,65.01394782508713
2018-01-05 22:00:00+01:00,63.31039786189299
2018-01-05 23:00:00+01:00,56.551465164065974
2018-01-06 00:00:00+01:00,48.24577482313105
2018-01-06 01:00:00+01:00,47.328916475844856
2018-01-06 02:00:00+01:00,44.992669685321125
2018-01-06 03:00:00+01:00,43.39348795888162
2018-01-06 04:00:00+01:00,40.13077126627073
2018-01-06 05:00:00+01:00,45.25574267266912
2018-01-06 06:00:00+01:00,43.32383859999204
2018-01-06 07:00:00+01:00,46.48128425344407
2018-01-06 08:00:00+01:00,54.1575509364132
2018-01-06 09:00:00+01:00,53.709726302348166
2018-01-06 10:00:00+01:00,59.43699130497087
2018-01-06 11:00:00+01:00,59.068515225688465
2018-01-06 12:00:00+01:00,58.72803683322576
2018-01-06 13:00:00+01:00,56.25302383604449
2018-01-06 14:00:00+01:00,56.55315222378798
2018-01-06 15:00:00+01:00,54.025461426829395
2018-01-06 16:00:00+01:00,53.68666186212363
2018-01-06 17:00:00+01:00,55.96243948798897
2018-01-06 18:00:00+01:00,63.018163536930366
2018-01-06 19:00:00+01:00,63.20295634293601
2018-01-06 20:00:00+01:00,61.989335808342666
2018-01-06 21:00:00+01:00,63.14066762550448
2018-01-06 22:00:00+01:00,59.377107296684095
2018-01-06 23:00:00+01:00,54.35023617609028
2018-01-07 00:00:00+01:00,57.460449068426136
2018-01-07 01:00:00+01:00,52.920266336315564
2018-01-07 02:00:00+01:00,51.31901633846855
2018-01-07 03:00:00+01:00,47.53980840835393
2018-01-07 04:00:00+01:00,46.413132522467556
2018-01-07 05:00:00+01:00,46.484380403506094
2018-01-07 06:00:00+01:00,43.39408499238243
2018-01-07 07:00:00+01:00,50.88720177747092
2018-01-07 08:00:00+01:00,55.17708970440463
2018-01-07 09:00:00+01:00,56.44305479439627
2018-01-07 10:00:00+01:00,60.63514269532402
2018-01-07 11:00:00+01:00,61.74228475962288
2018-01-07 12:00:00+01:00,61.063030003798566
2018-01-07 13:00:00+01:00,60.11199307995279
2018-01-07 14:00:00+01:00,59.28551135794955
2018-01-07 15:00:00+01:00,56.46259420127916
2018-01-07 16:00:00+01:00,57.1786003461828
2018-01-07 17:00:00+01:00,60.03539943526274
2018-01-07 18:00:00+01:00,66.84911101527352
2018-01-07 19:00:00+01:00,69.4480836833212
2018-01-07 20:00:00+01:00,71.22368131476644
2018-01-07 21:00:00+01:00,72.80091991817106
2018-01-07 22:00:00+01:00,67.95475961322228
2018-01-07 23:00:00+01:00,64.5726848904652
2018-01-08 00:00:00+01:00,64.85643012521635
2018-01-08 01:00:00+01:00,57.63837557306952
2018-01-08 02:00:00+01:00,53.99846789698511
2018-01-08 03:00:00+01:00,51.28938453233615
2018-01-08 04:00:00+01:00,53.749375465207315
2018-01-08 05:00:00+01:00,57.90382738493411
2018-01-08 06:00:00+01:00,63.54802980192517
2018-01-08 07:00:00+01:00,70.12506865273004
2018-01-08 08:00:00+01:00,75.61929008320847
2018-01-08 09:00:00+01:00,77.74892998960824
2018-01-08 10:00:00+01:00,83.1403644331173
2018-01-08 11:00:00+01:00,81.70239970725744
2018-01-08 12:00:00+01:00,81.28224000606707
2018-01-08 13:00:00+01:00,80.87695897598438
2018-01-08 14:00:00+01:00,79.1030467131334
2018-01-08 15:00:00+01:00,77.73740172413939
2018-01-08 16:00:00+01:00,75.98471677520068
2018-01-08 17:00:00+01:00,79.12523286301108
2018-01-08 18:00:00+01:00,82.7265047875749
2018-01-08 19:00:00+01:00,85.02548548656078
2018-01-08 20:00:00+01:00,82.6859083061825
2018-01-08 21:00:00+01:00,80.43466897083273
2018-01-08 22:00:00+01:00,75.94167446853616
2018-01-08 23:00:00+01:00,72.83071013752298
2018-01-09 00:00:00+01:00,68.59449567581608
2018-01-09 01:00:00+01:00,62.21782682853611
2018-01-09 02:00:00+01:00,57.724485191411866
2018-01-09 03:00:00+01:00,56.600070627327206
2018-01-09 04:00:00+01:00,55.64890512283363
2018-01-09 05:00:00+01:00,57.26743843690024
2018-01-09 06:00:00+01:00,63.03527555613592
2018-01-09 07:00:00+01:00,72.42985358000094
2018-01-09 08:00:00+01:00,79.44944564642105
2018-01-09 09:00:00+01:00,82.13497781486754
2018-01-09 10:00:00+01:00,82.27415409243278
2018-01-09 11:00:00+01:00,81.95790992766285
2018-01-09 12:00:00+01:00,82.12864020132155
2018-01-09 13:00:00+01:00,81.66365774553842
2018-01-09 14:00:00+01:00,82.03645247540173
2018-01-09 15:00:00+01:00,78.04283672500178
2018-01-09 16:00:00+01:00,79.81473302002128
2018-01-09 17:00:00+01:00,81.94427838447484
2018-01-09 18:00:00+01:00,87.31060499038158
2018-01-09 19:00:00+01:00,87.42212170622956
2018-01-09 20:00:00+01:00,84.83414963862639
2018-01-09 21:00:00+01:00,82.7550565394043
2018-01-09 22:00:00+01:00,77.38083190671898
2018-01-09 23:00:00+01:00,72.83754291995801
2018-01-10 00:00:00+01:00,61.25352571410334
2018-01-10 01:00:00+01:00,61.278326512798145
2018-01-10 02:00:00+01:00,57.632613118314374
2018-01-10 03:00:00+01:00,58.59561975407133
2018-01-10 04:00:00+01:00,53.13983156450556
2018-01-10 05:00:00+01:00,55.50584757428181
2018-01-10 06:00:00+01:00,62.18190365489562
2018-01-10 07:00:00+01:00,69.94292594445439
2018-01-10 08:00:00+01:00,77.49212072982965
2018-01-10 09:00:00+01:00,80.44973555617776
2018-01-10 10:00:00+01:00,80.45439888746586
2018-01-10 11:00:00+01:00,79.34682648165749
2018-01-10 12:00:00+01:00,78.09202077649032
2018-01-10 13:00:00+01:00,74.24546238136894
2018-01-10 14:00:00+01:00,73.12227945424351
2018-01-10 15:00:00+01:00,69.65274958947319
2018-01-10 16:00:00+01:00,68.89723838007369
2018-01-10 17:00:00+01:00,70.18494422431634
2018-01-10 18:00:00+01:00,75.55862447428729
2018-01-10 19:00:00+01:00,81.91003587554349
2018-01-10 20:00:00+01:00,80.70997098659234
2018-01-10 21:00:00+01:00,79.60827942449208
2018-01-10 22:00:00+01:00,72.7283100290443
2018-01-10 23:00:00+01:00,67.32326088666387
2018-01-11 00:00:00+01:00,57.146598512010534
2018-01-11 01:00:00+01:00,52.85634278258178
2018-01-11 02:00:00+01:00,53.351946400677626
2018-01-11 03:00:00+01:00,50.72678619545163
2018-01-11 04:00:00+01:00,48.39115619937551
2018-01-11 05:00:00+01:00,50.4341006559124
2018-01-11 06:00:00+01:00,60.020200642689524
2018-01-11 07:00:00+01:00,68.2423891989602
2018-01-11 08:00:00+01:00,75.93946866731972
2018-01-11 09:00:00+01:00,78.11427354196353
2018-01-11 10:00:00+01:00,78.08218741759413
2018-01-11 11:00:00+01:00,76.53968634850361
2018-01-11 12:00:00+01:00,77.19464689534185
2018-01-11 13:00:00+01:00,73.12377427212544
2018-01-11 14:00:00+01:00,72.04900878401497
2018-01-11 15:00:00+01:00,70.74550712829317
2018-01-11 16:00:00+01:00,70.28334400731477
2018-01-11 17:00:00+01:00,73.86622360281909
2018-01-11 18:00:00+01:00,82.48242100352267
2018-01-11 19:00:00+01:00,86.42316344275234
2018-01-11 20:00:00+01:00,84.7785723375667
2018-01-11 21:00:00+01:00,82.757351649408
2018-01-11 22:00:00+01:00,76.69431841977853
2018-01-11 23:00:00+01:00,70.26925858238698
2018-01-12 00:00:00+01:00,60.5530475434828
2018-01-12 01:00:00+01:00,57.2392510722041
2018-01-12 02:00:00+01:00,52.56147131753918
2018-01-12 03:00:00+01:00,52.34701086405759
2018-01-12 04:00:00+01:00,55.15914445114934
2018-01-12 05:00:00+01:00,55.896680050116544
2018-01-12 06:00:00+01:00,61.69842392037896
2018-01-12 07:00:00+01:00,68.33270768830236
2018-01-12 08:00:00+01:00,74.30259966291412
2018-01-12 09:00:00+01:00,77.57683135711247
2018-01-12 10:00:00+01:00,78.9637253685808
2018-01-12 11:00:00+01:00,79.11194774989578
2018-01-12 12:00:00+01:00,78.9474767181678
2018-01-12 13:00:00+01:00,78.46580033660808
2018-01-12 14:00:00+01:00,76.93503796459414
2018-01-12 15:00:00+01:00,75.83665419718562
2018-01-12 16:00:00+01:00,76.38110773422974
2018-01-12 17:00:00+01:00,81.59054727227768
2018-01-12 18:00:00+01:00,86.85584272575727
2018-01-12 19:00:00+01:00,88.90791119408816
2018-01-12 20:00:00+01:00,86.71183840431314
2018-01-12 21:00:00+01:00,84.15133634828071
2018-01-12 22:00:00+01:00,77.94371870844405
2018-01-12 23:00:00+01:00,72.19429577442935
2018-01-13 00:00:00+01:00,69.22665408384104
2018-01-13 01:00:00+01:00,62.49000096245754
2018-01-13 02:00:00+01:00,58.807983980770295
2018-01-13 03:00:00+01:00,56.95838174958664
2018-01-13 04:00:00+01:00,57.165374594710606
2018-01-13 05:00:00+01:00,56.933166223251284
2018-01-13 06:00:00+01:00,55.88555191709506
2018-01-13 07:00:00+01:00,59.56404644333341
2018-01-13 08:00:00+01:00,66.97253535261012
2018-01-13 09:00:00+01:00,68.53232119405972
2018-01-13 10:00:00+01:00,71.423313543029
2018-01-13 11:00:00+01:00,71.89726571540406
2018-01-13 12:00:00+01:00,70.93078322591097
2018-01-13 13:00:00+01:00,70.68924288753497
2018-01-13 14:00:00+01:00,69.64632001137151
2018-01-13 15:00:00+01:00,66.27358753042309
2018-01-13 16:00:00+01:00,66.57165452006632
2018-01-13 17:00:00+01:00,72.62933911032856
2018-01-13 18:00:00+01:00,76.64183389336115
2018-01-13 19:00:00+01:00,78.77213407224141
2018-01-13 20:00:00+01:00,77.78251345560813
2018-01-13 21:00:00+01:00,75.61792145823823
2018-01-13 22:00:00+01:00,70.61932600511817
2018-01-13 23:00:00+01:00,66.72428066864715
2018-01-14 00:00:00+01:00,66.36775738537689
2018-01-14 01:00:00+01:00,61.828764935725694
2018-01-14 02:00:00+01:00,56.00410374982658
2018-01-14 03:00:00+01:00,56.71908865596267
2018-01-14 04:00:00+01:00,53.05994570091952
2018-01-14 05:00:00+01:00,52.517775072453794
2018-01-14 06:00:00+01:00,56.389637164647716
2018-01-14 07:00:00+01:00,60.691584477939976
2018-01-14 08:00:00+01:00,62.23645026055052
2018-01-14 09:00:00+01:00,67.36600337853137
2018-01-14 10:00:00+01:00,69.22247288112918
2018-01-14 11:00:00+01:00,68.92260624860528
2018-01-14 12:00:00+01:00,69.92713789333615
2018-01-14 13:00:00+01:00,70.35860043671276
2018-01-14 14:00:00+01:00,68.50668487468947
2018-01-14 15:00:00+01:00,65.82158984188588
2018-01-14 16:00:00+01:00,65.29113462692779
2018-01-14 17:00:00+01:00,70.37915805232753
2018-01-14 18:00:00+01:00,76.88833387374565
2018-01-14 19:00:00+01:00,79.48623206388002
2018-01-14 20:00:00+01:00,77.70145145175032
2018-01-14 21:00:00+01:00,76.8310434351847
2018-01-14 22:00:00+01:00,74.19453494280265
2018-01-14 23:00:00+01:00,68.59302969342508
2018-01-15 00:00:00+01:00,65.58006932864149
2018-01-15 01:00:00+01:00,60.45987696272899
2018-01-15 02:00:00+01:00,58.259215628895085
2018-01-15 03:00:00+01:00,56.40873994612497
2018-01-15 04:00:00+01:00,54.73317427628092
2018-01-15 05:00:00+01:00,55.53124547277954
2018-01-15 06:00:00+01:00,64.45006322989501
2018-01-15 07:00:00+01:00,71.64056286766153
2018-01-15 08:00:00+01:00,79.33866739149742
2018-01-15 09:00:00+01:00,80.78516607348594
2018-01-15 10:00:00+01:00,84.32732398447295
2018-01-15 11:00:00+01:00,83.38835455546355
2018-01-15 12:00:00+01:00,82.97042680521439
2018-01-15 13:00:00+01:00,82.14735998710074
2018-01-15 14:00:00+01:00,81.04724804621384
2018-01-15 15:00:00+01:00,79.33961294382097
2018-01-15 16:00:00+01:00,79.40016605681961
2018-01-15 17:00:00+01:00,81.70549767541881
2018-01-15 18:00:00+01:00,86.55342489986317
2018-01-15 19:00:00+01:00,88.48992697634043
2018-01-15 20:00:00+01:00,85.8922714466688
2018-01-15 21:00:00+01:00,81.25441904784886
2018-01-15 22:00:00+01:00,78.27870584836701
2018-01-15 23:00:00+01:00,74.76618191223402
2018-01-16 00:00:00+01:00,64.22310562026709
2018-01-16 01:00:00+01:00,58.00383102793788
2018-01-16 02:00:00+01:00,54.3894528045567
2018-01-16 03:00:00+01:00,54.09854238245462
2018-01-16 04:00:00+01:00,52.70622633091662
2018-01-16 05:00:00+01:00,53.88529294000048
2018-01-16 06:00:00+01:00,62.33151989500942
2018-01-16 07:00:00+01:00,73.8263508600963
2018-01-16 08:00:00+01:00,81.05613482459067
2018-01-16 09:00:00+01:00,81.63629653850468
2018-01-16 10:00:00+01:00,82.85215462269456
2018-01-16 11:00:00+01:00,83.86820525749134
2018-01-16 12:00:00+01:00,83.67775272547921
2018-01-16 13:00:00+01:00,79.97468179253725
2018-01-16 14:00:00+01:00,76.22978412525747
2018-01-16 15:00:00+01:00,75.33580269611413
2018-01-16 16:00:00+01:00,75.83410659311177
2018-01-16 17:00:00+01:00,78.63244623410905
2018-01-16 18:00:00+01:00,84.76260947031908
2018-01-16 19:00:00+01:00,87.0898071563377
2018-01-16 20:00:00+01:00,85.39714329568119
2018-01-16 21:00:00+01:00,83.3236993776272
2018-01-16 22:00:00+01:00,76.19930656114099
2018-01-16 23:00:00+01:00,69.46965741164864
2018-01-17 00:00:00+01:00,60.32135921152792
2018-01-17 01:00:00+01:00,56.20350500146551
2018-01-17 02:00:00+01:00,52.533482116956556
2018-01-17 03:00:00+01:00,50.32208717755832
2018-01-17 04:00:00+01:00,51.89196571327966
2018-01-17 05:00:00+01:00,53.192870007370495
2018-01-17 06:00:00+01:00,60.42785438510245
2018-01-17 07:00:00+01:00,68.68046088077529
2018-01-17 08:00:00+01:00,77.28428446474366
2018-01-17 09:00:00+01:00,78.49588052237385
2018-01-17 10:00:00+01:00,80.4827677742981
2018-01-17 11:00:00+01:00,78.6065014956038
2018-01-17 12:00:00+01:00,76.89582274937781
2018-01-17 13:00:00+01:00,74.99453737549295
2018-01-17 14:00:00+01:00,73.41334086076067
2018-01-17 15:00:00+01:00,72.34170715032003
2018-01-17 16:00:00+01:00,72.65475297871092
2018-01-17 17:00:00+01:00,76.88440454893849
2018-01-17 18:00:00+01:00,82.14120498717197
2018-01-17 19:00:00+01:00,85.40005231989547
2018-01-17 20:00:00+01:00,83.06771137865616
2018-01-17 21:00:00+01:00,81.81794065033517
2018-01-17 22:00:00+01:00,74.13028444143622
2018-01-17 23:00:00+01:00,70.32651636813775
2018-01-18 00:00:00+01:00,65.11163312328914
2018-01-18 01:00:00+01:00,59.73133873835763
2018-01-18 02:00:00+01:00,55.92726194298039
2018-01-18 03:00:00+01:00,56.48042806350978
2018-01-18 04:00:00+01:00,54.80005388860197
2018-01-18 05:00:00+01:00,56.213150641324994
2018-01-18 06:00:00+01:00,63.44000908370225
2018-01-18 07:00:00+01:00,70.93709497679025
2018-01-18 08:00:00+01:00,78.5456111956201
2018-01-18 09:00:00+01:00,81.3254646177116
2018-01-18 10:00:00+01:00,80.83098527338309
2018-01-18 11:00:00+01:00,79.59322208953266
2018-01-18 12:00:00+01:00,76.99466889820762
2018-01-18 13:00:00+01:00,76.78182642308529
2018-01-18 14:00:00+01:00,76.78658711032395
2018-01-18 15:00:00+01:00,75.42716898560172
2018-01-18 16:00:00+01:00,76.64552090122251
2018-01-18 17:00:00+01:00,79.08444770680573
2018-01-18 18:00:00+01:00,85.52994166654578
2018-01-18 19:00:00+01:00,89.11537310984075
2018-01-18 20:00:00+01:00,86.69080889433712
2018-01-18 21:00:00+01:00,84.37353525183478
2018-01-18 22:00:00+01:00,77.7470847471941
2018-01-18 23:00:00+01:00,73.8559903291849
2018-01-19 00:00:00+01:00,68.49003621266199
2018-01-19 01:00:00+01:00,62.63392191644774
2018-01-19 02:00:00+01:00,60.41272655583285
2018-01-19 03:00:00+01:00,56.16796075039961
2018-01-19 04:00:00+01:00,55.542285786450435
2018-01-19 05:00:00+01:00,60.36918404374554
2018-01-19 06:00:00+01:00,67.36502690636912
2018-01-19 07:00:00+01:00,74.68314378102191
2018-01-19 08:00:00+01:00,80.97016948873566
2018-01-19 09:00:00+01:00,82.65070716261475
2018-01-19 10:00:00+01:00,83.76743353760553
2018-01-19 11:00:00+01:00,82.24560355800197
2018-01-19 12:00:00+01:00,80.08037728722822
2018-01-19 13:00:00+01:00,77.66399928892126
2018-01-19 14:00:00+01:00,77.51720918348444
2018-01-19 15:00:00+01:00,76.08575173756482
2018-01-19 16:00:00+01:00,75.9953380047346
2018-01-19 17:00:00+01:00,83.08190663707116
2018-01-19 18:00:00+01:00,89.14702795954486
2018-01-19 19:00:00+01:00,90.16083372982648
2018-01-19 20:00:00+01:00,88.1917764472242
2018-01-19 21:00:00+01:00,85.62946960508698
2018-01-19 22:00:00+01:00,77.8002257091365
2018-01-19 23:00:00+01:00,74.8624549799609
2018-01-20 00:00:00+01:00,72.0687650793967
2018-01-20 01:00:00+01:00,63.833825804088555
2018-01-20 02:00:00+01:00,61.01581941038905
2018-01-20 03:00:00+01:00,57.365928065085605
2018-01-20 04:00:00+01:00,58.471010092888754
2018-01-20 05:00:00+01:00,58.02409509916547
2018-01-20 06:00:00+01:00,62.716108962913076
2018-01-20 07:00:00+01:00,66.8639380095787
2018-01-20 08:00:00+01:00,70.63020019423277
2018-01-20 09:00:00+01:00,72.78166208919122
2018-01-20 10:00:00+01:00,77.81213739717266
2018-01-20 11:00:00+01:00,77.29326334070835
2018-01-20 12:00:00+01:00,75.04950085577728
2018-01-20 13:00:00+01:00,72.61581773676254
2018-01-20 14:00:00+01:00,68.74412219020094
2018-01-20 15:00:00+01:00,68.15764451851368
2018-01-20 16:00:00+01:00,66.67546247779188
2018-01-20 17:00:00+01:00,67.1443832604358
2018-01-20 18:00:00+01:00,77.87572764167727
2018-01-20 19:00:00+01:00,80.78831830820819
2018-01-20 20:00:00+01:00,79.33431455026381
2018-01-20 21:00:00+01:00,77.36458494704075
2018-01-20 22:00:00+01:00,72.70036124196521
2018-01-20 23:00:00+01:00,67.62362641038017
2018-01-21 00:00:00+01:00,63.56423752561569
2018-01-21 01:00:00+01:00,59.616145792869986
2018-01-21 02:00:00+01:00,56.48215965527879
2018-01-21 03:00:00+01:00,52.6331563022437
2018-01-21 04:00:00+01:00,50.76405007204132
2018-01-21 05:00:00+01:00,50.549278703780345
2018-01-21 06:00:00+01:00,52.51558657367838
2018-01-21 07:00:00+01:00,57.41023272303386
2018-01-21 08:00:00+01:00,57.670893185856464
2018-01-21 09:00:00+01:00,61.92337766846142
2018-01-21 10:00:00+01:00,63.061127743546
2018-01-21 11:00:00+01:00,65.31538164158057
2018-01-21 12:00:00+01:00,63.25790190107696
2018-01-21 13:00:00+01:00,62.543495407398005
2018-01-21 14:00:00+01:00,59.88483932812832
2018-01-21 15:00:00+01:00,59.854808304307745
2018-01-21 16:00:00+01:00,60.98694737661561
2018-01-21 17:00:00+01:00,63.23881299425077
2018-01-21 18:00:00+01:00,71.22452732503233
2018-01-21 19:00:00+01:00,78.204675411707
2018-01-21 20:00:00+01:00,78.25255591061911
2018-01-21 21:00:00+01:00,77.38407644824996
2018-01-21 22:00:00+01:00,73.48124677201086
2018-01-21 23:00:00+01:00,70.48898255320894
2018-01-22 00:00:00+01:00,62.41498339491735
2018-01-22 01:00:00+01:00,58.19432674858164
2018-01-22 02:00:00+01:00,54.55588726003297
2018-01-22 03:00:00+01:00,52.26382706768998
2018-01-22 04:00:00+01:00,51.71592434908511
2018-01-22 05:00:00+01:00,52.95185021094003
2018-01-22 06:00:00+01:00,59.48473639588233
2018-01-22 07:00:00+01:00,65.39880861779172
2018-01-22 08:00:00+01:00,71.09348902785952
2018-01-22 09:00:00+01:00,73.29755224240506
2018-01-22 10:00:00+01:00,75.97904327304119
2018-01-22 11:00:00+01:00,75.05671907989127
2018-01-22 12:00:00+01:00,74.67358951846002
2018-01-22 13:00:00+01:00,73.28491272550936
2018-01-22 14:00:00+01:00,73.26193789924845
2018-01-22 15:00:00+01:00,71.06065675324724
2018-01-22 16:00:00+01:00,70.63644546556192
2018-01-22 17:00:00+01:00,72.62404597700501
2018-01-22 18:00:00+01:00,78.30915139803942
2018-01-22 19:00:00+01:00,81.7571517830283
2018-01-22 20:00:00+01:00,79.0841074467305
2018-01-22 21:00:00+01:00,78.15436769908318
2018-01-22 22:00:00+01:00,73.0012161855002
2018-01-22 23:00:00+01:00,67.49585628371233
2018-01-23 00:00:00+01:00,62.035459384869135
2018-01-23 01:00:00+01:00,57.223267273233944
2018-01-23 02:00:00+01:00,54.885960379057856
2018-01-23 03:00:00+01:00,54.24567692687117
2018-01-23 04:00:00+01:00,51.664329939000076
2018-01-23 05:00:00+01:00,53.98485209552467
2018-01-23 06:00:00+01:00,62.52467649615298
2018-01-23 07:00:00+01:00,69.36982281965787
2018-01-23 08:00:00+01:00,76.53101690282843
2018-01-23 09:00:00+01:00,79.24870843066644
2018-01-23 10:00:00+01:00,79.99892945952503
2018-01-23 11:00:00+01:00,79.4589553844113
2018-01-23 12:00:00+01:00,77.98175287184618
2018-01-23 13:00:00+01:00,77.02216780223894
2018-01-23 14:00:00+01:00,75.87610960299209
2018-01-23 15:00:00+01:00,74.57126341153331
2018-01-23 16:00:00+01:00,75.19910200455166
2018-01-23 17:00:00+01:00,78.06192666469764
2018-01-23 18:00:00+01:00,83.98578835240205
2018-01-23 19:00:00+01:00,86.74705805116166
2018-01-23 20:00:00+01:00,84.1165518126058
2018-01-23 21:00:00+01:00,83.04990250615731
2018-01-23 22:00:00+01:00,76.17967071030584
2018-01-23 23:00:00+01:00,71.68563830863856
2018-01-24 00:00:00+01:00,66.51213898704968
2018-01-24 01:00:00+01:00,64.04142515929333
2018-01-24 02:00:00+01:00,61.48920557439266
2018-01-24 03:00:00+01:00,59.12528247519213
2018-01-24 04:00:00+01:00,59.89025663153453
2018-01-24 05:00:00+01:00,59.49279151431899
2018-01-24 06:00:00+01:00,68.56477815835633
2018-01-24 07:00:00+01:00,74.55899307482697
2018-01-24 08:00:00+01:00,80.52494999209593
2018-01-24 09:00:00+01:00,83.06111724299605
2018-01-24 10:00:00+01:00,83.62695350735429
2018-01-24 11:00:00+01:00,82.25136461320234
2018-01-24 12:00:00+01:00,79.90579432280396
2018-01-24 13:00:00+01:00,77.7240399414127
2018-01-24 14:00:00+01:00,77.52339533934467
2018-01-24 15:00:00+01:00,76.18528086083334
2018-01-24 16:00:00+01:00,76.77665996640899
2018-01-24 17:00:00+01:00,79.65611938143596
2018-01-24 18:00:00+01:00,85.31478954974921
2018-01-24 19:00:00+01:00,87.8281055048928
2018-01-24 20:00:00+01:00,84.46497035161224
2018-01-24 21:00:00+01:00,82.39184096275717
2018-01-24 22:00:00+01:00,75.62760295032706
2018-01-24 23:00:00+01:00,71.20848816628215
2018-01-25 00:00:00+01:00,67.45568136527645
2018-01-25 01:00:00+01:00,62.016697788688894
2018-01-25 02:00:00+01:00,59.643455133323805
2018-01-25 03:00:00+01:00,58.89677151011002
2018-01-25 04:00:00+01:00,57.6870095551677
2018-01-25 05:00:00+01:00,59.35665805941926
2018-01-25 06:00:00+01:00,70.10363224327189
2018-01-25 07:00:00+01:00,74.67250575423104
2018-01-25 08:00:00+01:00,80.53668436147179
2018-01-25 09:00:00+01:00,80.16737298610707
2018-01-25 10:00:00+01:00,80.42282902188207
2018-01-25 11:00:00+01:00,80.8087134403053
2018-01-25 12:00:00+01:00,78.49006283657545
2018-01-25 13:00:00+01:00,73.9978859588438
2018-01-25 14:00:00+01:00,71.90076003787289
2018-01-25 15:00:00+01:00,71.69558585080489
2018-01-25 16:00:00+01:00,72.93669069226894
2018-01-25 17:00:00+01:00,76.06945837506196
2018-01-25 18:00:00+01:00,81.27159122220354
2018-01-25 19:00:00+01:00,84.68749199878194
2018-01-25 20:00:00+01:00,82.74464650313986
2018-01-25 21:00:00+01:00,80.88210169528253
2018-01-25 22:00:00+01:00,74.39930279485024
2018-01-25 23:00:00+01:00,70.26832247967583
2018-01-26 00:00:00+01:00,63.10257688927252
2018-01-26 01:00:00+01:00,59.407874426597715
2018-01-26 02:00:00+01:00,53.72443233528302
2018-01-26 03:00:00+01:00,51.50892746311866
2018-01-26 04:00:00+01:00,50.106546664258474
2018-01-26 05:00:00+01:00,50.778872175838295
2018-01-26 06:00:00+01:00,58.762769098722195
2018-01-26 07:00:00+01:00,67.9866263996488
2018-01-26 08:00:00+01:00,75.07489715942756
2018-01-26 09:00:00+01:00,77.72686572583358
2018-01-26 10:00:00+01:00,77.39122615117053
2018-01-26 11:00:00+01:00,74.12516100237895
2018-01-26 12:00:00+01:00,75.90211669427913
2018-01-26 13:00:00+01:00,73.54521146010738
2018-01-26 14:00:00+01:00,73.21468063822897
2018-01-26 15:00:00+01:00,71.976356271784
2018-01-26 16:00:00+01:00,70.099451850474
2018-01-26 17:00:00+01:00,73.73334596872287
2018-01-26 18:00:00+01:00,78.34197273057855
2018-01-26 19:00:00+01:00,79.64969587006293
2018-01-26 20:00:00+01:00,81.63100630078416
2018-01-26 21:00:00+01:00,77.80077969701263
2018-01-26 22:00:00+01:00,72.74795283115304
2018-01-26 23:00:00+01:00,69.03032123870803
2018-01-27 00:00:00+01:00,59.119987428974184
2018-01-27 01:00:00+01:00,54.226234745841886
2018-01-27 02:00:00+01:00,48.90492150251415
2018-01-27 03:00:00+01:00,47.728373532123705
2018-01-27 04:00:00+01:00,44.58485291870314
2018-01-27 05:00:00+01:00,49.34935896310905
2018-01-27 06:00:00+01:00,51.82903348920661
2018-01-27 07:00:00+01:00,58.56240541615197
2018-01-27 08:00:00+01:00,64.7597721507474
2018-01-27 09:00:00+01:00,69.66398444798862
2018-01-27 10:00:00+01:00,71.12961091964205
2018-01-27 11:00:00+01:00,68.66710365921253
2018-01-27 12:00:00+01:00,67.1543173689301
2018-01-27 13:00:00+01:00,67.10945286694084
2018-01-27 14:00:00+01:00,63.16183072509696
2018-01-27 15:00:00+01:00,62.92197600397597
2018-01-27 16:00:00+01:00,61.12158978851272
2018-01-27 17:00:00+01:00,64.73665803536731
2018-01-27 18:00:00+01:00,71.60983222496293
2018-01-27 19:00:00+01:00,76.8814902273959
2018-01-27 20:00:00+01:00,77.1276535270834
2018-01-27 21:00:00+01:00,75.44932774089864
2018-01-27 22:00:00+01:00,69.61787028757416
2018-01-27 23:00:00+01:00,66.15279609248539
2018-01-28 00:00:00+01:00,57.68231942701467
2018-01-28 01:00:00+01:00,57.65508547396303
2018-01-28 02:00:00+01:00,53.05630820087665
2018-01-28 03:00:00+01:00,52.85047752282808
2018-01-28 04:00:00+01:00,50.70271398362908
2018-01-28 05:00:00+01:00,47.33280712009172
2018-01-28 06:00:00+01:00,45.60973685213045
2018-01-28 07:00:00+01:00,45.83025682398084
2018-01-28 08:00:00+01:00,50.86421835531238
2018-01-28 09:00:00+01:00,56.70842794650499
2018-01-28 10:00:00+01:00,58.666079155591895
2018-01-28 11:00:00+01:00,56.552672480615
2018-01-28 12:00:00+01:00,53.51530887029719
2018-01-28 13:00:00+01:00,52.376220619622266
2018-01-28 14:00:00+01:00,51.30810510805593
2018-01-28 15:00:00+01:00,49.67276414921082
2018-01-28 16:00:00+01:00,51.19999395554444
2018-01-28 17:00:00+01:00,58.004850778371086
2018-01-28 18:00:00+01:00,63.756352118111614
2018-01-28 19:00:00+01:00,72.43239415107747
2018-01-28 20:00:00+01:00,70.79128560837849
2018-01-28 21:00:00+01:00,69.37657183939406
2018-01-28 22:00:00+01:00,65.70988020223308
2018-01-28 23:00:00+01:00,63.15758408959169
2018-01-29 00:00:00+01:00,60.896103569849494
2018-01-29 01:00:00+01:00,55.91362470256749
2018-01-29 02:00:00+01:00,52.94100619011589
2018-01-29 03:00:00+01:00,51.44728590752212
2018-01-29 04:00:00+01:00,51.805335680505
2018-01-29 05:00:00+01:00,53.33691547911019
2018-01-29 06:00:00+01:00,58.89864613599597
2018-01-29 07:00:00+01:00,65.20691242650783
2018-01-29 08:00:00+01:00,69.19893096237213
2018-01-29 09:00:00+01:00,70.18583696703637
2018-01-29 10:00:00+01:00,70.81909589366008
2018-01-29 11:00:00+01:00,71.62305202005524
2018-01-29 12:00:00+01:00,70.925148364901
2018-01-29 13:00:00+01:00,70.18495947423368
2018-01-29 14:00:00+01:00,68.76973079969103
2018-01-29 15:00:00+01:00,67.73372307733514
2018-01-29 16:00:00+01:00,68.13849029498823
2018-01-29 17:00:00+01:00,70.49497605799063
2018-01-29 18:00:00+01:00,75.17696479426667
2018-01-29 19:00:00+01:00,79.20348107542522
2018-01-29 20:00:00+01:00,78.64325644183553
2018-01-29 21:00:00+01:00,77.22538785958791
2018-01-29 22:00:00+01:00,71.4910977193707
2018-01-29 23:00:00+01:00,66.3393197212905
2018-01-30 00:00:00+01:00,62.18983170358587
2018-01-30 01:00:00+01:00,57.280971315392975
2018-01-30 02:00:00+01:00,52.718221199822324
2018-01-30 03:00:00+01:00,54.830536643851616
2018-01-30 04:00:00+01:00,54.86847713512076
2018-01-30 05:00:00+01:00,56.1925973613491
2018-01-30 06:00:00+01:00,63.47685523692044
2018-01-30 07:00:00+01:00,70.84642379563562
2018-01-30 08:00:00+01:00,76.39115549659881
2018-01-30 09:00:00+01:00,78.22620326405884
2018-01-30 10:00:00+01:00,79.04611113943291
2018-01-30 11:00:00+01:00,78.77034007054542
2018-01-30 12:00:00+01:00,76.96499386646828
2018-01-30 13:00:00+01:00,74.36205192507266
2018-01-30 14:00:00+01:00,73.55342871471565
2018-01-30 15:00:00+01:00,72.71025621529387
2018-01-30 16:00:00+01:00,73.77517603636637
2018-01-30 17:00:00+01:00,76.94036775176806
2018-01-30 18:00:00+01:00,82.09644486501891
2018-01-30 19:00:00+01:00,86.52316329870156
2018-01-30 20:00:00+01:00,85.1521464566948
2018-01-30 21:00:00+01:00,82.97294759362724
2018-01-30 22:00:00+01:00,75.75135361751363
2018-01-30 23:00:00+01:00,71.69797577650942
2018-01-31 00:00:00+01:00,66.41300929896205
2018-01-31 01:00:00+01:00,62.79076719243881
2018-01-31 02:00:00+01:00,59.084677058782766
2018-01-31 03:00:00+01:00,58.5236429224407
2018-01-31 04:00:00+01:00,56.89636397442354
2018-01-31 05:00:00+01:00,58.32000938813504
2018-01-31 06:00:00+01:00,65.32210831419894
2018-01-31 07:00:00+01:00,73.496687153267
2018-01-31 08:00:00+01:00,78.88391981969909
2018-01-31 09:00:00+01:00,79.8896330462312
2018-01-31 10:00:00+01:00,80.14933117557361
2018-01-31 11:00:00+01:00,79.83725541885828
2018-01-31 12:00:00+01:00,79.02579617424378
2018-01-31 13:00:00+01:00,76.43318035945106
2018-01-31 14:00:00+01:00,75.38571163342269
2018-01-31 15:00:00+01:00,74.7708695908657
2018-01-31 16:00:00+01:00,75.90940120308535
2018-01-31 17:00:00+01:00,78.62599235741834
2018-01-31 18:00:00+01:00,84.26789214230662
2018-01-31 19:00:00+01:00,85.51385166783503
2018-01-31 20:00:00+01:00,83.10907797453513
2018-01-31 21:00:00+01:00,81.29664417370061
2018-01-31 22:00:00+01:00,75.83657337244647
2018-01-31 23:00:00+01:00,72.66641364232504
2018-02-01 00:00:00+01:00,63.22810625398216
2018-02-01 01:00:00+01:00,59.83475916497009
2018-02-01 02:00:00+01:00,57.38543161322482
2018-02-01 03:00:00+01:00,56.771046853732344
2018-02-01 04:00:00+01:00,54.99125066579912
2018-02-01 05:00:00+01:00,55.9612815213915
2018-02-01 06:00:00+01:00,62.89708148593829
2018-02-01 07:00:00+01:00,69.75632754615619
2018-02-01 08:00:00+01:00,76.1146573243479
2018-02-01 09:00:00+01:00,77.00126833401067
2018-02-01 10:00:00+01:00,78.64031942909577
2018-02-01 11:00:00+01:00,77.28036805381201
2018-02-01 12:00:00+01:00,75.4301861765389
2018-02-01 13:00:00+01:00,72.50470455250361
2018-02-01 14:00:00+01:00,71.62373746902769
2018-02-01 15:00:00+01:00,67.24766447948512
2018-02-01 16:00:00+01:00,66.703720366317
2018-02-01 17:00:00+01:00,70.31339293563168
2018-02-01 18:00:00+01:00,77.67559000745841
2018-02-01 19:00:00+01:00,80.62993319581754
2018-02-01 20:00:00+01:00,81.86221780032069
2018-02-01 21:00:00+01:00,79.90515836105776
2018-02-01 22:00:00+01:00,74.41312854530756
2018-02-01 23:00:00+01:00,70.29320816529868
2018-02-02 00:00:00+01:00,55.837164983024536
2018-02-02 01:00:00+01:00,50.875247655349746
2018-02-02 02:00:00+01:00,48.97210844187398
2018-02-02 03:00:00+01:00,47.53382537133203
2018-02-02 04:00:00+01:00,49.5198851088943
2018-02-02 05:00:00+01:00,47.93584844329377
2018-02-02 06:00:00+01:00,54.858820923656765
2018-02-02 07:00:00+01:00,65.37843279610881
2018-02-02 08:00:00+01:00,73.88743622821727
2018-02-02 09:00:00+01:00,73.5213793148593
2018-02-02 10:00:00+01:00,76.53089559661929
2018-02-02 11:00:00+01:00,76.26944460660776
2018-02-02 12:00:00+01:00,69.66848057072508
2018-02-02 13:00:00+01:00,71.8303599952934
2018-02-02 14:00:00+01:00,66.88126071721595
2018-02-02 15:00:00+01:00,64.76273370396245
2018-02-02 16:00:00+01:00,66.3947094987185
2018-02-02 17:00:00+01:00,68.73425330780951
2018-02-02 18:00:00+01:00,74.45250368019505
2018-02-02 19:00:00+01:00,76.28497195179366
2018-02-02 20:00:00+01:00,76.91950255132242
2018-02-02 21:00:00+01:00,74.91643537380402
2018-02-02 22:00:00+01:00,68.6930402085016
2018-02-02 23:00:00+01:00,63.090458399236105
2018-02-03 00:00:00+01:00,56.694743634974394
2018-02-03 01:00:00+01:00,52.8497012273192
2018-02-03 02:00:00+01:00,50.42598657587873
2018-02-03 03:00:00+01:00,47.335979432207644
2018-02-03 04:00:00+01:00,48.09832608516089
2018-02-03 05:00:00+01:00,48.88947435535021
2018-02-03 06:00:00+01:00,52.76120667697149
2018-02-03 07:00:00+01:00,57.05542211762968
2018-02-03 08:00:00+01:00,64.27071662170586
2018-02-03 09:00:00+01:00,66.25514450700528
2018-02-03 10:00:00+01:00,67.48872181875828
2018-02-03 11:00:00+01:00,69.08335110221499
2018-02-03 12:00:00+01:00,68.3683440617437
2018-02-03 13:00:00+01:00,65.36264183755226
2018-02-03 14:00:00+01:00,59.99528894970981
2018-02-03 15:00:00+01:00,60.56875684782756
2018-02-03 16:00:00+01:00,56.79439177140707
2018-02-03 17:00:00+01:00,62.14460021003145
2018-02-03 18:00:00+01:00,68.5867625292775
2018-02-03 19:00:00+01:00,73.3093063438769
2018-02-03 20:00:00+01:00,73.04748417318739
2018-02-03 21:00:00+01:00,71.17424319797608
2018-02-03 22:00:00+01:00,63.60634986185792
2018-02-03 23:00:00+01:00,61.63260591145853
2018-02-04 00:00:00+01:00,51.90802735701434
2018-02-04 01:00:00+01:00,45.67394624339363
2018-02-04 02:00:00+01:00,46.109976533579335
2018-02-04 03:00:00+01:00,45.05293188648778
2018-02-04 04:00:00+01:00,46.87953234333338
2018-02-04 05:00:00+01:00,44.21571556818358
2018-02-04 06:00:00+01:00,47.95463556612608
2018-02-04 07:00:00+01:00,50.868166261457326
2018-02-04 08:00:00+01:00,56.830930399950624
2018-02-04 09:00:00+01:00,63.40011347141037
2018-02-04 10:00:00+01:00,64.3931638948926
2018-02-04 11:00:00+01:00,67.0016532435088
2018-02-04 12:00:00+01:00,64.0696952703361
2018-02-04 13:00:00+01:00,62.04411455768064
2018-02-04 14:00:00+01:00,61.759263721752426
2018-02-04 15:00:00+01:00,61.11736573702623
2018-02-04 16:00:00+01:00,59.43082862415283
2018-02-04 17:00:00+01:00,60.917225242064525
2018-02-04 18:00:00+01:00,67.85713796304653
2018-02-04 19:00:00+01:00,73.70054702237299
2018-02-04 20:00:00+01:00,75.94626991083307
2018-02-04 21:00:00+01:00,70.10359988779082
2018-02-04 22:00:00+01:00,66.54452239960808
2018-02-04 23:00:00+01:00,62.04805295790777
2018-02-05 00:00:00+01:00,57.618939295927966
2018-02-05 01:00:00+01:00,52.09610832088206
2018-02-05 02:00:00+01:00,51.29484686707565
2018-02-05 03:00:00+01:00,47.870128697813506
2018-02-05 04:00:00+01:00,47.88134299426122
2018-02-05 05:00:00+01:00,51.17515465688271
2018-02-05 06:00:00+01:00,57.69897178486237
2018-02-05 07:00:00+01:00,62.95958444302186
2018-02-05 08:00:00+01:00,69.52149883345918
2018-02-05 09:00:00+01:00,71.1169329815922
2018-02-05 10:00:00+01:00,72.70122337326194
2018-02-05 11:00:00+01:00,73.71659421134812
2018-02-05 12:00:00+01:00,74.7045473107108
2018-02-05 13:00:00+01:00,69.89930249232728
2018-02-05 14:00:00+01:00,66.47568305854931
2018-02-05 15:00:00+01:00,68.4154280189416
2018-02-05 16:00:00+01:00,67.48724113442483
2018-02-05 17:00:00+01:00,69.99879997348519
2018-02-05 18:00:00+01:00,74.34424774467216
2018-02-05 19:00:00+01:00,74.03336314924287
2018-02-05 20:00:00+01:00,73.20118931175574
2018-02-05 21:00:00+01:00,69.95581618383595
2018-02-05 22:00:00+01:00,64.39958209751991
2018-02-05 23:00:00+01:00,59.07891801581923
2018-02-06 00:00:00+01:00,53.853435202061604
2018-02-06 01:00:00+01:00,52.42501142356071
2018-02-06 02:00:00+01:00,47.65335082316881
2018-02-06 03:00:00+01:00,48.02392180245215
2018-02-06 04:00:00+01:00,45.245039944215144
2018-02-06 05:00:00+01:00,47.09043919116939
2018-02-06 06:00:00+01:00,55.62248680536322
2018-02-06 07:00:00+01:00,61.31217930531028
2018-02-06 08:00:00+01:00,70.5103735748273
2018-02-06 09:00:00+01:00,71.96161531155428
2018-02-06 10:00:00+01:00,74.78397504744606
2018-02-06 11:00:00+01:00,74.21803671072348
2018-02-06 12:00:00+01:00,69.99598416874612
2018-02-06 13:00:00+01:00,67.97499392312724
2018-02-06 14:00:00+01:00,66.39994288531085
2018-02-06 15:00:00+01:00,64.91218476643364
2018-02-06 16:00:00+01:00,65.87251556221379
2018-02-06 17:00:00+01:00,69.49944697579473
2018-02-06 18:00:00+01:00,75.88126780619108
2018-02-06 19:00:00+01:00,78.00638660079356
2018-02-06 20:00:00+01:00,78.17104270440431
2018-02-06 21:00:00+01:00,74.49271221387028
2018-02-06 22:00:00+01:00,68.9158779984845
2018-02-06 23:00:00+01:00,64.36147474000997
2018-02-07 00:00:00+01:00,62.57640554557759
2018-02-07 01:00:00+01:00,58.19501100214944
2018-02-07 02:00:00+01:00,57.17539340788691
2018-02-07 03:00:00+01:00,55.394347857694605
2018-02-07 04:00:00+01:00,54.81130490913495
2018-02-07 05:00:00+01:00,58.8688027590598
2018-02-07 06:00:00+01:00,66.29140337544311
2018-02-07 07:00:00+01:00,74.2365764965683
2018-02-07 08:00:00+01:00,78.63963310592975
2018-02-07 09:00:00+01:00,79.68082239889658
2018-02-07 10:00:00+01:00,82.49976404164252
2018-02-07 11:00:00+01:00,80.23607387418012
2018-02-07 12:00:00+01:00,79.2852886497932
2018-02-07 13:00:00+01:00,77.45834174332059
2018-02-07 14:00:00+01:00,76.406464396326
2018-02-07 15:00:00+01:00,72.52253990240995
2018-02-07 16:00:00+01:00,68.85638189544417
2018-02-07 17:00:00+01:00,72.99327106505638
2018-02-07 18:00:00+01:00,76.3903883391243
2018-02-07 19:00:00+01:00,81.74610487501074
2018-02-07 20:00:00+01:00,81.79862178235263
2018-02-07 21:00:00+01:00,79.66260600763414
2018-02-07 22:00:00+01:00,73.4762019211093
2018-02-07 23:00:00+01:00,71.39704230213027
2018-02-08 00:00:00+01:00,63.57358161483737
2018-02-08 01:00:00+01:00,61.02717338950256
2018-02-08 02:00:00+01:00,55.71101396188692
2018-02-08 03:00:00+01:00,55.107337713022616
2018-02-08 04:00:00+01:00,55.63823419902216
2018-02-08 05:00:00+01:00,56.110586707588304
2018-02-08 06:00:00+01:00,61.96101216310522
2018-02-08 07:00:00+01:00,69.57619470005804
2018-02-08 08:00:00+01:00,76.1259832958917
2018-02-08 09:00:00+01:00,77.84805796024811
2018-02-08 10:00:00+01:00,81.22411473583765
2018-02-08 11:00:00+01:00,79.72154338274613
2018-02-08 12:00:00+01:00,76.61140562838408
2018-02-08 13:00:00+01:00,75.20952631584747
2018-02-08 14:00:00+01:00,73.37205609667429
2018-02-08 15:00:00+01:00,73.5669013578839
2018-02-08 16:00:00+01:00,74.40959984555023
2018-02-08 17:00:00+01:00,78.8322279680914
2018-02-08 18:00:00+01:00,81.98766848797128
2018-02-08 19:00:00+01:00,83.67407733281799
2018-02-08 20:00:00+01:00,80.95903654182564
2018-02-08 21:00:00+01:00,80.24671787587239
2018-02-08 22:00:00+01:00,74.4955766780646
2018-02-08 23:00:00+01:00,70.1648266168936
2018-02-09 00:00:00+01:00,66.58163051182373
2018-02-09 01:00:00+01:00,61.252545742465365
2018-02-09 02:00:00+01:00,55.63903897321782
2018-02-09 03:00:00+01:00,54.9435499889892
2018-02-09 04:00:00+01:00,55.16862530819196
2018-02-09 05:00:00+01:00,57.74745170053641
2018-02-09 06:00:00+01:00,65.77053069582723
2018-02-09 07:00:00+01:00,72.71222846586694
2018-02-09 08:00:00+01:00,76.5115577861214
2018-02-09 09:00:00+01:00,77.58379262812014
2018-02-09 10:00:00+01:00,76.68523292690313
2018-02-09 11:00:00+01:00,76.32780867649944
2018-02-09 12:00:00+01:00,76.4073077678401
2018-02-09 13:00:00+01:00,76.22178166949067
2018-02-09 14:00:00+01:00,74.9447374270966
2018-02-09 15:00:00+01:00,73.25252793952991
2018-02-09 16:00:00+01:00,72.83082226361488
2018-02-09 17:00:00+01:00,74.02209903031056
2018-02-09 18:00:00+01:00,80.47846380468475
2018-02-09 19:00:00+01:00,80.35520933362005
2018-02-09 20:00:00+01:00,78.76871045106091
2018-02-09 21:00:00+01:00,76.98494099545498
2018-02-09 22:00:00+01:00,72.6191201417265
2018-02-09 23:00:00+01:00,68.7999094185776
2018-02-10 00:00:00+01:00,61.06549250362605
2018-02-10 01:00:00+01:00,55.36045234132447
2018-02-10 02:00:00+01:00,53.00186733923894
2018-02-10 03:00:00+01:00,53.00760876946748
2018-02-10 04:00:00+01:00,49.19345300319427
2018-02-10 05:00:00+01:00,51.16990183870518
2018-02-10 06:00:00+01:00,48.928453772783506
2018-02-10 07:00:00+01:00,56.19862090070624
2018-02-10 08:00:00+01:00,59.97464130419426
2018-02-10 09:00:00+01:00,62.98552472602958
2018-02-10 10:00:00+01:00,65.51727002198676
2018-02-10 11:00:00+01:00,63.45767941452802
2018-02-10 12:00:00+01:00,63.42488331169729
2018-02-10 13:00:00+01:00,63.04801592186226
2018-02-10 14:00:00+01:00,59.764742542576734
2018-02-10 15:00:00+01:00,60.296359877252144
2018-02-10 16:00:00+01:00,60.504720160435944
2018-02-10 17:00:00+01:00,63.622729742570364
2018-02-10 18:00:00+01:00,68.06406123535398
2018-02-10 19:00:00+01:00,72.27522371199332
2018-02-10 20:00:00+01:00,74.21489322948169
2018-02-10 21:00:00+01:00,72.37808044467522
2018-02-10 22:00:00+01:00,65.50919246212354
2018-02-10 23:00:00+01:00,62.80868957014534
2018-02-11 00:00:00+01:00,58.006232481336816
2018-02-11 01:00:00+01:00,52.48059869335697
2018-02-11 02:00:00+01:00,50.41644471750231
2018-02-11 03:00:00+01:00,47.965557725771056
2018-02-11 04:00:00+01:00,47.399508663060764
2018-02-11 05:00:00+01:00,46.87447257347026
2018-02-11 06:00:00+01:00,48.44073907170307
2018-02-11 07:00:00+01:00,52.26028219422352
2018-02-11 08:00:00+01:00,58.352762342796474
2018-02-11 09:00:00+01:00,60.5446687924477
2018-02-11 10:00:00+01:00,62.0288617989647
2018-02-11 11:00:00+01:00,61.4881463586178
2018-02-11 12:00:00+01:00,59.64794770798594
2018-02-11 13:00:00+01:00,58.97206580316517
2018-02-11 14:00:00+01:00,53.48544239694843
2018-02-11 15:00:00+01:00,50.56735736361389
2018-02-11 16:00:00+01:00,49.70334908948322
2018-02-11 17:00:00+01:00,53.12250586735956
2018-02-11 18:00:00+01:00,57.475438517852076
2018-02-11 19:00:00+01:00,62.373367468515426
2018-02-11 20:00:00+01:00,68.92742836348309
2018-02-11 21:00:00+01:00,67.04004656701018
2018-02-11 22:00:00+01:00,64.93905106164645
2018-02-11 23:00:00+01:00,62.09621404636619
2018-02-12 00:00:00+01:00,50.38307526934879
2018-02-12 01:00:00+01:00,45.885370439046994
2018-02-12 02:00:00+01:00,45.12291152253886
2018-02-12 03:00:00+01:00,41.42623652778178
2018-02-12 04:00:00+01:00,41.2078097504719
2018-02-12 05:00:00+01:00,43.499954918762
2018-02-12 06:00:00+01:00,54.46949751106473
2018-02-12 07:00:00+01:00,58.04513247640065
2018-02-12 08:00:00+01:00,69.2517210775806
2018-02-12 09:00:00+01:00,68.72137496890855
2018-02-12 10:00:00+01:00,69.86194730867756
2018-02-12 11:00:00+01:00,68.98788007416873
2018-02-12 12:00:00+01:00,67.79662549796082
2018-02-12 13:00:00+01:00,66.2041723928965
2018-02-12 14:00:00+01:00,64.67249993485895
2018-02-12 15:00:00+01:00,65.94568063529314
2018-02-12 16:00:00+01:00,65.02341010836071
2018-02-12 17:00:00+01:00,67.3540600162733
2018-02-12 18:00:00+01:00,73.47665012952154
2018-02-12 19:00:00+01:00,74.15321761375026
2018-02-12 20:00:00+01:00,75.28164885266379
2018-02-12 21:00:00+01:00,76.02980108049984
2018-02-12 22:00:00+01:00,66.67343562915477
2018-02-12 23:00:00+01:00,65.44199801687984
2018-02-13 00:00:00+01:00,58.52952329789016
2018-02-13 01:00:00+01:00,56.31054343744273
2018-02-13 02:00:00+01:00,50.30397301870255
2018-02-13 03:00:00+01:00,47.26221834983028
2018-02-13 04:00:00+01:00,48.003098946615886
2018-02-13 05:00:00+01:00,50.11161097645174
2018-02-13 06:00:00+01:00,56.32323778097024
2018-02-13 07:00:00+01:00,64.24888913678473
2018-02-13 08:00:00+01:00,69.70951585062924
2018-02-13 09:00:00+01:00,69.92405002129989
2018-02-13 10:00:00+01:00,69.11827263240383
2018-02-13 11:00:00+01:00,68.52990893853733
2018-02-13 12:00:00+01:00,66.05180817121352
2018-02-13 13:00:00+01:00,63.41724182131397
2018-02-13 14:00:00+01:00,61.33080076623569
2018-02-13 15:00:00+01:00,59.30675211788048
2018-02-13 16:00:00+01:00,60.62605747503412
2018-02-13 17:00:00+01:00,62.18319908035327
2018-02-13 18:00:00+01:00,67.85170343395258
2018-02-13 19:00:00+01:00,68.90034422625752
2018-02-13 20:00:00+01:00,67.56903880527857
2018-02-13 21:00:00+01:00,65.21257551614468
2018-02-13 22:00:00+01:00,61.45339154011304
2018-02-13 23:00:00+01:00,57.27882854776689
2018-02-14 00:00:00+01:00,55.3920215759511
2018-02-14 01:00:00+01:00,47.921245240219086
2018-02-14 02:00:00+01:00,44.81551214108412
2018-02-14 03:00:00+01:00,43.2241217672154
2018-02-14 04:00:00+01:00,42.0861142790409
2018-02-14 05:00:00+01:00,44.479873047481526
2018-02-14 06:00:00+01:00,52.14986916063415
2018-02-14 07:00:00+01:00,59.8091386672691
2018-02-14 08:00:00+01:00,64.89341494708793
2018-02-14 09:00:00+01:00,67.79425110870189
2018-02-14 10:00:00+01:00,65.37443632860806
2018-02-14 11:00:00+01:00,64.30603482408658
2018-02-14 12:00:00+01:00,63.50669283228823
2018-02-14 13:00:00+01:00,61.70144838388305
2018-02-14 14:00:00+01:00,60.53442186966803
2018-02-14 15:00:00+01:00,60.65035261478698
2018-02-14 16:00:00+01:00,62.60525586897388
2018-02-14 17:00:00+01:00,63.100132532648274
2018-02-14 18:00:00+01:00,71.27909783531197
2018-02-14 19:00:00+01:00,75.26682233863828
2018-02-14 20:00:00+01:00,71.99612824710803
2018-02-14 21:00:00+01:00,73.09423618579346
2018-02-14 22:00:00+01:00,66.61025581936404
2018-02-14 23:00:00+01:00,63.02218073415628
2018-02-15 00:00:00+01:00,58.9812295980756
2018-02-15 01:00:00+01:00,52.507998732595546
2018-02-15 02:00:00+01:00,48.966565896282354
2018-02-15 03:00:00+01:00,50.96505201853188
2018-02-15 04:00:00+01:00,50.38387124104543
2018-02-15 05:00:00+01:00,52.13473684709026
2018-02-15 06:00:00+01:00,60.30555503331163
2018-02-15 07:00:00+01:00,64.3335850648905
2018-02-15 08:00:00+01:00,71.66562614199154
2018-02-15 09:00:00+01:00,72.16546750975795
2018-02-15 10:00:00+01:00,73.36718280397069
2018-02-15 11:00:00+01:00,71.58440297503076
2018-02-15 12:00:00+01:00,67.67072737920337
2018-02-15 13:00:00+01:00,67.64897307190603
2018-02-15 14:00:00+01:00,66.87383430334116
2018-02-15 15:00:00+01:00,65.74373360062951
2018-02-15 16:00:00+01:00,66.42781940852659
2018-02-15 17:00:00+01:00,66.77318333771065
2018-02-15 18:00:00+01:00,73.34751997507722
2018-02-15 19:00:00+01:00,75.7434623151976
2018-02-15 20:00:00+01:00,75.57108827457269
2018-02-15 21:00:00+01:00,73.34166782712178
2018-02-15 22:00:00+01:00,68.81645430862831
2018-02-15 23:00:00+01:00,64.52882264734941
2018-02-16 00:00:00+01:00,57.47028598509211
2018-02-16 01:00:00+01:00,55.5549549050337
2018-02-16 02:00:00+01:00,53.46279764732788
2018-02-16 03:00:00+01:00,52.58435242477765
2018-02-16 04:00:00+01:00,51.50712611301989
2018-02-16 05:00:00+01:00,53.896479904438166
2018-02-16 06:00:00+01:00,60.932327937875975
2018-02-16 07:00:00+01:00,66.4637505724801
2018-02-16 08:00:00+01:00,73.40808698263851
2018-02-16 09:00:00+01:00,74.09541147051566
2018-02-16 10:00:00+01:00,73.61669415789682
2018-02-16 11:00:00+01:00,73.68460431195474
2018-02-16 12:00:00+01:00,71.78122402428941
2018-02-16 13:00:00+01:00,70.59273245301479
2018-02-16 14:00:00+01:00,69.52534481787549
2018-02-16 15:00:00+01:00,67.61964427896383
2018-02-16 16:00:00+01:00,68.11531933493157
2018-02-16 17:00:00+01:00,71.405977755889
2018-02-16 18:00:00+01:00,74.06562250719308
2018-02-16 19:00:00+01:00,78.04404560277221
2018-02-16 20:00:00+01:00,75.49443435411385
2018-02-16 21:00:00+01:00,74.21490955437395
2018-02-16 22:00:00+01:00,67.50699281315462
2018-02-16 23:00:00+01:00,64.4652435409969
2018-02-17 00:00:00+01:00,62.5941799059755
2018-02-17 01:00:00+01:00,57.99582363097647
2018-02-17 02:00:00+01:00,54.41985678650289
2018-02-17 03:00:00+01:00,51.477504737028845
2018-02-17 04:00:00+01:00,51.47570517536053
2018-02-17 05:00:00+01:00,51.94059401296604
2018-02-17 06:00:00+01:00,54.74125133104898
2018-02-17 07:00:00+01:00,59.36815845993285
2018-02-17 08:00:00+01:00,58.8166224927323
2018-02-17 09:00:00+01:00,63.70356054587277
2018-02-17 10:00:00+01:00,65.03768297821536
2018-02-17 11:00:00+01:00,63.76600728278881
2018-02-17 12:00:00+01:00,61.431829612430384
2018-02-17 13:00:00+01:00,59.73977183507483
2018-02-17 14:00:00+01:00,58.836737162438055
2018-02-17 15:00:00+01:00,56.7265729061098
2018-02-17 16:00:00+01:00,56.824531403083476
2018-02-17 17:00:00+01:00,60.086325866611105
2018-02-17 18:00:00+01:00,66.3135466480252
2018-02-17 19:00:00+01:00,70.19672695015261
2018-02-17 20:00:00+01:00,70.07256439464197
2018-02-17 21:00:00+01:00,69.5770762314807
2018-02-17 22:00:00+01:00,63.50391464861146
2018-02-17 23:00:00+01:00,59.529573436533006
2018-02-18 00:00:00+01:00,58.63375392728329
2018-02-18 01:00:00+01:00,55.41355287009872
2018-02-18 02:00:00+01:00,52.618875349031725
2018-02-18 03:00:00+01:00,50.78640771981349
2018-02-18 04:00:00+01:00,48.89661019923309
2018-02-18 05:00:00+01:00,49.17877908235408
2018-02-18 06:00:00+01:00,50.93707450953818
2018-02-18 07:00:00+01:00,53.55996649959068
2018-02-18 08:00:00+01:00,54.97165677355247
2018-02-18 09:00:00+01:00,57.37283135857039
2018-02-18 10:00:00+01:00,58.917370251361184
2018-02-18 11:00:00+01:00,57.72719190439313
2018-02-18 12:00:00+01:00,57.894226641098804
2018-02-18 13:00:00+01:00,57.139780952333005
2018-02-18 14:00:00+01:00,56.68353361677192
2018-02-18 15:00:00+01:00,53.35122056263507
2018-02-18 16:00:00+01:00,53.196587728410414
2018-02-18 17:00:00+01:00,55.67818969262217
2018-02-18 18:00:00+01:00,61.33345220320487
2018-02-18 19:00:00+01:00,69.25487008324347
2018-02-18 20:00:00+01:00,69.96891449616662
2018-02-18 21:00:00+01:00,67.12442278014468
2018-02-18 22:00:00+01:00,64.2592804639952
2018-02-18 23:00:00+01:00,61.36060253956318
2018-02-19 00:00:00+01:00,56.03662047691008
2018-02-19 01:00:00+01:00,49.982279506351965
2018-02-19 02:00:00+01:00,47.441966251757314
2018-02-19 03:00:00+01:00,45.94735844833624
2018-02-19 04:00:00+01:00,44.77354622364326
2018-02-19 05:00:00+01:00,45.157243807717656
2018-02-19 06:00:00+01:00,52.27582489345452
2018-02-19 07:00:00+01:00,59.00223283631173
2018-02-19 08:00:00+01:00,63.72270153135029
2018-02-19 09:00:00+01:00,64.79689339043166
2018-02-19 10:00:00+01:00,64.77718975576617
2018-02-19 11:00:00+01:00,65.75194549413932
2018-02-19 12:00:00+01:00,64.67582338451597
2018-02-19 13:00:00+01:00,63.46342297790193
2018-02-19 14:00:00+01:00,62.88638401798709
2018-02-19 15:00:00+01:00,61.57336914995492
2018-02-19 16:00:00+01:00,61.840422868213466
2018-02-19 17:00:00+01:00,63.19147586247806
2018-02-19 18:00:00+01:00,67.09582552250792
2018-02-19 19:00:00+01:00,71.04144240461879
2018-02-19 20:00:00+01:00,70.29049327081022
2018-02-19 21:00:00+01:00,69.58074905384491
2018-02-19 22:00:00+01:00,61.994498607136165
2018-02-19 23:00:00+01:00,56.93222669795341
2018-02-20 00:00:00+01:00,51.079536231606625
2018-02-20 01:00:00+01:00,45.955802196081784
2018-02-20 02:00:00+01:00,41.44938889823841
2018-02-20 03:00:00+01:00,40.69248949863708
2018-02-20 04:00:00+01:00,41.726187004600675
2018-02-20 05:00:00+01:00,43.97820537768566
2018-02-20 06:00:00+01:00,48.155782782377734
2018-02-20 07:00:00+01:00,54.83311741420082
2018-02-20 08:00:00+01:00,62.697980561933264
2018-02-20 09:00:00+01:00,62.630583882282394
2018-02-20 10:00:00+01:00,63.86072374543084
2018-02-20 11:00:00+01:00,62.90612299278181
2018-02-20 12:00:00+01:00,60.79247407694834
2018-02-20 13:00:00+01:00,57.85228140844104
2018-02-20 14:00:00+01:00,56.93191516414129
2018-02-20 15:00:00+01:00,54.9562750041442
2018-02-20 16:00:00+01:00,55.034007381351294
2018-02-20 17:00:00+01:00,57.678073207005774
2018-02-20 18:00:00+01:00,64.28090164976597
2018-02-20 19:00:00+01:00,65.2421791430989
2018-02-20 20:00:00+01:00,65.05817239208959
2018-02-20 21:00:00+01:00,64.75833690332908
2018-02-20 22:00:00+01:00,58.269606961796505
2018-02-20 23:00:00+01:00,54.71461012217813
2018-02-21 00:00:00+01:00,48.418456177706936
2018-02-21 01:00:00+01:00,43.66403224054219
2018-02-21 02:00:00+01:00,41.96563527870648
2018-02-21 03:00:00+01:00,39.635304655060516
2018-02-21 04:00:00+01:00,38.999496295454286
2018-02-21 05:00:00+01:00,41.53466134216776
2018-02-21 06:00:00+01:00,48.47605041184687
2018-02-21 07:00:00+01:00,56.7405744128429
2018-02-21 08:00:00+01:00,64.77110039883655
2018-02-21 09:00:00+01:00,59.17351904991574
2018-02-21 10:00:00+01:00,58.99224895841667
2018-02-21 11:00:00+01:00,59.814942723454045
2018-02-21 12:00:00+01:00,58.683397838785375
2018-02-21 13:00:00+01:00,61.47969594116356
2018-02-21 14:00:00+01:00,57.389962650109915
2018-02-21 15:00:00+01:00,55.943607166530704
2018-02-21 16:00:00+01:00,58.1522003021334
2018-02-21 17:00:00+01:00,61.24945157790003
2018-02-21 18:00:00+01:00,67.39083470049862
2018-02-21 19:00:00+01:00,72.20971866523051
2018-02-21 20:00:00+01:00,72.46541275769495
2018-02-21 21:00:00+01:00,69.40200048418849
2018-02-21 22:00:00+01:00,63.18149360754984
2018-02-21 23:00:00+01:00,60.28934945644031
2018-02-22 00:00:00+01:00,54.07546374704682
2018-02-22 01:00:00+01:00,49.66504687910251
2018-02-22 02:00:00+01:00,45.27240009468087
2018-02-22 03:00:00+01:00,45.56322219845537
2018-02-22 04:00:00+01:00,45.19627520853451
2018-02-22 05:00:00+01:00,48.445891004614225
2018-02-22 06:00:00+01:00,55.00054194951278
2018-02-22 07:00:00+01:00,63.87854331237779
2018-02-22 08:00:00+01:00,67.8964490360167
2018-02-22 09:00:00+01:00,70.50191622330362
2018-02-22 10:00:00+01:00,70.86222996275306
2018-02-22 11:00:00+01:00,68.38509635782897
2018-02-22 12:00:00+01:00,64.8580327243577
2018-02-22 13:00:00+01:00,64.62655521047931
2018-02-22 14:00:00+01:00,62.73213645555729
2018-02-22 15:00:00+01:00,61.47423852065878
2018-02-22 16:00:00+01:00,63.84644244318243
2018-02-22 17:00:00+01:00,67.028723979536
2018-02-22 18:00:00+01:00,71.98622681877892
2018-02-22 19:00:00+01:00,75.41858827093255
2018-02-22 20:00:00+01:00,76.31392526201012
2018-02-22 21:00:00+01:00,75.24164623790934
2018-02-22 22:00:00+01:00,68.42037433308676
2018-02-22 23:00:00+01:00,64.79512539554564
2018-02-23 00:00:00+01:00,57.03522023454443
2018-02-23 01:00:00+01:00,52.84566278558854
2018-02-23 02:00:00+01:00,43.81277914520205
2018-02-23 03:00:00+01:00,48.93423839298387
2018-02-23 04:00:00+01:00,47.44013038776427
2018-02-23 05:00:00+01:00,49.16447271851441
2018-02-23 06:00:00+01:00,55.64367472089236
2018-02-23 07:00:00+01:00,63.645337757528615
2018-02-23 08:00:00+01:00,68.60474738920955
2018-02-23 09:00:00+01:00,70.10547024649345
2018-02-23 10:00:00+01:00,71.56539026403605
2018-02-23 11:00:00+01:00,71.18368366255453
2018-02-23 12:00:00+01:00,66.72993239710833
2018-02-23 13:00:00+01:00,65.05904831590642
2018-02-23 14:00:00+01:00,63.463466698604
2018-02-23 15:00:00+01:00,61.382972183960504
2018-02-23 16:00:00+01:00,60.092859989126396
2018-02-23 17:00:00+01:00,62.70681273248493
2018-02-23 18:00:00+01:00,67.83659963561097
2018-02-23 19:00:00+01:00,71.23641776627352
2018-02-23 20:00:00+01:00,74.68101357283007
2018-02-23 21:00:00+01:00,71.23725103764775
2018-02-23 22:00:00+01:00,64.44388742560558
2018-02-23 23:00:00+01:00,61.60893940080928
2018-02-24 00:00:00+01:00,58.63046506960797
2018-02-24 01:00:00+01:00,55.43256490935766
2018-02-24 02:00:00+01:00,51.47019950837592
2018-02-24 03:00:00+01:00,50.85605860053661
2018-02-24 04:00:00+01:00,52.09033394669304
2018-02-24 05:00:00+01:00,51.09574816740034
2018-02-24 06:00:00+01:00,51.67002700861148
2018-02-24 07:00:00+01:00,53.8401796414841
2018-02-24 08:00:00+01:00,57.92836249263619
2018-02-24 09:00:00+01:00,60.05270634047682
2018-02-24 10:00:00+01:00,61.99283107148429
2018-02-24 11:00:00+01:00,60.74455935606462
2018-02-24 12:00:00+01:00,60.00882030718626
2018-02-24 13:00:00+01:00,58.839010224918354
2018-02-24 14:00:00+01:00,58.963704073934174
2018-02-24 15:00:00+01:00,56.66445050872588
2018-02-24 16:00:00+01:00,55.062956385379884
2018-02-24 17:00:00+01:00,54.96956663242071
2018-02-24 18:00:00+01:00,61.57684468176394
2018-02-24 19:00:00+01:00,66.74291859138295
2018-02-24 20:00:00+01:00,70.43319661863474
2018-02-24 21:00:00+01:00,66.88033953890574
2018-02-24 22:00:00+01:00,63.74080663654445
2018-02-24 23:00:00+01:00,61.32089844821156
2018-02-25 00:00:00+01:00,60.26736331287149
2018-02-25 01:00:00+01:00,55.300977910963034
2018-02-25 02:00:00+01:00,52.8616285027367
2018-02-25 03:00:00+01:00,50.70710840366453
2018-02-25 04:00:00+01:00,50.607115954876654
2018-02-25 05:00:00+01:00,50.229762573366465
2018-02-25 06:00:00+01:00,49.98701131281976
2018-02-25 07:00:00+01:00,50.42740023317554
2018-02-25 08:00:00+01:00,52.13564697601347
2018-02-25 09:00:00+01:00,56.26718674308774
2018-02-25 10:00:00+01:00,57.178020580127345
2018-02-25 11:00:00+01:00,56.48291999103274
2018-02-25 12:00:00+01:00,54.39446933771614
2018-02-25 13:00:00+01:00,52.386646082444734
2018-02-25 14:00:00+01:00,50.92959437265606
2018-02-25 15:00:00+01:00,48.33138260944722
2018-02-25 16:00:00+01:00,46.61685575827418
2018-02-25 17:00:00+01:00,47.284463519113956
2018-02-25 18:00:00+01:00,54.551339939612205
2018-02-25 19:00:00+01:00,60.256871864901974
2018-02-25 20:00:00+01:00,67.12830878389359
2018-02-25 21:00:00+01:00,64.81301908418935
2018-02-25 22:00:00+01:00,59.98071932110495
2018-02-25 23:00:00+01:00,58.30107244923187
2018-02-26 00:00:00+01:00,57.09023429870398
2018-02-26 01:00:00+01:00,51.30602853787175
2018-02-26 02:00:00+01:00,50.75556076003414
2018-02-26 03:00:00+01:00,46.71360214572268
2018-02-26 04:00:00+01:00,46.64116556471314
2018-02-26 05:00:00+01:00,46.34918400766091
2018-02-26 06:00:00+01:00,54.780709009444884
2018-02-26 07:00:00+01:00,61.167621010131484
2018-02-26 08:00:00+01:00,66.74624762159182
2018-02-26 09:00:00+01:00,65.65824762120872
2018-02-26 10:00:00+01:00,66.56440793855293
2018-02-26 11:00:00+01:00,65.07938325244396
2018-02-26 12:00:00+01:00,62.25904447463564
2018-02-26 13:00:00+01:00,62.341477678191666
2018-02-26 14:00:00+01:00,61.91001836100946
2018-02-26 15:00:00+01:00,60.313718862553344
2018-02-26 16:00:00+01:00,60.25495243128188
2018-02-26 17:00:00+01:00,62.34436085251448
2018-02-26 18:00:00+01:00,67.26979395346886
2018-02-26 19:00:00+01:00,71.49413300726984
2018-02-26 20:00:00+01:00,73.51172028320964
2018-02-26 21:00:00+01:00,72.41139170595983
2018-02-26 22:00:00+01:00,67.32852458210016
2018-02-26 23:00:00+01:00,62.12332199664826
2018-02-27 00:00:00+01:00,57.347787289250185
2018-02-27 01:00:00+01:00,52.8800746534414
2018-02-27 02:00:00+01:00,48.43815418751
2018-02-27 03:00:00+01:00,47.716512872208106
2018-02-27 04:00:00+01:00,43.641932407995775
2018-02-27 05:00:00+01:00,43.33547999362688
2018-02-27 06:00:00+01:00,55.373807627462554
2018-02-27 07:00:00+01:00,61.82307373513937
2018-02-27 08:00:00+01:00,64.5451553133406
2018-02-27 09:00:00+01:00,65.11370995080306
2018-02-27 10:00:00+01:00,68.1202854063864
2018-02-27 11:00:00+01:00,66.74134005323982
2018-02-27 12:00:00+01:00,65.98485277412861
2018-02-27 13:00:00+01:00,64.23380587138202
2018-02-27 14:00:00+01:00,63.05151047664064
2018-02-27 15:00:00+01:00,62.36301065751814
2018-02-27 16:00:00+01:00,63.795699026523344
2018-02-27 17:00:00+01:00,64.09561200434221
2018-02-27 18:00:00+01:00,68.35264333839933
2018-02-27 19:00:00+01:00,73.01149167316554
2018-02-27 20:00:00+01:00,73.64341461852632
2018-02-27 21:00:00+01:00,70.41548771944026
2018-02-27 22:00:00+01:00,65.88844437353883
2018-02-27 23:00:00+01:00,62.02234948466321
2018-02-28 00:00:00+01:00,59.82436377988961
2018-02-28 01:00:00+01:00,54.64794109241907
2018-02-28 02:00:00+01:00,51.515031755229906
2018-02-28 03:00:00+01:00,50.06735880657223
2018-02-28 04:00:00+01:00,48.29917778765955
2018-02-28 05:00:00+01:00,48.727731045451186
2018-02-28 06:00:00+01:00,53.64644375627603
2018-02-28 07:00:00+01:00,60.74341966154126
2018-02-28 08:00:00+01:00,65.76043977583659
2018-02-28 09:00:00+01:00,63.66514796320706
2018-02-28 10:00:00+01:00,68.92566817952881
2018-02-28 11:00:00+01:00,68.46184225561642
2018-02-28 12:00:00+01:00,65.84907926857478
2018-02-28 13:00:00+01:00,66.77218874596103
2018-02-28 14:00:00+01:00,66.59942065257015
2018-02-28 15:00:00+01:00,66.27869611714375
2018-02-28 16:00:00+01:00,63.30082881768911
2018-02-28 17:00:00+01:00,64.64214955633985
2018-02-28 18:00:00+01:00,69.99657797986019
2018-02-28 19:00:00+01:00,70.99919865259989
2018-02-28 20:00:00+01:00,73.07571199677471
2018-02-28 21:00:00+01:00,69.00969372933929
2018-02-28 22:00:00+01:00,67.02226490051625
2018-02-28 23:00:00+01:00,61.72807689817002
2018-03-01 00:00:00+01:00,52.906114661567266
2018-03-01 01:00:00+01:00,52.092510904968236
2018-03-01 02:00:00+01:00,42.05048465183632
2018-03-01 03:00:00+01:00,43.999120069674795
2018-03-01 04:00:00+01:00,42.64515062024528
2018-03-01 05:00:00+01:00,43.522364351298506
2018-03-01 06:00:00+01:00,44.63913924197228
2018-03-01 07:00:00+01:00,50.32467352003337
2018-03-01 08:00:00+01:00,57.23548260263171
2018-03-01 09:00:00+01:00,58.85443879166479
2018-03-01 10:00:00+01:00,59.50379494197596
2018-03-01 11:00:00+01:00,60.55259458664895
2018-03-01 12:00:00+01:00,58.57483680746969
2018-03-01 13:00:00+01:00,57.072404913108294
2018-03-01 14:00:00+01:00,55.7887114512448
2018-03-01 15:00:00+01:00,52.665909937269355
2018-03-01 16:00:00+01:00,51.587113647172906
2018-03-01 17:00:00+01:00,54.37604251223106
2018-03-01 18:00:00+01:00,56.885057464565925
2018-03-01 19:00:00+01:00,61.29227663953492
2018-03-01 20:00:00+01:00,59.71741415981353
2018-03-01 21:00:00+01:00,55.101074539401914
2018-03-01 22:00:00+01:00,47.61836557568396
2018-03-01 23:00:00+01:00,45.95549266024445
2018-03-02 00:00:00+01:00,36.63794177146053
2018-03-02 01:00:00+01:00,31.480571324676493
2018-03-02 02:00:00+01:00,29.903947940197554
2018-03-02 03:00:00+01:00,26.423016804999985
2018-03-02 04:00:00+01:00,29.020139742424973
2018-03-02 05:00:00+01:00,30.292286679102563
2018-03-02 06:00:00+01:00,40.26501941117267
2018-03-02 07:00:00+01:00,48.26779019068522
2018-03-02 08:00:00+01:00,55.30550906758725
2018-03-02 09:00:00+01:00,57.751235926855436
2018-03-02 10:00:00+01:00,57.67757759625993
2018-03-02 11:00:00+01:00,55.61366650180099
2018-03-02 12:00:00+01:00,54.272094947866435
2018-03-02 13:00:00+01:00,55.056724464493435
2018-03-02 14:00:00+01:00,53.02136914366375
2018-03-02 15:00:00+01:00,51.508921377505295
2018-03-02 16:00:00+01:00,52.313991256447615
2018-03-02 17:00:00+01:00,51.389266920255004
2018-03-02 18:00:00+01:00,56.5218841008864
2018-03-02 19:00:00+01:00,58.86778039340709
2018-03-02 20:00:00+01:00,59.37668215564762
2018-03-02 21:00:00+01:00,56.70610791813141
2018-03-02 22:00:00+01:00,47.92203471973507
2018-03-02 23:00:00+01:00,44.38399925403374
2018-03-03 00:00:00+01:00,39.398734209688165
2018-03-03 01:00:00+01:00,34.287817073255866
2018-03-03 02:00:00+01:00,33.01917326455732
2018-03-03 03:00:00+01:00,33.3867613754529
2018-03-03 04:00:00+01:00,28.147767536336076
2018-03-03 05:00:00+01:00,29.79005608714439
2018-03-03 06:00:00+01:00,31.669333281856236
2018-03-03 07:00:00+01:00,35.26696902414839
2018-03-03 08:00:00+01:00,39.75002949099848
2018-03-03 09:00:00+01:00,41.85484620778481
2018-03-03 10:00:00+01:00,45.20309811069427
2018-03-03 11:00:00+01:00,42.834437854192714
2018-03-03 12:00:00+01:00,40.54800564509284
2018-03-03 13:00:00+01:00,40.10770559108958
2018-03-03 14:00:00+01:00,36.709335801079085
2018-03-03 15:00:00+01:00,36.78824405409409
2018-03-03 16:00:00+01:00,35.87745742351766
2018-03-03 17:00:00+01:00,41.790229150492046
2018-03-03 18:00:00+01:00,49.44063264993408
2018-03-03 19:00:00+01:00,51.71540015836151
2018-03-03 20:00:00+01:00,61.0443823775602
2018-03-03 21:00:00+01:00,54.40354326462685
2018-03-03 22:00:00+01:00,47.150626133709515
2018-03-03 23:00:00+01:00,46.78269485789622
2018-03-04 00:00:00+01:00,41.141680446369016
2018-03-04 01:00:00+01:00,33.597732731975356
2018-03-04 02:00:00+01:00,33.66624668677611
2018-03-04 03:00:00+01:00,31.138178227177303
2018-03-04 04:00:00+01:00,31.959322571842602
2018-03-04 05:00:00+01:00,31.51250557414436
2018-03-04 06:00:00+01:00,33.38627318795526
2018-03-04 07:00:00+01:00,32.96308759627649
2018-03-04 08:00:00+01:00,40.57284871710426
2018-03-04 09:00:00+01:00,40.565619683868235
2018-03-04 10:00:00+01:00,44.766284012932964
2018-03-04 11:00:00+01:00,42.9682146001177
2018-03-04 12:00:00+01:00,38.29520172329927
2018-03-04 13:00:00+01:00,40.55171314209053
2018-03-04 14:00:00+01:00,37.066690523867585
2018-03-04 15:00:00+01:00,36.98803997343918
2018-03-04 16:00:00+01:00,36.10386086636002
2018-03-04 17:00:00+01:00,39.04915907098462
2018-03-04 18:00:00+01:00,43.5794534745388
2018-03-04 19:00:00+01:00,48.35823318814931
2018-03-04 20:00:00+01:00,52.29846906473142
2018-03-04 21:00:00+01:00,52.79910593285128
2018-03-04 22:00:00+01:00,49.62009061060839
2018-03-04 23:00:00+01:00,45.39574958150062
2018-03-05 00:00:00+01:00,39.70193533160701
2018-03-05 01:00:00+01:00,37.00967347049924
2018-03-05 02:00:00+01:00,29.970755672811936
2018-03-05 03:00:00+01:00,27.943926806544955
2018-03-05 04:00:00+01:00,27.904805962788235
2018-03-05 05:00:00+01:00,30.815176554987744
2018-03-05 06:00:00+01:00,39.229208019325505
2018-03-05 07:00:00+01:00,41.82632406537619
2018-03-05 08:00:00+01:00,45.83713081447544
2018-03-05 09:00:00+01:00,47.905787454357245
2018-03-05 10:00:00+01:00,49.66923183489158
2018-03-05 11:00:00+01:00,47.53588689786783
2018-03-05 12:00:00+01:00,44.77944039116074
2018-03-05 13:00:00+01:00,46.45333827546971
2018-03-05 14:00:00+01:00,43.48147945340494
2018-03-05 15:00:00+01:00,39.281658542234766
2018-03-05 16:00:00+01:00,39.11294533298567
2018-03-05 17:00:00+01:00,41.665149604210846
2018-03-05 18:00:00+01:00,46.781779380912035
2018-03-05 19:00:00+01:00,49.0217966834197
2018-03-05 20:00:00+01:00,50.52977424897088
2018-03-05 21:00:00+01:00,52.46491115511777
2018-03-05 22:00:00+01:00,46.575788809245445
2018-03-05 23:00:00+01:00,42.298785642034154
2018-03-06 00:00:00+01:00,37.27047165011539
2018-03-06 01:00:00+01:00,35.33910283129489
2018-03-06 02:00:00+01:00,33.28149594292575
2018-03-06 03:00:00+01:00,29.758660949954656
2018-03-06 04:00:00+01:00,29.47289937159789
2018-03-06 05:00:00+01:00,31.580559403575638
2018-03-06 06:00:00+01:00,35.200025419975596
2018-03-06 07:00:00+01:00,44.315708401349475
2018-03-06 08:00:00+01:00,46.36656600043063
2018-03-06 09:00:00+01:00,49.127003756259946
2018-03-06 10:00:00+01:00,50.837371295114416
2018-03-06 11:00:00+01:00,49.918159162564926
2018-03-06 12:00:00+01:00,43.626354530764594
2018-03-06 13:00:00+01:00,43.57604077809551
2018-03-06 14:00:00+01:00,41.87657245864449
2018-03-06 15:00:00+01:00,39.67709879156123
2018-03-06 16:00:00+01:00,39.098925142671725
2018-03-06 17:00:00+01:00,40.83559905621542
2018-03-06 18:00:00+01:00,45.71637598302514
2018-03-06 19:00:00+01:00,49.52565799059008
2018-03-06 20:00:00+01:00,55.28012394381981
2018-03-06 21:00:00+01:00,57.178981772136375
2018-03-06 22:00:00+01:00,49.63754837441227
2018-03-06 23:00:00+01:00,42.07354071781532
2018-03-07 00:00:00+01:00,40.13098927594506
2018-03-07 01:00:00+01:00,40.122396741232386
2018-03-07 02:00:00+01:00,36.758253776963144
2018-03-07 03:00:00+01:00,35.5948637000243
2018-03-07 04:00:00+01:00,32.07266907103482
2018-03-07 05:00:00+01:00,34.8676043262039
2018-03-07 06:00:00+01:00,39.329117682376314
2018-03-07 07:00:00+01:00,48.55215138215618
2018-03-07 08:00:00+01:00,49.569664744764644
2018-03-07 09:00:00+01:00,54.19559637292778
2018-03-07 10:00:00+01:00,54.99767837797694
2018-03-07 11:00:00+01:00,52.53076695569348
2018-03-07 12:00:00+01:00,51.318004681614234
2018-03-07 13:00:00+01:00,51.73301017877471
2018-03-07 14:00:00+01:00,49.91589994785077
2018-03-07 15:00:00+01:00,47.767206268394496
2018-03-07 16:00:00+01:00,46.479132824384244
2018-03-07 17:00:00+01:00,48.138341339652186
2018-03-07 18:00:00+01:00,52.30749164618828
2018-03-07 19:00:00+01:00,56.970414513610145
2018-03-07 20:00:00+01:00,59.744087984083954
2018-03-07 21:00:00+01:00,60.43041508641147
2018-03-07 22:00:00+01:00,55.10809240837683
2018-03-07 23:00:00+01:00,51.53233405264378
2018-03-08 00:00:00+01:00,47.071734079551334
2018-03-08 01:00:00+01:00,45.35244625092023
2018-03-08 02:00:00+01:00,41.60341428620709
2018-03-08 03:00:00+01:00,38.129456747004944
2018-03-08 04:00:00+01:00,41.426405543502064
2018-03-08 05:00:00+01:00,40.8053944595243
2018-03-08 06:00:00+01:00,46.91223989643873
2018-03-08 07:00:00+01:00,51.187776107359866
2018-03-08 08:00:00+01:00,54.357313969807386
2018-03-08 09:00:00+01:00,56.731598547203966
2018-03-08 10:00:00+01:00,57.98863735352298
2018-03-08 11:00:00+01:00,58.95042350475427
2018-03-08 12:00:00+01:00,57.32075423983836
2018-03-08 13:00:00+01:00,56.841717072440524
2018-03-08 14:00:00+01:00,53.326494024025216
2018-03-08 15:00:00+01:00,50.6986610439026
2018-03-08 16:00:00+01:00,51.09698431614473
2018-03-08 17:00:00+01:00,51.092611841935955
2018-03-08 18:00:00+01:00,55.94529385613146
2018-03-08 19:00:00+01:00,60.32896902443435
2018-03-08 20:00:00+01:00,60.478174106180944
2018-03-08 21:00:00+01:00,60.3085860929664
2018-03-08 22:00:00+01:00,54.97017972000821
2018-03-08 23:00:00+01:00,51.02392185346059
2018-03-09 00:00:00+01:00,49.87815974023764
2018-03-09 01:00:00+01:00,45.574010652815595
2018-03-09 02:00:00+01:00,43.036844896709
2018-03-09 03:00:00+01:00,44.24127973896435
2018-03-09 04:00:00+01:00,43.27871009833354
2018-03-09 05:00:00+01:00,43.41105144175223
2018-03-09 06:00:00+01:00,48.75092103438218
2018-03-09 07:00:00+01:00,49.636314947714766
2018-03-09 08:00:00+01:00,52.088969191682104
2018-03-09 09:00:00+01:00,54.72403066192245
2018-03-09 10:00:00+01:00,55.25757657962469
2018-03-09 11:00:00+01:00,52.735179414865115
2018-03-09 12:00:00+01:00,51.78494428061172
2018-03-09 13:00:00+01:00,51.745822834013914
2018-03-09 14:00:00+01:00,52.76521976714593
2018-03-09 15:00:00+01:00,49.55803665378932
2018-03-09 16:00:00+01:00,52.72944734827536
2018-03-09 17:00:00+01:00,52.40462758286367
2018-03-09 18:00:00+01:00,57.58908828748856
2018-03-09 19:00:00+01:00,58.46208300882207
2018-03-09 20:00:00+01:00,58.88618513175191
2018-03-09 21:00:00+01:00,55.01734448962397
2018-03-09 22:00:00+01:00,50.88139545644495
2018-03-09 23:00:00+01:00,45.804360395747075
2018-03-10 00:00:00+01:00,42.9500614728183
2018-03-10 01:00:00+01:00,35.937669279030295
2018-03-10 02:00:00+01:00,36.65925645899498
2018-03-10 03:00:00+01:00,34.2076724393507
2018-03-10 04:00:00+01:00,33.7656183106883
2018-03-10 05:00:00+01:00,34.534485597815035
2018-03-10 06:00:00+01:00,34.5035506983085
2018-03-10 07:00:00+01:00,36.2388640712261
2018-03-10 08:00:00+01:00,44.99706300555801
2018-03-10 09:00:00+01:00,45.18944216281299
2018-03-10 10:00:00+01:00,44.821007690725054
2018-03-10 11:00:00+01:00,49.71197776421888
2018-03-10 12:00:00+01:00,50.13769114491387
2018-03-10 13:00:00+01:00,49.8719164198913
2018-03-10 14:00:00+01:00,48.02122260705793
2018-03-10 15:00:00+01:00,44.1152081257731
2018-03-10 16:00:00+01:00,45.388703832255224
2018-03-10 17:00:00+01:00,44.64109761138047
2018-03-10 18:00:00+01:00,48.37506671491577
2018-03-10 19:00:00+01:00,49.97905495307671
2018-03-10 20:00:00+01:00,57.06430184430716
2018-03-10 21:00:00+01:00,53.631554111421735
2018-03-10 22:00:00+01:00,50.79823746092518
2018-03-10 23:00:00+01:00,43.15257253969546
2018-03-11 00:00:00+01:00,40.67669136873019
2018-03-11 01:00:00+01:00,33.21264753759245
2018-03-11 02:00:00+01:00,32.605159975953605
2018-03-11 03:00:00+01:00,31.631164429250873
2018-03-11 04:00:00+01:00,28.35449134484247
2018-03-11 05:00:00+01:00,31.759232031621213
2018-03-11 06:00:00+01:00,31.042545037785782
2018-03-11 07:00:00+01:00,34.193924677682055
2018-03-11 08:00:00+01:00,37.0802704039102
2018-03-11 09:00:00+01:00,38.87251751195017
2018-03-11 10:00:00+01:00,39.1011182813321
2018-03-11 11:00:00+01:00,37.61370896756162
2018-03-11 12:00:00+01:00,38.55409550708237
2018-03-11 13:00:00+01:00,36.96092927666982
2018-03-11 14:00:00+01:00,35.16182696294503
2018-03-11 15:00:00+01:00,31.984687106136942
2018-03-11 16:00:00+01:00,31.72242471633398
2018-03-11 17:00:00+01:00,34.281975679288216
2018-03-11 18:00:00+01:00,39.643057832142
2018-03-11 19:00:00+01:00,43.137052854215995
2018-03-11 20:00:00+01:00,49.8700502148381
2018-03-11 21:00:00+01:00,49.84061386035262
2018-03-11 22:00:00+01:00,47.260337473614975
2018-03-11 23:00:00+01:00,42.00999970799227
2018-03-12 00:00:00+01:00,36.03629218654367
2018-03-12 01:00:00+01:00,30.717212294397438
2018-03-12 02:00:00+01:00,29.864145179833177
2018-03-12 03:00:00+01:00,29.594144624879068
2018-03-12 04:00:00+01:00,29.451278830997115
2018-03-12 05:00:00+01:00,29.30152351234197
2018-03-12 06:00:00+01:00,37.59600097996542
2018-03-12 07:00:00+01:00,44.919720530040884
2018-03-12 08:00:00+01:00,48.24744410435958
2018-03-12 09:00:00+01:00,51.42803676985079
2018-03-12 10:00:00+01:00,51.70157560432407
2018-03-12 11:00:00+01:00,50.18986410026381
2018-03-12 12:00:00+01:00,49.139917220866984
2018-03-12 13:00:00+01:00,48.93166723384061
2018-03-12 14:00:00+01:00,47.57078806003003
2018-03-12 15:00:00+01:00,46.1571168142346
2018-03-12 16:00:00+01:00,46.55546801155358
2018-03-12 17:00:00+01:00,48.32741224869398
2018-03-12 18:00:00+01:00,53.64704946650897
2018-03-12 19:00:00+01:00,53.410196646338854
2018-03-12 20:00:00+01:00,57.60002477241551
2018-03-12 21:00:00+01:00,58.26791978691865
2018-03-12 22:00:00+01:00,53.24277191079731
2018-03-12 23:00:00+01:00,48.63268152917618
2018-03-13 00:00:00+01:00,46.532039881432034
2018-03-13 01:00:00+01:00,42.45188197406115
2018-03-13 02:00:00+01:00,43.27694451718144
2018-03-13 03:00:00+01:00,42.948140428426846
2018-03-13 04:00:00+01:00,40.32121580548381
2018-03-13 05:00:00+01:00,43.74632866426976
2018-03-13 06:00:00+01:00,49.561671156833675
2018-03-13 07:00:00+01:00,54.28567688525285
2018-03-13 08:00:00+01:00,56.701861069605116
2018-03-13 09:00:00+01:00,58.61157698567936
2018-03-13 10:00:00+01:00,59.99232151686589
2018-03-13 11:00:00+01:00,56.81497963138026
2018-03-13 12:00:00+01:00,56.341889880612946
2018-03-13 13:00:00+01:00,52.29418201345144
2018-03-13 14:00:00+01:00,51.5744156872179
2018-03-13 15:00:00+01:00,50.59875265633071
2018-03-13 16:00:00+01:00,49.059011010381425
2018-03-13 17:00:00+01:00,50.14691818244258
2018-03-13 18:00:00+01:00,54.84613245984017
2018-03-13 19:00:00+01:00,57.76265221475679
2018-03-13 20:00:00+01:00,62.15379627824021
2018-03-13 21:00:00+01:00,62.097251349380656
2018-03-13 22:00:00+01:00,56.20000867216181
2018-03-13 23:00:00+01:00,54.049607716171046
2018-03-14 00:00:00+01:00,47.50233433528994
2018-03-14 01:00:00+01:00,43.35490699725984
2018-03-14 02:00:00+01:00,40.8065810406653
2018-03-14 03:00:00+01:00,37.935789295066215
2018-03-14 04:00:00+01:00,37.33217261974415
2018-03-14 05:00:00+01:00,37.91175061407546
2018-03-14 06:00:00+01:00,41.87812634950205
2018-03-14 07:00:00+01:00,47.25456577389442
2018-03-14 08:00:00+01:00,50.590146624869114
2018-03-14 09:00:00+01:00,48.99309673023412
2018-03-14 10:00:00+01:00,51.40821059965939
2018-03-14 11:00:00+01:00,49.74119345789311
2018-03-14 12:00:00+01:00,47.73557677341844
2018-03-14 13:00:00+01:00,47.05786285094558
2018-03-14 14:00:00+01:00,45.539048009477064
2018-03-14 15:00:00+01:00,41.87598276559499
2018-03-14 16:00:00+01:00,42.35268921876204
2018-03-14 17:00:00+01:00,43.35718927862417
2018-03-14 18:00:00+01:00,50.101013523307365
2018-03-14 19:00:00+01:00,52.89979918567945
2018-03-14 20:00:00+01:00,54.16940033803203
2018-03-14 21:00:00+01:00,50.7892106663972
2018-03-14 22:00:00+01:00,48.268041979224336
2018-03-14 23:00:00+01:00,40.58743765103384
2018-03-15 00:00:00+01:00,35.31548150120842
2018-03-15 01:00:00+01:00,35.09152197730267
2018-03-15 02:00:00+01:00,34.83198318547705
2018-03-15 03:00:00+01:00,28.232688055502862
2018-03-15 04:00:00+01:00,30.214569696374074
2018-03-15 05:00:00+01:00,27.495281501703953
2018-03-15 06:00:00+01:00,37.33656591486929
2018-03-15 07:00:00+01:00,43.30863561077482
2018-03-15 08:00:00+01:00,48.30337870893015
2018-03-15 09:00:00+01:00,46.373220817902485
2018-03-15 10:00:00+01:00,45.967094643677065
2018-03-15 11:00:00+01:00,46.06426855675551
2018-03-15 12:00:00+01:00,44.53521261484055
2018-03-15 13:00:00+01:00,42.541592388927036
2018-03-15 14:00:00+01:00,42.45892794702095
2018-03-15 15:00:00+01:00,39.04552164348639
2018-03-15 16:00:00+01:00,40.53094413984053
2018-03-15 17:00:00+01:00,44.17401719322029
2018-03-15 18:00:00+01:00,46.19234104248218
2018-03-15 19:00:00+01:00,48.93972111170097
2018-03-15 20:00:00+01:00,51.711397602800595
2018-03-15 21:00:00+01:00,48.23172146090017
2018-03-15 22:00:00+01:00,44.28378925960899
2018-03-15 23:00:00+01:00,41.957984259710734
2018-03-16 00:00:00+01:00,38.100092450086215
2018-03-16 01:00:00+01:00,37.32276195109429
2018-03-16 02:00:00+01:00,36.37845240017283
2018-03-16 03:00:00+01:00,36.17855566926417
2018-03-16 04:00:00+01:00,35.02461775404431
2018-03-16 05:00:00+01:00,34.80323916795657
2018-03-16 06:00:00+01:00,40.13477792306511
2018-03-16 07:00:00+01:00,46.74826856508341
2018-03-16 08:00:00+01:00,51.464396337272795
2018-03-16 09:00:00+01:00,52.48490553483754
2018-03-16 10:00:00+01:00,52.962135921633
2018-03-16 11:00:00+01:00,51.504533068355585
2018-03-16 12:00:00+01:00,50.38932589872811
2018-03-16 13:00:00+01:00,48.733249780710274
2018-03-16 14:00:00+01:00,50.001562040096644
2018-03-16 15:00:00+01:00,44.849746334691154
2018-03-16 16:00:00+01:00,45.72027169219825
2018-03-16 17:00:00+01:00,44.839430048639834
2018-03-16 18:00:00+01:00,48.96434395071287
2018-03-16 19:00:00+01:00,53.355498345478885
2018-03-16 20:00:00+01:00,55.01771129009888
2018-03-16 21:00:00+01:00,52.83506372278964
2018-03-16 22:00:00+01:00,46.936974340002024
2018-03-16 23:00:00+01:00,42.97034757115426
2018-03-17 00:00:00+01:00,38.592783372131116
2018-03-17 01:00:00+01:00,34.2106885349532
2018-03-17 02:00:00+01:00,28.388449538367826
2018-03-17 03:00:00+01:00,28.08397597153284
2018-03-17 04:00:00+01:00,31.09913505207686
2018-03-17 05:00:00+01:00,29.751926392005757
2018-03-17 06:00:00+01:00,34.99026368678163
2018-03-17 07:00:00+01:00,38.74995039557499
2018-03-17 08:00:00+01:00,41.852633958908704
2018-03-17 09:00:00+01:00,45.41904079255587
2018-03-17 10:00:00+01:00,43.08449164694758
2018-03-17 11:00:00+01:00,42.4209283286996
2018-03-17 12:00:00+01:00,41.67207885680981
2018-03-17 13:00:00+01:00,40.870027373123776
2018-03-17 14:00:00+01:00,39.013277583005525
2018-03-17 15:00:00+01:00,37.78149922789451
2018-03-17 16:00:00+01:00,35.19885821819083
2018-03-17 17:00:00+01:00,38.54195082478331
2018-03-17 18:00:00+01:00,42.15047013279555
2018-03-17 19:00:00+01:00,46.18951870115753
2018-03-17 20:00:00+01:00,48.73425903530164
2018-03-17 21:00:00+01:00,47.3564823217604
2018-03-17 22:00:00+01:00,40.24400362051937
2018-03-17 23:00:00+01:00,41.17156313771928
2018-03-18 00:00:00+01:00,36.75691386277968
2018-03-18 01:00:00+01:00,33.16314116415847
2018-03-18 02:00:00+01:00,30.667019732227576
2018-03-18 03:00:00+01:00,29.153522186941263
2018-03-18 04:00:00+01:00,28.115036862621395
2018-03-18 05:00:00+01:00,31.69369279604746
2018-03-18 06:00:00+01:00,31.616037829179202
2018-03-18 07:00:00+01:00,33.999347939567436
2018-03-18 08:00:00+01:00,37.38388593476851
2018-03-18 09:00:00+01:00,38.86126258432548
2018-03-18 10:00:00+01:00,38.32979179634571
2018-03-18 11:00:00+01:00,36.9165701021961
2018-03-18 12:00:00+01:00,34.82908979351594
2018-03-18 13:00:00+01:00,38.36722983989012
2018-03-18 14:00:00+01:00,33.818839125781395
2018-03-18 15:00:00+01:00,32.37583521506357
2018-03-18 16:00:00+01:00,33.339622755352416
2018-03-18 17:00:00+01:00,31.52943581126662
2018-03-18 18:00:00+01:00,38.1332642109082
2018-03-18 19:00:00+01:00,43.8255811507483
2018-03-18 20:00:00+01:00,50.52244791175034
2018-03-18 21:00:00+01:00,49.95812193625167
2018-03-18 22:00:00+01:00,46.99361696160694
2018-03-18 23:00:00+01:00,46.58538698545002
2018-03-19 00:00:00+01:00,45.00274028345175
2018-03-19 01:00:00+01:00,39.50454291528701
2018-03-19 02:00:00+01:00,38.009452067997145
2018-03-19 03:00:00+01:00,35.45907537236709
2018-03-19 04:00:00+01:00,33.783624552302605
2018-03-19 05:00:00+01:00,37.41927342699969
2018-03-19 06:00:00+01:00,42.895015380398625
2018-03-19 07:00:00+01:00,46.11935473004821
2018-03-19 08:00:00+01:00,49.493641855763734
2018-03-19 09:00:00+01:00,50.360159619860646
2018-03-19 10:00:00+01:00,50.445824158751975
2018-03-19 11:00:00+01:00,47.0937830959818
2018-03-19 12:00:00+01:00,45.73746309031899
2018-03-19 13:00:00+01:00,44.94340697366841
2018-03-19 14:00:00+01:00,44.13318958025067
2018-03-19 15:00:00+01:00,43.19995643078884
2018-03-19 16:00:00+01:00,42.91192827225465
2018-03-19 17:00:00+01:00,44.3072433674269
2018-03-19 18:00:00+01:00,48.56707263138395
2018-03-19 19:00:00+01:00,55.477563890009385
2018-03-19 20:00:00+01:00,55.7742956176952
2018-03-19 21:00:00+01:00,52.752827145964545
2018-03-19 22:00:00+01:00,46.550532586946105
2018-03-19 23:00:00+01:00,41.7757267185824
2018-03-20 00:00:00+01:00,36.20490343305692
2018-03-20 01:00:00+01:00,33.02031783649006
2018-03-20 02:00:00+01:00,32.41186364263657
2018-03-20 03:00:00+01:00,34.29065414940268
2018-03-20 04:00:00+01:00,32.22895714909982
2018-03-20 05:00:00+01:00,34.46871793544014
2018-03-20 06:00:00+01:00,38.375145649418286
2018-03-20 07:00:00+01:00,45.39229397565635
2018-03-20 08:00:00+01:00,51.439813715301845
2018-03-20 09:00:00+01:00,52.39933097940271
2018-03-20 10:00:00+01:00,51.543679974495326
2018-03-20 11:00:00+01:00,49.41613220643314
2018-03-20 12:00:00+01:00,48.38430945146422
2018-03-20 13:00:00+01:00,47.23552566798967
2018-03-20 14:00:00+01:00,45.72660037257739
2018-03-20 15:00:00+01:00,43.23921896725998
2018-03-20 16:00:00+01:00,43.888948182407354
2018-03-20 17:00:00+01:00,44.66063936341771
2018-03-20 18:00:00+01:00,50.25385076557552
2018-03-20 19:00:00+01:00,52.773641139668904
2018-03-20 20:00:00+01:00,58.615302835339406
2018-03-20 21:00:00+01:00,55.5882650813713
2018-03-20 22:00:00+01:00,51.435827311567834
2018-03-20 23:00:00+01:00,45.8399784133278
2018-03-21 00:00:00+01:00,43.861155668918876
2018-03-21 01:00:00+01:00,36.034845823679966
2018-03-21 02:00:00+01:00,34.37929853744914
2018-03-21 03:00:00+01:00,34.834436375148336
2018-03-21 04:00:00+01:00,34.28787515533469
2018-03-21 05:00:00+01:00,36.28819105805988
2018-03-21 06:00:00+01:00,42.142840073811236
2018-03-21 07:00:00+01:00,49.79567194094788
2018-03-21 08:00:00+01:00,57.14485533708241
2018-03-21 09:00:00+01:00,58.59336519737436
2018-03-21 10:00:00+01:00,57.31064119934087
2018-03-21 11:00:00+01:00,54.30447510618152
2018-03-21 12:00:00+01:00,53.47627574367433
2018-03-21 13:00:00+01:00,54.35298915926268
2018-03-21 14:00:00+01:00,49.79978101185362
2018-03-21 15:00:00+01:00,47.26210865715071
2018-03-21 16:00:00+01:00,49.27141196331578
2018-03-21 17:00:00+01:00,48.51678457059922
2018-03-21 18:00:00+01:00,55.769972301158525
2018-03-21 19:00:00+01:00,61.77771666432158
2018-03-21 20:00:00+01:00,63.44666979639726
2018-03-21 21:00:00+01:00,59.92970471045836
2018-03-21 22:00:00+01:00,54.93039914481515
2018-03-21 23:00:00+01:00,49.409106211913986
2018-03-22 00:00:00+01:00,45.283022422457954
2018-03-22 01:00:00+01:00,40.471162070335915
2018-03-22 02:00:00+01:00,36.67650217404647
2018-03-22 03:00:00+01:00,34.923519773325566
2018-03-22 04:00:00+01:00,35.91623342312991
2018-03-22 05:00:00+01:00,40.91578477044316
2018-03-22 06:00:00+01:00,48.12856762948342
2018-03-22 07:00:00+01:00,51.679055849549634
2018-03-22 08:00:00+01:00,55.99042322199866
2018-03-22 09:00:00+01:00,57.94206004623189
2018-03-22 10:00:00+01:00,58.76514045728195
2018-03-22 11:00:00+01:00,58.45117807111918
2018-03-22 12:00:00+01:00,56.57828044036756
2018-03-22 13:00:00+01:00,55.444509289858956
2018-03-22 14:00:00+01:00,54.000847605198345
2018-03-22 15:00:00+01:00,51.35374282869733
2018-03-22 16:00:00+01:00,50.93907375778638
2018-03-22 17:00:00+01:00,51.48838813286054
2018-03-22 18:00:00+01:00,57.66211389071038
2018-03-22 19:00:00+01:00,57.81031644953841
2018-03-22 20:00:00+01:00,63.70835249889344
2018-03-22 21:00:00+01:00,61.957068005775064
2018-03-22 22:00:00+01:00,56.63644159422995
2018-03-22 23:00:00+01:00,54.144855716363615
2018-03-23 00:00:00+01:00,50.40507136613892
2018-03-23 01:00:00+01:00,45.43101501813245
2018-03-23 02:00:00+01:00,42.33507440950638
2018-03-23 03:00:00+01:00,39.81829160270227
2018-03-23 04:00:00+01:00,40.347303897315705
2018-03-23 05:00:00+01:00,42.196066221042635
2018-03-23 06:00:00+01:00,47.067535781505065
2018-03-23 07:00:00+01:00,50.48680088335794
2018-03-23 08:00:00+01:00,56.470443729643115
2018-03-23 09:00:00+01:00,57.790860517281715
2018-03-23 10:00:00+01:00,55.82468647540878
2018-03-23 11:00:00+01:00,53.1294323354143
2018-03-23 12:00:00+01:00,53.193296482949904
2018-03-23 13:00:00+01:00,49.66560166424025
2018-03-23 14:00:00+01:00,47.0263002977785
2018-03-23 15:00:00+01:00,45.21856921354357
2018-03-23 16:00:00+01:00,43.85192767821646
2018-03-23 17:00:00+01:00,44.411737390085875
2018-03-23 18:00:00+01:00,48.545938445347026
2018-03-23 19:00:00+01:00,51.697540990927486
2018-03-23 20:00:00+01:00,56.222615896233236
2018-03-23 21:00:00+01:00,53.001851910913786
2018-03-23 22:00:00+01:00,46.40342632694774
2018-03-23 23:00:00+01:00,42.45267473771129
2018-03-24 00:00:00+01:00,32.941337423029864
2018-03-24 01:00:00+01:00,28.54788170949571
2018-03-24 02:00:00+01:00,26.236828115101122
2018-03-24 03:00:00+01:00,23.66802264516384
2018-03-24 04:00:00+01:00,29.059309037844628
2018-03-24 05:00:00+01:00,26.701157607921697
2018-03-24 06:00:00+01:00,32.98192452917788
2018-03-24 07:00:00+01:00,32.319984319348016
2018-03-24 08:00:00+01:00,39.559207157611986
2018-03-24 09:00:00+01:00,42.127994467729934
2018-03-24 10:00:00+01:00,42.92499546410036
2018-03-24 11:00:00+01:00,43.0088295816008
2018-03-24 12:00:00+01:00,39.18675729302918
2018-03-24 13:00:00+01:00,36.217956379336
2018-03-24 14:00:00+01:00,34.7913252239583
2018-03-24 15:00:00+01:00,33.28974809564434
2018-03-24 16:00:00+01:00,31.122732916425065
2018-03-24 17:00:00+01:00,32.0842806512374
2018-03-24 18:00:00+01:00,36.10911105104293
2018-03-24 19:00:00+01:00,42.46256232850008
2018-03-24 20:00:00+01:00,48.17238428347508
2018-03-24 21:00:00+01:00,44.90012469714841
2018-03-24 22:00:00+01:00,38.1645737501017
2018-03-24 23:00:00+01:00,33.25343379905551
2018-03-25 00:00:00+01:00,26.055934298554902
2018-03-25 01:00:00+01:00,23.14274159958883
2018-03-25 03:00:00+02:00,20.30281706137858
2018-03-25 04:00:00+02:00,22.956382453712404
2018-03-25 05:00:00+02:00,23.86488644317721
2018-03-25 06:00:00+02:00,22.85759145575193
2018-03-25 07:00:00+02:00,27.74431431782921
2018-03-25 08:00:00+02:00,31.986638163264086
2018-03-25 09:00:00+02:00,35.65513271919912
2018-03-25 10:00:00+02:00,38.02636695242659
2018-03-25 11:00:00+02:00,37.584992028762684
2018-03-25 12:00:00+02:00,37.00949021964603
2018-03-25 13:00:00+02:00,37.733682948750854
2018-03-25 14:00:00+02:00,39.11971511137701
2018-03-25 15:00:00+02:00,33.90310382885778
2018-03-25 16:00:00+02:00,31.671532146642658
2018-03-25 17:00:00+02:00,33.33642199688447
2018-03-25 18:00:00+02:00,35.666637689124315
2018-03-25 19:00:00+02:00,41.374688714797465
2018-03-25 20:00:00+02:00,48.140618443102305
2018-03-25 21:00:00+02:00,47.57257967384064
2018-03-25 22:00:00+02:00,44.711202710915906
2018-03-25 23:00:00+02:00,44.016929256512526
2018-03-26 00:00:00+02:00,44.91540457359489
2018-03-26 01:00:00+02:00,42.505998400296754
2018-03-26 02:00:00+02:00,41.4930754847828
2018-03-26 03:00:00+02:00,38.821666991241045
2018-03-26 04:00:00+02:00,36.26616015180431
2018-03-26 05:00:00+02:00,36.27912586532116
2018-03-26 06:00:00+02:00,42.62854426447979
2018-03-26 07:00:00+02:00,48.81148509469279
2018-03-26 08:00:00+02:00,51.823612026135265
2018-03-26 09:00:00+02:00,51.87883585791926
2018-03-26 10:00:00+02:00,52.14877585942532
2018-03-26 11:00:00+02:00,54.412911053291474
2018-03-26 12:00:00+02:00,49.911742029043644
2018-03-26 13:00:00+02:00,48.77448021102657
2018-03-26 14:00:00+02:00,47.706869038239994
2018-03-26 15:00:00+02:00,43.37351578412538
2018-03-26 16:00:00+02:00,43.53330832731745
2018-03-26 17:00:00+02:00,44.30564474264148
2018-03-26 18:00:00+02:00,49.632281707207085
2018-03-26 19:00:00+02:00,50.91013660415455
2018-03-26 20:00:00+02:00,54.894842967825014
2018-03-26 21:00:00+02:00,56.842979185388145
2018-03-26 22:00:00+02:00,52.141050525209856
2018-03-26 23:00:00+02:00,48.14595392583262
2018-03-27 00:00:00+02:00,46.15362828896965
2018-03-27 01:00:00+02:00,41.89990464980412
2018-03-27 02:00:00+02:00,39.47595672266377
2018-03-27 03:00:00+02:00,38.107147475062646
2018-03-27 04:00:00+02:00,38.887110176229314
2018-03-27 05:00:00+02:00,39.91880660570816
2018-03-27 06:00:00+02:00,45.099538686428765
2018-03-27 07:00:00+02:00,47.808052040621966
2018-03-27 08:00:00+02:00,48.7922926354103
2018-03-27 09:00:00+02:00,50.38092083815891
2018-03-27 10:00:00+02:00,51.14472404658221
2018-03-27 11:00:00+02:00,49.565815664510076
2018-03-27 12:00:00+02:00,49.03083685245727
2018-03-27 13:00:00+02:00,49.67928225859283
2018-03-27 14:00:00+02:00,47.87892163750312
2018-03-27 15:00:00+02:00,48.26166683112049
2018-03-27 16:00:00+02:00,47.37428168102759
2018-03-27 17:00:00+02:00,46.60248957882086
2018-03-27 18:00:00+02:00,50.310373152813135
2018-03-27 19:00:00+02:00,53.066078877038194
2018-03-27 20:00:00+02:00,55.061890941701876
2018-03-27 21:00:00+02:00,56.98060154782644
2018-03-27 22:00:00+02:00,51.75302565804743
2018-03-27 23:00:00+02:00,49.75848677974955
2018-03-28 00:00:00+02:00,47.282514172359676
2018-03-28 01:00:00+02:00,45.130910089918565
2018-03-28 02:00:00+02:00,42.62293049580858
2018-03-28 03:00:00+02:00,41.78499044821596
2018-03-28 04:00:00+02:00,41.81475115898224
2018-03-28 05:00:00+02:00,41.770784797707655
2018-03-28 06:00:00+02:00,46.28136806750134
2018-03-28 07:00:00+02:00,50.65413960693703
2018-03-28 08:00:00+02:00,53.76795853558809
2018-03-28 09:00:00+02:00,53.674125238959114
2018-03-28 10:00:00+02:00,55.21954091313035
2018-03-28 11:00:00+02:00,52.82759682200477
2018-03-28 12:00:00+02:00,51.16558573274468
2018-03-28 13:00:00+02:00,49.41658092035741
2018-03-28 14:00:00+02:00,49.505192460802355
2018-03-28 15:00:00+02:00,47.06945105237016
2018-03-28 16:00:00+02:00,44.112917826465896
2018-03-28 17:00:00+02:00,44.147342717857896
2018-03-28 18:00:00+02:00,46.203428176831046
2018-03-28 19:00:00+02:00,49.11386098074161
2018-03-28 20:00:00+02:00,50.24725566630559
2018-03-28 21:00:00+02:00,51.942643195662434
2018-03-28 22:00:00+02:00,52.52349062646713
2018-03-28 23:00:00+02:00,46.42938832652393
2018-03-29 00:00:00+02:00,42.33503906221153
2018-03-29 01:00:00+02:00,38.04843427156
2018-03-29 02:00:00+02:00,35.8508683412313
2018-03-29 03:00:00+02:00,32.35662106893526
2018-03-29 04:00:00+02:00,32.45661831731843
2018-03-29 05:00:00+02:00,36.73216063655095
2018-03-29 06:00:00+02:00,40.012565745828056
2018-03-29 07:00:00+02:00,46.3341532454211
2018-03-29 08:00:00+02:00,50.18981794859928
2018-03-29 09:00:00+02:00,50.65297334123475
2018-03-29 10:00:00+02:00,51.66931167881774
2018-03-29 11:00:00+02:00,51.46196765351471
2018-03-29 12:00:00+02:00,50.825425943194624
2018-03-29 13:00:00+02:00,50.305761644040324
2018-03-29 14:00:00+02:00,48.94576007550159
2018-03-29 15:00:00+02:00,43.062607673602876
2018-03-29 16:00:00+02:00,42.218310768658064
2018-03-29 17:00:00+02:00,42.86454335783159
2018-03-29 18:00:00+02:00,44.59873873135232
2018-03-29 19:00:00+02:00,47.411616909633345
2018-03-29 20:00:00+02:00,49.57512141983104
2018-03-29 21:00:00+02:00,52.69140530325626
2018-03-29 22:00:00+02:00,50.99045500658632
2018-03-29 23:00:00+02:00,45.2969909740364
2018-03-30 00:00:00+02:00,37.90836355168971
2018-03-30 01:00:00+02:00,33.001847828151696
2018-03-30 02:00:00+02:00,31.760147495318066
2018-03-30 03:00:00+02:00,27.941999844787876
2018-03-30 04:00:00+02:00,26.648549852290945
2018-03-30 05:00:00+02:00,26.74865555797419
2018-03-30 06:00:00+02:00,33.87379927728299
2018-03-30 07:00:00+02:00,37.28351320518036
2018-03-30 08:00:00+02:00,45.59728952987815
2018-03-30 09:00:00+02:00,50.131582160540155
2018-03-30 10:00:00+02:00,50.467381410161806
2018-03-30 11:00:00+02:00,48.52893106983504
2018-03-30 12:00:00+02:00,45.00425151842791
2018-03-30 13:00:00+02:00,41.984219463502484
2018-03-30 14:00:00+02:00,39.894925290275836
2018-03-30 15:00:00+02:00,35.85209096196823
2018-03-30 16:00:00+02:00,37.268076244929
2018-03-30 17:00:00+02:00,35.97355357604159
2018-03-30 18:00:00+02:00,39.79474876651471
2018-03-30 19:00:00+02:00,39.26514210641375
2018-03-30 20:00:00+02:00,41.065178022386725
2018-03-30 21:00:00+02:00,46.68279333789022
2018-03-30 22:00:00+02:00,43.9530668095573
2018-03-30 23:00:00+02:00,36.920536166625396
2018-03-31 00:00:00+02:00,26.636759906294845
2018-03-31 01:00:00+02:00,23.317803224760592
2018-03-31 02:00:00+02:00,22.554031601138295
2018-03-31 03:00:00+02:00,22.848497075421367
2018-03-31 04:00:00+02:00,21.430504268308386
2018-03-31 05:00:00+02:00,21.190709586336105
2018-03-31 06:00:00+02:00,24.011141577515172
2018-03-31 07:00:00+02:00,29.51315581795936
2018-03-31 08:00:00+02:00,29.24610860622396
2018-03-31 09:00:00+02:00,33.46445683075641
2018-03-31 10:00:00+02:00,35.30924291440138
2018-03-31 11:00:00+02:00,36.21564882478693
2018-03-31 12:00:00+02:00,35.08812333884071
2018-03-31 13:00:00+02:00,35.6721319451294
2018-03-31 14:00:00+02:00,32.66081463885626
2018-03-31 15:00:00+02:00,30.278922271968003
2018-03-31 16:00:00+02:00,29.97426315922459
2018-03-31 17:00:00+02:00,29.451840478924595
2018-03-31 18:00:00+02:00,32.22038876373528
2018-03-31 19:00:00+02:00,36.77181683145975
2018-03-31 20:00:00+02:00,40.96787213488863
2018-03-31 21:00:00+02:00,44.77329816286277
2018-03-31 22:00:00+02:00,42.38586414323736
2018-03-31 23:00:00+02:00,42.27375394448972
2018-04-01 00:00:00+02:00,36.219620082893634
2018-04-01 01:00:00+02:00,35.62636842781072
2018-04-01 02:00:00+02:00,33.78254304140035
2018-04-01 03:00:00+02:00,33.156413154547884
2018-04-01 04:00:00+02:00,32.93333255750942
2018-04-01 05:00:00+02:00,33.68657155238969
2018-04-01 06:00:00+02:00,34.537286774421055
2018-04-01 07:00:00+02:00,34.59651065398524
2018-04-01 08:00:00+02:00,34.54213364499424
2018-04-01 09:00:00+02:00,37.00578011265776
2018-04-01 10:00:00+02:00,38.19521583563493
2018-04-01 11:00:00+02:00,36.25140331638136
2018-04-01 12:00:00+02:00,34.845239390139895
2018-04-01 13:00:00+02:00,34.15109214241773
2018-04-01 14:00:00+02:00,31.720940492182375
2018-04-01 15:00:00+02:00,30.295123424656765
2018-04-01 16:00:00+02:00,30.522009576199242
2018-04-01 17:00:00+02:00,28.944181622961082
2018-04-01 18:00:00+02:00,33.664999686049406
2018-04-01 19:00:00+02:00,37.64928771005479
2018-04-01 20:00:00+02:00,44.885283715106205
2018-04-01 21:00:00+02:00,47.68108366945432
2018-04-01 22:00:00+02:00,46.3378319582416
2018-04-01 23:00:00+02:00,40.884320099929404
2018-04-02 00:00:00+02:00,39.90298890137786
2018-04-02 01:00:00+02:00,33.96763196906179
2018-04-02 02:00:00+02:00,35.68636933339147
2018-04-02 03:00:00+02:00,34.35040549842691
2018-04-02 04:00:00+02:00,34.789646631779284
2018-04-02 05:00:00+02:00,36.57366213420816
2018-04-02 06:00:00+02:00,43.04060332656794
2018-04-02 07:00:00+02:00,49.01676693431036
2018-04-02 08:00:00+02:00,52.2124055193504
2018-04-02 09:00:00+02:00,55.435959481943364
2018-04-02 10:00:00+02:00,53.33834157224297
2018-04-02 11:00:00+02:00,52.30361233226415
2018-04-02 12:00:00+02:00,52.04995747694908
2018-04-02 13:00:00+02:00,51.16807494226314
2018-04-02 14:00:00+02:00,48.69281616856179
2018-04-02 15:00:00+02:00,46.41624655878053
2018-04-02 16:00:00+02:00,44.794277459105956
2018-04-02 17:00:00+02:00,44.120709506887856
2018-04-02 18:00:00+02:00,47.11714530639588
2018-04-02 19:00:00+02:00,47.93527495108767
2018-04-02 20:00:00+02:00,48.878337985961
2018-04-02 21:00:00+02:00,51.04233130579258
2018-04-02 22:00:00+02:00,50.16767536771118
2018-04-02 23:00:00+02:00,42.036777335397296
2018-04-03 00:00:00+02:00,40.63907471069151
2018-04-03 01:00:00+02:00,41.87304546311284
2018-04-03 02:00:00+02:00,35.62515307258069
2018-04-03 03:00:00+02:00,35.55939322157524
2018-04-03 04:00:00+02:00,35.447469119450744
2018-04-03 05:00:00+02:00,38.76129411906314
2018-04-03 06:00:00+02:00,42.076863478496975
2018-04-03 07:00:00+02:00,45.63104463157645
2018-04-03 08:00:00+02:00,48.42789118721358
2018-04-03 09:00:00+02:00,51.8188592438274
2018-04-03 10:00:00+02:00,51.969749613081355
2018-04-03 11:00:00+02:00,51.77836670105055
2018-04-03 12:00:00+02:00,50.088603988313
2018-04-03 13:00:00+02:00,45.82404288547807
2018-04-03 14:00:00+02:00,44.765650124583196
2018-04-03 15:00:00+02:00,42.721660437652986
2018-04-03 16:00:00+02:00,42.34304792442898
2018-04-03 17:00:00+02:00,42.58126563918224
2018-04-03 18:00:00+02:00,44.824463152926796
2018-04-03 19:00:00+02:00,46.954554415401724
2018-04-03 20:00:00+02:00,47.17447373944693
2018-04-03 21:00:00+02:00,51.65748632198134
2018-04-03 22:00:00+02:00,49.70936547191486
2018-04-03 23:00:00+02:00,45.978276291460624
2018-04-04 00:00:00+02:00,38.93579110267015
2018-04-04 01:00:00+02:00,38.52182483429436
2018-04-04 02:00:00+02:00,31.86019516633877
2018-04-04 03:00:00+02:00,29.788141929294614
2018-04-04 04:00:00+02:00,28.090993891136538
2018-04-04 05:00:00+02:00,29.784640186212528
2018-04-04 06:00:00+02:00,33.424034858321214
2018-04-04 07:00:00+02:00,41.070530351026626
2018-04-04 08:00:00+02:00,46.49800310632332
2018-04-04 09:00:00+02:00,48.50315807464238
2018-04-04 10:00:00+02:00,45.866427466633034
2018-04-04 11:00:00+02:00,46.089115112006404
2018-04-04 12:00:00+02:00,46.8575955054579
2018-04-04 13:00:00+02:00,46.946897600095234
2018-04-04 14:00:00+02:00,46.67550126875302
2018-04-04 15:00:00+02:00,44.93442791361289
2018-04-04 16:00:00+02:00,45.69436904755508
2018-04-04 17:00:00+02:00,45.650545213190526
2018-04-04 18:00:00+02:00,49.34887588002905
2018-04-04 19:00:00+02:00,50.99055302685093
2018-04-04 20:00:00+02:00,54.64992511001151
2018-04-04 21:00:00+02:00,54.54502315965281
2018-04-04 22:00:00+02:00,53.19468984125399
2018-04-04 23:00:00+02:00,49.74741792336655
2018-04-05 00:00:00+02:00,42.16320188200255
2018-04-05 01:00:00+02:00,37.57729368011466
2018-04-05 02:00:00+02:00,37.38958394324678
2018-04-05 03:00:00+02:00,38.37660145483792
2018-04-05 04:00:00+02:00,38.64860949232885
2018-04-05 05:00:00+02:00,40.412695275178585
2018-04-05 06:00:00+02:00,45.449490976175355
2018-04-05 07:00:00+02:00,49.48531687114369
2018-04-05 08:00:00+02:00,53.12267524940205
2018-04-05 09:00:00+02:00,52.14562874654846
2018-04-05 10:00:00+02:00,52.030920754109694
2018-04-05 11:00:00+02:00,49.29145758202725
2018-04-05 12:00:00+02:00,48.99728617846019
2018-04-05 13:00:00+02:00,49.41180861343933
2018-04-05 14:00:00+02:00,46.78605723751994
2018-04-05 15:00:00+02:00,45.5337709334635
2018-04-05 16:00:00+02:00,45.15185948092684
2018-04-05 17:00:00+02:00,45.998772607225305
2018-04-05 18:00:00+02:00,48.18717884061002
2018-04-05 19:00:00+02:00,49.185039110294724
2018-04-05 20:00:00+02:00,52.482697835597925
2018-04-05 21:00:00+02:00,53.105944032523375
2018-04-05 22:00:00+02:00,49.767531668375035
2018-04-05 23:00:00+02:00,46.15348976912842
2018-04-06 00:00:00+02:00,45.543537206767205
2018-04-06 01:00:00+02:00,41.90016251327149
2018-04-06 02:00:00+02:00,38.98298969540679
2018-04-06 03:00:00+02:00,38.634243316412025
2018-04-06 04:00:00+02:00,37.60693363226127
2018-04-06 05:00:00+02:00,38.511958078923925
2018-04-06 06:00:00+02:00,43.06125240150508
2018-04-06 07:00:00+02:00,46.87741159317997
2018-04-06 08:00:00+02:00,50.786279203367776
2018-04-06 09:00:00+02:00,50.52126098787403
2018-04-06 10:00:00+02:00,49.89629283161208
2018-04-06 11:00:00+02:00,48.74638706477969
2018-04-06 12:00:00+02:00,47.878849982154826
2018-04-06 13:00:00+02:00,47.984529763523305
2018-04-06 14:00:00+02:00,46.22785377736367
2018-04-06 15:00:00+02:00,42.817128512367965
2018-04-06 16:00:00+02:00,43.40812263395262
2018-04-06 17:00:00+02:00,42.41970436425557
2018-04-06 18:00:00+02:00,43.831685576584526
2018-04-06 19:00:00+02:00,44.71203640925818
2018-04-06 20:00:00+02:00,46.61457153408764
2018-04-06 21:00:00+02:00,50.66895693582611
2018-04-06 22:00:00+02:00,47.05844304663955
2018-04-06 23:00:00+02:00,45.48507639450272
2018-04-07 00:00:00+02:00,46.11495089569126
2018-04-07 01:00:00+02:00,37.54464226783889
2018-04-07 02:00:00+02:00,39.687275490266764
2018-04-07 03:00:00+02:00,35.74933357827606
2018-04-07 04:00:00+02:00,35.237261464519015
2018-04-07 05:00:00+02:00,40.33514753953759
2018-04-07 06:00:00+02:00,41.899748917639045
2018-04-07 07:00:00+02:00,43.01958896224446
2018-04-07 08:00:00+02:00,45.657391918107216
2018-04-07 09:00:00+02:00,47.157331085201655
2018-04-07 10:00:00+02:00,48.10201430923845
2018-04-07 11:00:00+02:00,47.50837005601115
2018-04-07 12:00:00+02:00,47.664031084605426
2018-04-07 13:00:00+02:00,45.96733595796123
2018-04-07 14:00:00+02:00,44.77502862825251
2018-04-07 15:00:00+02:00,41.61492176085313
2018-04-07 16:00:00+02:00,41.27833667441424
2018-04-07 17:00:00+02:00,41.92614476950833
2018-04-07 18:00:00+02:00,45.24541196783014
2018-04-07 19:00:00+02:00,49.33226385033035
2018-04-07 20:00:00+02:00,50.50293664868658
2018-04-07 21:00:00+02:00,52.73624985314814
2018-04-07 22:00:00+02:00,51.13080005873553
2018-04-07 23:00:00+02:00,47.82931907495462
2018-04-08 00:00:00+02:00,49.943707794212195
2018-04-08 01:00:00+02:00,44.661059378070895
2018-04-08 02:00:00+02:00,43.27534395669949
2018-04-08 03:00:00+02:00,42.70725436325807
2018-04-08 04:00:00+02:00,40.60436695728086
2018-04-08 05:00:00+02:00,37.79259874620518
2018-04-08 06:00:00+02:00,38.983876331101236
2018-04-08 07:00:00+02:00,43.17047152142157
2018-04-08 08:00:00+02:00,42.30847058054614
2018-04-08 09:00:00+02:00,44.46689822899068
2018-04-08 10:00:00+02:00,45.08670817894119
2018-04-08 11:00:00+02:00,44.47839448730654
2018-04-08 12:00:00+02:00,39.606851064992604
2018-04-08 13:00:00+02:00,40.4823361419873
2018-04-08 14:00:00+02:00,38.03063122688375
2018-04-08 15:00:00+02:00,35.355277651513774
2018-04-08 16:00:00+02:00,37.91949221109075
2018-04-08 17:00:00+02:00,34.26347898230234
2018-04-08 18:00:00+02:00,38.305648954794954
2018-04-08 19:00:00+02:00,40.06158517818135
2018-04-08 20:00:00+02:00,44.14349495583107
2018-04-08 21:00:00+02:00,49.95899757417427
2018-04-08 22:00:00+02:00,45.437092768780644
2018-04-08 23:00:00+02:00,44.810485784419036
2018-04-09 00:00:00+02:00,44.93427529518323
2018-04-09 01:00:00+02:00,40.38726677598307
2018-04-09 02:00:00+02:00,35.46188462224577
2018-04-09 03:00:00+02:00,37.849451926231986
2018-04-09 04:00:00+02:00,36.090605854886
2018-04-09 05:00:00+02:00,37.80982569186653
2018-04-09 06:00:00+02:00,44.536050675331005
2018-04-09 07:00:00+02:00,49.705660425964474
2018-04-09 08:00:00+02:00,53.22106897239948
2018-04-09 09:00:00+02:00,55.52071251782623
2018-04-09 10:00:00+02:00,53.93274471118382
2018-04-09 11:00:00+02:00,53.20685942154554
2018-04-09 12:00:00+02:00,51.92299736912998
2018-04-09 13:00:00+02:00,49.52673868495631
2018-04-09 14:00:00+02:00,48.93875922274503
2018-04-09 15:00:00+02:00,45.50707562668284
2018-04-09 16:00:00+02:00,44.18622508402308
2018-04-09 17:00:00+02:00,43.906476919459074
2018-04-09 18:00:00+02:00,46.56924405156794
2018-04-09 19:00:00+02:00,50.02174414395078
2018-04-09 20:00:00+02:00,50.763825171184465
2018-04-09 21:00:00+02:00,52.508782384705796
2018-04-09 22:00:00+02:00,50.03463333545417
2018-04-09 23:00:00+02:00,44.50456225277745
2018-04-10 00:00:00+02:00,41.40566484956824
2018-04-10 01:00:00+02:00,38.382395637238105
2018-04-10 02:00:00+02:00,39.425164674193766
2018-04-10 03:00:00+02:00,38.234333104941236
2018-04-10 04:00:00+02:00,36.207769158435525
2018-04-10 05:00:00+02:00,35.57034753336669
2018-04-10 06:00:00+02:00,42.263240411838034
2018-04-10 07:00:00+02:00,46.366922600863354
2018-04-10 08:00:00+02:00,51.51487782775204
2018-04-10 09:00:00+02:00,49.711376275000454
2018-04-10 10:00:00+02:00,51.54365966035352
2018-04-10 11:00:00+02:00,49.11583864176185
2018-04-10 12:00:00+02:00,49.16577940844212
2018-04-10 13:00:00+02:00,50.57010587137193
2018-04-10 14:00:00+02:00,47.135089458278536
2018-04-10 15:00:00+02:00,44.01989289206489
2018-04-10 16:00:00+02:00,45.52289756299681
2018-04-10 17:00:00+02:00,49.62846675926229
2018-04-10 18:00:00+02:00,50.60791497489644
2018-04-10 19:00:00+02:00,52.53508396766835
2018-04-10 20:00:00+02:00,56.33423077239704
2018-04-10 21:00:00+02:00,56.550991997251906
2018-04-10 22:00:00+02:00,54.990134027346954
2018-04-10 23:00:00+02:00,49.56022885986858
2018-04-11 00:00:00+02:00,43.97232575026924
2018-04-11 01:00:00+02:00,41.55043094764922
2018-04-11 02:00:00+02:00,38.678549250560174
2018-04-11 03:00:00+02:00,36.90797764539659
2018-04-11 04:00:00+02:00,35.76642060976946
2018-04-11 05:00:00+02:00,39.49923729396148
2018-04-11 06:00:00+02:00,44.73894815419292
2018-04-11 07:00:00+02:00,48.11340870415313
2018-04-11 08:00:00+02:00,51.56407405392563
2018-04-11 09:00:00+02:00,51.14568372217675
2018-04-11 10:00:00+02:00,49.33935864698916
2018-04-11 11:00:00+02:00,49.289564582336254
2018-04-11 12:00:00+02:00,47.925739506540765
2018-04-11 13:00:00+02:00,47.69261594491804
2018-04-11 14:00:00+02:00,45.207732034223646
2018-04-11 15:00:00+02:00,44.5998860450421
2018-04-11 16:00:00+02:00,42.34900536932398
2018-04-11 17:00:00+02:00,44.29027400239497
2018-04-11 18:00:00+02:00,47.21897654047398
2018-04-11 19:00:00+02:00,48.58446344016735
2018-04-11 20:00:00+02:00,51.24412818763172
2018-04-11 21:00:00+02:00,52.6496598406922
2018-04-11 22:00:00+02:00,49.08214591244627
2018-04-11 23:00:00+02:00,44.896493523213174
2018-04-12 00:00:00+02:00,37.28142614511937
2018-04-12 01:00:00+02:00,34.37166011346232
2018-04-12 02:00:00+02:00,32.230216627751695
2018-04-12 03:00:00+02:00,29.433191179550434
2018-04-12 04:00:00+02:00,30.773166831707883
2018-04-12 05:00:00+02:00,32.02760568439201
2018-04-12 06:00:00+02:00,37.846630817053715
2018-04-12 07:00:00+02:00,43.99644844707526
2018-04-12 08:00:00+02:00,51.88259060499263
2018-04-12 09:00:00+02:00,51.37981162740115
2018-04-12 10:00:00+02:00,50.523259672832445
2018-04-12 11:00:00+02:00,50.70411304893548
2018-04-12 12:00:00+02:00,49.54491535265698
2018-04-12 13:00:00+02:00,48.65821644293658
2018-04-12 14:00:00+02:00,47.6646732632434
2018-04-12 15:00:00+02:00,45.195993677009405
2018-04-12 16:00:00+02:00,46.57967863568239
2018-04-12 17:00:00+02:00,46.87236080266563
2018-04-12 18:00:00+02:00,50.87641819827471
2018-04-12 19:00:00+02:00,49.87245239325108
2018-04-12 20:00:00+02:00,51.95464154786921
2018-04-12 21:00:00+02:00,54.3102824008354
2018-04-12 22:00:00+02:00,52.698537832146776
2018-04-12 23:00:00+02:00,47.29734139963906
2018-04-13 00:00:00+02:00,49.6939390226224
2018-04-13 01:00:00+02:00,47.12954257142567
2018-04-13 02:00:00+02:00,43.49465787456786
2018-04-13 03:00:00+02:00,42.517000309838394
2018-04-13 04:00:00+02:00,40.39649319631001
2018-04-13 05:00:00+02:00,42.03868457363541
2018-04-13 06:00:00+02:00,46.28258983466005
2018-04-13 07:00:00+02:00,51.83799600151672
2018-04-13 08:00:00+02:00,54.24026132871355
2018-04-13 09:00:00+02:00,56.564796437808525
2018-04-13 10:00:00+02:00,54.8786856589984
2018-04-13 11:00:00+02:00,54.0742631424549
2018-04-13 12:00:00+02:00,53.249538702267365
2018-04-13 13:00:00+02:00,50.76092963507011
2018-04-13 14:00:00+02:00,49.96265596963618
2018-04-13 15:00:00+02:00,47.76172510864657
2018-04-13 16:00:00+02:00,48.29097310652145
2018-04-13 17:00:00+02:00,49.30450988313343
2018-04-13 18:00:00+02:00,50.55775084931463
2018-04-13 19:00:00+02:00,53.11844940332006
2018-04-13 20:00:00+02:00,54.7406999884123
2018-04-13 21:00:00+02:00,55.465696432436374
2018-04-13 22:00:00+02:00,52.07278109849005
2018-04-13 23:00:00+02:00,48.30587433094818
2018-04-14 00:00:00+02:00,46.55414366511058
2018-04-14 01:00:00+02:00,44.916132276415205
2018-04-14 02:00:00+02:00,44.32575117701708
2018-04-14 03:00:00+02:00,42.90446772941749
2018-04-14 04:00:00+02:00,41.64194555061864
2018-04-14 05:00:00+02:00,42.10851213931083
2018-04-14 06:00:00+02:00,44.120796471230086
2018-04-14 07:00:00+02:00,45.13796491365446
2018-04-14 08:00:00+02:00,47.92852042169156
2018-04-14 09:00:00+02:00,50.37008335966245
2018-04-14 10:00:00+02:00,48.85238697292554
2018-04-14 11:00:00+02:00,48.6696263869101
2018-04-14 12:00:00+02:00,49.55198323971942
2018-04-14 13:00:00+02:00,49.23318533578752
2018-04-14 14:00:00+02:00,45.88529752726263
2018-04-14 15:00:00+02:00,44.7946256625951
2018-04-14 16:00:00+02:00,42.90016572874024
2018-04-14 17:00:00+02:00,44.63174542374404
2018-04-14 18:00:00+02:00,47.01933670687913
2018-04-14 19:00:00+02:00,49.100016161504726
2018-04-14 20:00:00+02:00,50.91557930786312
2018-04-14 21:00:00+02:00,52.72293365118005
2018-04-14 22:00:00+02:00,53.07128358728615
2018-04-14 23:00:00+02:00,49.65052821518082
2018-04-15 00:00:00+02:00,48.391994643752696
2018-04-15 01:00:00+02:00,46.788936774131884
2018-04-15 02:00:00+02:00,41.341152583820936
2018-04-15 03:00:00+02:00,39.7191251723762
2018-04-15 04:00:00+02:00,37.808120012461266
2018-04-15 05:00:00+02:00,36.593566926679806
2018-04-15 06:00:00+02:00,37.47296407075571
2018-04-15 07:00:00+02:00,37.14533843997891
2018-04-15 08:00:00+02:00,39.14077622462015
2018-04-15 09:00:00+02:00,41.61034796995971
2018-04-15 10:00:00+02:00,41.74273146645732
2018-04-15 11:00:00+02:00,42.41430466445125
2018-04-15 12:00:00+02:00,39.630306147427355
2018-04-15 13:00:00+02:00,39.36840293022303
2018-04-15 14:00:00+02:00,37.57410753597765
2018-04-15 15:00:00+02:00,31.447741324697194
2018-04-15 16:00:00+02:00,28.609773363990755
2018-04-15 17:00:00+02:00,27.625768393389905
2018-04-15 18:00:00+02:00,30.62723544175881
2018-04-15 19:00:00+02:00,34.171504254247516
2018-04-15 20:00:00+02:00,39.46091948952685
2018-04-15 21:00:00+02:00,46.69180980908826
2018-04-15 22:00:00+02:00,46.659889242577606
2018-04-15 23:00:00+02:00,43.70079393309769
2018-04-16 00:00:00+02:00,42.4964740569545
2018-04-16 01:00:00+02:00,39.911216409534156
2018-04-16 02:00:00+02:00,34.70782410057919
2018-04-16 03:00:00+02:00,37.395249768949434
2018-04-16 04:00:00+02:00,34.90317923901144
2018-04-16 05:00:00+02:00,35.544306104592444
2018-04-16 06:00:00+02:00,41.47242931647268
2018-04-16 07:00:00+02:00,43.33976373857714
2018-04-16 08:00:00+02:00,48.41105659233296
2018-04-16 09:00:00+02:00,50.93197654999492
2018-04-16 10:00:00+02:00,50.490055853091356
2018-04-16 11:00:00+02:00,47.33128946659068
2018-04-16 12:00:00+02:00,47.874240053482595
2018-04-16 13:00:00+02:00,47.801917345067864
2018-04-16 14:00:00+02:00,49.084159466683296
2018-04-16 15:00:00+02:00,45.42162584895821
2018-04-16 16:00:00+02:00,45.1293428296379
2018-04-16 17:00:00+02:00,46.37158042871534
2018-04-16 18:00:00+02:00,50.45664458949068
2018-04-16 19:00:00+02:00,52.57985526969262
2018-04-16 20:00:00+02:00,54.33293918845155
2018-04-16 21:00:00+02:00,56.33238930021846
2018-04-16 22:00:00+02:00,53.09510847824117
2018-04-16 23:00:00+02:00,49.291167502364324
2018-04-17 00:00:00+02:00,47.216103641731344
2018-04-17 01:00:00+02:00,44.46126624342264
2018-04-17 02:00:00+02:00,42.37955208136253
2018-04-17 03:00:00+02:00,42.31951037667894
2018-04-17 04:00:00+02:00,41.4920535865742
2018-04-17 05:00:00+02:00,43.30308837802986
2018-04-17 06:00:00+02:00,48.41467521406778
2018-04-17 07:00:00+02:00,53.25149840836841
2018-04-17 08:00:00+02:00,56.85467112614543
2018-04-17 09:00:00+02:00,56.893055113644266
2018-04-17 10:00:00+02:00,56.223638313371794
2018-04-17 11:00:00+02:00,54.86349185308905
2018-04-17 12:00:00+02:00,53.040871110078875
2018-04-17 13:00:00+02:00,53.29720865531732
2018-04-17 14:00:00+02:00,51.85789792920974
2018-04-17 15:00:00+02:00,50.77754702015985
2018-04-17 16:00:00+02:00,49.32200184620822
2018-04-17 17:00:00+02:00,51.10068111843626
2018-04-17 18:00:00+02:00,53.047409654105785
2018-04-17 19:00:00+02:00,55.13596562993189
2018-04-17 20:00:00+02:00,56.22428718139523
2018-04-17 21:00:00+02:00,58.01721366586337
2018-04-17 22:00:00+02:00,56.71077120338475
2018-04-17 23:00:00+02:00,52.1171469625262
2018-04-18 00:00:00+02:00,50.283876014071325
2018-04-18 01:00:00+02:00,47.36818720938886
2018-04-18 02:00:00+02:00,46.03352839047585
2018-04-18 03:00:00+02:00,46.697827683614726
2018-04-18 04:00:00+02:00,44.51682073583506
2018-04-18 05:00:00+02:00,47.094495950997675
2018-04-18 06:00:00+02:00,51.95302528839576
2018-04-18 07:00:00+02:00,56.912695267025384
2018-04-18 08:00:00+02:00,57.75752757228128
2018-04-18 09:00:00+02:00,58.01812849131277
2018-04-18 10:00:00+02:00,56.48980101638774
2018-04-18 11:00:00+02:00,55.0160498154443
2018-04-18 12:00:00+02:00,54.61174083348839
2018-04-18 13:00:00+02:00,54.24334863006692
2018-04-18 14:00:00+02:00,53.311549204254185
2018-04-18 15:00:00+02:00,51.54967607933268
2018-04-18 16:00:00+02:00,50.30191073010416
2018-04-18 17:00:00+02:00,51.01499659089569
2018-04-18 18:00:00+02:00,52.33372039976505
2018-04-18 19:00:00+02:00,54.793346918722115
2018-04-18 20:00:00+02:00,56.83109099239289
2018-04-18 21:00:00+02:00,58.51337901224348
2018-04-18 22:00:00+02:00,57.47929439986772
2018-04-18 23:00:00+02:00,53.88079232486669
2018-04-19 00:00:00+02:00,51.65179417575772
2018-04-19 01:00:00+02:00,44.901896598225655
2018-04-19 02:00:00+02:00,46.1283691559614
2018-04-19 03:00:00+02:00,44.2950385510909
2018-04-19 04:00:00+02:00,44.572191323084304
2018-04-19 05:00:00+02:00,45.377566238744286
2018-04-19 06:00:00+02:00,51.13445733948593
2018-04-19 07:00:00+02:00,54.49115357673003
2018-04-19 08:00:00+02:00,55.52234595123192
2018-04-19 09:00:00+02:00,53.522034143594816
2018-04-19 10:00:00+02:00,52.60367733556971
2018-04-19 11:00:00+02:00,52.04608570171297
2018-04-19 12:00:00+02:00,50.434068961756715
2018-04-19 13:00:00+02:00,50.70448331960489
2018-04-19 14:00:00+02:00,48.344546267816156
2018-04-19 15:00:00+02:00,46.58506313814601
2018-04-19 16:00:00+02:00,46.80537621956944
2018-04-19 17:00:00+02:00,47.55295525554923
2018-04-19 18:00:00+02:00,48.30935807204744
2018-04-19 19:00:00+02:00,48.73951609501686
2018-04-19 20:00:00+02:00,52.20943918603686
2018-04-19 21:00:00+02:00,55.014093123210394
2018-04-19 22:00:00+02:00,53.05189978676453
2018-04-19 23:00:00+02:00,50.05091611233576
2018-04-20 00:00:00+02:00,47.1301072186088
2018-04-20 01:00:00+02:00,44.93336399875921
2018-04-20 02:00:00+02:00,42.86033687392338
2018-04-20 03:00:00+02:00,44.017249381426986
2018-04-20 04:00:00+02:00,43.24759583848572
2018-04-20 05:00:00+02:00,44.099110990712326
2018-04-20 06:00:00+02:00,45.90906378293116
2018-04-20 07:00:00+02:00,50.08612993427636
2018-04-20 08:00:00+02:00,51.14303188138112
2018-04-20 09:00:00+02:00,50.980630215952374
2018-04-20 10:00:00+02:00,50.073803743379436
2018-04-20 11:00:00+02:00,49.24356790795563
2018-04-20 12:00:00+02:00,47.57604557301007
2018-04-20 13:00:00+02:00,47.6702130481041
2018-04-20 14:00:00+02:00,47.70808886470124
2018-04-20 15:00:00+02:00,46.70877643460724
2018-04-20 16:00:00+02:00,46.1822367756316
2018-04-20 17:00:00+02:00,45.82110657212965
2018-04-20 18:00:00+02:00,47.135961496892484
2018-04-20 19:00:00+02:00,50.2267260991889
2018-04-20 20:00:00+02:00,52.836955524248
2018-04-20 21:00:00+02:00,54.676849945907826
2018-04-20 22:00:00+02:00,52.69326008503055
2018-04-20 23:00:00+02:00,48.9866480472812
2018-04-21 00:00:00+02:00,47.308397922200065
2018-04-21 01:00:00+02:00,44.60770844011382
2018-04-21 02:00:00+02:00,41.39018637019025
2018-04-21 03:00:00+02:00,41.443144764329865
2018-04-21 04:00:00+02:00,42.44706689693648
2018-04-21 05:00:00+02:00,43.0273218155495
2018-04-21 06:00:00+02:00,43.22437396883398
2018-04-21 07:00:00+02:00,45.84763867713258
2018-04-21 08:00:00+02:00,47.355358488598576
2018-04-21 09:00:00+02:00,46.669320631378476
2018-04-21 10:00:00+02:00,47.50743647894364
2018-04-21 11:00:00+02:00,46.62403811051274
2018-04-21 12:00:00+02:00,45.90461693856321
2018-04-21 13:00:00+02:00,45.48572461696758
2018-04-21 14:00:00+02:00,43.3644852283999
2018-04-21 15:00:00+02:00,41.72573806048651
2018-04-21 16:00:00+02:00,41.579494749211044
2018-04-21 17:00:00+02:00,42.529639485116554
2018-04-21 18:00:00+02:00,44.699155549037194
2018-04-21 19:00:00+02:00,46.215623696206755
2018-04-21 20:00:00+02:00,50.511295140904366
2018-04-21 21:00:00+02:00,52.864737805349144
2018-04-21 22:00:00+02:00,51.18703581886937
2018-04-21 23:00:00+02:00,48.5946524721143
2018-04-22 00:00:00+02:00,42.51092328729941
2018-04-22 01:00:00+02:00,40.66529512731706
2018-04-22 02:00:00+02:00,39.19655229081046
2018-04-22 03:00:00+02:00,37.35177388703368
2018-04-22 04:00:00+02:00,36.74659362132122
2018-04-22 05:00:00+02:00,35.876721123275026
2018-04-22 06:00:00+02:00,36.280413632244056
2018-04-22 07:00:00+02:00,38.010616527813326
2018-04-22 08:00:00+02:00,40.36145246631812
2018-04-22 09:00:00+02:00,40.46096650548727
2018-04-22 10:00:00+02:00,39.84126945700847
2018-04-22 11:00:00+02:00,41.52886465906143
2018-04-22 12:00:00+02:00,40.738491471642675
2018-04-22 13:00:00+02:00,40.177598619823364
2018-04-22 14:00:00+02:00,39.71424345253311
2018-04-22 15:00:00+02:00,38.01174528694568
2018-04-22 16:00:00+02:00,37.247653558421526
2018-04-22 17:00:00+02:00,37.121037374924164
2018-04-22 18:00:00+02:00,39.496073994176264
2018-04-22 19:00:00+02:00,44.20927870465129
2018-04-22 20:00:00+02:00,48.83135256228448
2018-04-22 21:00:00+02:00,51.71272228664199
2018-04-22 22:00:00+02:00,51.27165067876995
2018-04-22 23:00:00+02:00,48.97401944102466
2018-04-23 00:00:00+02:00,47.746188634121694
2018-04-23 01:00:00+02:00,44.225243526249216
2018-04-23 02:00:00+02:00,41.764888065322246
2018-04-23 03:00:00+02:00,41.853460896086595
2018-04-23 04:00:00+02:00,39.862158763477076
2018-04-23 05:00:00+02:00,41.27208729953808
2018-04-23 06:00:00+02:00,47.08420545802991
2018-04-23 07:00:00+02:00,50.16064138093255
2018-04-23 08:00:00+02:00,52.29941404732525
2018-04-23 09:00:00+02:00,52.66408216863447
2018-04-23 10:00:00+02:00,50.41568875399844
2018-04-23 11:00:00+02:00,50.86081695929699
2018-04-23 12:00:00+02:00,50.27901988192781
2018-04-23 13:00:00+02:00,49.51370043244422
2018-04-23 14:00:00+02:00,49.73258502677297
2018-04-23 15:00:00+02:00,48.622869862892856
2018-04-23 16:00:00+02:00,48.28794535857958
2018-04-23 17:00:00+02:00,48.26513177450846
2018-04-23 18:00:00+02:00,49.544581698506995
2018-04-23 19:00:00+02:00,50.327197367345235
2018-04-23 20:00:00+02:00,51.38304898899878
2018-04-23 21:00:00+02:00,56.29111287804042
2018-04-23 22:00:00+02:00,53.79407497547689
2018-04-23 23:00:00+02:00,49.27962537509524
2018-04-24 00:00:00+02:00,48.86726777868831
2018-04-24 01:00:00+02:00,48.45220243732141
2018-04-24 02:00:00+02:00,45.51294953800374
2018-04-24 03:00:00+02:00,43.76668307878352
2018-04-24 04:00:00+02:00,42.716088057269076
2018-04-24 05:00:00+02:00,45.441835137543414
2018-04-24 06:00:00+02:00,48.28600473085974
2018-04-24 07:00:00+02:00,50.49185665075115
2018-04-24 08:00:00+02:00,53.805669327423715
2018-04-24 09:00:00+02:00,54.273585298002
2018-04-24 10:00:00+02:00,54.478225894337925
2018-04-24 11:00:00+02:00,54.7904356605614
2018-04-24 12:00:00+02:00,53.86124061118324
2018-04-24 13:00:00+02:00,53.335708493550406
2018-04-24 14:00:00+02:00,52.474427240290225
2018-04-24 15:00:00+02:00,50.53749676368486
2018-04-24 16:00:00+02:00,51.04524453434167
2018-04-24 17:00:00+02:00,51.859537389318575
2018-04-24 18:00:00+02:00,51.57475892115763
2018-04-24 19:00:00+02:00,52.68488756575153
2018-04-24 20:00:00+02:00,54.663297901898375
2018-04-24 21:00:00+02:00,58.628655808237596
2018-04-24 22:00:00+02:00,55.40964391214279
2018-04-24 23:00:00+02:00,52.53928111517257
2018-04-25 00:00:00+02:00,48.06401800611709
2018-04-25 01:00:00+02:00,45.81959259214252
2018-04-25 02:00:00+02:00,43.46133098811317
2018-04-25 03:00:00+02:00,42.600646507516444
2018-04-25 04:00:00+02:00,41.731498108038075
2018-04-25 05:00:00+02:00,44.56410794875833
2018-04-25 06:00:00+02:00,47.1707299501551
2018-04-25 07:00:00+02:00,50.75177363912328
2018-04-25 08:00:00+02:00,52.93179932809625
2018-04-25 09:00:00+02:00,53.50998077569921
2018-04-25 10:00:00+02:00,54.00278672678997
2018-04-25 11:00:00+02:00,52.744066073167374
2018-04-25 12:00:00+02:00,51.922988846082184
2018-04-25 13:00:00+02:00,50.73861515861344
2018-04-25 14:00:00+02:00,50.10378794584681
2018-04-25 15:00:00+02:00,49.696850077355386
2018-04-25 16:00:00+02:00,49.31444407362728
2018-04-25 17:00:00+02:00,49.10751550276174
2018-04-25 18:00:00+02:00,49.94458953743406
2018-04-25 19:00:00+02:00,51.262126969631424
2018-04-25 20:00:00+02:00,53.29871752139957
2018-04-25 21:00:00+02:00,54.76081500605941
2018-04-25 22:00:00+02:00,52.3578717724042
2018-04-25 23:00:00+02:00,49.14540570040227
2018-04-26 00:00:00+02:00,46.36721668789849
2018-04-26 01:00:00+02:00,42.18261950048299
2018-04-26 02:00:00+02:00,40.02425496027114
2018-04-26 03:00:00+02:00,40.24343008286163
2018-04-26 04:00:00+02:00,40.552889648095345
2018-04-26 05:00:00+02:00,41.39453431452907
2018-04-26 06:00:00+02:00,45.60062625661484
2018-04-26 07:00:00+02:00,51.063080220454054
2018-04-26 08:00:00+02:00,53.86511732003279
2018-04-26 09:00:00+02:00,53.70075168270662
2018-04-26 10:00:00+02:00,53.989195533031456
2018-04-26 11:00:00+02:00,52.606718640845145
2018-04-26 12:00:00+02:00,51.56808043389977
2018-04-26 13:00:00+02:00,51.46531067307237
2018-04-26 14:00:00+02:00,52.02773915449143
2018-04-26 15:00:00+02:00,48.95175168207047
2018-04-26 16:00:00+02:00,48.74922983070494
2018-04-26 17:00:00+02:00,47.775040818644186
2018-04-26 18:00:00+02:00,49.09800764236913
2018-04-26 19:00:00+02:00,49.739628253226506
2018-04-26 20:00:00+02:00,52.382363763631965
2018-04-26 21:00:00+02:00,56.542986963404246
2018-04-26 22:00:00+02:00,54.22294242112526
2018-04-26 23:00:00+02:00,49.986610393190354
2018-04-27 00:00:00+02:00,48.87538930770285
2018-04-27 01:00:00+02:00,44.66898392136819
2018-04-27 02:00:00+02:00,42.51847142030104
2018-04-27 03:00:00+02:00,41.93502152472876
2018-04-27 04:00:00+02:00,43.4545745761292
2018-04-27 05:00:00+02:00,44.60715533251613
2018-04-27 06:00:00+02:00,49.72067148182099
2018-04-27 07:00:00+02:00,51.68296448918704
2018-04-27 08:00:00+02:00,55.160567293443705
2018-04-27 09:00:00+02:00,54.77633141262263
2018-04-27 10:00:00+02:00,55.08208741756627
2018-04-27 11:00:00+02:00,53.58237790872415
2018-04-27 12:00:00+02:00,52.47147215249931
2018-04-27 13:00:00+02:00,52.49187766165258
2018-04-27 14:00:00+02:00,50.89572425510372
2018-04-27 15:00:00+02:00,50.155311341437134
2018-04-27 16:00:00+02:00,48.26636158424929
2018-04-27 17:00:00+02:00,47.37798007951818
2018-04-27 18:00:00+02:00,53.197249413775516
2018-04-27 19:00:00+02:00,54.576090104148
2018-04-27 20:00:00+02:00,54.995102274433044
2018-04-27 21:00:00+02:00,57.79778664787725
2018-04-27 22:00:00+02:00,55.862122844102544
2018-04-27 23:00:00+02:00,51.13053195444653
2018-04-28 00:00:00+02:00,47.13235980146982
2018-04-28 01:00:00+02:00,43.56364522389595
2018-04-28 02:00:00+02:00,38.31564858121701
2018-04-28 03:00:00+02:00,39.760467915429864
2018-04-28 04:00:00+02:00,39.68920937259937
2018-04-28 05:00:00+02:00,40.48453565208541
2018-04-28 06:00:00+02:00,41.05233158458795
2018-04-28 07:00:00+02:00,45.6432650554787
2018-04-28 08:00:00+02:00,47.36922067023412
2018-04-28 09:00:00+02:00,49.44877813906297
2018-04-28 10:00:00+02:00,49.95770231816596
2018-04-28 11:00:00+02:00,48.77160098918051
2018-04-28 12:00:00+02:00,48.377122978323975
2018-04-28 13:00:00+02:00,48.09611045764495
2018-04-28 14:00:00+02:00,43.82012174884179
2018-04-28 15:00:00+02:00,39.750724974924566
2018-04-28 16:00:00+02:00,38.60324172372234
2018-04-28 17:00:00+02:00,39.50040059579249
2018-04-28 18:00:00+02:00,41.82565041056452
2018-04-28 19:00:00+02:00,43.66617288331792
2018-04-28 20:00:00+02:00,47.714244039275734
2018-04-28 21:00:00+02:00,53.37023743734264
2018-04-28 22:00:00+02:00,49.3667850060381
2018-04-28 23:00:00+02:00,44.1602027283271
2018-04-29 00:00:00+02:00,42.28205109774319
2018-04-29 01:00:00+02:00,37.858595869659474
2018-04-29 02:00:00+02:00,37.48705517219687
2018-04-29 03:00:00+02:00,34.315243440796465
2018-04-29 04:00:00+02:00,32.912530584975634
2018-04-29 05:00:00+02:00,28.361510869590145
2018-04-29 06:00:00+02:00,32.10760223178275
2018-04-29 07:00:00+02:00,32.121635749482856
2018-04-29 08:00:00+02:00,34.07900883032375
2018-04-29 09:00:00+02:00,37.402169121892534
2018-04-29 10:00:00+02:00,33.18122295859027
2018-04-29 11:00:00+02:00,32.34636009340665
2018-04-29 12:00:00+02:00,35.50712115068402
2018-04-29 13:00:00+02:00,30.769899959549644
2018-04-29 14:00:00+02:00,28.780262811865807
2018-04-29 15:00:00+02:00,26.24226565580727
2018-04-29 16:00:00+02:00,25.85987611395647
2018-04-29 17:00:00+02:00,25.362931418490547
2018-04-29 18:00:00+02:00,29.070985542511412
2018-04-29 19:00:00+02:00,31.39819356005532
2018-04-29 20:00:00+02:00,39.190642729494066
2018-04-29 21:00:00+02:00,44.01651916869552
2018-04-29 22:00:00+02:00,47.89133046536468
2018-04-29 23:00:00+02:00,43.690297297304085
2018-04-30 00:00:00+02:00,42.61606315546424
2018-04-30 01:00:00+02:00,37.187830558063865
2018-04-30 02:00:00+02:00,35.46331858062577
2018-04-30 03:00:00+02:00,32.71479427168536
2018-04-30 04:00:00+02:00,33.09037493599831
2018-04-30 05:00:00+02:00,34.72640332982703
2018-04-30 06:00:00+02:00,40.7597162691943
2018-04-30 07:00:00+02:00,45.812584764437894
2018-04-30 08:00:00+02:00,48.78220486453011
2018-04-30 09:00:00+02:00,50.6493228936693
2018-04-30 10:00:00+02:00,49.56533002848849
2018-04-30 11:00:00+02:00,46.9968208857664
2018-04-30 12:00:00+02:00,47.1345814302069
2018-04-30 13:00:00+02:00,44.9128740232963
2018-04-30 14:00:00+02:00,44.47206996933105
2018-04-30 15:00:00+02:00,42.280810004541365
2018-04-30 16:00:00+02:00,41.4906773703745
2018-04-30 17:00:00+02:00,43.96399755479248
2018-04-30 18:00:00+02:00,45.32529833481465
2018-04-30 19:00:00+02:00,46.528485781590746
2018-04-30 20:00:00+02:00,49.33159858149435
2018-04-30 21:00:00+02:00,51.36154119660754
2018-04-30 22:00:00+02:00,48.9170177649508
2018-04-30 23:00:00+02:00,44.71952099427648
2018-05-01 00:00:00+02:00,41.872624094109035
2018-05-01 01:00:00+02:00,41.082831945009694
2018-05-01 02:00:00+02:00,38.3447370564586
2018-05-01 03:00:00+02:00,36.983004756637044
2018-05-01 04:00:00+02:00,36.12404834397433
2018-05-01 05:00:00+02:00,40.479316290664336
2018-05-01 06:00:00+02:00,44.76053213814594
2018-05-01 07:00:00+02:00,48.78513407610129
2018-05-01 08:00:00+02:00,52.04125901552714
2018-05-01 09:00:00+02:00,53.03052773791888
2018-05-01 10:00:00+02:00,53.21313422495289
2018-05-01 11:00:00+02:00,53.01326143692501
2018-05-01 12:00:00+02:00,52.48596874917538
2018-05-01 13:00:00+02:00,52.33756170384971
2018-05-01 14:00:00+02:00,50.84293746589779
2018-05-01 15:00:00+02:00,49.21161079784071
2018-05-01 16:00:00+02:00,48.36222309993021
2018-05-01 17:00:00+02:00,48.559738387720465
2018-05-01 18:00:00+02:00,51.24086358574738
2018-05-01 19:00:00+02:00,52.99005447876764
2018-05-01 20:00:00+02:00,54.967060208409
2018-05-01 21:00:00+02:00,56.7941993502421
2018-05-01 22:00:00+02:00,52.73396047626266
2018-05-01 23:00:00+02:00,49.97728967005958
2018-05-02 00:00:00+02:00,48.695853435250704
2018-05-02 01:00:00+02:00,47.34472139978758
2018-05-02 02:00:00+02:00,44.37284698152737
2018-05-02 03:00:00+02:00,43.36876495624801
2018-05-02 04:00:00+02:00,41.539557267212984
2018-05-02 05:00:00+02:00,43.357961229153254
2018-05-02 06:00:00+02:00,49.802869906199284
2018-05-02 07:00:00+02:00,51.95138069673694
2018-05-02 08:00:00+02:00,58.32613372355041
2018-05-02 09:00:00+02:00,58.71974646379068
2018-05-02 10:00:00+02:00,58.09701031616186
2018-05-02 11:00:00+02:00,54.73035778363845
2018-05-02 12:00:00+02:00,52.154500817432734
2018-05-02 13:00:00+02:00,51.864693044991846
2018-05-02 14:00:00+02:00,52.03806269653982
2018-05-02 15:00:00+02:00,49.50039202009282
2018-05-02 16:00:00+02:00,50.85708561109801
2018-05-02 17:00:00+02:00,52.07690718345265
2018-05-02 18:00:00+02:00,53.28444275781243
2018-05-02 19:00:00+02:00,53.9504059558353
2018-05-02 20:00:00+02:00,54.62849489066599
2018-05-02 21:00:00+02:00,57.40933066672224
2018-05-02 22:00:00+02:00,54.91251086263469
2018-05-02 23:00:00+02:00,50.65815267699944
2018-05-03 00:00:00+02:00,51.67428396915451
2018-05-03 01:00:00+02:00,47.32562409093676
2018-05-03 02:00:00+02:00,44.09618526026742
2018-05-03 03:00:00+02:00,43.40326056926503
2018-05-03 04:00:00+02:00,43.10042549584943
2018-05-03 05:00:00+02:00,44.508599244965716
2018-05-03 06:00:00+02:00,50.480004066466044
2018-05-03 07:00:00+02:00,54.44189299329378
2018-05-03 08:00:00+02:00,57.876144967930486
2018-05-03 09:00:00+02:00,58.15564368961367
2018-05-03 10:00:00+02:00,54.78319218331067
2018-05-03 11:00:00+02:00,54.787211951543135
2018-05-03 12:00:00+02:00,54.06062943780875
2018-05-03 13:00:00+02:00,51.91603898562682
2018-05-03 14:00:00+02:00,51.175639922649054
2018-05-03 15:00:00+02:00,50.496068919484934
2018-05-03 16:00:00+02:00,49.412654948433335
2018-05-03 17:00:00+02:00,49.96162347555974
2018-05-03 18:00:00+02:00,54.347968228903056
2018-05-03 19:00:00+02:00,54.69064979415858
2018-05-03 20:00:00+02:00,55.93583874831686
2018-05-03 21:00:00+02:00,56.67928595336968
2018-05-03 22:00:00+02:00,54.85793405404689
2018-05-03 23:00:00+02:00,51.25012344513232
2018-05-04 00:00:00+02:00,50.086520448718026
2018-05-04 01:00:00+02:00,44.051503001063566
2018-05-04 02:00:00+02:00,42.39181147304854
2018-05-04 03:00:00+02:00,42.95757401454377
2018-05-04 04:00:00+02:00,41.1109512310118
2018-05-04 05:00:00+02:00,41.81788002011552
2018-05-04 06:00:00+02:00,48.77053328791332
2018-05-04 07:00:00+02:00,55.141913727057585
2018-05-04 08:00:00+02:00,55.705272086495704
2018-05-04 09:00:00+02:00,57.682666469048655
2018-05-04 10:00:00+02:00,57.03001738007216
2018-05-04 11:00:00+02:00,56.26232462016973
2018-05-04 12:00:00+02:00,56.44372892836733
2018-05-04 13:00:00+02:00,55.82625497710608
2018-05-04 14:00:00+02:00,53.97724302478378
2018-05-04 15:00:00+02:00,54.5784855870472
2018-05-04 16:00:00+02:00,54.300470863339676
2018-05-04 17:00:00+02:00,55.313013867428424
2018-05-04 18:00:00+02:00,55.96764194982514
2018-05-04 19:00:00+02:00,58.01025747017991
2018-05-04 20:00:00+02:00,60.71603086681011
2018-05-04 21:00:00+02:00,60.673763979079816
2018-05-04 22:00:00+02:00,58.41786306306136
2018-05-04 23:00:00+02:00,55.62984591755958
2018-05-05 00:00:00+02:00,47.69075058124675
2018-05-05 01:00:00+02:00,45.04716895830689
2018-05-05 02:00:00+02:00,41.72753089233444
2018-05-05 03:00:00+02:00,44.0509080725515
2018-05-05 04:00:00+02:00,43.452268106967004
2018-05-05 05:00:00+02:00,43.29361648359295
2018-05-05 06:00:00+02:00,43.369764253828045
2018-05-05 07:00:00+02:00,45.23088181417051
2018-05-05 08:00:00+02:00,49.13898222832515
2018-05-05 09:00:00+02:00,50.668797767681504
2018-05-05 10:00:00+02:00,50.945637027602224
2018-05-05 11:00:00+02:00,48.943556097144786
2018-05-05 12:00:00+02:00,48.361916230607555
2018-05-05 13:00:00+02:00,47.74784534054019
2018-05-05 14:00:00+02:00,46.51850929373251
2018-05-05 15:00:00+02:00,44.774267015437225
2018-05-05 16:00:00+02:00,43.633123325890985
2018-05-05 17:00:00+02:00,44.23601337556109
2018-05-05 18:00:00+02:00,46.16941916705247
2018-05-05 19:00:00+02:00,48.62562136765109
2018-05-05 20:00:00+02:00,52.6867913050167
2018-05-05 21:00:00+02:00,55.27116124048385
2018-05-05 22:00:00+02:00,53.978989878520004
2018-05-05 23:00:00+02:00,51.17714183585331
2018-05-06 00:00:00+02:00,44.930569710758
2018-05-06 01:00:00+02:00,44.700797620850835
2018-05-06 02:00:00+02:00,43.851888485124526
2018-05-06 03:00:00+02:00,41.669118744838926
2018-05-06 04:00:00+02:00,42.576027930876045
2018-05-06 05:00:00+02:00,40.71159539317767
2018-05-06 06:00:00+02:00,42.97566880898032
2018-05-06 07:00:00+02:00,42.02217197470917
2018-05-06 08:00:00+02:00,42.701558483043755
2018-05-06 09:00:00+02:00,42.844424936526785
2018-05-06 10:00:00+02:00,43.328465983111386
2018-05-06 11:00:00+02:00,44.20724359800041
2018-05-06 12:00:00+02:00,44.81555693198698
2018-05-06 13:00:00+02:00,43.02265758893517
2018-05-06 14:00:00+02:00,44.25196773069202
2018-05-06 15:00:00+02:00,39.30478430738467
2018-05-06 16:00:00+02:00,38.27405248849839
2018-05-06 17:00:00+02:00,38.47849818636182
2018-05-06 18:00:00+02:00,40.42607692379067
2018-05-06 19:00:00+02:00,42.63419020203002
2018-05-06 20:00:00+02:00,48.869763816242106
2018-05-06 21:00:00+02:00,53.857448430248496
2018-05-06 22:00:00+02:00,54.90340945328074
2018-05-06 23:00:00+02:00,49.67772985914701
2018-05-07 00:00:00+02:00,53.745931453267
2018-05-07 01:00:00+02:00,50.49731846146054
2018-05-07 02:00:00+02:00,49.361389328394296
2018-05-07 03:00:00+02:00,47.69272225230199
2018-05-07 04:00:00+02:00,47.55510514339337
2018-05-07 05:00:00+02:00,49.2537445653162
2018-05-07 06:00:00+02:00,53.91854254713714
2018-05-07 07:00:00+02:00,57.2514579420224
2018-05-07 08:00:00+02:00,59.339119046233854
2018-05-07 09:00:00+02:00,58.90263111803038
2018-05-07 10:00:00+02:00,58.706341949048046
2018-05-07 11:00:00+02:00,59.02133822613879
2018-05-07 12:00:00+02:00,60.58748510396001
2018-05-07 13:00:00+02:00,58.46383026670757
2018-05-07 14:00:00+02:00,58.28202497494211
2018-05-07 15:00:00+02:00,56.57485321860486
2018-05-07 16:00:00+02:00,55.465513267634094
2018-05-07 17:00:00+02:00,56.15536006624058
2018-05-07 18:00:00+02:00,57.366446980455805
2018-05-07 19:00:00+02:00,56.389258648046535
2018-05-07 20:00:00+02:00,57.810488998998345
2018-05-07 21:00:00+02:00,62.144008145572066
2018-05-07 22:00:00+02:00,61.07700013487727
2018-05-07 23:00:00+02:00,56.427053634022826
2018-05-08 00:00:00+02:00,55.24812146693164
2018-05-08 01:00:00+02:00,51.76157142481486
2018-05-08 02:00:00+02:00,50.198790055266805
2018-05-08 03:00:00+02:00,49.50601772675157
2018-05-08 04:00:00+02:00,48.130791383137165
2018-05-08 05:00:00+02:00,49.6513714843943
2018-05-08 06:00:00+02:00,53.27686289780973
2018-05-08 07:00:00+02:00,56.970176178202486
2018-05-08 08:00:00+02:00,58.562994965408166
2018-05-08 09:00:00+02:00,59.33781116724422
2018-05-08 10:00:00+02:00,59.2119165676379
2018-05-08 11:00:00+02:00,58.5656695509837
2018-05-08 12:00:00+02:00,58.17453651415557
2018-05-08 13:00:00+02:00,57.289648075982434
2018-05-08 14:00:00+02:00,56.59196443015413
2018-05-08 15:00:00+02:00,54.53731818629655
2018-05-08 16:00:00+02:00,54.96465481011632
2018-05-08 17:00:00+02:00,55.427109580042774
2018-05-08 18:00:00+02:00,57.231484744155246
2018-05-08 19:00:00+02:00,58.342066838211316
2018-05-08 20:00:00+02:00,59.26006794705279
2018-05-08 21:00:00+02:00,60.844422377198576
2018-05-08 22:00:00+02:00,59.41161041886534
2018-05-08 23:00:00+02:00,55.27400241248748
2018-05-09 00:00:00+02:00,53.528094700189236
2018-05-09 01:00:00+02:00,52.003419729852716
2018-05-09 02:00:00+02:00,49.56589747194331
2018-05-09 03:00:00+02:00,48.6068590022709
2018-05-09 04:00:00+02:00,46.28360322140116
2018-05-09 05:00:00+02:00,45.40538704226896
2018-05-09 06:00:00+02:00,51.66022553073156
2018-05-09 07:00:00+02:00,54.63777035435893
2018-05-09 08:00:00+02:00,57.00330666532761
2018-05-09 09:00:00+02:00,57.567668957868214
2018-05-09 10:00:00+02:00,58.16380255504318
2018-05-09 11:00:00+02:00,58.098816156967395
2018-05-09 12:00:00+02:00,57.631409740137975
2018-05-09 13:00:00+02:00,57.00965509514645
2018-05-09 14:00:00+02:00,56.319746985020096
2018-05-09 15:00:00+02:00,53.27811684301702
2018-05-09 16:00:00+02:00,52.342159236003916
2018-05-09 17:00:00+02:00,52.676891801027146
2018-05-09 18:00:00+02:00,54.727102201313166
2018-05-09 19:00:00+02:00,55.041673651674955
2018-05-09 20:00:00+02:00,57.47385572188216
2018-05-09 21:00:00+02:00,57.310991728923746
2018-05-09 22:00:00+02:00,54.857783647557035
2018-05-09 23:00:00+02:00,52.765211045860404
2018-05-10 00:00:00+02:00,52.09570140761635
2018-05-10 01:00:00+02:00,48.376328900298766
2018-05-10 02:00:00+02:00,46.6114390915389
2018-05-10 03:00:00+02:00,47.21680800379803
2018-05-10 04:00:00+02:00,45.95069790084602
2018-05-10 05:00:00+02:00,44.21022519211143
2018-05-10 06:00:00+02:00,50.07010494766499
2018-05-10 07:00:00+02:00,51.949735470745026
2018-05-10 08:00:00+02:00,56.75229277426977
2018-05-10 09:00:00+02:00,58.67776917792105
2018-05-10 10:00:00+02:00,57.80088456035594
2018-05-10 11:00:00+02:00,56.819323295543505
2018-05-10 12:00:00+02:00,56.605867576378024
2018-05-10 13:00:00+02:00,56.38424143280944
2018-05-10 14:00:00+02:00,55.420041781182476
2018-05-10 15:00:00+02:00,53.91284177528153
2018-05-10 16:00:00+02:00,53.970769095896884
2018-05-10 17:00:00+02:00,54.32965034699208
2018-05-10 18:00:00+02:00,56.53890335483893
2018-05-10 19:00:00+02:00,57.17272656937075
2018-05-10 20:00:00+02:00,59.08650188696791
2018-05-10 21:00:00+02:00,60.66185363965068
2018-05-10 22:00:00+02:00,58.14012663481969
2018-05-10 23:00:00+02:00,55.60824061343149
2018-05-11 00:00:00+02:00,54.87138387769895
2018-05-11 01:00:00+02:00,50.62561431715242
2018-05-11 02:00:00+02:00,49.52557535781381
2018-05-11 03:00:00+02:00,47.89337544225287
2018-05-11 04:00:00+02:00,47.91930777367011
2018-05-11 05:00:00+02:00,49.2192478028326
2018-05-11 06:00:00+02:00,54.454095498004676
2018-05-11 07:00:00+02:00,57.829135287860275
2018-05-11 08:00:00+02:00,58.78647131733654
2018-05-11 09:00:00+02:00,58.82138837554615
2018-05-11 10:00:00+02:00,59.55399629743233
2018-05-11 11:00:00+02:00,57.60517225237632
2018-05-11 12:00:00+02:00,57.25260805688456
2018-05-11 13:00:00+02:00,58.212811656712596
2018-05-11 14:00:00+02:00,56.39292976187719
2018-05-11 15:00:00+02:00,53.90397171189585
2018-05-11 16:00:00+02:00,52.95081781919575
2018-05-11 17:00:00+02:00,53.04517588325905
2018-05-11 18:00:00+02:00,54.400540970832445
2018-05-11 19:00:00+02:00,55.571626484528316
2018-05-11 20:00:00+02:00,59.44614301770729
2018-05-11 21:00:00+02:00,59.547024171683894
2018-05-11 22:00:00+02:00,58.54798725161194
2018-05-11 23:00:00+02:00,52.81145316116791
2018-05-12 00:00:00+02:00,52.18656066704953
2018-05-12 01:00:00+02:00,49.542701757140854
2018-05-12 02:00:00+02:00,46.12124652458476
2018-05-12 03:00:00+02:00,44.17148926184158
2018-05-12 04:00:00+02:00,44.86795533526875
2018-05-12 05:00:00+02:00,46.761494956589864
2018-05-12 06:00:00+02:00,46.32250031855102
2018-05-12 07:00:00+02:00,47.11326735452152
2018-05-12 08:00:00+02:00,48.153949568281604
2018-05-12 09:00:00+02:00,47.76820040023972
2018-05-12 10:00:00+02:00,46.91043400970747
2018-05-12 11:00:00+02:00,50.55430892127621
2018-05-12 12:00:00+02:00,51.010572056220575
2018-05-12 13:00:00+02:00,48.500752118265154
2018-05-12 14:00:00+02:00,47.454040150189236
2018-05-12 15:00:00+02:00,44.149121467843315
2018-05-12 16:00:00+02:00,41.866159892231714
2018-05-12 17:00:00+02:00,42.04599189387295
2018-05-12 18:00:00+02:00,42.51794588591937
2018-05-12 19:00:00+02:00,47.76645385378282
2018-05-12 20:00:00+02:00,48.393882024858364
2018-05-12 21:00:00+02:00,48.193123277142995
2018-05-12 22:00:00+02:00,49.498988866132656
2018-05-12 23:00:00+02:00,45.693326024750526
2018-05-13 00:00:00+02:00,44.332995772887365
2018-05-13 01:00:00+02:00,43.17036991546263
2018-05-13 02:00:00+02:00,41.64101387687919
2018-05-13 03:00:00+02:00,41.23150134516792
2018-05-13 04:00:00+02:00,36.96439149894618
2018-05-13 05:00:00+02:00,40.516560967216996
2018-05-13 06:00:00+02:00,44.73295701871143
2018-05-13 07:00:00+02:00,44.059489754200364
2018-05-13 08:00:00+02:00,43.408167011949104
2018-05-13 09:00:00+02:00,46.08359670427956
2018-05-13 10:00:00+02:00,45.21360979423798
2018-05-13 11:00:00+02:00,44.762149599128975
2018-05-13 12:00:00+02:00,45.16219226406479
2018-05-13 13:00:00+02:00,44.43895667998123
2018-05-13 14:00:00+02:00,42.474124127979394
2018-05-13 15:00:00+02:00,41.116757427525435
2018-05-13 16:00:00+02:00,38.546045134699646
2018-05-13 17:00:00+02:00,39.88252648961339
2018-05-13 18:00:00+02:00,44.17111617991913
2018-05-13 19:00:00+02:00,46.91766052092046
2018-05-13 20:00:00+02:00,51.39496056230482
2018-05-13 21:00:00+02:00,53.38298193390534
2018-05-13 22:00:00+02:00,54.27291950095236
2018-05-13 23:00:00+02:00,51.74379702177515
2018-05-14 00:00:00+02:00,47.174244585552714
2018-05-14 01:00:00+02:00,41.912496772458816
2018-05-14 02:00:00+02:00,40.062502232400114
2018-05-14 03:00:00+02:00,40.29713074080007
2018-05-14 04:00:00+02:00,39.262763357207376
2018-05-14 05:00:00+02:00,39.56155983173488
2018-05-14 06:00:00+02:00,44.206870939045736
2018-05-14 07:00:00+02:00,50.725326205982135
2018-05-14 08:00:00+02:00,52.12330433031539
2018-05-14 09:00:00+02:00,53.128747818774116
2018-05-14 10:00:00+02:00,52.76543090524627
2018-05-14 11:00:00+02:00,52.26840439376223
2018-05-14 12:00:00+02:00,51.92190775395414
2018-05-14 13:00:00+02:00,51.748355062740565
2018-05-14 14:00:00+02:00,52.70667415011081
2018-05-14 15:00:00+02:00,51.58993713494727
2018-05-14 16:00:00+02:00,48.392135652232675
2018-05-14 17:00:00+02:00,48.880891843060226
2018-05-14 18:00:00+02:00,49.90957399140617
2018-05-14 19:00:00+02:00,48.8324603796921
2018-05-14 20:00:00+02:00,50.81043046499287
2018-05-14 21:00:00+02:00,52.875978332283104
2018-05-14 22:00:00+02:00,52.24304768324108
2018-05-14 23:00:00+02:00,48.03058958764094
2018-05-15 00:00:00+02:00,46.22144364242943
2018-05-15 01:00:00+02:00,43.704773899973766
2018-05-15 02:00:00+02:00,41.38211851831963
2018-05-15 03:00:00+02:00,41.596799357179826
2018-05-15 04:00:00+02:00,40.61157990533673
2018-05-15 05:00:00+02:00,44.71238570431969
2018-05-15 06:00:00+02:00,46.10102160038165
2018-05-15 07:00:00+02:00,51.20295933980463
2018-05-15 08:00:00+02:00,52.54495560939602
2018-05-15 09:00:00+02:00,51.726281154810835
2018-05-15 10:00:00+02:00,52.00688993532535
2018-05-15 11:00:00+02:00,50.249512575294915
2018-05-15 12:00:00+02:00,50.28584350606511
2018-05-15 13:00:00+02:00,50.20090673671026
2018-05-15 14:00:00+02:00,49.17773758638278
2018-05-15 15:00:00+02:00,46.50144460319395
2018-05-15 16:00:00+02:00,45.52365531369835
2018-05-15 17:00:00+02:00,46.61831417014785
2018-05-15 18:00:00+02:00,47.8786151404372
2018-05-15 19:00:00+02:00,49.22048174594721
2018-05-15 20:00:00+02:00,51.92007623861296
2018-05-15 21:00:00+02:00,53.581500974263214
2018-05-15 22:00:00+02:00,51.25865230158801
2018-05-15 23:00:00+02:00,45.9326102030716
2018-05-16 00:00:00+02:00,44.98024498735919
2018-05-16 01:00:00+02:00,42.80013032038721
2018-05-16 02:00:00+02:00,43.0754725834235
2018-05-16 03:00:00+02:00,39.93728113958338
2018-05-16 04:00:00+02:00,39.161988743444645
2018-05-16 05:00:00+02:00,43.653533660847785
2018-05-16 06:00:00+02:00,46.293811894535615
2018-05-16 07:00:00+02:00,49.86144829158263
2018-05-16 08:00:00+02:00,51.10654403659711
2018-05-16 09:00:00+02:00,49.10399340435644
2018-05-16 10:00:00+02:00,50.54979683120803
2018-05-16 11:00:00+02:00,50.97052397214773
2018-05-16 12:00:00+02:00,50.67774060983884
2018-05-16 13:00:00+02:00,50.9831839657056
2018-05-16 14:00:00+02:00,50.361189707546025
2018-05-16 15:00:00+02:00,48.73639738134934
2018-05-16 16:00:00+02:00,48.114416930176105
2018-05-16 17:00:00+02:00,47.35605474702672
2018-05-16 18:00:00+02:00,49.41433696071246
2018-05-16 19:00:00+02:00,49.94618590457778
2018-05-16 20:00:00+02:00,52.57921527186701
2018-05-16 21:00:00+02:00,54.528222948376744
2018-05-16 22:00:00+02:00,53.35930579907666
2018-05-16 23:00:00+02:00,49.68454524111388
2018-05-17 00:00:00+02:00,50.401737952100085
2018-05-17 01:00:00+02:00,47.21321813457873
2018-05-17 02:00:00+02:00,44.767317399676614
2018-05-17 03:00:00+02:00,45.593178456372335
2018-05-17 04:00:00+02:00,45.305314394122924
2018-05-17 05:00:00+02:00,45.23525732007088
2018-05-17 06:00:00+02:00,48.43849905537808
2018-05-17 07:00:00+02:00,51.554558063517625
2018-05-17 08:00:00+02:00,52.738796062392986
2018-05-17 09:00:00+02:00,53.21816120374185
2018-05-17 10:00:00+02:00,52.62129299333973
2018-05-17 11:00:00+02:00,52.84255429864597
2018-05-17 12:00:00+02:00,52.56843582831048
2018-05-17 13:00:00+02:00,52.081452294830164
2018-05-17 14:00:00+02:00,49.58946909146747
2018-05-17 15:00:00+02:00,48.9755161771
2018-05-17 16:00:00+02:00,48.274257073812755
2018-05-17 17:00:00+02:00,48.73445116601511
2018-05-17 18:00:00+02:00,50.13341437849693
2018-05-17 19:00:00+02:00,50.08062889637577
2018-05-17 20:00:00+02:00,51.3182948167401
2018-05-17 21:00:00+02:00,53.26265292025795
2018-05-17 22:00:00+02:00,51.90699585537646
2018-05-17 23:00:00+02:00,49.04609857408463
2018-05-18 00:00:00+02:00,47.93178398516951
2018-05-18 01:00:00+02:00,44.558127025744874
2018-05-18 02:00:00+02:00,45.33468769761986
2018-05-18 03:00:00+02:00,45.211889929315525
2018-05-18 04:00:00+02:00,42.799552259030065
2018-05-18 05:00:00+02:00,46.244524338991255
2018-05-18 06:00:00+02:00,48.11072986335167
2018-05-18 07:00:00+02:00,53.22532919358972
2018-05-18 08:00:00+02:00,52.501479582757334
2018-05-18 09:00:00+02:00,53.52284678992502
2018-05-18 10:00:00+02:00,53.37111891360738
2018-05-18 11:00:00+02:00,52.540119424558206
2018-05-18 12:00:00+02:00,52.879508881076326
2018-05-18 13:00:00+02:00,51.113218912029446
2018-05-18 14:00:00+02:00,49.784676499630216
2018-05-18 15:00:00+02:00,48.899079778084264
2018-05-18 16:00:00+02:00,48.17448066960953
2018-05-18 17:00:00+02:00,47.16277010169631
2018-05-18 18:00:00+02:00,49.33720157665285
2018-05-18 19:00:00+02:00,51.20852716582366
2018-05-18 20:00:00+02:00,52.19872735020993
2018-05-18 21:00:00+02:00,54.010904067111085
2018-05-18 22:00:00+02:00,52.925389949923044
2018-05-18 23:00:00+02:00,50.89198930609447
2018-05-19 00:00:00+02:00,51.82507137707942
2018-05-19 01:00:00+02:00,49.315064565318096
2018-05-19 02:00:00+02:00,47.19923376739009
2018-05-19 03:00:00+02:00,46.30663908471644
2018-05-19 04:00:00+02:00,48.007535772753975
2018-05-19 05:00:00+02:00,48.005290301688
2018-05-19 06:00:00+02:00,47.8458423486558
2018-05-19 07:00:00+02:00,48.68771126501067
2018-05-19 08:00:00+02:00,49.159837854548535
2018-05-19 09:00:00+02:00,48.57635350706777
2018-05-19 10:00:00+02:00,50.96060587186101
2018-05-19 11:00:00+02:00,51.969821959420024
2018-05-19 12:00:00+02:00,52.25669499318071
2018-05-19 13:00:00+02:00,50.27382932485509
2018-05-19 14:00:00+02:00,48.69854680722159
2018-05-19 15:00:00+02:00,47.25381036528322
2018-05-19 16:00:00+02:00,45.491178376619416
2018-05-19 17:00:00+02:00,45.19951215370933
2018-05-19 18:00:00+02:00,47.68424473238098
2018-05-19 19:00:00+02:00,51.01839242130445
2018-05-19 20:00:00+02:00,52.987810398056105
2018-05-19 21:00:00+02:00,55.186397143764076
2018-05-19 22:00:00+02:00,55.56278601393956
2018-05-19 23:00:00+02:00,52.56316499160721
2018-05-20 00:00:00+02:00,51.17510279396873
2018-05-20 01:00:00+02:00,49.876627237229535
2018-05-20 02:00:00+02:00,42.67861585291431
2018-05-20 03:00:00+02:00,45.06938742050395
2018-05-20 04:00:00+02:00,45.30348505334891
2018-05-20 05:00:00+02:00,46.51257860043639
2018-05-20 06:00:00+02:00,45.49601291842674
2018-05-20 07:00:00+02:00,45.88346945682243
2018-05-20 08:00:00+02:00,45.538714410772116
2018-05-20 09:00:00+02:00,44.30622242983693
2018-05-20 10:00:00+02:00,46.35407507972953
2018-05-20 11:00:00+02:00,46.63979506302754
2018-05-20 12:00:00+02:00,45.971370833017374
2018-05-20 13:00:00+02:00,45.08685982589623
2018-05-20 14:00:00+02:00,42.262387530891
2018-05-20 15:00:00+02:00,42.38423738892198
2018-05-20 16:00:00+02:00,39.679696678768515
2018-05-20 17:00:00+02:00,41.946159566411126
2018-05-20 18:00:00+02:00,42.83978981313095
2018-05-20 19:00:00+02:00,46.76530488719385
2018-05-20 20:00:00+02:00,52.02698661498812
2018-05-20 21:00:00+02:00,52.780589467791266
2018-05-20 22:00:00+02:00,53.56576090071983
2018-05-20 23:00:00+02:00,51.45662051406568
2018-05-21 00:00:00+02:00,53.36342498475678
2018-05-21 01:00:00+02:00,50.0777228649681
2018-05-21 02:00:00+02:00,47.91244089751685
2018-05-21 03:00:00+02:00,48.47473324709398
2018-05-21 04:00:00+02:00,48.225054577951575
2018-05-21 05:00:00+02:00,48.007890696421896
2018-05-21 06:00:00+02:00,50.81706228295235
2018-05-21 07:00:00+02:00,54.5121619217587
2018-05-21 08:00:00+02:00,57.03685505709575
2018-05-21 09:00:00+02:00,57.60507022255256
2018-05-21 10:00:00+02:00,58.06560463854518
2018-05-21 11:00:00+02:00,58.56601402027662
2018-05-21 12:00:00+02:00,58.53012359560938
2018-05-21 13:00:00+02:00,57.09524714156968
2018-05-21 14:00:00+02:00,55.208991792849964
2018-05-21 15:00:00+02:00,53.24461701753492
2018-05-21 16:00:00+02:00,53.67949973033339
2018-05-21 17:00:00+02:00,54.6837191236325
2018-05-21 18:00:00+02:00,54.614287468756345
2018-05-21 19:00:00+02:00,55.062794306178425
2018-05-21 20:00:00+02:00,58.31125292868567
2018-05-21 21:00:00+02:00,59.231470700106776
2018-05-21 22:00:00+02:00,57.555009557444386
2018-05-21 23:00:00+02:00,55.11381916186244
2018-05-22 00:00:00+02:00,53.56803677566547
2018-05-22 01:00:00+02:00,49.25847396469822
2018-05-22 02:00:00+02:00,47.513734036446465
2018-05-22 03:00:00+02:00,46.223181031346115
2018-05-22 04:00:00+02:00,48.28249712228236
2018-05-22 05:00:00+02:00,49.24369842711252
2018-05-22 06:00:00+02:00,53.89704336565568
2018-05-22 07:00:00+02:00,56.43825805480626
2018-05-22 08:00:00+02:00,57.5318955529502
2018-05-22 09:00:00+02:00,58.22284428831739
2018-05-22 10:00:00+02:00,58.2296439527644
2018-05-22 11:00:00+02:00,58.397699881676154
2018-05-22 12:00:00+02:00,57.7820577904675
2018-05-22 13:00:00+02:00,56.173950807519276
2018-05-22 14:00:00+02:00,56.10600518701452
2018-05-22 15:00:00+02:00,54.7780629777864
2018-05-22 16:00:00+02:00,53.26819527673711
2018-05-22 17:00:00+02:00,54.659570465666256
2018-05-22 18:00:00+02:00,55.414329533496186
2018-05-22 19:00:00+02:00,55.971031867913574
2018-05-22 20:00:00+02:00,57.1624955336841
2018-05-22 21:00:00+02:00,58.62820118834682
2018-05-22 22:00:00+02:00,57.08269483214641
2018-05-22 23:00:00+02:00,54.41975681706475
2018-05-23 00:00:00+02:00,55.21786691864424
2018-05-23 01:00:00+02:00,52.45094001735089
2018-05-23 02:00:00+02:00,49.303535904263526
2018-05-23 03:00:00+02:00,47.78825524140043
2018-05-23 04:00:00+02:00,47.420964182200784
2018-05-23 05:00:00+02:00,48.69234888393846
2018-05-23 06:00:00+02:00,52.08553637269133
2018-05-23 07:00:00+02:00,54.72578275469414
2018-05-23 08:00:00+02:00,57.81148793266635
2018-05-23 09:00:00+02:00,58.2373049697749
2018-05-23 10:00:00+02:00,60.19045721365117
2018-05-23 11:00:00+02:00,60.043198145748995
2018-05-23 12:00:00+02:00,59.858908264582375
2018-05-23 13:00:00+02:00,59.32359423881004
2018-05-23 14:00:00+02:00,57.78376758544647
2018-05-23 15:00:00+02:00,56.063144858888045
2018-05-23 16:00:00+02:00,54.499275402097204
2018-05-23 17:00:00+02:00,55.24029804067192
2018-05-23 18:00:00+02:00,55.83548534692279
2018-05-23 19:00:00+02:00,56.47888758982848
2018-05-23 20:00:00+02:00,56.14612922114201
2018-05-23 21:00:00+02:00,58.81335412106773
2018-05-23 22:00:00+02:00,57.76826894714829
2018-05-23 23:00:00+02:00,55.300414145962634
2018-05-24 00:00:00+02:00,54.643795627467085
2018-05-24 01:00:00+02:00,51.87363849450029
2018-05-24 02:00:00+02:00,49.7556185235907
2018-05-24 03:00:00+02:00,50.463624715757696
2018-05-24 04:00:00+02:00,49.98388062660239
2018-05-24 05:00:00+02:00,49.42939059595799
2018-05-24 06:00:00+02:00,53.885311308438055
2018-05-24 07:00:00+02:00,54.28747667439171
2018-05-24 08:00:00+02:00,58.7417651436829
2018-05-24 09:00:00+02:00,57.50702596071884
2018-05-24 10:00:00+02:00,59.30754323676783
2018-05-24 11:00:00+02:00,59.277376614711606
2018-05-24 12:00:00+02:00,58.56137165242527
2018-05-24 13:00:00+02:00,58.1410132230045
2018-05-24 14:00:00+02:00,57.95819450184689
2018-05-24 15:00:00+02:00,56.06852944336105
2018-05-24 16:00:00+02:00,55.02284536457845
2018-05-24 17:00:00+02:00,54.410489327338006
2018-05-24 18:00:00+02:00,55.46898108350169
2018-05-24 19:00:00+02:00,56.027071061110604
2018-05-24 20:00:00+02:00,58.31963547131111
2018-05-24 21:00:00+02:00,59.07677996769652
2018-05-24 22:00:00+02:00,56.923216326089495
2018-05-24 23:00:00+02:00,54.30050818202462
2018-05-25 00:00:00+02:00,51.62269893577341
2018-05-25 01:00:00+02:00,50.72986075157848
2018-05-25 02:00:00+02:00,49.07105091216317
2018-05-25 03:00:00+02:00,49.88952864144259
2018-05-25 04:00:00+02:00,50.05954792198893
2018-05-25 05:00:00+02:00,50.74264844744161
2018-05-25 06:00:00+02:00,51.35891567590053
2018-05-25 07:00:00+02:00,53.5356407721429
2018-05-25 08:00:00+02:00,56.48909182474296
2018-05-25 09:00:00+02:00,56.111313531789044
2018-05-25 10:00:00+02:00,57.70308282079882
2018-05-25 11:00:00+02:00,56.953168512835326
2018-05-25 12:00:00+02:00,58.006786020484505
2018-05-25 13:00:00+02:00,57.44478723096299
2018-05-25 14:00:00+02:00,57.13998569156521
2018-05-25 15:00:00+02:00,55.71413455880916
2018-05-25 16:00:00+02:00,54.33177922146066
2018-05-25 17:00:00+02:00,55.42681113404398
2018-05-25 18:00:00+02:00,54.32967372409405
2018-05-25 19:00:00+02:00,54.17357706243515
2018-05-25 20:00:00+02:00,53.7136329476344
2018-05-25 21:00:00+02:00,55.679434616509745
2018-05-25 22:00:00+02:00,55.319594153022216
2018-05-25 23:00:00+02:00,52.49941683686979
2018-05-26 00:00:00+02:00,55.85515565890407
2018-05-26 01:00:00+02:00,52.852158678152826
2018-05-26 02:00:00+02:00,49.61099559486075
2018-05-26 03:00:00+02:00,48.771553168161766
2018-05-26 04:00:00+02:00,48.73029065402998
2018-05-26 05:00:00+02:00,48.43798328544248
2018-05-26 06:00:00+02:00,48.72197385004714
2018-05-26 07:00:00+02:00,49.99850157872081
2018-05-26 08:00:00+02:00,50.416188027565134
2018-05-26 09:00:00+02:00,51.52644642567338
2018-05-26 10:00:00+02:00,52.77512876109043
2018-05-26 11:00:00+02:00,51.359696767284674
2018-05-26 12:00:00+02:00,50.52365897716616
2018-05-26 13:00:00+02:00,51.41960369380049
2018-05-26 14:00:00+02:00,50.91439335151637
2018-05-26 15:00:00+02:00,48.908469470058414
2018-05-26 16:00:00+02:00,48.53789155152712
2018-05-26 17:00:00+02:00,47.76271596730967
2018-05-26 18:00:00+02:00,49.48826987229924
2018-05-26 19:00:00+02:00,51.82361902030021
2018-05-26 20:00:00+02:00,54.95319968730851
2018-05-26 21:00:00+02:00,57.68780369627449
2018-05-26 22:00:00+02:00,56.031606927360194
2018-05-26 23:00:00+02:00,54.36833264190724
2018-05-27 00:00:00+02:00,55.04440413607458
2018-05-27 01:00:00+02:00,52.20867807066045
2018-05-27 02:00:00+02:00,48.08125545825848
2018-05-27 03:00:00+02:00,44.728847133968195
2018-05-27 04:00:00+02:00,45.806356176706494
2018-05-27 05:00:00+02:00,45.26504005304046
2018-05-27 06:00:00+02:00,46.253013389769364
2018-05-27 07:00:00+02:00,45.74046576022863
2018-05-27 08:00:00+02:00,44.82408049615342
2018-05-27 09:00:00+02:00,46.5909405693335
2018-05-27 10:00:00+02:00,48.443170492250296
2018-05-27 11:00:00+02:00,48.04308482977185
2018-05-27 12:00:00+02:00,47.66983043447636
2018-05-27 13:00:00+02:00,47.950891310907004
2018-05-27 14:00:00+02:00,47.65077519954959
2018-05-27 15:00:00+02:00,43.81098824010211
2018-05-27 16:00:00+02:00,41.40714490751785
2018-05-27 17:00:00+02:00,42.92773376642882
2018-05-27 18:00:00+02:00,43.6811930701841
2018-05-27 19:00:00+02:00,48.59312295740727
2018-05-27 20:00:00+02:00,52.28170265802489
2018-05-27 21:00:00+02:00,54.28462184660844
2018-05-27 22:00:00+02:00,55.73191154832798
2018-05-27 23:00:00+02:00,52.28893978483458
2018-05-28 00:00:00+02:00,52.6886870882711
2018-05-28 01:00:00+02:00,50.40433357782845
2018-05-28 02:00:00+02:00,48.035536275123405
2018-05-28 03:00:00+02:00,48.15026991017921
2018-05-28 04:00:00+02:00,47.74300101307526
2018-05-28 05:00:00+02:00,45.891240624694404
2018-05-28 06:00:00+02:00,49.594337066015214
2018-05-28 07:00:00+02:00,55.342307625167656
2018-05-28 08:00:00+02:00,58.47505145474523
2018-05-28 09:00:00+02:00,60.321583116641534
2018-05-28 10:00:00+02:00,58.90240698954719
2018-05-28 11:00:00+02:00,59.324357028437
2018-05-28 12:00:00+02:00,59.24175942394695
2018-05-28 13:00:00+02:00,59.44697493898865
2018-05-28 14:00:00+02:00,58.946860799893265
2018-05-28 15:00:00+02:00,57.63068309757329
2018-05-28 16:00:00+02:00,56.44082386985365
2018-05-28 17:00:00+02:00,55.90593312722842
2018-05-28 18:00:00+02:00,55.59860674159859
2018-05-28 19:00:00+02:00,57.22101213415192
2018-05-28 20:00:00+02:00,56.15599653202423
2018-05-28 21:00:00+02:00,58.58080716232234
2018-05-28 22:00:00+02:00,57.12003680520354
2018-05-28 23:00:00+02:00,54.327792334288496
2018-05-29 00:00:00+02:00,56.17133037556744
2018-05-29 01:00:00+02:00,53.456194799710886
2018-05-29 02:00:00+02:00,49.91166040194836
2018-05-29 03:00:00+02:00,48.98606485637069
2018-05-29 04:00:00+02:00,49.01016905390603
2018-05-29 05:00:00+02:00,49.70062673127054
2018-05-29 06:00:00+02:00,53.12499339349467
2018-05-29 07:00:00+02:00,57.03712756312611
2018-05-29 08:00:00+02:00,58.48585000465537
2018-05-29 09:00:00+02:00,58.796627622663145
2018-05-29 10:00:00+02:00,58.51943103299191
2018-05-29 11:00:00+02:00,58.61624843123974
2018-05-29 12:00:00+02:00,58.456755804773955
2018-05-29 13:00:00+02:00,57.54763368523476
2018-05-29 14:00:00+02:00,55.88884756181636
2018-05-29 15:00:00+02:00,55.016168937013106
2018-05-29 16:00:00+02:00,50.542853852645834
2018-05-29 17:00:00+02:00,53.77150674800587
2018-05-29 18:00:00+02:00,54.74105942080312
2018-05-29 19:00:00+02:00,55.997984856594535
2018-05-29 20:00:00+02:00,55.446447051764146
2018-05-29 21:00:00+02:00,57.45490746686011
2018-05-29 22:00:00+02:00,55.493546610966625
2018-05-29 23:00:00+02:00,52.381511747343815
2018-05-30 00:00:00+02:00,55.132738298963964
2018-05-30 01:00:00+02:00,52.03259423125717
2018-05-30 02:00:00+02:00,49.12076583995276
2018-05-30 03:00:00+02:00,47.83881705075925
2018-05-30 04:00:00+02:00,47.35673946079245
2018-05-30 05:00:00+02:00,47.60488659044654
2018-05-30 06:00:00+02:00,52.722488187397914
2018-05-30 07:00:00+02:00,55.00383364852804
2018-05-30 08:00:00+02:00,56.99763091111703
2018-05-30 09:00:00+02:00,57.55732080496832
2018-05-30 10:00:00+02:00,56.66021908718329
2018-05-30 11:00:00+02:00,55.20578930575866
2018-05-30 12:00:00+02:00,55.70365568649341
2018-05-30 13:00:00+02:00,55.66333040453711
2018-05-30 14:00:00+02:00,53.59312147821149
2018-05-30 15:00:00+02:00,51.24183841389702
2018-05-30 16:00:00+02:00,50.313558130587445
2018-05-30 17:00:00+02:00,50.385036039802706
2018-05-30 18:00:00+02:00,50.99340668720854
2018-05-30 19:00:00+02:00,54.26652524290761
2018-05-30 20:00:00+02:00,54.43920889770528
2018-05-30 21:00:00+02:00,54.67140946213639
2018-05-30 22:00:00+02:00,54.2438693376459
2018-05-30 23:00:00+02:00,51.80319799641103
2018-05-31 00:00:00+02:00,55.79712384397894
2018-05-31 01:00:00+02:00,52.35202504127102
2018-05-31 02:00:00+02:00,50.09595766004623
2018-05-31 03:00:00+02:00,49.15582838529853
2018-05-31 04:00:00+02:00,47.349984705126275
2018-05-31 05:00:00+02:00,48.52536048084912
2018-05-31 06:00:00+02:00,50.84242841617142
2018-05-31 07:00:00+02:00,53.309214330538055
2018-05-31 08:00:00+02:00,56.337316027466876
2018-05-31 09:00:00+02:00,55.824174440995854
2018-05-31 10:00:00+02:00,56.65525984487939
2018-05-31 11:00:00+02:00,56.8098637154744
2018-05-31 12:00:00+02:00,56.755701640870576
2018-05-31 13:00:00+02:00,55.742945270420535
2018-05-31 14:00:00+02:00,55.053649582565676
2018-05-31 15:00:00+02:00,54.700867026010236
2018-05-31 16:00:00+02:00,53.78902811163528
2018-05-31 17:00:00+02:00,54.42054604003582
2018-05-31 18:00:00+02:00,55.22144428611639
2018-05-31 19:00:00+02:00,54.9477688690288
2018-05-31 20:00:00+02:00,55.15619184866486
2018-05-31 21:00:00+02:00,56.60941711306743
2018-05-31 22:00:00+02:00,56.13901376425772
2018-05-31 23:00:00+02:00,53.72680746249214
2018-06-01 00:00:00+02:00,55.563093066593275
2018-06-01 01:00:00+02:00,54.59577999418233
2018-06-01 02:00:00+02:00,51.24284261524992
2018-06-01 03:00:00+02:00,51.460907015816815
2018-06-01 04:00:00+02:00,50.34979413156723
2018-06-01 05:00:00+02:00,50.670865377144715
2018-06-01 06:00:00+02:00,54.57547691444723
2018-06-01 07:00:00+02:00,54.5513076072221
2018-06-01 08:00:00+02:00,57.811203205631756
2018-06-01 09:00:00+02:00,57.28105769780695
2018-06-01 10:00:00+02:00,57.575666295798065
2018-06-01 11:00:00+02:00,57.76461797818835
2018-06-01 12:00:00+02:00,57.581152083119605
2018-06-01 13:00:00+02:00,57.54948177541672
2018-06-01 14:00:00+02:00,56.96513776176413
2018-06-01 15:00:00+02:00,55.28472958659385
2018-06-01 16:00:00+02:00,53.893048059369
2018-06-01 17:00:00+02:00,53.53648874179597
2018-06-01 18:00:00+02:00,53.9206891274467
2018-06-01 19:00:00+02:00,53.76079004522057
2018-06-01 20:00:00+02:00,54.876828263574915
2018-06-01 21:00:00+02:00,55.81769087753732
2018-06-01 22:00:00+02:00,56.53296631291937
2018-06-01 23:00:00+02:00,52.040565277748435
2018-06-02 00:00:00+02:00,53.141535468963944
2018-06-02 01:00:00+02:00,52.536543154575234
2018-06-02 02:00:00+02:00,48.63345831488326
2018-06-02 03:00:00+02:00,48.79141550180927
2018-06-02 04:00:00+02:00,48.76949446964185
2018-06-02 05:00:00+02:00,49.03901391501407
2018-06-02 06:00:00+02:00,49.79194588164176
2018-06-02 07:00:00+02:00,50.945467820349506
2018-06-02 08:00:00+02:00,51.907418566019224
2018-06-02 09:00:00+02:00,53.39840709901515
2018-06-02 10:00:00+02:00,55.94641121737427
2018-06-02 11:00:00+02:00,56.10197173103956
2018-06-02 12:00:00+02:00,53.90661246280863
2018-06-02 13:00:00+02:00,54.56636471834165
2018-06-02 14:00:00+02:00,54.90382092298005
2018-06-02 15:00:00+02:00,52.591928660947424
2018-06-02 16:00:00+02:00,50.71567408803804
2018-06-02 17:00:00+02:00,52.54784829766228
2018-06-02 18:00:00+02:00,53.76400038039657
2018-06-02 19:00:00+02:00,52.8088565214544
2018-06-02 20:00:00+02:00,55.26049274659123
2018-06-02 21:00:00+02:00,57.30342440085132
2018-06-02 22:00:00+02:00,59.963902166155805
2018-06-02 23:00:00+02:00,55.27227312750086
2018-06-03 00:00:00+02:00,53.99007556076443
2018-06-03 01:00:00+02:00,49.589827457353955
2018-06-03 02:00:00+02:00,48.98736863797328
2018-06-03 03:00:00+02:00,48.106780812387484
2018-06-03 04:00:00+02:00,47.015164165755266
2018-06-03 05:00:00+02:00,45.51167562567249
2018-06-03 06:00:00+02:00,46.0021359389288
2018-06-03 07:00:00+02:00,47.21989549681374
2018-06-03 08:00:00+02:00,51.32589521652335
2018-06-03 09:00:00+02:00,52.08757735587815
2018-06-03 10:00:00+02:00,53.304654533598786
2018-06-03 11:00:00+02:00,52.02159511547699
2018-06-03 12:00:00+02:00,51.19346878767501
2018-06-03 13:00:00+02:00,50.85871302906261
2018-06-03 14:00:00+02:00,50.82816090698032
2018-06-03 15:00:00+02:00,48.65043340641133
2018-06-03 16:00:00+02:00,47.74837321610328
2018-06-03 17:00:00+02:00,49.69115728365921
2018-06-03 18:00:00+02:00,52.266239767526876
2018-06-03 19:00:00+02:00,54.8160668019626
2018-06-03 20:00:00+02:00,56.01177863597837
2018-06-03 21:00:00+02:00,57.682123720129
2018-06-03 22:00:00+02:00,57.572285299101964
2018-06-03 23:00:00+02:00,56.00119589209108
2018-06-04 00:00:00+02:00,53.76486642852745
2018-06-04 01:00:00+02:00,49.41712498236413
2018-06-04 02:00:00+02:00,46.829875586842114
2018-06-04 03:00:00+02:00,45.29323138880998
2018-06-04 04:00:00+02:00,44.143431053627815
2018-06-04 05:00:00+02:00,47.559553541520415
2018-06-04 06:00:00+02:00,52.60736961779668
2018-06-04 07:00:00+02:00,57.82190981484814
2018-06-04 08:00:00+02:00,61.035261530376715
2018-06-04 09:00:00+02:00,61.341621873974155
2018-06-04 10:00:00+02:00,61.74758936893039
2018-06-04 11:00:00+02:00,61.39297627005519
2018-06-04 12:00:00+02:00,60.69789155283052
2018-06-04 13:00:00+02:00,61.34884187899397
2018-06-04 14:00:00+02:00,61.1307633961176
2018-06-04 15:00:00+02:00,59.6028076437347
2018-06-04 16:00:00+02:00,59.78373054566262
2018-06-04 17:00:00+02:00,58.96862070275545
2018-06-04 18:00:00+02:00,60.59634738930165
2018-06-04 19:00:00+02:00,59.66367293788567
2018-06-04 20:00:00+02:00,61.97333052156447
2018-06-04 21:00:00+02:00,60.61225211075666
2018-06-04 22:00:00+02:00,60.52423255061078
2018-06-04 23:00:00+02:00,56.617776638879185
2018-06-05 00:00:00+02:00,48.088318436574404
2018-06-05 01:00:00+02:00,45.20739816633995
2018-06-05 02:00:00+02:00,43.17320762584915
2018-06-05 03:00:00+02:00,41.28041075912328
2018-06-05 04:00:00+02:00,43.923989788558885
2018-06-05 05:00:00+02:00,42.1943591498086
2018-06-05 06:00:00+02:00,46.93448451844112
2018-06-05 07:00:00+02:00,53.09328617603655
2018-06-05 08:00:00+02:00,55.64051963370347
2018-06-05 09:00:00+02:00,56.36501267920493
2018-06-05 10:00:00+02:00,56.87606352469373
2018-06-05 11:00:00+02:00,56.88720051769909
2018-06-05 12:00:00+02:00,55.742299579171636
2018-06-05 13:00:00+02:00,53.95167614591649
2018-06-05 14:00:00+02:00,54.60110083488465
2018-06-05 15:00:00+02:00,51.968642127258384
2018-06-05 16:00:00+02:00,53.87247594490532
2018-06-05 17:00:00+02:00,54.07247657649497
2018-06-05 18:00:00+02:00,54.817942612688
2018-06-05 19:00:00+02:00,56.45059874424558
2018-06-05 20:00:00+02:00,56.055747186467556
2018-06-05 21:00:00+02:00,57.62593158625079
2018-06-05 22:00:00+02:00,56.37025230610889
2018-06-05 23:00:00+02:00,54.660253340276086
2018-06-06 00:00:00+02:00,53.83911339060372
2018-06-06 01:00:00+02:00,52.75903568152506
2018-06-06 02:00:00+02:00,50.350537584244705
2018-06-06 03:00:00+02:00,49.27726818955157
2018-06-06 04:00:00+02:00,48.086871556666324
2018-06-06 05:00:00+02:00,49.48179556031073
2018-06-06 06:00:00+02:00,51.15151223050498
2018-06-06 07:00:00+02:00,54.23152751045685
2018-06-06 08:00:00+02:00,57.08743466546316
2018-06-06 09:00:00+02:00,57.50861648527217
2018-06-06 10:00:00+02:00,56.295769629892
2018-06-06 11:00:00+02:00,56.44081215765504
2018-06-06 12:00:00+02:00,57.20116469859288
2018-06-06 13:00:00+02:00,55.06340014253676
2018-06-06 14:00:00+02:00,54.94016897280856
2018-06-06 15:00:00+02:00,52.841200915738646
2018-06-06 16:00:00+02:00,54.34511974313102
2018-06-06 17:00:00+02:00,55.8746120910736
2018-06-06 18:00:00+02:00,55.28904135707705
2018-06-06 19:00:00+02:00,55.507072734544835
2018-06-06 20:00:00+02:00,56.192402720048754
2018-06-06 21:00:00+02:00,58.27454941627119
2018-06-06 22:00:00+02:00,57.06398206313158
2018-06-06 23:00:00+02:00,53.78537077966251
2018-06-07 00:00:00+02:00,56.03061777066238
2018-06-07 01:00:00+02:00,53.441919509914236
2018-06-07 02:00:00+02:00,50.143188849933665
2018-06-07 03:00:00+02:00,49.54941135687619
2018-06-07 04:00:00+02:00,49.537417016189615
2018-06-07 05:00:00+02:00,50.61205824963753
2018-06-07 06:00:00+02:00,54.97861359592867
2018-06-07 07:00:00+02:00,58.09207295912136
2018-06-07 08:00:00+02:00,59.77237728336953
2018-06-07 09:00:00+02:00,61.0428244444835
2018-06-07 10:00:00+02:00,61.89042394033496
2018-06-07 11:00:00+02:00,61.90558345534521
2018-06-07 12:00:00+02:00,60.97352205919271
2018-06-07 13:00:00+02:00,59.58749098346332
2018-06-07 14:00:00+02:00,59.52112277472224
2018-06-07 15:00:00+02:00,57.35063550077843
2018-06-07 16:00:00+02:00,56.98502500272583
2018-06-07 17:00:00+02:00,57.656124194575476
2018-06-07 18:00:00+02:00,57.890655952916696
2018-06-07 19:00:00+02:00,58.05021463453045
2018-06-07 20:00:00+02:00,60.61548917622806
2018-06-07 21:00:00+02:00,61.99647613491184
2018-06-07 22:00:00+02:00,60.74780224014188
2018-06-07 23:00:00+02:00,58.10784428105914
2018-06-08 00:00:00+02:00,57.332715948265445
2018-06-08 01:00:00+02:00,52.3998155720979
2018-06-08 02:00:00+02:00,49.49538611855704
2018-06-08 03:00:00+02:00,50.90621639076332
2018-06-08 04:00:00+02:00,50.095369104524146
2018-06-08 05:00:00+02:00,50.13076028697187
2018-06-08 06:00:00+02:00,54.37758898591195
2018-06-08 07:00:00+02:00,57.148565063549
2018-06-08 08:00:00+02:00,60.18727320742703
2018-06-08 09:00:00+02:00,60.91227149451942
2018-06-08 10:00:00+02:00,61.65215941135717
2018-06-08 11:00:00+02:00,61.5227229836899
2018-06-08 12:00:00+02:00,60.841635665280855
2018-06-08 13:00:00+02:00,60.737181504383784
2018-06-08 14:00:00+02:00,61.402445533166336
2018-06-08 15:00:00+02:00,58.13471106184966
2018-06-08 16:00:00+02:00,56.035249352114135
2018-06-08 17:00:00+02:00,56.317651746839225
2018-06-08 18:00:00+02:00,57.841575794742596
2018-06-08 19:00:00+02:00,57.7384216266704
2018-06-08 20:00:00+02:00,58.591072079075694
2018-06-08 21:00:00+02:00,61.54584003081916
2018-06-08 22:00:00+02:00,61.03242643520636
2018-06-08 23:00:00+02:00,58.020690299112516
2018-06-09 00:00:00+02:00,58.194003374720126
2018-06-09 01:00:00+02:00,54.3069323051721
2018-06-09 02:00:00+02:00,51.26379843425212
2018-06-09 03:00:00+02:00,50.584674459621276
2018-06-09 04:00:00+02:00,49.79013581038553
2018-06-09 05:00:00+02:00,49.93213053633743
2018-06-09 06:00:00+02:00,50.54811637953819
2018-06-09 07:00:00+02:00,50.47886870377087
2018-06-09 08:00:00+02:00,52.88145803207948
2018-06-09 09:00:00+02:00,54.59286164088767
2018-06-09 10:00:00+02:00,54.67099881367404
2018-06-09 11:00:00+02:00,55.77303137657921
2018-06-09 12:00:00+02:00,55.180211167281776
2018-06-09 13:00:00+02:00,53.82164278629139
2018-06-09 14:00:00+02:00,52.28723956619
2018-06-09 15:00:00+02:00,52.7426559167865
2018-06-09 16:00:00+02:00,52.07273330877331
2018-06-09 17:00:00+02:00,50.71454938628997
2018-06-09 18:00:00+02:00,51.515916109844646
2018-06-09 19:00:00+02:00,53.55426771242707
2018-06-09 20:00:00+02:00,55.75453526508256
2018-06-09 21:00:00+02:00,57.79670742288186
2018-06-09 22:00:00+02:00,59.562689639263276
2018-06-09 23:00:00+02:00,57.12503214481853
2018-06-10 00:00:00+02:00,57.54364851245555
2018-06-10 01:00:00+02:00,54.6160756147267
2018-06-10 02:00:00+02:00,51.05696226101713
2018-06-10 03:00:00+02:00,50.255105962844
2018-06-10 04:00:00+02:00,49.81737507052073
2018-06-10 05:00:00+02:00,48.85283713768711
2018-06-10 06:00:00+02:00,49.66216546086952
2018-06-10 07:00:00+02:00,50.64603716105961
2018-06-10 08:00:00+02:00,54.71102364975122
2018-06-10 09:00:00+02:00,55.4646879493601
2018-06-10 10:00:00+02:00,55.289446277338065
2018-06-10 11:00:00+02:00,57.222820976999834
2018-06-10 12:00:00+02:00,57.941524023179824
2018-06-10 13:00:00+02:00,56.215446469983014
2018-06-10 14:00:00+02:00,55.86964638729921
2018-06-10 15:00:00+02:00,51.98624621051005
2018-06-10 16:00:00+02:00,50.40640446797992
2018-06-10 17:00:00+02:00,52.07709342589195
2018-06-10 18:00:00+02:00,53.116817540114965
2018-06-10 19:00:00+02:00,55.296880948629756
2018-06-10 20:00:00+02:00,59.75099484759311
2018-06-10 21:00:00+02:00,60.67980110051921
2018-06-10 22:00:00+02:00,59.33366287369918
2018-06-10 23:00:00+02:00,55.89193245185354
2018-06-11 00:00:00+02:00,51.9514354191534
2018-06-11 01:00:00+02:00,49.60375551905263
2018-06-11 02:00:00+02:00,48.514098463830145
2018-06-11 03:00:00+02:00,44.80376028799137
2018-06-11 04:00:00+02:00,44.33597290599789
2018-06-11 05:00:00+02:00,44.267940911106514
2018-06-11 06:00:00+02:00,50.47554028434387
2018-06-11 07:00:00+02:00,55.59913293303476
2018-06-11 08:00:00+02:00,59.74336723837291
2018-06-11 09:00:00+02:00,60.91515799801653
2018-06-11 10:00:00+02:00,61.62635285945873
2018-06-11 11:00:00+02:00,61.20017554248047
2018-06-11 12:00:00+02:00,60.87963984594533
2018-06-11 13:00:00+02:00,59.34155738072752
2018-06-11 14:00:00+02:00,57.857160109888405
2018-06-11 15:00:00+02:00,57.52475853456199
2018-06-11 16:00:00+02:00,56.79383711095729
2018-06-11 17:00:00+02:00,57.28205743189037
2018-06-11 18:00:00+02:00,58.71114072105261
2018-06-11 19:00:00+02:00,60.1798114384625
2018-06-11 20:00:00+02:00,60.793669192350286
2018-06-11 21:00:00+02:00,62.43047867506234
2018-06-11 22:00:00+02:00,60.724103368564464
2018-06-11 23:00:00+02:00,56.66350568404729
2018-06-12 00:00:00+02:00,51.64708918355394
2018-06-12 01:00:00+02:00,47.96167050231094
2018-06-12 02:00:00+02:00,45.67893432027112
2018-06-12 03:00:00+02:00,45.73387105585412
2018-06-12 04:00:00+02:00,44.942342759927726
2018-06-12 05:00:00+02:00,43.210267764308604
2018-06-12 06:00:00+02:00,48.83894060751436
2018-06-12 07:00:00+02:00,53.21467419730036
2018-06-12 08:00:00+02:00,57.204202593719835
2018-06-12 09:00:00+02:00,57.283745145315045
2018-06-12 10:00:00+02:00,57.59837289604278
2018-06-12 11:00:00+02:00,58.850210661633724
2018-06-12 12:00:00+02:00,57.479495259052534
2018-06-12 13:00:00+02:00,57.313306418208505
2018-06-12 14:00:00+02:00,56.25960631882185
2018-06-12 15:00:00+02:00,55.9532287367316
2018-06-12 16:00:00+02:00,56.27053583856675
2018-06-12 17:00:00+02:00,56.22058096470524
2018-06-12 18:00:00+02:00,56.96343805448735
2018-06-12 19:00:00+02:00,56.351985896025774
2018-06-12 20:00:00+02:00,57.484274043942264
2018-06-12 21:00:00+02:00,58.89997372509816
2018-06-12 22:00:00+02:00,58.257041550705424
2018-06-12 23:00:00+02:00,54.810616369619936
2018-06-13 00:00:00+02:00,53.67569288279473
2018-06-13 01:00:00+02:00,48.89711898884604
2018-06-13 02:00:00+02:00,46.52012917715606
2018-06-13 03:00:00+02:00,45.43454341164128
2018-06-13 04:00:00+02:00,45.38892473019706
2018-06-13 05:00:00+02:00,46.54496890106839
2018-06-13 06:00:00+02:00,51.90556558487745
2018-06-13 07:00:00+02:00,53.68372187610086
2018-06-13 08:00:00+02:00,57.261319640116845
2018-06-13 09:00:00+02:00,58.24202181442155
2018-06-13 10:00:00+02:00,58.873463741776106
2018-06-13 11:00:00+02:00,58.96990651856475
2018-06-13 12:00:00+02:00,58.67486660198455
2018-06-13 13:00:00+02:00,57.45631209903436
2018-06-13 14:00:00+02:00,57.835435284622925
2018-06-13 15:00:00+02:00,56.69713807896676
2018-06-13 16:00:00+02:00,56.46355308895661
2018-06-13 17:00:00+02:00,56.656416025796226
2018-06-13 18:00:00+02:00,56.64774294988474
2018-06-13 19:00:00+02:00,56.77612876018898
2018-06-13 20:00:00+02:00,58.0192750265019
2018-06-13 21:00:00+02:00,58.22706381435854
2018-06-13 22:00:00+02:00,58.86709551480137
2018-06-13 23:00:00+02:00,55.631402411966185
2018-06-14 00:00:00+02:00,51.55159511673137
2018-06-14 01:00:00+02:00,49.11103029691591
2018-06-14 02:00:00+02:00,45.913245434394184
2018-06-14 03:00:00+02:00,46.741443369866204
2018-06-14 04:00:00+02:00,46.049715722541
2018-06-14 05:00:00+02:00,46.50426077370438
2018-06-14 06:00:00+02:00,50.14751487060382
2018-06-14 07:00:00+02:00,52.30582372192871
2018-06-14 08:00:00+02:00,54.704121276184416
2018-06-14 09:00:00+02:00,54.97763993043469
2018-06-14 10:00:00+02:00,56.427020110398
2018-06-14 11:00:00+02:00,56.69912021992568
2018-06-14 12:00:00+02:00,56.59910564294325
2018-06-14 13:00:00+02:00,57.078706702045
2018-06-14 14:00:00+02:00,54.79474319856801
2018-06-14 15:00:00+02:00,54.35135679560245
2018-06-14 16:00:00+02:00,53.36115585614775
2018-06-14 17:00:00+02:00,55.17836947764348
2018-06-14 18:00:00+02:00,54.639307517243545
2018-06-14 19:00:00+02:00,54.359349162480704
2018-06-14 20:00:00+02:00,55.817995479606
2018-06-14 21:00:00+02:00,57.85774685808874
2018-06-14 22:00:00+02:00,55.506828265177695
2018-06-14 23:00:00+02:00,52.184889479777674
2018-06-15 00:00:00+02:00,52.84069280996088
2018-06-15 01:00:00+02:00,49.7797550436515
2018-06-15 02:00:00+02:00,49.5850701724623
2018-06-15 03:00:00+02:00,48.46723402024738
2018-06-15 04:00:00+02:00,47.81053297780969
2018-06-15 05:00:00+02:00,49.003394223144625
2018-06-15 06:00:00+02:00,51.29471488274255
2018-06-15 07:00:00+02:00,53.47712563072211
2018-06-15 08:00:00+02:00,55.590847537738874
2018-06-15 09:00:00+02:00,55.75073743611835
2018-06-15 10:00:00+02:00,55.89349106418791
2018-06-15 11:00:00+02:00,57.7005391340413
2018-06-15 12:00:00+02:00,57.12025084151719
2018-06-15 13:00:00+02:00,56.99876177918052
2018-06-15 14:00:00+02:00,55.23117646684529
2018-06-15 15:00:00+02:00,54.381536202136914
2018-06-15 16:00:00+02:00,54.01572353785455
2018-06-15 17:00:00+02:00,52.85168908590341
2018-06-15 18:00:00+02:00,53.02954790896115
2018-06-15 19:00:00+02:00,52.743761624461
2018-06-15 20:00:00+02:00,53.38593201792437
2018-06-15 21:00:00+02:00,54.21128908400373
2018-06-15 22:00:00+02:00,53.98200708177634
2018-06-15 23:00:00+02:00,52.300437981529484
2018-06-16 00:00:00+02:00,52.11906098725223
2018-06-16 01:00:00+02:00,49.21274321981367
2018-06-16 02:00:00+02:00,47.52518076562336
2018-06-16 03:00:00+02:00,49.37210227045474
2018-06-16 04:00:00+02:00,45.98822684767661
2018-06-16 05:00:00+02:00,48.0066946972208
2018-06-16 06:00:00+02:00,47.74663977456581
2018-06-16 07:00:00+02:00,47.90083800242713
2018-06-16 08:00:00+02:00,49.452159152204096
2018-06-16 09:00:00+02:00,50.36324680672207
2018-06-16 10:00:00+02:00,50.80622179586775
2018-06-16 11:00:00+02:00,52.15748015155418
2018-06-16 12:00:00+02:00,52.27308651358852
2018-06-16 13:00:00+02:00,53.38868235478585
2018-06-16 14:00:00+02:00,51.93620098369539
2018-06-16 15:00:00+02:00,49.452521493831846
2018-06-16 16:00:00+02:00,49.4002383532721
2018-06-16 17:00:00+02:00,48.361495757225036
2018-06-16 18:00:00+02:00,47.953276417523284
2018-06-16 19:00:00+02:00,50.72189628716276
2018-06-16 20:00:00+02:00,52.26805139529671
2018-06-16 21:00:00+02:00,53.73007052386644
2018-06-16 22:00:00+02:00,53.575157452329684
2018-06-16 23:00:00+02:00,50.36344760408077
2018-06-17 00:00:00+02:00,48.61791818026828
2018-06-17 01:00:00+02:00,47.5962091783364
2018-06-17 02:00:00+02:00,43.666763456999
2018-06-17 03:00:00+02:00,43.295275869928275
2018-06-17 04:00:00+02:00,43.728413100563785
2018-06-17 05:00:00+02:00,43.45569313999568
2018-06-17 06:00:00+02:00,43.244661412892604
2018-06-17 07:00:00+02:00,42.39143012849874
2018-06-17 08:00:00+02:00,43.895021091860094
2018-06-17 09:00:00+02:00,44.57806404701925
2018-06-17 10:00:00+02:00,46.23232095242847
2018-06-17 11:00:00+02:00,47.25882416283667
2018-06-17 12:00:00+02:00,47.588650955361366
2018-06-17 13:00:00+02:00,47.52990550776898
2018-06-17 14:00:00+02:00,46.071612070903974
2018-06-17 15:00:00+02:00,44.879024441006095
2018-06-17 16:00:00+02:00,44.06510994960919
2018-06-17 17:00:00+02:00,43.785521248503876
2018-06-17 18:00:00+02:00,44.40870477653715
2018-06-17 19:00:00+02:00,46.619177767570584
2018-06-17 20:00:00+02:00,49.18676574546918
2018-06-17 21:00:00+02:00,53.118403057128155
2018-06-17 22:00:00+02:00,53.52978768669407
2018-06-17 23:00:00+02:00,50.38449840485411
2018-06-18 00:00:00+02:00,49.88984171400069
2018-06-18 01:00:00+02:00,47.62239773370802
2018-06-18 02:00:00+02:00,44.89900315822165
2018-06-18 03:00:00+02:00,41.26265535986794
2018-06-18 04:00:00+02:00,41.20210859911294
2018-06-18 05:00:00+02:00,43.79890232985619
2018-06-18 06:00:00+02:00,47.93857712685181
2018-06-18 07:00:00+02:00,50.812540524048295
2018-06-18 08:00:00+02:00,52.778206350162094
2018-06-18 09:00:00+02:00,51.909792618206346
2018-06-18 10:00:00+02:00,53.41592559754262
2018-06-18 11:00:00+02:00,53.58552993555438
2018-06-18 12:00:00+02:00,54.7547617041885
2018-06-18 13:00:00+02:00,55.18919334293676
2018-06-18 14:00:00+02:00,54.27002560130151
2018-06-18 15:00:00+02:00,54.068284107840206
2018-06-18 16:00:00+02:00,53.876609798751645
2018-06-18 17:00:00+02:00,53.65767414773406
2018-06-18 18:00:00+02:00,53.55925919132307
2018-06-18 19:00:00+02:00,51.87473515356874
2018-06-18 20:00:00+02:00,51.62246561445264
2018-06-18 21:00:00+02:00,53.39106977595764
2018-06-18 22:00:00+02:00,52.80226327688782
2018-06-18 23:00:00+02:00,49.03814576063589
2018-06-19 00:00:00+02:00,49.46872784326093
2018-06-19 01:00:00+02:00,46.30313733558319
2018-06-19 02:00:00+02:00,43.634848635732915
2018-06-19 03:00:00+02:00,43.003485973782404
2018-06-19 04:00:00+02:00,41.60724526991253
2018-06-19 05:00:00+02:00,42.77340774644089
2018-06-19 06:00:00+02:00,48.300046441934036
2018-06-19 07:00:00+02:00,51.32046725006625
2018-06-19 08:00:00+02:00,52.86539953698598
2018-06-19 09:00:00+02:00,52.47244331758426
2018-06-19 10:00:00+02:00,54.13160968790768
2018-06-19 11:00:00+02:00,54.365165810423754
2018-06-19 12:00:00+02:00,54.092764104080906
2018-06-19 13:00:00+02:00,54.90630355667589
2018-06-19 14:00:00+02:00,53.94327453080873
2018-06-19 15:00:00+02:00,54.28821667569765
2018-06-19 16:00:00+02:00,53.434224436573544
2018-06-19 17:00:00+02:00,54.08739339312739
2018-06-19 18:00:00+02:00,54.46524265208351
2018-06-19 19:00:00+02:00,54.22615028243856
2018-06-19 20:00:00+02:00,54.1151941927106
2018-06-19 21:00:00+02:00,54.92627661713481
2018-06-19 22:00:00+02:00,55.18756572398254
2018-06-19 23:00:00+02:00,52.90565551589344
2018-06-20 00:00:00+02:00,53.2281746436395
2018-06-20 01:00:00+02:00,52.03691025566082
2018-06-20 02:00:00+02:00,48.53313722684501
2018-06-20 03:00:00+02:00,49.56336295956344
2018-06-20 04:00:00+02:00,48.49317586198734
2018-06-20 05:00:00+02:00,49.82476298362187
2018-06-20 06:00:00+02:00,52.56898092880826
2018-06-20 07:00:00+02:00,54.37992498747844
2018-06-20 08:00:00+02:00,55.60079567298241
2018-06-20 09:00:00+02:00,55.67555002116544
2018-06-20 10:00:00+02:00,56.29453308806588
2018-06-20 11:00:00+02:00,57.14190986282585
2018-06-20 12:00:00+02:00,57.650649495548215
2018-06-20 13:00:00+02:00,57.27355525798504
2018-06-20 14:00:00+02:00,57.03538425425726
2018-06-20 15:00:00+02:00,55.38895453351868
2018-06-20 16:00:00+02:00,54.44049378640588
2018-06-20 17:00:00+02:00,53.96789004925156
2018-06-20 18:00:00+02:00,54.38582739834814
2018-06-20 19:00:00+02:00,53.769916595613665
2018-06-20 20:00:00+02:00,53.72186690314581
2018-06-20 21:00:00+02:00,54.95620182804772
2018-06-20 22:00:00+02:00,54.869855994967104
2018-06-20 23:00:00+02:00,52.95783506009031
2018-06-21 00:00:00+02:00,52.79818727601255
2018-06-21 01:00:00+02:00,53.15099573249294
2018-06-21 02:00:00+02:00,49.0808740193545
2018-06-21 03:00:00+02:00,49.941244479194175
2018-06-21 04:00:00+02:00,49.82621492056685
2018-06-21 05:00:00+02:00,50.069001718265575
2018-06-21 06:00:00+02:00,52.23834454567578
2018-06-21 07:00:00+02:00,55.38729972158195
2018-06-21 08:00:00+02:00,56.77610120430313
2018-06-21 09:00:00+02:00,57.84824982603221
2018-06-21 10:00:00+02:00,58.07927657166662
2018-06-21 11:00:00+02:00,58.510391998149025
2018-06-21 12:00:00+02:00,58.753542988175575
2018-06-21 13:00:00+02:00,59.42587365877315
2018-06-21 14:00:00+02:00,59.156549121506686
2018-06-21 15:00:00+02:00,57.6166304664751
2018-06-21 16:00:00+02:00,56.84193025079052
2018-06-21 17:00:00+02:00,56.40850048708367
2018-06-21 18:00:00+02:00,56.39104063395195
2018-06-21 19:00:00+02:00,55.490702444197005
2018-06-21 20:00:00+02:00,54.81642382320377
2018-06-21 21:00:00+02:00,56.54049108071407
2018-06-21 22:00:00+02:00,57.14083953853037
2018-06-21 23:00:00+02:00,54.89556049860971
2018-06-22 00:00:00+02:00,54.48740400303213
2018-06-22 01:00:00+02:00,51.95027320159775
2018-06-22 02:00:00+02:00,50.517024341316464
2018-06-22 03:00:00+02:00,50.701783441873836
2018-06-22 04:00:00+02:00,50.49731309387378
2018-06-22 05:00:00+02:00,50.338578040313884
2018-06-22 06:00:00+02:00,53.22650031571487
2018-06-22 07:00:00+02:00,55.6645281161149
2018-06-22 08:00:00+02:00,56.85020019107753
2018-06-22 09:00:00+02:00,58.1444803586792
2018-06-22 10:00:00+02:00,58.05954255542979
2018-06-22 11:00:00+02:00,58.55287107062993
2018-06-22 12:00:00+02:00,58.96612530664987
2018-06-22 13:00:00+02:00,59.89151843015779
2018-06-22 14:00:00+02:00,59.185472934039296
2018-06-22 15:00:00+02:00,58.235392219007814
2018-06-22 16:00:00+02:00,56.944353710238794
2018-06-22 17:00:00+02:00,56.543108558561016
2018-06-22 18:00:00+02:00,56.461641560275126
2018-06-22 19:00:00+02:00,56.33334441520299
2018-06-22 20:00:00+02:00,56.502440670655425
2018-06-22 21:00:00+02:00,57.924134504663535
2018-06-22 22:00:00+02:00,57.88947594049756
2018-06-22 23:00:00+02:00,54.22105709544595
2018-06-23 00:00:00+02:00,52.827351282777805
2018-06-23 01:00:00+02:00,51.76350502031783
2018-06-23 02:00:00+02:00,49.5883685065638
2018-06-23 03:00:00+02:00,49.82308737317762
2018-06-23 04:00:00+02:00,50.49855514807215
2018-06-23 05:00:00+02:00,50.24345325133666
2018-06-23 06:00:00+02:00,49.1804069873117
2018-06-23 07:00:00+02:00,49.482383044127424
2018-06-23 08:00:00+02:00,50.96538632498715
2018-06-23 09:00:00+02:00,51.97323609890886
2018-06-23 10:00:00+02:00,52.49587121956858
2018-06-23 11:00:00+02:00,53.952955367745695
2018-06-23 12:00:00+02:00,54.023293341656
2018-06-23 13:00:00+02:00,55.845709212005495
2018-06-23 14:00:00+02:00,54.193039660983835
2018-06-23 15:00:00+02:00,52.30296354965918
2018-06-23 16:00:00+02:00,51.51663126847141
2018-06-23 17:00:00+02:00,51.589993607474895
2018-06-23 18:00:00+02:00,52.08754290309679
2018-06-23 19:00:00+02:00,53.017852403000894
2018-06-23 20:00:00+02:00,53.89851518372658
2018-06-23 21:00:00+02:00,56.616854068874865
2018-06-23 22:00:00+02:00,56.39373325477519
2018-06-23 23:00:00+02:00,55.17889712316201
2018-06-24 00:00:00+02:00,53.12769193832947
2018-06-24 01:00:00+02:00,49.360789380081066
2018-06-24 02:00:00+02:00,48.48325895423284
2018-06-24 03:00:00+02:00,48.26544401902614
2018-06-24 04:00:00+02:00,47.20410239051253
2018-06-24 05:00:00+02:00,45.493902225275576
2018-06-24 06:00:00+02:00,45.54966501770651
2018-06-24 07:00:00+02:00,46.387812169941604
2018-06-24 08:00:00+02:00,46.64553021287819
2018-06-24 09:00:00+02:00,47.77754605067273
2018-06-24 10:00:00+02:00,49.333536348976644
2018-06-24 11:00:00+02:00,50.267677943235014
2018-06-24 12:00:00+02:00,50.32616750823919
2018-06-24 13:00:00+02:00,50.7006269040479
2018-06-24 14:00:00+02:00,49.036773029841754
2018-06-24 15:00:00+02:00,47.93045014439722
2018-06-24 16:00:00+02:00,47.31167919456942
2018-06-24 17:00:00+02:00,46.88542302473669
2018-06-24 18:00:00+02:00,48.709410112190334
2018-06-24 19:00:00+02:00,51.95928212325153
2018-06-24 20:00:00+02:00,54.112889124105784
2018-06-24 21:00:00+02:00,58.16541393439518
2018-06-24 22:00:00+02:00,58.909518980773235
2018-06-24 23:00:00+02:00,58.033332788479335
2018-06-25 00:00:00+02:00,55.5711254401781
2018-06-25 01:00:00+02:00,51.997794591613285
2018-06-25 02:00:00+02:00,49.77585924712965
2018-06-25 03:00:00+02:00,47.954035661088604
2018-06-25 04:00:00+02:00,47.58472640535488
2018-06-25 05:00:00+02:00,50.43244040308335
2018-06-25 06:00:00+02:00,54.11920262701341
2018-06-25 07:00:00+02:00,56.04594584790499
2018-06-25 08:00:00+02:00,58.83685139760885
2018-06-25 09:00:00+02:00,60.24588419296321
2018-06-25 10:00:00+02:00,61.20324139580916
2018-06-25 11:00:00+02:00,61.075802071254365
2018-06-25 12:00:00+02:00,61.52347283338057
2018-06-25 13:00:00+02:00,62.09113168306309
2018-06-25 14:00:00+02:00,61.5342375845722
2018-06-25 15:00:00+02:00,59.867295878583626
2018-06-25 16:00:00+02:00,59.60844669836217
2018-06-25 17:00:00+02:00,59.66254116867325
2018-06-25 18:00:00+02:00,59.78489694786381
2018-06-25 19:00:00+02:00,60.605100487487924
2018-06-25 20:00:00+02:00,60.134200625157035
2018-06-25 21:00:00+02:00,60.588822101004574
2018-06-25 22:00:00+02:00,60.7531263302715
2018-06-25 23:00:00+02:00,57.782119713986475
2018-06-26 00:00:00+02:00,55.68194904367334
2018-06-26 01:00:00+02:00,52.51596495811888
2018-06-26 02:00:00+02:00,50.45436421460895
2018-06-26 03:00:00+02:00,48.97532098390365
2018-06-26 04:00:00+02:00,48.21776278211746
2018-06-26 05:00:00+02:00,50.52700550256665
2018-06-26 06:00:00+02:00,54.1408845823305
2018-06-26 07:00:00+02:00,56.70211830900687
2018-06-26 08:00:00+02:00,57.61151925057013
2018-06-26 09:00:00+02:00,59.32363872744162
2018-06-26 10:00:00+02:00,59.99363763763976
2018-06-26 11:00:00+02:00,60.52050977059195
2018-06-26 12:00:00+02:00,60.489027720533464
2018-06-26 13:00:00+02:00,61.24655858688647
2018-06-26 14:00:00+02:00,60.471255865161446
2018-06-26 15:00:00+02:00,60.0256867207637
2018-06-26 16:00:00+02:00,59.549481293662915
2018-06-26 17:00:00+02:00,59.00283330833603
2018-06-26 18:00:00+02:00,58.98479581851945
2018-06-26 19:00:00+02:00,57.99980047701862
2018-06-26 20:00:00+02:00,58.11387177935891
2018-06-26 21:00:00+02:00,58.960691880738295
2018-06-26 22:00:00+02:00,59.812585094247005
2018-06-26 23:00:00+02:00,56.31302843097338
2018-06-27 00:00:00+02:00,56.40714952862556
2018-06-27 01:00:00+02:00,53.18222611667226
2018-06-27 02:00:00+02:00,50.62845997557094
2018-06-27 03:00:00+02:00,50.97543949472072
2018-06-27 04:00:00+02:00,50.32665259125141
2018-06-27 05:00:00+02:00,52.033739801312755
2018-06-27 06:00:00+02:00,55.72440534733905
2018-06-27 07:00:00+02:00,57.06406316301503
2018-06-27 08:00:00+02:00,60.26878047743187
2018-06-27 09:00:00+02:00,61.29346021030818
2018-06-27 10:00:00+02:00,61.66918356615534
2018-06-27 11:00:00+02:00,61.29995801430093
2018-06-27 12:00:00+02:00,61.898608538653754
2018-06-27 13:00:00+02:00,61.67123058934396
2018-06-27 14:00:00+02:00,60.92934896549886
2018-06-27 15:00:00+02:00,59.365438510537054
2018-06-27 16:00:00+02:00,58.690499814821045
2018-06-27 17:00:00+02:00,57.93792202125976
2018-06-27 18:00:00+02:00,58.08329113855586
2018-06-27 19:00:00+02:00,58.24742306316879
2018-06-27 20:00:00+02:00,58.30285772924131
2018-06-27 21:00:00+02:00,59.44166671391769
2018-06-27 22:00:00+02:00,58.064895495648074
2018-06-27 23:00:00+02:00,56.465727622175336
2018-06-28 00:00:00+02:00,55.91298962625706
2018-06-28 01:00:00+02:00,53.03181476681474
2018-06-28 02:00:00+02:00,51.27871033025918
2018-06-28 03:00:00+02:00,50.794276400321564
2018-06-28 04:00:00+02:00,51.42547158091338
2018-06-28 05:00:00+02:00,50.71345532855239
2018-06-28 06:00:00+02:00,53.74821978698858
2018-06-28 07:00:00+02:00,55.87983704408589
2018-06-28 08:00:00+02:00,59.66340826238555
2018-06-28 09:00:00+02:00,60.81446937762831
2018-06-28 10:00:00+02:00,61.02425148448875
2018-06-28 11:00:00+02:00,61.56522553713416
2018-06-28 12:00:00+02:00,61.77406246049019
2018-06-28 13:00:00+02:00,62.65136534501678
2018-06-28 14:00:00+02:00,61.15448848861049
2018-06-28 15:00:00+02:00,59.49790083786715
2018-06-28 16:00:00+02:00,58.31765181156916
2018-06-28 17:00:00+02:00,58.09515277516004
2018-06-28 18:00:00+02:00,56.53735241122559
2018-06-28 19:00:00+02:00,56.40758994995414
2018-06-28 20:00:00+02:00,58.9804148528818
2018-06-28 21:00:00+02:00,59.32661357099929
2018-06-28 22:00:00+02:00,59.12083873855036
2018-06-28 23:00:00+02:00,57.209749368097285
2018-06-29 00:00:00+02:00,56.476044962951356
2018-06-29 01:00:00+02:00,52.70728554101007
2018-06-29 02:00:00+02:00,51.942441557063255
2018-06-29 03:00:00+02:00,51.74230014318149
2018-06-29 04:00:00+02:00,50.43057476302456
2018-06-29 05:00:00+02:00,50.42006600838761
2018-06-29 06:00:00+02:00,53.62498498959092
2018-06-29 07:00:00+02:00,54.873133773532764
2018-06-29 08:00:00+02:00,59.950443806146545
2018-06-29 09:00:00+02:00,60.38677216933184
2018-06-29 10:00:00+02:00,60.69617873476047
2018-06-29 11:00:00+02:00,60.68663837786743
2018-06-29 12:00:00+02:00,60.125686911993206
2018-06-29 13:00:00+02:00,60.314161447992944
2018-06-29 14:00:00+02:00,58.700592572310825
2018-06-29 15:00:00+02:00,57.54402021983075
2018-06-29 16:00:00+02:00,56.98461302846291
2018-06-29 17:00:00+02:00,54.356717034210256
2018-06-29 18:00:00+02:00,54.98949246688437
2018-06-29 19:00:00+02:00,57.51138830104927
2018-06-29 20:00:00+02:00,58.214943929652385
2018-06-29 21:00:00+02:00,57.71200292488382
2018-06-29 22:00:00+02:00,57.913574240293805
2018-06-29 23:00:00+02:00,55.5977487001075
2018-06-30 00:00:00+02:00,54.657385998543795
2018-06-30 01:00:00+02:00,52.376573302332325
2018-06-30 02:00:00+02:00,51.10878880332377
2018-06-30 03:00:00+02:00,50.73034217168339
2018-06-30 04:00:00+02:00,48.76737328855369
2018-06-30 05:00:00+02:00,48.174648277009815
2018-06-30 06:00:00+02:00,48.50852093170807
2018-06-30 07:00:00+02:00,50.509272576789385
2018-06-30 08:00:00+02:00,51.958412056623466
2018-06-30 09:00:00+02:00,54.12993019487133
2018-06-30 10:00:00+02:00,56.256226382060674
2018-06-30 11:00:00+02:00,54.698553120537916
2018-06-30 12:00:00+02:00,54.5551006649254
2018-06-30 13:00:00+02:00,53.4180874059518
2018-06-30 14:00:00+02:00,51.10658335594926
2018-06-30 15:00:00+02:00,50.15167816010767
2018-06-30 16:00:00+02:00,49.453175068555595
2018-06-30 17:00:00+02:00,48.64745975799949
2018-06-30 18:00:00+02:00,51.10973295672303
2018-06-30 19:00:00+02:00,52.4333374897648
2018-06-30 20:00:00+02:00,53.42437300523289
2018-06-30 21:00:00+02:00,55.85236186783658
2018-06-30 22:00:00+02:00,55.620712103309245
2018-06-30 23:00:00+02:00,54.01267037872623
2018-07-01 00:00:00+02:00,52.585881458166796
2018-07-01 01:00:00+02:00,48.60472898259632
2018-07-01 02:00:00+02:00,46.851576666579575
2018-07-01 03:00:00+02:00,48.89595479387265
2018-07-01 04:00:00+02:00,48.54071256326113
2018-07-01 05:00:00+02:00,45.28853863923615
2018-07-01 06:00:00+02:00,44.26250453822399
2018-07-01 07:00:00+02:00,46.04641007837929
2018-07-01 08:00:00+02:00,48.29303859873297
2018-07-01 09:00:00+02:00,48.4313854321679
2018-07-01 10:00:00+02:00,48.490574045462544
2018-07-01 11:00:00+02:00,51.068413502877604
2018-07-01 12:00:00+02:00,50.22812670991461
2018-07-01 13:00:00+02:00,51.92480448430814
2018-07-01 14:00:00+02:00,48.9836377063774
2018-07-01 15:00:00+02:00,47.17168228372332
2018-07-01 16:00:00+02:00,45.95949370091869
2018-07-01 17:00:00+02:00,45.94454893516553
2018-07-01 18:00:00+02:00,46.73597450816053
2018-07-01 19:00:00+02:00,50.60810266393313
2018-07-01 20:00:00+02:00,53.25173889784298
2018-07-01 21:00:00+02:00,55.04228818594448
2018-07-01 22:00:00+02:00,58.422741131753554
2018-07-01 23:00:00+02:00,56.06354598550326
2018-07-02 00:00:00+02:00,50.40009610497312
2018-07-02 01:00:00+02:00,47.54080408931986
2018-07-02 02:00:00+02:00,46.70034923880335
2018-07-02 03:00:00+02:00,46.872597649195484
2018-07-02 04:00:00+02:00,44.45384199725015
2018-07-02 05:00:00+02:00,44.74578172085986
2018-07-02 06:00:00+02:00,50.25750500355077
2018-07-02 07:00:00+02:00,52.12690486206583
2018-07-02 08:00:00+02:00,57.328582418928875
2018-07-02 09:00:00+02:00,59.20103212028411
2018-07-02 10:00:00+02:00,60.152116798459275
2018-07-02 11:00:00+02:00,61.369083044689454
2018-07-02 12:00:00+02:00,61.92980903097335
2018-07-02 13:00:00+02:00,61.55933939102149
2018-07-02 14:00:00+02:00,60.76308734936574
2018-07-02 15:00:00+02:00,58.4095283179507
2018-07-02 16:00:00+02:00,57.85782332777171
2018-07-02 17:00:00+02:00,57.64195019845216
2018-07-02 18:00:00+02:00,58.55682097022949
2018-07-02 19:00:00+02:00,58.73531041771665
2018-07-02 20:00:00+02:00,60.84282265393053
2018-07-02 21:00:00+02:00,61.7333198276476
2018-07-02 22:00:00+02:00,60.811716628383046
2018-07-02 23:00:00+02:00,57.90942581319981
2018-07-03 00:00:00+02:00,54.21006045963427
2018-07-03 01:00:00+02:00,49.542620556604156
2018-07-03 02:00:00+02:00,49.29809615489713
2018-07-03 03:00:00+02:00,48.29833231862935
2018-07-03 04:00:00+02:00,48.70713499178569
2018-07-03 05:00:00+02:00,48.08092494795883
2018-07-03 06:00:00+02:00,51.936620847467886
2018-07-03 07:00:00+02:00,56.494975554839925
2018-07-03 08:00:00+02:00,61.90638853302611
2018-07-03 09:00:00+02:00,61.400064228783286
2018-07-03 10:00:00+02:00,61.68360328896714
2018-07-03 11:00:00+02:00,62.9836591239658
2018-07-03 12:00:00+02:00,63.26322395967575
2018-07-03 13:00:00+02:00,62.847202012729134
2018-07-03 14:00:00+02:00,62.785306230305906
2018-07-03 15:00:00+02:00,62.02148602563497
2018-07-03 16:00:00+02:00,61.03481978660207
2018-07-03 17:00:00+02:00,60.479270293632744
2018-07-03 18:00:00+02:00,60.38499846945047
2018-07-03 19:00:00+02:00,59.3432395691004
2018-07-03 20:00:00+02:00,59.915300897695516
2018-07-03 21:00:00+02:00,61.780514272214795
2018-07-03 22:00:00+02:00,62.19291645445346
2018-07-03 23:00:00+02:00,58.86963912502339
2018-07-04 00:00:00+02:00,56.424039539649925
2018-07-04 01:00:00+02:00,53.15832721439207
2018-07-04 02:00:00+02:00,50.929873279529396
2018-07-04 03:00:00+02:00,49.905732676974424
2018-07-04 04:00:00+02:00,49.95061671215759
2018-07-04 05:00:00+02:00,50.85405346213157
2018-07-04 06:00:00+02:00,53.479091273131075
2018-07-04 07:00:00+02:00,57.13739406060702
2018-07-04 08:00:00+02:00,61.39578262317292
2018-07-04 09:00:00+02:00,61.511720349097466
2018-07-04 10:00:00+02:00,62.68657454320998
2018-07-04 11:00:00+02:00,62.09197726310757
2018-07-04 12:00:00+02:00,62.40604519788792
2018-07-04 13:00:00+02:00,62.339435314993494
2018-07-04 14:00:00+02:00,60.382867615504836
2018-07-04 15:00:00+02:00,58.28868513795078
2018-07-04 16:00:00+02:00,57.60698635476734
2018-07-04 17:00:00+02:00,58.153755594617195
2018-07-04 18:00:00+02:00,58.369199501509776
2018-07-04 19:00:00+02:00,57.617120770002714
2018-07-04 20:00:00+02:00,59.07271899813489
2018-07-04 21:00:00+02:00,57.555278447104506
2018-07-04 22:00:00+02:00,57.33832088355612
2018-07-04 23:00:00+02:00,55.53792193732016
2018-07-05 00:00:00+02:00,51.34218289957755
2018-07-05 01:00:00+02:00,48.773977542151385
2018-07-05 02:00:00+02:00,46.440325637905524
2018-07-05 03:00:00+02:00,45.17024353040984
2018-07-05 04:00:00+02:00,45.63791799898912
2018-07-05 05:00:00+02:00,46.29833002078738
2018-07-05 06:00:00+02:00,49.40579318699276
2018-07-05 07:00:00+02:00,52.138952997024745
2018-07-05 08:00:00+02:00,54.25304237196442
2018-07-05 09:00:00+02:00,54.23974165014698
2018-07-05 10:00:00+02:00,54.745728695070646
2018-07-05 11:00:00+02:00,56.29962223716049
2018-07-05 12:00:00+02:00,57.040567722548985
2018-07-05 13:00:00+02:00,57.7148603991202
2018-07-05 14:00:00+02:00,56.06618617923121
2018-07-05 15:00:00+02:00,56.095956465298876
2018-07-05 16:00:00+02:00,55.45052609385589
2018-07-05 17:00:00+02:00,55.518020951638825
2018-07-05 18:00:00+02:00,54.607902022762694
2018-07-05 19:00:00+02:00,54.18360945516387
2018-07-05 20:00:00+02:00,54.57437068422691
2018-07-05 21:00:00+02:00,55.954623046279806
2018-07-05 22:00:00+02:00,55.68137076803123
2018-07-05 23:00:00+02:00,53.35920242891846
2018-07-06 00:00:00+02:00,54.43815216269784
2018-07-06 01:00:00+02:00,52.294236456123535
2018-07-06 02:00:00+02:00,49.85637382512078
2018-07-06 03:00:00+02:00,49.729581280939776
2018-07-06 04:00:00+02:00,49.45959148634046
2018-07-06 05:00:00+02:00,48.13403726516401
2018-07-06 06:00:00+02:00,50.682060563437766
2018-07-06 07:00:00+02:00,53.570744250937274
2018-07-06 08:00:00+02:00,57.51091133980441
2018-07-06 09:00:00+02:00,57.726726735142655
2018-07-06 10:00:00+02:00,57.43180512728441
2018-07-06 11:00:00+02:00,59.10997469729458
2018-07-06 12:00:00+02:00,58.306036606232595
2018-07-06 13:00:00+02:00,59.27213843429669
2018-07-06 14:00:00+02:00,57.613357215818134
2018-07-06 15:00:00+02:00,56.075421314958966
2018-07-06 16:00:00+02:00,56.0620688556564
2018-07-06 17:00:00+02:00,56.590429518364694
2018-07-06 18:00:00+02:00,56.678239272016505
2018-07-06 19:00:00+02:00,55.23710625659868
2018-07-06 20:00:00+02:00,55.9245003214524
2018-07-06 21:00:00+02:00,57.79044524572322
2018-07-06 22:00:00+02:00,56.777690216420986
2018-07-06 23:00:00+02:00,54.910279893703006
2018-07-07 00:00:00+02:00,55.018761869120546
2018-07-07 01:00:00+02:00,52.36665404834854
2018-07-07 02:00:00+02:00,49.79455592160682
2018-07-07 03:00:00+02:00,49.281678508177855
2018-07-07 04:00:00+02:00,48.30659356975457
2018-07-07 05:00:00+02:00,48.49037286454847
2018-07-07 06:00:00+02:00,49.98304939377595
2018-07-07 07:00:00+02:00,51.234555258018624
2018-07-07 08:00:00+02:00,50.57748959626275
2018-07-07 09:00:00+02:00,52.241686758996345
2018-07-07 10:00:00+02:00,53.66952320346875
2018-07-07 11:00:00+02:00,54.945006360933355
2018-07-07 12:00:00+02:00,55.52830092943254
2018-07-07 13:00:00+02:00,55.70482945234671
2018-07-07 14:00:00+02:00,55.517437635676124
2018-07-07 15:00:00+02:00,53.218240654668385
2018-07-07 16:00:00+02:00,52.12945806296947
2018-07-07 17:00:00+02:00,52.53132188576754
2018-07-07 18:00:00+02:00,52.543226052199024
2018-07-07 19:00:00+02:00,53.38370605648546
2018-07-07 20:00:00+02:00,55.91633259460224
2018-07-07 21:00:00+02:00,57.74634677893288
2018-07-07 22:00:00+02:00,57.06380353477496
2018-07-07 23:00:00+02:00,56.11618100055109
2018-07-08 00:00:00+02:00,56.397556995801835
2018-07-08 01:00:00+02:00,53.29088783321803
2018-07-08 02:00:00+02:00,50.75334831844506
2018-07-08 03:00:00+02:00,49.99500297180651
2018-07-08 04:00:00+02:00,47.96204659101841
2018-07-08 05:00:00+02:00,47.57431432736983
2018-07-08 06:00:00+02:00,46.883558462908184
2018-07-08 07:00:00+02:00,47.082305845503974
2018-07-08 08:00:00+02:00,49.01655732404427
2018-07-08 09:00:00+02:00,50.29779110659545
2018-07-08 10:00:00+02:00,52.735262276853085
2018-07-08 11:00:00+02:00,53.708774930739764
2018-07-08 12:00:00+02:00,53.27539969695764
2018-07-08 13:00:00+02:00,54.577623534759
2018-07-08 14:00:00+02:00,54.6721672961425
2018-07-08 15:00:00+02:00,52.562912066264666
2018-07-08 16:00:00+02:00,50.98937195806307
2018-07-08 17:00:00+02:00,50.66769366046276
2018-07-08 18:00:00+02:00,49.81737062652957
2018-07-08 19:00:00+02:00,53.68438606503275
2018-07-08 20:00:00+02:00,56.876318489021116
2018-07-08 21:00:00+02:00,59.92795502129491
2018-07-08 22:00:00+02:00,62.50804857231346
2018-07-08 23:00:00+02:00,60.87142343604294
2018-07-09 00:00:00+02:00,57.59569224284584
2018-07-09 01:00:00+02:00,51.331998505357184
2018-07-09 02:00:00+02:00,46.25130102432586
2018-07-09 03:00:00+02:00,43.83950870116697
2018-07-09 04:00:00+02:00,44.268466515365766
2018-07-09 05:00:00+02:00,46.805216829831785
2018-07-09 06:00:00+02:00,51.60750084039301
2018-07-09 07:00:00+02:00,56.5507256618449
2018-07-09 08:00:00+02:00,59.516613957206836
2018-07-09 09:00:00+02:00,60.359650802393524
2018-07-09 10:00:00+02:00,61.324146821715196
2018-07-09 11:00:00+02:00,62.122307187065836
2018-07-09 12:00:00+02:00,62.396275169696196
2018-07-09 13:00:00+02:00,62.96529097428763
2018-07-09 14:00:00+02:00,63.00184927917695
2018-07-09 15:00:00+02:00,58.94619477599601
2018-07-09 16:00:00+02:00,60.38030527016151
2018-07-09 17:00:00+02:00,59.12205952270629
2018-07-09 18:00:00+02:00,59.92629097374482
2018-07-09 19:00:00+02:00,59.08210377275724
2018-07-09 20:00:00+02:00,59.14115776465774
2018-07-09 21:00:00+02:00,59.44010312794856
2018-07-09 22:00:00+02:00,59.5202474074485
2018-07-09 23:00:00+02:00,56.20826747317086
2018-07-10 00:00:00+02:00,55.74622589032122
2018-07-10 01:00:00+02:00,50.38533701510715
2018-07-10 02:00:00+02:00,48.097437007227825
2018-07-10 03:00:00+02:00,48.88188407881277
2018-07-10 04:00:00+02:00,47.44498589130469
2018-07-10 05:00:00+02:00,46.52626565920465
2018-07-10 06:00:00+02:00,51.312357899061794
2018-07-10 07:00:00+02:00,55.33807659893898
2018-07-10 08:00:00+02:00,62.02023035527517
2018-07-10 09:00:00+02:00,62.819650158271486
2018-07-10 10:00:00+02:00,63.65790214444653
2018-07-10 11:00:00+02:00,62.92203971575802
2018-07-10 12:00:00+02:00,62.58804669772121
2018-07-10 13:00:00+02:00,64.10831571878754
2018-07-10 14:00:00+02:00,63.09162030617207
2018-07-10 15:00:00+02:00,62.16294399175416
2018-07-10 16:00:00+02:00,61.17852589143569
2018-07-10 17:00:00+02:00,60.363917128881944
2018-07-10 18:00:00+02:00,60.017466520874734
2018-07-10 19:00:00+02:00,58.85996679974729
2018-07-10 20:00:00+02:00,60.53624664473106
2018-07-10 21:00:00+02:00,61.12353186656361
2018-07-10 22:00:00+02:00,59.98403538722812
2018-07-10 23:00:00+02:00,56.14136229767153
2018-07-11 00:00:00+02:00,55.295087567993704
2018-07-11 01:00:00+02:00,53.12269111202338
2018-07-11 02:00:00+02:00,50.96415539020264
2018-07-11 03:00:00+02:00,49.64919317664589
2018-07-11 04:00:00+02:00,50.077759329326334
2018-07-11 05:00:00+02:00,49.30279460062055
2018-07-11 06:00:00+02:00,50.76214402173244
2018-07-11 07:00:00+02:00,54.61228307395735
2018-07-11 08:00:00+02:00,59.214056854618526
2018-07-11 09:00:00+02:00,59.45107454981786
2018-07-11 10:00:00+02:00,60.125603816322986
2018-07-11 11:00:00+02:00,60.83025232320085
2018-07-11 12:00:00+02:00,60.80385056515058
2018-07-11 13:00:00+02:00,61.282957594737475
2018-07-11 14:00:00+02:00,59.00210663046598
2018-07-11 15:00:00+02:00,58.52444197432502
2018-07-11 16:00:00+02:00,57.06890359107754
2018-07-11 17:00:00+02:00,57.8936646052816
2018-07-11 18:00:00+02:00,57.60751440045874
2018-07-11 19:00:00+02:00,57.863529637056445
2018-07-11 20:00:00+02:00,59.562155754116354
2018-07-11 21:00:00+02:00,59.44322760372728
2018-07-11 22:00:00+02:00,58.0462667865051
2018-07-11 23:00:00+02:00,54.41371066903736
2018-07-12 00:00:00+02:00,53.77166708119858
2018-07-12 01:00:00+02:00,50.89600309266721
2018-07-12 02:00:00+02:00,47.143459782233606
2018-07-12 03:00:00+02:00,47.236431007187214
2018-07-12 04:00:00+02:00,46.83250794866984
2018-07-12 05:00:00+02:00,46.78513488386281
2018-07-12 06:00:00+02:00,49.8048973832474
2018-07-12 07:00:00+02:00,54.089160429986016
2018-07-12 08:00:00+02:00,57.79523035229767
2018-07-12 09:00:00+02:00,59.010457171541454
2018-07-12 10:00:00+02:00,59.56350110476574
2018-07-12 11:00:00+02:00,60.413723751618924
2018-07-12 12:00:00+02:00,61.086731908770105
2018-07-12 13:00:00+02:00,60.61794622100073
2018-07-12 14:00:00+02:00,59.45012806216331
2018-07-12 15:00:00+02:00,59.32742606797708
2018-07-12 16:00:00+02:00,58.69245497394388
2018-07-12 17:00:00+02:00,57.96749365467749
2018-07-12 18:00:00+02:00,59.137873939022576
2018-07-12 19:00:00+02:00,58.56367071755469
2018-07-12 20:00:00+02:00,58.22147942623247
2018-07-12 21:00:00+02:00,60.55186922752404
2018-07-12 22:00:00+02:00,59.633820282943134
2018-07-12 23:00:00+02:00,57.23219552976169
2018-07-13 00:00:00+02:00,54.39210559598715
2018-07-13 01:00:00+02:00,52.21547706662256
2018-07-13 02:00:00+02:00,47.960389089812715
2018-07-13 03:00:00+02:00,49.424995004253184
2018-07-13 04:00:00+02:00,48.41598021766759
2018-07-13 05:00:00+02:00,48.71555299088001
2018-07-13 06:00:00+02:00,52.64313225607497
2018-07-13 07:00:00+02:00,54.727424045675015
2018-07-13 08:00:00+02:00,58.50444699964385
2018-07-13 09:00:00+02:00,58.705180232164906
2018-07-13 10:00:00+02:00,58.63955323684863
2018-07-13 11:00:00+02:00,60.34903386667214
2018-07-13 12:00:00+02:00,60.42239837714511
2018-07-13 13:00:00+02:00,59.970114437803566
2018-07-13 14:00:00+02:00,58.74374726095226
2018-07-13 15:00:00+02:00,58.00136079775149
2018-07-13 16:00:00+02:00,56.50920197352835
2018-07-13 17:00:00+02:00,57.526460903271435
2018-07-13 18:00:00+02:00,57.090024645273196
2018-07-13 19:00:00+02:00,57.52788985487074
2018-07-13 20:00:00+02:00,57.947643106208574
2018-07-13 21:00:00+02:00,59.79609310908057
2018-07-13 22:00:00+02:00,59.54699511731011
2018-07-13 23:00:00+02:00,55.99285345110781
2018-07-14 00:00:00+02:00,55.64931066607253
2018-07-14 01:00:00+02:00,54.91339047740195
2018-07-14 02:00:00+02:00,52.625450192557565
2018-07-14 03:00:00+02:00,49.2252093735886
2018-07-14 04:00:00+02:00,47.90914493253229
2018-07-14 05:00:00+02:00,49.79430404216887
2018-07-14 06:00:00+02:00,51.029196036054024
2018-07-14 07:00:00+02:00,51.62001092132272
2018-07-14 08:00:00+02:00,53.62300707961725
2018-07-14 09:00:00+02:00,54.076439811703466
2018-07-14 10:00:00+02:00,55.83049770561828
2018-07-14 11:00:00+02:00,56.66362246908383
2018-07-14 12:00:00+02:00,56.47791924971117
2018-07-14 13:00:00+02:00,58.04692112742031
2018-07-14 14:00:00+02:00,55.75167196826687
2018-07-14 15:00:00+02:00,53.65898924345307
2018-07-14 16:00:00+02:00,53.31822391562982
2018-07-14 17:00:00+02:00,52.344958027941715
2018-07-14 18:00:00+02:00,53.37520271582455
2018-07-14 19:00:00+02:00,54.54677889415507
2018-07-14 20:00:00+02:00,56.634948600900806
2018-07-14 21:00:00+02:00,58.587458914004166
2018-07-14 22:00:00+02:00,58.80295086946726
2018-07-14 23:00:00+02:00,58.341510360482026
2018-07-15 00:00:00+02:00,55.14963117350303
2018-07-15 01:00:00+02:00,51.946918276268605
2018-07-15 02:00:00+02:00,50.7225329512009
2018-07-15 03:00:00+02:00,50.140087883505664
2018-07-15 04:00:00+02:00,49.459790941610585
2018-07-15 05:00:00+02:00,49.92499193061474
2018-07-15 06:00:00+02:00,48.307235478555775
2018-07-15 07:00:00+02:00,48.787015685438234
2018-07-15 08:00:00+02:00,49.637452187225456
2018-07-15 09:00:00+02:00,51.31538873262003
2018-07-15 10:00:00+02:00,53.160322813089145
2018-07-15 11:00:00+02:00,53.04857729700159
2018-07-15 12:00:00+02:00,53.26666503976213
2018-07-15 13:00:00+02:00,53.16126737343506
2018-07-15 14:00:00+02:00,51.06917371195332
2018-07-15 15:00:00+02:00,48.851364093681944
2018-07-15 16:00:00+02:00,48.2003095073199
2018-07-15 17:00:00+02:00,47.30528211743955
2018-07-15 18:00:00+02:00,46.64012748495757
2018-07-15 19:00:00+02:00,49.80845677630498
2018-07-15 20:00:00+02:00,53.842806856882476
2018-07-15 21:00:00+02:00,57.529245348628855
2018-07-15 22:00:00+02:00,59.26792726193613
2018-07-15 23:00:00+02:00,57.86326075569084
2018-07-16 00:00:00+02:00,55.43689661728203
2018-07-16 01:00:00+02:00,50.904312501885705
2018-07-16 02:00:00+02:00,48.45150690959468
2018-07-16 03:00:00+02:00,46.388693742884534
2018-07-16 04:00:00+02:00,46.0007321993077
2018-07-16 05:00:00+02:00,46.102343734606315
2018-07-16 06:00:00+02:00,51.056703351522685
2018-07-16 07:00:00+02:00,55.9814135399731
2018-07-16 08:00:00+02:00,58.58127155898683
2018-07-16 09:00:00+02:00,60.97063821355598
2018-07-16 10:00:00+02:00,60.46292561505311
2018-07-16 11:00:00+02:00,60.19779397374165
2018-07-16 12:00:00+02:00,62.19630657178971
2018-07-16 13:00:00+02:00,62.09202708414231
2018-07-16 14:00:00+02:00,62.82160239921499
2018-07-16 15:00:00+02:00,61.64195144424206
2018-07-16 16:00:00+02:00,59.675138231350196
2018-07-16 17:00:00+02:00,60.03085606165144
2018-07-16 18:00:00+02:00,59.67990632839669
2018-07-16 19:00:00+02:00,60.73082039468995
2018-07-16 20:00:00+02:00,60.3596810555689
2018-07-16 21:00:00+02:00,61.920416959598406
2018-07-16 22:00:00+02:00,61.201017962222465
2018-07-16 23:00:00+02:00,57.574517890029675
2018-07-17 00:00:00+02:00,54.4543198546609
2018-07-17 01:00:00+02:00,51.76433508637975
2018-07-17 02:00:00+02:00,50.39850443514422
2018-07-17 03:00:00+02:00,49.42253742372555
2018-07-17 04:00:00+02:00,46.864287590016566
2018-07-17 05:00:00+02:00,47.16101797675582
2018-07-17 06:00:00+02:00,51.649189879172724
2018-07-17 07:00:00+02:00,54.99994640966707
2018-07-17 08:00:00+02:00,59.86631763235413
2018-07-17 09:00:00+02:00,59.97767014004861
2018-07-17 10:00:00+02:00,61.22539884031229
2018-07-17 11:00:00+02:00,61.255889817431346
2018-07-17 12:00:00+02:00,61.600666654578326
2018-07-17 13:00:00+02:00,61.35329648452814
2018-07-17 14:00:00+02:00,61.06134838466827
2018-07-17 15:00:00+02:00,60.25988125312933
2018-07-17 16:00:00+02:00,59.92460323600915
2018-07-17 17:00:00+02:00,59.21906771437427
2018-07-17 18:00:00+02:00,59.31489675043556
2018-07-17 19:00:00+02:00,58.246871849635944
2018-07-17 20:00:00+02:00,58.08817713099818
2018-07-17 21:00:00+02:00,59.44041459849354
2018-07-17 22:00:00+02:00,59.15768470249996
2018-07-17 23:00:00+02:00,57.25107483285128
2018-07-18 00:00:00+02:00,55.1099536089489
2018-07-18 01:00:00+02:00,52.31086257158537
2018-07-18 02:00:00+02:00,50.82344308358018
2018-07-18 03:00:00+02:00,47.02662263914285
2018-07-18 04:00:00+02:00,48.96831933141632
2018-07-18 05:00:00+02:00,50.130721859927945
2018-07-18 06:00:00+02:00,52.12919167238598
2018-07-18 07:00:00+02:00,55.392592045012776
2018-07-18 08:00:00+02:00,58.26994557605237
2018-07-18 09:00:00+02:00,58.9829387075339
2018-07-18 10:00:00+02:00,59.42740001427294
2018-07-18 11:00:00+02:00,60.16890957465998
2018-07-18 12:00:00+02:00,61.4193190750604
2018-07-18 13:00:00+02:00,61.541045894371344
2018-07-18 14:00:00+02:00,59.64628553667844
2018-07-18 15:00:00+02:00,59.13469571497038
2018-07-18 16:00:00+02:00,59.19563096212401
2018-07-18 17:00:00+02:00,58.20063476721995
2018-07-18 18:00:00+02:00,58.60355946721853
2018-07-18 19:00:00+02:00,57.75426355532812
2018-07-18 20:00:00+02:00,57.48281370493269
2018-07-18 21:00:00+02:00,59.93244541298403
2018-07-18 22:00:00+02:00,59.35129144512422
2018-07-18 23:00:00+02:00,56.70713747678705
2018-07-19 00:00:00+02:00,54.25553275824231
2018-07-19 01:00:00+02:00,51.10887796271385
2018-07-19 02:00:00+02:00,50.60334558140275
2018-07-19 03:00:00+02:00,49.585285852569314
2018-07-19 04:00:00+02:00,49.80463022580316
2018-07-19 05:00:00+02:00,50.758876319922585
2018-07-19 06:00:00+02:00,54.309634457806766
2018-07-19 07:00:00+02:00,58.07926271318911
2018-07-19 08:00:00+02:00,61.0216347549812
2018-07-19 09:00:00+02:00,61.025809130310286
2018-07-19 10:00:00+02:00,61.568918070154126
2018-07-19 11:00:00+02:00,61.39478992497306
2018-07-19 12:00:00+02:00,61.6289055637121
2018-07-19 13:00:00+02:00,61.69672787751645
2018-07-19 14:00:00+02:00,61.76829595748722
2018-07-19 15:00:00+02:00,59.772379272959085
2018-07-19 16:00:00+02:00,58.14889521751212
2018-07-19 17:00:00+02:00,57.54451544373426
2018-07-19 18:00:00+02:00,57.63843324662789
2018-07-19 19:00:00+02:00,56.42066945264463
2018-07-19 20:00:00+02:00,58.3682783497887
2018-07-19 21:00:00+02:00,59.342286903732486
2018-07-19 22:00:00+02:00,59.59411499458616
2018-07-19 23:00:00+02:00,57.21790356238305
2018-07-20 00:00:00+02:00,54.64851972470647
2018-07-20 01:00:00+02:00,51.73112222609959
2018-07-20 02:00:00+02:00,49.27090955569816
2018-07-20 03:00:00+02:00,50.15405015281982
2018-07-20 04:00:00+02:00,48.54160683981809
2018-07-20 05:00:00+02:00,48.753548563037555
2018-07-20 06:00:00+02:00,53.22585819166856
2018-07-20 07:00:00+02:00,56.53646144035893
2018-07-20 08:00:00+02:00,59.62626315615534
2018-07-20 09:00:00+02:00,61.06657551064956
2018-07-20 10:00:00+02:00,61.94331942280153
2018-07-20 11:00:00+02:00,62.60807501017174
2018-07-20 12:00:00+02:00,61.84595119024785
2018-07-20 13:00:00+02:00,61.56405852692006
2018-07-20 14:00:00+02:00,60.43289886237576
2018-07-20 15:00:00+02:00,58.89469679707377
2018-07-20 16:00:00+02:00,57.86557614567756
2018-07-20 17:00:00+02:00,57.79518451444141
2018-07-20 18:00:00+02:00,56.24224178780662
2018-07-20 19:00:00+02:00,55.71741467148994
2018-07-20 20:00:00+02:00,57.58934171206917
2018-07-20 21:00:00+02:00,59.176307302262046
2018-07-20 22:00:00+02:00,58.52107908615244
2018-07-20 23:00:00+02:00,55.3013800294724
2018-07-21 00:00:00+02:00,54.322229800436766
2018-07-21 01:00:00+02:00,51.23532167275059
2018-07-21 02:00:00+02:00,50.06238036461237
2018-07-21 03:00:00+02:00,50.44978511809373
2018-07-21 04:00:00+02:00,49.34795709206457
2018-07-21 05:00:00+02:00,49.044557950027354
2018-07-21 06:00:00+02:00,46.90659407975946
2018-07-21 07:00:00+02:00,49.201346738627876
2018-07-21 08:00:00+02:00,52.70742417459254
2018-07-21 09:00:00+02:00,53.58808835873261
2018-07-21 10:00:00+02:00,54.057170396015486
2018-07-21 11:00:00+02:00,55.76415002750233
2018-07-21 12:00:00+02:00,57.3084480296533
2018-07-21 13:00:00+02:00,56.871192560795556
2018-07-21 14:00:00+02:00,55.49851369713093
2018-07-21 15:00:00+02:00,53.41512481977836
2018-07-21 16:00:00+02:00,52.123561212970436
2018-07-21 17:00:00+02:00,52.205121090443576
2018-07-21 18:00:00+02:00,52.12416906618042
2018-07-21 19:00:00+02:00,53.39076263120537
2018-07-21 20:00:00+02:00,54.86746569871902
2018-07-21 21:00:00+02:00,57.117785006301546
2018-07-21 22:00:00+02:00,57.474786388981336
2018-07-21 23:00:00+02:00,56.16237279661835
2018-07-22 00:00:00+02:00,49.769170125900295
2018-07-22 01:00:00+02:00,48.302077515275336
2018-07-22 02:00:00+02:00,47.52080183478935
2018-07-22 03:00:00+02:00,48.106424982263036
2018-07-22 04:00:00+02:00,47.91852247191645
2018-07-22 05:00:00+02:00,46.8001954509403
2018-07-22 06:00:00+02:00,46.00114253519839
2018-07-22 07:00:00+02:00,47.57611054081682
2018-07-22 08:00:00+02:00,47.99321196333909
2018-07-22 09:00:00+02:00,49.23906395560832
2018-07-22 10:00:00+02:00,51.198758129821535
2018-07-22 11:00:00+02:00,52.10166736313326
2018-07-22 12:00:00+02:00,52.389358109936495
2018-07-22 13:00:00+02:00,54.63037223097043
2018-07-22 14:00:00+02:00,52.8023268506304
2018-07-22 15:00:00+02:00,50.520148834789545
2018-07-22 16:00:00+02:00,47.95777402357879
2018-07-22 17:00:00+02:00,49.32553116987265
2018-07-22 18:00:00+02:00,50.53673639025566
2018-07-22 19:00:00+02:00,53.8569783414996
2018-07-22 20:00:00+02:00,56.448934231859425
2018-07-22 21:00:00+02:00,59.62715671482092
2018-07-22 22:00:00+02:00,61.16482968489991
2018-07-22 23:00:00+02:00,58.901731347592595
2018-07-23 00:00:00+02:00,55.5983156586149
2018-07-23 01:00:00+02:00,51.979072702741774
2018-07-23 02:00:00+02:00,48.47471344848759
2018-07-23 03:00:00+02:00,47.7848244215101
2018-07-23 04:00:00+02:00,47.977171457188625
2018-07-23 05:00:00+02:00,49.78110541802666
2018-07-23 06:00:00+02:00,53.41347132472584
2018-07-23 07:00:00+02:00,56.394308194713176
2018-07-23 08:00:00+02:00,58.5448704957001
2018-07-23 09:00:00+02:00,60.64556075450056
2018-07-23 10:00:00+02:00,60.66217365063574
2018-07-23 11:00:00+02:00,60.69270988729187
2018-07-23 12:00:00+02:00,61.147941213575486
2018-07-23 13:00:00+02:00,62.36904747826941
2018-07-23 14:00:00+02:00,62.52101887170807
2018-07-23 15:00:00+02:00,60.24246990401354
2018-07-23 16:00:00+02:00,60.84871826376366
2018-07-23 17:00:00+02:00,60.383551082343494
2018-07-23 18:00:00+02:00,59.79986196465213
2018-07-23 19:00:00+02:00,58.77957303016314
2018-07-23 20:00:00+02:00,59.473638465771785
2018-07-23 21:00:00+02:00,60.9828316259706
2018-07-23 22:00:00+02:00,60.82878846724177
2018-07-23 23:00:00+02:00,58.23525629381817
2018-07-24 00:00:00+02:00,53.792038022999314
2018-07-24 01:00:00+02:00,51.19078036257165
2018-07-24 02:00:00+02:00,50.71721027399295
2018-07-24 03:00:00+02:00,49.59615958314466
2018-07-24 04:00:00+02:00,48.27475812066434
2018-07-24 05:00:00+02:00,49.71310348984586
2018-07-24 06:00:00+02:00,53.013326407358385
2018-07-24 07:00:00+02:00,55.9008112710874
2018-07-24 08:00:00+02:00,60.66612259424404
2018-07-24 09:00:00+02:00,60.89495979504455
2018-07-24 10:00:00+02:00,61.974896974402974
2018-07-24 11:00:00+02:00,60.1175802014446
2018-07-24 12:00:00+02:00,60.758238154036036
2018-07-24 13:00:00+02:00,61.76454692066256
2018-07-24 14:00:00+02:00,60.09222028899445
2018-07-24 15:00:00+02:00,58.99141800178787
2018-07-24 16:00:00+02:00,58.502471426281
2018-07-24 17:00:00+02:00,58.26921843898669
2018-07-24 18:00:00+02:00,58.688663710073605
2018-07-24 19:00:00+02:00,58.21384516774754
2018-07-24 20:00:00+02:00,58.857937608299544
2018-07-24 21:00:00+02:00,59.5387891185832
2018-07-24 22:00:00+02:00,59.517228153839845
2018-07-24 23:00:00+02:00,56.09496945926867
2018-07-25 00:00:00+02:00,53.754822545762636
2018-07-25 01:00:00+02:00,49.8673722969495
2018-07-25 02:00:00+02:00,50.91456057617696
2018-07-25 03:00:00+02:00,50.29779367978741
2018-07-25 04:00:00+02:00,49.560783611437806
2018-07-25 05:00:00+02:00,50.476309411601754
2018-07-25 06:00:00+02:00,53.684714078416356
2018-07-25 07:00:00+02:00,55.73973821317026
2018-07-25 08:00:00+02:00,59.80117153308296
2018-07-25 09:00:00+02:00,60.743445776077884
2018-07-25 10:00:00+02:00,61.19128462501081
2018-07-25 11:00:00+02:00,61.33862521935299
2018-07-25 12:00:00+02:00,63.04356590758104
2018-07-25 13:00:00+02:00,63.341186076939074
2018-07-25 14:00:00+02:00,61.72497772328963
2018-07-25 15:00:00+02:00,58.7658508450178
2018-07-25 16:00:00+02:00,58.61130059985521
2018-07-25 17:00:00+02:00,57.265282235500344
2018-07-25 18:00:00+02:00,57.83216750661932
2018-07-25 19:00:00+02:00,57.7059065464386
2018-07-25 20:00:00+02:00,56.469023626557295
2018-07-25 21:00:00+02:00,58.95495046979607
2018-07-25 22:00:00+02:00,58.48686441712982
2018-07-25 23:00:00+02:00,56.26738629043291
2018-07-26 00:00:00+02:00,56.67642110552307
2018-07-26 01:00:00+02:00,54.80722571999571
2018-07-26 02:00:00+02:00,52.811256877574216
2018-07-26 03:00:00+02:00,52.185182355625706
2018-07-26 04:00:00+02:00,50.83736498485795
2018-07-26 05:00:00+02:00,50.99320885249364
2018-07-26 06:00:00+02:00,53.91908743529796
2018-07-26 07:00:00+02:00,56.23870110929396
2018-07-26 08:00:00+02:00,59.3002829373961
2018-07-26 09:00:00+02:00,60.01052971107356
2018-07-26 10:00:00+02:00,61.39794046340379
2018-07-26 11:00:00+02:00,62.01012176282634
2018-07-26 12:00:00+02:00,62.552382146014956
2018-07-26 13:00:00+02:00,62.101293305678944
2018-07-26 14:00:00+02:00,61.232008996336
2018-07-26 15:00:00+02:00,58.6162412587583
2018-07-26 16:00:00+02:00,58.00370878246156
2018-07-26 17:00:00+02:00,57.410052617144665
2018-07-26 18:00:00+02:00,56.7049385043305
2018-07-26 19:00:00+02:00,56.72844970269714
2018-07-26 20:00:00+02:00,57.4452271180974
2018-07-26 21:00:00+02:00,59.191226884016146
2018-07-26 22:00:00+02:00,59.08741167438561
2018-07-26 23:00:00+02:00,56.65886370300469
2018-07-27 00:00:00+02:00,55.73119340844832
2018-07-27 01:00:00+02:00,52.01239692500098
2018-07-27 02:00:00+02:00,51.72978996209417
2018-07-27 03:00:00+02:00,51.57354079132596
2018-07-27 04:00:00+02:00,50.04980819675294
2018-07-27 05:00:00+02:00,50.19898247453358
2018-07-27 06:00:00+02:00,54.198486065613245
2018-07-27 07:00:00+02:00,56.59492864870049
2018-07-27 08:00:00+02:00,60.22797261430503
2018-07-27 09:00:00+02:00,60.367848594324975
2018-07-27 10:00:00+02:00,61.67976798300625
2018-07-27 11:00:00+02:00,61.33203964935035
2018-07-27 12:00:00+02:00,62.95487271616861
2018-07-27 13:00:00+02:00,62.06710294951177
2018-07-27 14:00:00+02:00,60.17403708987424
2018-07-27 15:00:00+02:00,58.36836501566438
2018-07-27 16:00:00+02:00,57.07178621544102
2018-07-27 17:00:00+02:00,56.56758027687582
2018-07-27 18:00:00+02:00,56.90154144980827
2018-07-27 19:00:00+02:00,55.71135685810899
2018-07-27 20:00:00+02:00,55.875026642830505
2018-07-27 21:00:00+02:00,58.153171031065106
2018-07-27 22:00:00+02:00,58.30104133892513
2018-07-27 23:00:00+02:00,56.68251862608843
2018-07-28 00:00:00+02:00,56.709951975162426
2018-07-28 01:00:00+02:00,52.361716471401714
2018-07-28 02:00:00+02:00,51.40358111827965
2018-07-28 03:00:00+02:00,50.5118449691673
2018-07-28 04:00:00+02:00,51.080569656838776
2018-07-28 05:00:00+02:00,50.92105315978784
2018-07-28 06:00:00+02:00,49.7117787942239
2018-07-28 07:00:00+02:00,49.232599448206656
2018-07-28 08:00:00+02:00,53.73964412536418
2018-07-28 09:00:00+02:00,54.68082251106356
2018-07-28 10:00:00+02:00,55.129980372776465
2018-07-28 11:00:00+02:00,55.66995691754418
2018-07-28 12:00:00+02:00,56.623663397555816
2018-07-28 13:00:00+02:00,57.26621559689562
2018-07-28 14:00:00+02:00,54.199932233111646
2018-07-28 15:00:00+02:00,51.49530153714853
2018-07-28 16:00:00+02:00,50.79055247750341
2018-07-28 17:00:00+02:00,51.3366065573071
2018-07-28 18:00:00+02:00,50.361181531204714
2018-07-28 19:00:00+02:00,51.73374090015948
2018-07-28 20:00:00+02:00,54.090891877124086
2018-07-28 21:00:00+02:00,55.547624634024906
2018-07-28 22:00:00+02:00,57.572808618438124
2018-07-28 23:00:00+02:00,55.591618148964436
2018-07-29 00:00:00+02:00,54.47109618030934
2018-07-29 01:00:00+02:00,50.058891802470306
2018-07-29 02:00:00+02:00,48.97892800753953
2018-07-29 03:00:00+02:00,48.893189377390904
2018-07-29 04:00:00+02:00,50.01572531360614
2018-07-29 05:00:00+02:00,48.82540016376271
2018-07-29 06:00:00+02:00,46.9694320543451
2018-07-29 07:00:00+02:00,47.85315733360843
2018-07-29 08:00:00+02:00,50.04228934076108
2018-07-29 09:00:00+02:00,50.00940893674806
2018-07-29 10:00:00+02:00,51.67891219094343
2018-07-29 11:00:00+02:00,52.9784471961543
2018-07-29 12:00:00+02:00,52.7500053214728
2018-07-29 13:00:00+02:00,52.51176788489959
2018-07-29 14:00:00+02:00,51.85177633935768
2018-07-29 15:00:00+02:00,49.27276907681138
2018-07-29 16:00:00+02:00,47.257205563359925
2018-07-29 17:00:00+02:00,47.466478807860845
2018-07-29 18:00:00+02:00,47.68243331586573
2018-07-29 19:00:00+02:00,51.06121307184125
2018-07-29 20:00:00+02:00,53.950819282227265
2018-07-29 21:00:00+02:00,57.441845775196384
2018-07-29 22:00:00+02:00,61.74133446052602
2018-07-29 23:00:00+02:00,58.23368956692556
2018-07-30 00:00:00+02:00,56.46774282111937
2018-07-30 01:00:00+02:00,53.910776229951125
2018-07-30 02:00:00+02:00,51.97027495915085
2018-07-30 03:00:00+02:00,50.538834564016405
2018-07-30 04:00:00+02:00,49.21184667491624
2018-07-30 05:00:00+02:00,49.15297539262783
2018-07-30 06:00:00+02:00,51.89046382743976
2018-07-30 07:00:00+02:00,55.26782846861528
2018-07-30 08:00:00+02:00,58.67643205148254
2018-07-30 09:00:00+02:00,59.81442568843321
2018-07-30 10:00:00+02:00,60.920833833866055
2018-07-30 11:00:00+02:00,61.560044385801554
2018-07-30 12:00:00+02:00,62.16103374289503
2018-07-30 13:00:00+02:00,62.09720255264983
2018-07-30 14:00:00+02:00,61.52715804265307
2018-07-30 15:00:00+02:00,60.06466769463007
2018-07-30 16:00:00+02:00,59.08987274343905
2018-07-30 17:00:00+02:00,59.35231808054539
2018-07-30 18:00:00+02:00,58.38423283031128
2018-07-30 19:00:00+02:00,59.27015301936123
2018-07-30 20:00:00+02:00,58.59135206270426
2018-07-30 21:00:00+02:00,59.76868459528518
2018-07-30 22:00:00+02:00,59.26879471976958
2018-07-30 23:00:00+02:00,57.191239238194235
2018-07-31 00:00:00+02:00,55.496168794433764
2018-07-31 01:00:00+02:00,52.18781607467421
2018-07-31 02:00:00+02:00,49.97831802029096
2018-07-31 03:00:00+02:00,49.35040394929547
2018-07-31 04:00:00+02:00,48.34755962062305
2018-07-31 05:00:00+02:00,49.7255269325332
2018-07-31 06:00:00+02:00,52.943785449007656
2018-07-31 07:00:00+02:00,56.26504662788119
2018-07-31 08:00:00+02:00,58.722127777671936
2018-07-31 09:00:00+02:00,59.284487240581534
2018-07-31 10:00:00+02:00,59.93000142196049
2018-07-31 11:00:00+02:00,60.8714293048856
2018-07-31 12:00:00+02:00,61.942749734102996
2018-07-31 13:00:00+02:00,62.93140759952172
2018-07-31 14:00:00+02:00,61.64421537608404
2018-07-31 15:00:00+02:00,59.25809923466094
2018-07-31 16:00:00+02:00,57.649273384704145
2018-07-31 17:00:00+02:00,56.94649487706022
2018-07-31 18:00:00+02:00,57.388502615784695
2018-07-31 19:00:00+02:00,56.268478020730754
2018-07-31 20:00:00+02:00,56.31211551131725
2018-07-31 21:00:00+02:00,57.91947676992902
2018-07-31 22:00:00+02:00,57.706181218274935
2018-07-31 23:00:00+02:00,55.17097456617839
2018-08-01 00:00:00+02:00,55.95434984637944
2018-08-01 01:00:00+02:00,50.728530877178834
2018-08-01 02:00:00+02:00,49.04373551378519
2018-08-01 03:00:00+02:00,48.53538706864568
2018-08-01 04:00:00+02:00,48.274246760548486
2018-08-01 05:00:00+02:00,48.256394209457824
2018-08-01 06:00:00+02:00,51.184512599219126
2018-08-01 07:00:00+02:00,53.830733380169626
2018-08-01 08:00:00+02:00,57.35162044032009
2018-08-01 09:00:00+02:00,58.552355248056635
2018-08-01 10:00:00+02:00,59.156050432539416
2018-08-01 11:00:00+02:00,59.62215809477626
2018-08-01 12:00:00+02:00,60.31410095285202
2018-08-01 13:00:00+02:00,60.898549177041865
2018-08-01 14:00:00+02:00,60.77428725385255
2018-08-01 15:00:00+02:00,58.752319340581174
2018-08-01 16:00:00+02:00,58.890986428603675
2018-08-01 17:00:00+02:00,57.48867075944951
2018-08-01 18:00:00+02:00,57.59915010395462
2018-08-01 19:00:00+02:00,56.94747546761587
2018-08-01 20:00:00+02:00,56.74649392521854
2018-08-01 21:00:00+02:00,57.71827677868696
2018-08-01 22:00:00+02:00,57.51273851402116
2018-08-01 23:00:00+02:00,54.71977038407598
2018-08-02 00:00:00+02:00,54.30384629519187
2018-08-02 01:00:00+02:00,52.0963464854199
2018-08-02 02:00:00+02:00,49.73838647071298
2018-08-02 03:00:00+02:00,49.467150339364224
2018-08-02 04:00:00+02:00,49.15092119868273
2018-08-02 05:00:00+02:00,48.874264334130885
2018-08-02 06:00:00+02:00,51.220080307271616
2018-08-02 07:00:00+02:00,54.40508468333048
2018-08-02 08:00:00+02:00,56.62419148480881
2018-08-02 09:00:00+02:00,58.50623670426766
2018-08-02 10:00:00+02:00,59.310091885169264
2018-08-02 11:00:00+02:00,59.785054843661065
2018-08-02 12:00:00+02:00,60.85660049448487
2018-08-02 13:00:00+02:00,61.46451736503542
2018-08-02 14:00:00+02:00,61.174323679093824
2018-08-02 15:00:00+02:00,61.638081451180035
2018-08-02 16:00:00+02:00,60.371665744499666
2018-08-02 17:00:00+02:00,60.90058586337104
2018-08-02 18:00:00+02:00,60.688477688451464
2018-08-02 19:00:00+02:00,59.73267331366646
2018-08-02 20:00:00+02:00,59.62013307558263
2018-08-02 21:00:00+02:00,62.11078244726468
2018-08-02 22:00:00+02:00,60.57874696295634
2018-08-02 23:00:00+02:00,56.72193585313867
2018-08-03 00:00:00+02:00,57.35257471666008
2018-08-03 01:00:00+02:00,53.783403067687345
2018-08-03 02:00:00+02:00,51.13571882031655
2018-08-03 03:00:00+02:00,50.038694937012394
2018-08-03 04:00:00+02:00,49.76957050210296
2018-08-03 05:00:00+02:00,51.862125811637775
2018-08-03 06:00:00+02:00,54.20003423214386
2018-08-03 07:00:00+02:00,57.63154282995458
2018-08-03 08:00:00+02:00,61.08819857804993
2018-08-03 09:00:00+02:00,63.19822469848066
2018-08-03 10:00:00+02:00,62.95031707507488
2018-08-03 11:00:00+02:00,64.52345980705739
2018-08-03 12:00:00+02:00,65.73482903506377
2018-08-03 13:00:00+02:00,67.84783735292338
2018-08-03 14:00:00+02:00,67.58234480970219
2018-08-03 15:00:00+02:00,65.62222311898303
2018-08-03 16:00:00+02:00,66.58147200560444
2018-08-03 17:00:00+02:00,66.34288329867572
2018-08-03 18:00:00+02:00,66.59826214515948
2018-08-03 19:00:00+02:00,63.80526681364987
2018-08-03 20:00:00+02:00,64.24904569774806
2018-08-03 21:00:00+02:00,65.96601461832513
2018-08-03 22:00:00+02:00,64.6164714345626
2018-08-03 23:00:00+02:00,60.47389488994505
2018-08-04 00:00:00+02:00,58.49757382519807
2018-08-04 01:00:00+02:00,54.5194361012209
2018-08-04 02:00:00+02:00,51.111118507535515
2018-08-04 03:00:00+02:00,50.26812471516109
2018-08-04 04:00:00+02:00,49.63931093723509
2018-08-04 05:00:00+02:00,49.639332508308144
2018-08-04 06:00:00+02:00,46.969783036587984
2018-08-04 07:00:00+02:00,49.639694418639486
2018-08-04 08:00:00+02:00,50.98365902173227
2018-08-04 09:00:00+02:00,53.669285590827315
2018-08-04 10:00:00+02:00,54.52777091184979
2018-08-04 11:00:00+02:00,56.41547336769306
2018-08-04 12:00:00+02:00,57.75841769013507
2018-08-04 13:00:00+02:00,57.86542536644547
2018-08-04 14:00:00+02:00,56.785107545334135
2018-08-04 15:00:00+02:00,54.94490534397479
2018-08-04 16:00:00+02:00,54.52848912113094
2018-08-04 17:00:00+02:00,54.80453284504565
2018-08-04 18:00:00+02:00,55.56216018668331
2018-08-04 19:00:00+02:00,57.03405472348624
2018-08-04 20:00:00+02:00,58.35753161808025
2018-08-04 21:00:00+02:00,59.37256316224739
2018-08-04 22:00:00+02:00,60.982391852552986
2018-08-04 23:00:00+02:00,57.33713328129128
2018-08-05 00:00:00+02:00,50.917217920114375
2018-08-05 01:00:00+02:00,48.92187917500368
2018-08-05 02:00:00+02:00,45.04660924003243
2018-08-05 03:00:00+02:00,43.33885647359846
2018-08-05 04:00:00+02:00,41.51308998820969
2018-08-05 05:00:00+02:00,42.87096428875464
2018-08-05 06:00:00+02:00,43.48267585413311
2018-08-05 07:00:00+02:00,42.73487926737806
2018-08-05 08:00:00+02:00,44.82125268560274
2018-08-05 09:00:00+02:00,46.485532635696906
2018-08-05 10:00:00+02:00,47.85566815433763
2018-08-05 11:00:00+02:00,49.06034875168112
2018-08-05 12:00:00+02:00,48.47759237634828
2018-08-05 13:00:00+02:00,50.66872234583147
2018-08-05 14:00:00+02:00,51.11981737115991
2018-08-05 15:00:00+02:00,47.58826895817011
2018-08-05 16:00:00+02:00,46.38305687493604
2018-08-05 17:00:00+02:00,46.58928453116197
2018-08-05 18:00:00+02:00,47.914541197595504
2018-08-05 19:00:00+02:00,48.193847530780374
2018-08-05 20:00:00+02:00,52.5315541905091
2018-08-05 21:00:00+02:00,57.07733068166615
2018-08-05 22:00:00+02:00,57.91852416450633
2018-08-05 23:00:00+02:00,57.239283976575564
2018-08-06 00:00:00+02:00,57.40579489776446
2018-08-06 01:00:00+02:00,52.753797118722765
2018-08-06 02:00:00+02:00,49.67441914095661
2018-08-06 03:00:00+02:00,49.88809601506086
2018-08-06 04:00:00+02:00,48.98812008881517
2018-08-06 05:00:00+02:00,49.17828042724347
2018-08-06 06:00:00+02:00,53.40910355908261
2018-08-06 07:00:00+02:00,55.16370770339007
2018-08-06 08:00:00+02:00,57.51897453057375
2018-08-06 09:00:00+02:00,59.44084559025513
2018-08-06 10:00:00+02:00,59.66970804860583
2018-08-06 11:00:00+02:00,59.82158453950239
2018-08-06 12:00:00+02:00,59.95494231961866
2018-08-06 13:00:00+02:00,60.49209523594052
2018-08-06 14:00:00+02:00,59.09665804905986
2018-08-06 15:00:00+02:00,58.32343833770609
2018-08-06 16:00:00+02:00,57.853721896033335
2018-08-06 17:00:00+02:00,58.19681923337973
2018-08-06 18:00:00+02:00,60.5064197776702
2018-08-06 19:00:00+02:00,60.335605325563414
2018-08-06 20:00:00+02:00,59.04250054470452
2018-08-06 21:00:00+02:00,59.96832376137473
2018-08-06 22:00:00+02:00,62.03631013430965
2018-08-06 23:00:00+02:00,57.59196715770613
2018-08-07 00:00:00+02:00,55.2944875399474
2018-08-07 01:00:00+02:00,52.03684180824124
2018-08-07 02:00:00+02:00,47.85276447424789
2018-08-07 03:00:00+02:00,47.3222823844485
2018-08-07 04:00:00+02:00,48.68484897115572
2018-08-07 05:00:00+02:00,49.169370177799664
2018-08-07 06:00:00+02:00,51.13140645569357
2018-08-07 07:00:00+02:00,54.498089057698756
2018-08-07 08:00:00+02:00,58.11875012272952
2018-08-07 09:00:00+02:00,61.24627796046971
2018-08-07 10:00:00+02:00,60.8785921155806
2018-08-07 11:00:00+02:00,61.98230208473311
2018-08-07 12:00:00+02:00,62.327391846792864
2018-08-07 13:00:00+02:00,64.65747893327226
2018-08-07 14:00:00+02:00,62.38655274382634
2018-08-07 15:00:00+02:00,62.41996922201702
2018-08-07 16:00:00+02:00,61.6568755382288
2018-08-07 17:00:00+02:00,58.85667374543374
2018-08-07 18:00:00+02:00,61.03150447619475
2018-08-07 19:00:00+02:00,59.11731902127419
2018-08-07 20:00:00+02:00,60.899305958983916
2018-08-07 21:00:00+02:00,63.175937850159585
2018-08-07 22:00:00+02:00,61.79201944890878
2018-08-07 23:00:00+02:00,59.41400265308971
2018-08-08 00:00:00+02:00,55.87921440393071
2018-08-08 01:00:00+02:00,53.218285757495806
2018-08-08 02:00:00+02:00,49.577458913392626
2018-08-08 03:00:00+02:00,50.0374631103164
2018-08-08 04:00:00+02:00,48.734343305940286
2018-08-08 05:00:00+02:00,47.95888389144168
2018-08-08 06:00:00+02:00,53.34705412523871
2018-08-08 07:00:00+02:00,56.061912147134684
2018-08-08 08:00:00+02:00,59.77659180989113
2018-08-08 09:00:00+02:00,60.26618387531548
2018-08-08 10:00:00+02:00,61.69529340220209
2018-08-08 11:00:00+02:00,64.26493070850726
2018-08-08 12:00:00+02:00,64.61321223181191
2018-08-08 13:00:00+02:00,64.90883218415222
2018-08-08 14:00:00+02:00,63.902792345948846
2018-08-08 15:00:00+02:00,62.02051626228046
2018-08-08 16:00:00+02:00,60.39241630068445
2018-08-08 17:00:00+02:00,59.4980167305745
2018-08-08 18:00:00+02:00,58.117389832046854
2018-08-08 19:00:00+02:00,57.68771602649971
2018-08-08 20:00:00+02:00,58.77051699048396
2018-08-08 21:00:00+02:00,60.5311501355678
2018-08-08 22:00:00+02:00,59.83559737112383
2018-08-08 23:00:00+02:00,58.5656437555804
2018-08-09 00:00:00+02:00,56.690635592568015
2018-08-09 01:00:00+02:00,51.902514792306526
2018-08-09 02:00:00+02:00,49.163349415638
2018-08-09 03:00:00+02:00,45.975542063224225
2018-08-09 04:00:00+02:00,45.50503820859824
2018-08-09 05:00:00+02:00,46.474333968743906
2018-08-09 06:00:00+02:00,50.45045147713194
2018-08-09 07:00:00+02:00,55.33993743442469
2018-08-09 08:00:00+02:00,57.71773359480258
2018-08-09 09:00:00+02:00,60.589245173602784
2018-08-09 10:00:00+02:00,61.88879793650125
2018-08-09 11:00:00+02:00,61.382057689319
2018-08-09 12:00:00+02:00,62.72011418063352
2018-08-09 13:00:00+02:00,62.724691699801106
2018-08-09 14:00:00+02:00,60.35217759937825
2018-08-09 15:00:00+02:00,57.93970985261268
2018-08-09 16:00:00+02:00,58.19846324667687
2018-08-09 17:00:00+02:00,56.3450779928116
2018-08-09 18:00:00+02:00,59.09400592380255
2018-08-09 19:00:00+02:00,57.68730404051587
2018-08-09 20:00:00+02:00,59.814249582358535
2018-08-09 21:00:00+02:00,59.18114854035608
2018-08-09 22:00:00+02:00,58.09702284632528
2018-08-09 23:00:00+02:00,54.1370968723535
2018-08-10 00:00:00+02:00,49.14068187155942
2018-08-10 01:00:00+02:00,46.901789839533954
2018-08-10 02:00:00+02:00,43.760464079332756
2018-08-10 03:00:00+02:00,44.038391355839934
2018-08-10 04:00:00+02:00,44.3389976102819
2018-08-10 05:00:00+02:00,44.76858448874281
2018-08-10 06:00:00+02:00,48.66953136267198
2018-08-10 07:00:00+02:00,52.757815222481575
2018-08-10 08:00:00+02:00,57.43462389881906
2018-08-10 09:00:00+02:00,58.51922738383078
2018-08-10 10:00:00+02:00,58.36243565841939
2018-08-10 11:00:00+02:00,59.910373434868205
2018-08-10 12:00:00+02:00,60.851001960847725
2018-08-10 13:00:00+02:00,60.658052372284466
2018-08-10 14:00:00+02:00,59.29969975473144
2018-08-10 15:00:00+02:00,58.416397653811885
2018-08-10 16:00:00+02:00,58.108373306015494
2018-08-10 17:00:00+02:00,57.283755585384306
2018-08-10 18:00:00+02:00,57.47787915329301
2018-08-10 19:00:00+02:00,58.06844163221851
2018-08-10 20:00:00+02:00,57.85402772260153
2018-08-10 21:00:00+02:00,59.548399523328385
2018-08-10 22:00:00+02:00,58.311809587520656
2018-08-10 23:00:00+02:00,54.49408937242402
2018-08-11 00:00:00+02:00,53.28388545690243
2018-08-11 01:00:00+02:00,51.450184463129666
2018-08-11 02:00:00+02:00,47.52570466255505
2018-08-11 03:00:00+02:00,46.19475369976036
2018-08-11 04:00:00+02:00,47.1537522041971
2018-08-11 05:00:00+02:00,47.94536846626844
2018-08-11 06:00:00+02:00,48.42956952797362
2018-08-11 07:00:00+02:00,49.391180068264475
2018-08-11 08:00:00+02:00,50.794530231632244
2018-08-11 09:00:00+02:00,53.06058407328188
2018-08-11 10:00:00+02:00,55.00276397130484
2018-08-11 11:00:00+02:00,55.2695101530004
2018-08-11 12:00:00+02:00,55.85139829596125
2018-08-11 13:00:00+02:00,55.31999681963847
2018-08-11 14:00:00+02:00,54.60893958450517
2018-08-11 15:00:00+02:00,50.9462655507526
2018-08-11 16:00:00+02:00,51.41961497977463
2018-08-11 17:00:00+02:00,51.53885543954271
2018-08-11 18:00:00+02:00,52.579824939853815
2018-08-11 19:00:00+02:00,54.56570143894692
2018-08-11 20:00:00+02:00,57.0100197317363
2018-08-11 21:00:00+02:00,57.4100568601302
2018-08-11 22:00:00+02:00,58.46670806110141
2018-08-11 23:00:00+02:00,56.42982763315667
2018-08-12 00:00:00+02:00,54.792146530515616
2018-08-12 01:00:00+02:00,52.74162959226038
2018-08-12 02:00:00+02:00,49.66497719059874
2018-08-12 03:00:00+02:00,48.85172934361132
2018-08-12 04:00:00+02:00,47.605083261444946
2018-08-12 05:00:00+02:00,47.40696291150679
2018-08-12 06:00:00+02:00,47.422218607001156
2018-08-12 07:00:00+02:00,48.02656659512464
2018-08-12 08:00:00+02:00,49.612056447258446
2018-08-12 09:00:00+02:00,50.752468394994914
2018-08-12 10:00:00+02:00,52.47996993982474
2018-08-12 11:00:00+02:00,52.197640061123536
2018-08-12 12:00:00+02:00,51.255087956966975
2018-08-12 13:00:00+02:00,52.43187160336379
2018-08-12 14:00:00+02:00,51.32038437568665
2018-08-12 15:00:00+02:00,48.56716510290219
2018-08-12 16:00:00+02:00,46.012991597872535
2018-08-12 17:00:00+02:00,46.25845078671957
2018-08-12 18:00:00+02:00,49.96944398526163
2018-08-12 19:00:00+02:00,52.628073451688756
2018-08-12 20:00:00+02:00,54.957765462112185
2018-08-12 21:00:00+02:00,56.65819531051502
2018-08-12 22:00:00+02:00,59.049802993749516
2018-08-12 23:00:00+02:00,58.863390608566185
2018-08-13 00:00:00+02:00,51.125573931471735
2018-08-13 01:00:00+02:00,49.65455450364423
2018-08-13 02:00:00+02:00,47.022615447422005
2018-08-13 03:00:00+02:00,44.55509457359716
2018-08-13 04:00:00+02:00,44.573563704774166
2018-08-13 05:00:00+02:00,47.18041030151394
2018-08-13 06:00:00+02:00,51.43857636796744
2018-08-13 07:00:00+02:00,54.91445821379989
2018-08-13 08:00:00+02:00,57.05988607934475
2018-08-13 09:00:00+02:00,58.90521378023152
2018-08-13 10:00:00+02:00,60.20486074205433
2018-08-13 11:00:00+02:00,60.66754987661881
2018-08-13 12:00:00+02:00,60.350615966655745
2018-08-13 13:00:00+02:00,60.329523561239654
2018-08-13 14:00:00+02:00,59.44374181637031
2018-08-13 15:00:00+02:00,57.02075397430889
2018-08-13 16:00:00+02:00,56.977120655069776
2018-08-13 17:00:00+02:00,57.27983791497791
2018-08-13 18:00:00+02:00,56.650046484146856
2018-08-13 19:00:00+02:00,56.61253738530755
2018-08-13 20:00:00+02:00,56.51849869968192
2018-08-13 21:00:00+02:00,58.93533838052881
2018-08-13 22:00:00+02:00,59.74531651778963
2018-08-13 23:00:00+02:00,56.56372038984073
2018-08-14 00:00:00+02:00,52.68962168940576
2018-08-14 01:00:00+02:00,49.02521385786653
2018-08-14 02:00:00+02:00,46.57751701414234
2018-08-14 03:00:00+02:00,46.45703633700513
2018-08-14 04:00:00+02:00,45.64616464596434
2018-08-14 05:00:00+02:00,45.27017813303366
2018-08-14 06:00:00+02:00,48.904672152796685
2018-08-14 07:00:00+02:00,53.189124899488974
2018-08-14 08:00:00+02:00,55.68186981882592
2018-08-14 09:00:00+02:00,57.47624286157082
2018-08-14 10:00:00+02:00,57.672419385003735
2018-08-14 11:00:00+02:00,58.31757977122171
2018-08-14 12:00:00+02:00,58.94652861431982
2018-08-14 13:00:00+02:00,59.75939483979113
2018-08-14 14:00:00+02:00,58.632847109727514
2018-08-14 15:00:00+02:00,58.00820299418458
2018-08-14 16:00:00+02:00,57.2098761161341
2018-08-14 17:00:00+02:00,56.53768773163549
2018-08-14 18:00:00+02:00,56.6395224434599
2018-08-14 19:00:00+02:00,56.26588881930897
2018-08-14 20:00:00+02:00,57.28043541623356
2018-08-14 21:00:00+02:00,58.83843661861507
2018-08-14 22:00:00+02:00,57.29915294512394
2018-08-14 23:00:00+02:00,53.71521363613123
2018-08-15 00:00:00+02:00,51.151968819792764
2018-08-15 01:00:00+02:00,48.6424643974781
2018-08-15 02:00:00+02:00,46.119037773719306
2018-08-15 03:00:00+02:00,44.41705331030653
2018-08-15 04:00:00+02:00,44.12800835917583
2018-08-15 05:00:00+02:00,45.93681723268659
2018-08-15 06:00:00+02:00,49.08281125622626
2018-08-15 07:00:00+02:00,52.94429957245173
2018-08-15 08:00:00+02:00,54.88893304498595
2018-08-15 09:00:00+02:00,56.62660361899285
2018-08-15 10:00:00+02:00,58.035936020112096
2018-08-15 11:00:00+02:00,58.96738886306688
2018-08-15 12:00:00+02:00,58.211082039267126
2018-08-15 13:00:00+02:00,58.59943771793618
2018-08-15 14:00:00+02:00,58.235138905120664
2018-08-15 15:00:00+02:00,57.254220777600096
2018-08-15 16:00:00+02:00,57.03299030538685
2018-08-15 17:00:00+02:00,56.95510656088087
2018-08-15 18:00:00+02:00,57.683471425043784
2018-08-15 19:00:00+02:00,57.00567051466519
2018-08-15 20:00:00+02:00,57.398429345268845
2018-08-15 21:00:00+02:00,58.45931910561776
2018-08-15 22:00:00+02:00,58.58289880639605
2018-08-15 23:00:00+02:00,55.358897441314866
2018-08-16 00:00:00+02:00,54.09323650530961
2018-08-16 01:00:00+02:00,50.86124744785773
2018-08-16 02:00:00+02:00,48.535920001007405
2018-08-16 03:00:00+02:00,46.162202292288164
2018-08-16 04:00:00+02:00,48.003648782867025
2018-08-16 05:00:00+02:00,48.12856018669017
2018-08-16 06:00:00+02:00,49.41024190071112
2018-08-16 07:00:00+02:00,53.0638938332253
2018-08-16 08:00:00+02:00,56.0070765935331
2018-08-16 09:00:00+02:00,57.758825232135926
2018-08-16 10:00:00+02:00,58.55823374117214
2018-08-16 11:00:00+02:00,59.05628154243067
2018-08-16 12:00:00+02:00,60.012866060736336
2018-08-16 13:00:00+02:00,60.44086391844718
2018-08-16 14:00:00+02:00,60.161841113166524
2018-08-16 15:00:00+02:00,58.81664995590813
2018-08-16 16:00:00+02:00,57.22548312705654
2018-08-16 17:00:00+02:00,57.2819568494445
2018-08-16 18:00:00+02:00,56.65294211799443
2018-08-16 19:00:00+02:00,57.38203767469269
2018-08-16 20:00:00+02:00,58.185595202511486
2018-08-16 21:00:00+02:00,58.598417780877774
2018-08-16 22:00:00+02:00,58.47831737651669
2018-08-16 23:00:00+02:00,55.74085434061424
2018-08-17 00:00:00+02:00,54.26670201340905
2018-08-17 01:00:00+02:00,51.06095562009521
2018-08-17 02:00:00+02:00,47.91407760805972
2018-08-17 03:00:00+02:00,45.52625026013223
2018-08-17 04:00:00+02:00,47.27905547087499
2018-08-17 05:00:00+02:00,46.893562371913085
2018-08-17 06:00:00+02:00,49.83732942849809
2018-08-17 07:00:00+02:00,51.06658812091438
2018-08-17 08:00:00+02:00,54.56045152489413
2018-08-17 09:00:00+02:00,56.701285936856834
2018-08-17 10:00:00+02:00,56.323004459034024
2018-08-17 11:00:00+02:00,56.76237901801094
2018-08-17 12:00:00+02:00,57.13914930707642
2018-08-17 13:00:00+02:00,55.429298719508246
2018-08-17 14:00:00+02:00,54.50948847567158
2018-08-17 15:00:00+02:00,54.91823821993947
2018-08-17 16:00:00+02:00,54.68736040856115
2018-08-17 17:00:00+02:00,53.32805173711938
2018-08-17 18:00:00+02:00,54.87712691547214
2018-08-17 19:00:00+02:00,55.04035508742231
2018-08-17 20:00:00+02:00,54.86829139854916
2018-08-17 21:00:00+02:00,56.01237368847101
2018-08-17 22:00:00+02:00,53.882196004606364
2018-08-17 23:00:00+02:00,50.05682182927145
2018-08-18 00:00:00+02:00,48.351337932903334
2018-08-18 01:00:00+02:00,43.793048299184186
2018-08-18 02:00:00+02:00,43.908672194203426
2018-08-18 03:00:00+02:00,41.8984214067897
2018-08-18 04:00:00+02:00,41.63155085579907
2018-08-18 05:00:00+02:00,41.24039573638436
2018-08-18 06:00:00+02:00,45.81513537556062
2018-08-18 07:00:00+02:00,46.78432159655745
2018-08-18 08:00:00+02:00,48.27927590141052
2018-08-18 09:00:00+02:00,49.5010849994278
2018-08-18 10:00:00+02:00,49.265097644410496
2018-08-18 11:00:00+02:00,50.26052167079187
2018-08-18 12:00:00+02:00,51.212959878076965
2018-08-18 13:00:00+02:00,51.584305868588565
2018-08-18 14:00:00+02:00,51.19795146167147
2018-08-18 15:00:00+02:00,49.1252982673979
2018-08-18 16:00:00+02:00,50.364463018952954
2018-08-18 17:00:00+02:00,50.12435816872219
2018-08-18 18:00:00+02:00,50.52773393621487
2018-08-18 19:00:00+02:00,52.71331863656679
2018-08-18 20:00:00+02:00,54.93065962032514
2018-08-18 21:00:00+02:00,56.46476266921087
2018-08-18 22:00:00+02:00,55.08548992182178
2018-08-18 23:00:00+02:00,49.44050057983177
2018-08-19 00:00:00+02:00,48.24087284981851
2018-08-19 01:00:00+02:00,46.116683752825985
2018-08-19 02:00:00+02:00,45.361837498787025
2018-08-19 03:00:00+02:00,42.79701467823845
2018-08-19 04:00:00+02:00,43.15603866669233
2018-08-19 05:00:00+02:00,44.126879980899766
2018-08-19 06:00:00+02:00,42.207107803564
2018-08-19 07:00:00+02:00,43.16969623544651
2018-08-19 08:00:00+02:00,44.574941231866404
2018-08-19 09:00:00+02:00,44.786348345941256
2018-08-19 10:00:00+02:00,45.99008668700474
2018-08-19 11:00:00+02:00,46.971802146733545
2018-08-19 12:00:00+02:00,47.24422442958521
2018-08-19 13:00:00+02:00,48.39933246559183
2018-08-19 14:00:00+02:00,49.17608374128202
2018-08-19 15:00:00+02:00,47.44291988356493
2018-08-19 16:00:00+02:00,47.225708240060726
2018-08-19 17:00:00+02:00,47.87883779065789
2018-08-19 18:00:00+02:00,47.76866776926658
2018-08-19 19:00:00+02:00,50.91412450826591
2018-08-19 20:00:00+02:00,53.85381807505095
2018-08-19 21:00:00+02:00,57.159476159556654
2018-08-19 22:00:00+02:00,57.738948579129435
2018-08-19 23:00:00+02:00,55.210746652432285
2018-08-20 00:00:00+02:00,51.85497729065821
2018-08-20 01:00:00+02:00,48.382138554776965
2018-08-20 02:00:00+02:00,46.09566915413699
2018-08-20 03:00:00+02:00,44.69296610127168
2018-08-20 04:00:00+02:00,44.49408091468879
2018-08-20 05:00:00+02:00,44.692125173566275
2018-08-20 06:00:00+02:00,49.697829679328045
2018-08-20 07:00:00+02:00,51.925708527826565
2018-08-20 08:00:00+02:00,54.84073215448969
2018-08-20 09:00:00+02:00,56.125977830228116
2018-08-20 10:00:00+02:00,56.616222266146075
2018-08-20 11:00:00+02:00,57.947270445051004
2018-08-20 12:00:00+02:00,58.003765094604454
2018-08-20 13:00:00+02:00,57.86261101906504
2018-08-20 14:00:00+02:00,58.47476384248572
2018-08-20 15:00:00+02:00,57.44285589505454
2018-08-20 16:00:00+02:00,56.500956011368
2018-08-20 17:00:00+02:00,56.51813354617885
2018-08-20 18:00:00+02:00,57.145988629163206
2018-08-20 19:00:00+02:00,57.43207139124248
2018-08-20 20:00:00+02:00,57.83295167398604
2018-08-20 21:00:00+02:00,58.75387545198915
2018-08-20 22:00:00+02:00,58.24684590388802
2018-08-20 23:00:00+02:00,55.34707374324453
2018-08-21 00:00:00+02:00,52.73302942343696
2018-08-21 01:00:00+02:00,50.610062691498094
2018-08-21 02:00:00+02:00,48.142860117728446
2018-08-21 03:00:00+02:00,47.488447657863276
2018-08-21 04:00:00+02:00,47.50173146632738
2018-08-21 05:00:00+02:00,48.38947189578932
2018-08-21 06:00:00+02:00,51.778993631852565
2018-08-21 07:00:00+02:00,54.04913483714606
2018-08-21 08:00:00+02:00,56.650713798851996
2018-08-21 09:00:00+02:00,57.8532157915317
2018-08-21 10:00:00+02:00,58.09981140249161
2018-08-21 11:00:00+02:00,57.91117466553186
2018-08-21 12:00:00+02:00,58.744901592246826
2018-08-21 13:00:00+02:00,58.70086661411585
2018-08-21 14:00:00+02:00,58.775456984781364
2018-08-21 15:00:00+02:00,56.504761731964
2018-08-21 16:00:00+02:00,56.337243798495045
2018-08-21 17:00:00+02:00,56.64326824465798
2018-08-21 18:00:00+02:00,57.60317676394023
2018-08-21 19:00:00+02:00,57.888298922589534
2018-08-21 20:00:00+02:00,59.10439434844253
2018-08-21 21:00:00+02:00,58.781277195608105
2018-08-21 22:00:00+02:00,59.20948597344551
2018-08-21 23:00:00+02:00,56.979588052210886
2018-08-22 00:00:00+02:00,54.91433849874553
2018-08-22 01:00:00+02:00,51.83334334035399
2018-08-22 02:00:00+02:00,49.94627994316678
2018-08-22 03:00:00+02:00,48.199414015146054
2018-08-22 04:00:00+02:00,48.60971159304734
2018-08-22 05:00:00+02:00,49.21506010307231
2018-08-22 06:00:00+02:00,53.7210019816417
2018-08-22 07:00:00+02:00,55.259468728194
2018-08-22 08:00:00+02:00,57.59389335251044
2018-08-22 09:00:00+02:00,58.40143261504422
2018-08-22 10:00:00+02:00,58.55406213519109
2018-08-22 11:00:00+02:00,58.79365122695821
2018-08-22 12:00:00+02:00,59.882315955954226
2018-08-22 13:00:00+02:00,58.76153760692667
2018-08-22 14:00:00+02:00,58.474952763730435
2018-08-22 15:00:00+02:00,56.78905388259552
2018-08-22 16:00:00+02:00,57.18514227344526
2018-08-22 17:00:00+02:00,57.748372314120125
2018-08-22 18:00:00+02:00,57.633560032554136
2018-08-22 19:00:00+02:00,57.76501955278423
2018-08-22 20:00:00+02:00,58.9763670437809
2018-08-22 21:00:00+02:00,60.00584358071316
2018-08-22 22:00:00+02:00,59.8871326339831
2018-08-22 23:00:00+02:00,56.25738602526466
2018-08-23 00:00:00+02:00,56.12698801798374
2018-08-23 01:00:00+02:00,52.46930344791779
2018-08-23 02:00:00+02:00,49.83989765857643
2018-08-23 03:00:00+02:00,48.95723353425222
2018-08-23 04:00:00+02:00,48.48020694500604
2018-08-23 05:00:00+02:00,50.095490428400204
2018-08-23 06:00:00+02:00,53.89205554396989
2018-08-23 07:00:00+02:00,54.626415738146164
2018-08-23 08:00:00+02:00,57.75152634256464
2018-08-23 09:00:00+02:00,58.61434695089732
2018-08-23 10:00:00+02:00,59.353241469472245
2018-08-23 11:00:00+02:00,59.6392938292968
2018-08-23 12:00:00+02:00,59.96385760533673
2018-08-23 13:00:00+02:00,59.431058485943716
2018-08-23 14:00:00+02:00,60.568969691647546
2018-08-23 15:00:00+02:00,57.92735088201717
2018-08-23 16:00:00+02:00,57.97616812829008
2018-08-23 17:00:00+02:00,57.85907155094687
2018-08-23 18:00:00+02:00,59.020377844541656
2018-08-23 19:00:00+02:00,56.93534803862976
2018-08-23 20:00:00+02:00,58.46631558304701
2018-08-23 21:00:00+02:00,59.81273338869048
2018-08-23 22:00:00+02:00,60.4898162105614
2018-08-23 23:00:00+02:00,56.018730860711685
2018-08-24 00:00:00+02:00,54.92272111903062
2018-08-24 01:00:00+02:00,51.297908072762766
2018-08-24 02:00:00+02:00,50.9473504665803
2018-08-24 03:00:00+02:00,49.09957546680476
2018-08-24 04:00:00+02:00,48.682898546400054
2018-08-24 05:00:00+02:00,47.7807167796945
2018-08-24 06:00:00+02:00,53.14817974961295
2018-08-24 07:00:00+02:00,54.827738327700054
2018-08-24 08:00:00+02:00,57.00938033840459
2018-08-24 09:00:00+02:00,59.28292391352338
2018-08-24 10:00:00+02:00,59.391099534356535
2018-08-24 11:00:00+02:00,60.37186968404143
2018-08-24 12:00:00+02:00,60.51015601189629
2018-08-24 13:00:00+02:00,60.3925135561584
2018-08-24 14:00:00+02:00,59.92803526353777
2018-08-24 15:00:00+02:00,58.20272686824302
2018-08-24 16:00:00+02:00,56.701559106882634
2018-08-24 17:00:00+02:00,56.14268483711411
2018-08-24 18:00:00+02:00,55.981104934155645
2018-08-24 19:00:00+02:00,55.34004123126928
2018-08-24 20:00:00+02:00,56.940009313773835
2018-08-24 21:00:00+02:00,57.91027673104664
2018-08-24 22:00:00+02:00,57.020722201757906
2018-08-24 23:00:00+02:00,54.10755256856444
2018-08-25 00:00:00+02:00,53.259128228245025
2018-08-25 01:00:00+02:00,48.846164512809764
2018-08-25 02:00:00+02:00,48.28515964492194
2018-08-25 03:00:00+02:00,47.66580985101721
2018-08-25 04:00:00+02:00,46.708795185477335
2018-08-25 05:00:00+02:00,47.26208134167371
2018-08-25 06:00:00+02:00,46.5072348390915
2018-08-25 07:00:00+02:00,49.300539873424526
2018-08-25 08:00:00+02:00,49.49251698822959
2018-08-25 09:00:00+02:00,50.73966200803292
2018-08-25 10:00:00+02:00,52.04517458473479
2018-08-25 11:00:00+02:00,52.437081512405086
2018-08-25 12:00:00+02:00,53.791281883118394
2018-08-25 13:00:00+02:00,53.66391713953292
2018-08-25 14:00:00+02:00,52.86384741605112
2018-08-25 15:00:00+02:00,50.710751492470784
2018-08-25 16:00:00+02:00,49.388368570793965
2018-08-25 17:00:00+02:00,48.964412354469864
2018-08-25 18:00:00+02:00,50.229969438107624
2018-08-25 19:00:00+02:00,52.775957423250325
2018-08-25 20:00:00+02:00,53.51332106411511
2018-08-25 21:00:00+02:00,55.940638231075724
2018-08-25 22:00:00+02:00,56.56057436865978
2018-08-25 23:00:00+02:00,52.400222047614385
2018-08-26 00:00:00+02:00,53.12663383554979
2018-08-26 01:00:00+02:00,48.667799921038046
2018-08-26 02:00:00+02:00,47.84482192788405
2018-08-26 03:00:00+02:00,46.151105714441734
2018-08-26 04:00:00+02:00,45.36633015759094
2018-08-26 05:00:00+02:00,45.49985303849655
2018-08-26 06:00:00+02:00,43.61640018949478
2018-08-26 07:00:00+02:00,46.29147779269485
2018-08-26 08:00:00+02:00,47.8171541121447
2018-08-26 09:00:00+02:00,49.0072768766631
2018-08-26 10:00:00+02:00,50.779096054732086
2018-08-26 11:00:00+02:00,51.94190199778819
2018-08-26 12:00:00+02:00,51.918007563540584
2018-08-26 13:00:00+02:00,52.04791770068781
2018-08-26 14:00:00+02:00,51.714129129336065
2018-08-26 15:00:00+02:00,50.14093600698127
2018-08-26 16:00:00+02:00,49.13387734720663
2018-08-26 17:00:00+02:00,48.68170821385394
2018-08-26 18:00:00+02:00,49.74116800149699
2018-08-26 19:00:00+02:00,51.92276564823144
2018-08-26 20:00:00+02:00,56.73172000715494
2018-08-26 21:00:00+02:00,59.14374049240708
2018-08-26 22:00:00+02:00,61.48447557331048
2018-08-26 23:00:00+02:00,57.198664709020505
2018-08-27 00:00:00+02:00,53.24225202636918
2018-08-27 01:00:00+02:00,49.64159166211818
2018-08-27 02:00:00+02:00,48.08842190825417
2018-08-27 03:00:00+02:00,47.43077330951254
2018-08-27 04:00:00+02:00,46.74088330493796
2018-08-27 05:00:00+02:00,46.942016331063165
2018-08-27 06:00:00+02:00,50.33600404291858
2018-08-27 07:00:00+02:00,54.03632717100229
2018-08-27 08:00:00+02:00,56.78948693254109
2018-08-27 09:00:00+02:00,58.23923768447052
2018-08-27 10:00:00+02:00,58.157357525524766
2018-08-27 11:00:00+02:00,59.44152228901887
2018-08-27 12:00:00+02:00,59.71118587677236
2018-08-27 13:00:00+02:00,59.86960373433434
2018-08-27 14:00:00+02:00,58.92627187253607
2018-08-27 15:00:00+02:00,58.431067733411425
2018-08-27 16:00:00+02:00,57.909468789024906
2018-08-27 17:00:00+02:00,57.433276350604594
2018-08-27 18:00:00+02:00,58.13037958072477
2018-08-27 19:00:00+02:00,58.647999879162874
2018-08-27 20:00:00+02:00,59.52703854749293
2018-08-27 21:00:00+02:00,60.661801080822634
2018-08-27 22:00:00+02:00,59.524109763312254
2018-08-27 23:00:00+02:00,56.65310597160649
2018-08-28 00:00:00+02:00,54.54935245520617
2018-08-28 01:00:00+02:00,51.06603020423592
2018-08-28 02:00:00+02:00,47.8037466951441
2018-08-28 03:00:00+02:00,47.494811634159824
2018-08-28 04:00:00+02:00,45.77203207424704
2018-08-28 05:00:00+02:00,46.04511826530188
2018-08-28 06:00:00+02:00,51.57604333392584
2018-08-28 07:00:00+02:00,54.02394627287159
2018-08-28 08:00:00+02:00,56.54599183311714
2018-08-28 09:00:00+02:00,58.21965699396298
2018-08-28 10:00:00+02:00,58.679044369808366
2018-08-28 11:00:00+02:00,59.37432036348563
2018-08-28 12:00:00+02:00,59.018344859265774
2018-08-28 13:00:00+02:00,59.19676786483259
2018-08-28 14:00:00+02:00,57.66968050542821
2018-08-28 15:00:00+02:00,56.110855503418186
2018-08-28 16:00:00+02:00,55.96045632061642
2018-08-28 17:00:00+02:00,55.53543953169817
2018-08-28 18:00:00+02:00,57.443168950004186
2018-08-28 19:00:00+02:00,58.14955878281984
2018-08-28 20:00:00+02:00,58.704204394561344
2018-08-28 21:00:00+02:00,59.72324745564958
2018-08-28 22:00:00+02:00,58.52104817758043
2018-08-28 23:00:00+02:00,55.84532452073043
2018-08-29 00:00:00+02:00,54.6774177745612
2018-08-29 01:00:00+02:00,50.77099798487435
2018-08-29 02:00:00+02:00,47.005131025836356
2018-08-29 03:00:00+02:00,46.898030861814796
2018-08-29 04:00:00+02:00,45.55799668691103
2018-08-29 05:00:00+02:00,48.72947955984727
2018-08-29 06:00:00+02:00,53.542054743983705
2018-08-29 07:00:00+02:00,54.646930411564306
2018-08-29 08:00:00+02:00,56.97911281992586
2018-08-29 09:00:00+02:00,58.08950328124806
2018-08-29 10:00:00+02:00,59.36947882866148
2018-08-29 11:00:00+02:00,60.07105305237551
2018-08-29 12:00:00+02:00,60.165535446223295
2018-08-29 13:00:00+02:00,60.03716296726564
2018-08-29 14:00:00+02:00,58.327967282698495
2018-08-29 15:00:00+02:00,56.72244600087986
2018-08-29 16:00:00+02:00,56.00682878283757
2018-08-29 17:00:00+02:00,55.2379028676206
2018-08-29 18:00:00+02:00,56.3883105631491
2018-08-29 19:00:00+02:00,57.19054971298724
2018-08-29 20:00:00+02:00,57.525299978912415
2018-08-29 21:00:00+02:00,59.06810634319212
2018-08-29 22:00:00+02:00,56.970213387793414
2018-08-29 23:00:00+02:00,53.39100320446891
2018-08-30 00:00:00+02:00,51.826618599679385
2018-08-30 01:00:00+02:00,48.89686922971393
2018-08-30 02:00:00+02:00,45.373698327040756
2018-08-30 03:00:00+02:00,45.21838803504975
2018-08-30 04:00:00+02:00,44.30270993097967
2018-08-30 05:00:00+02:00,46.93011118888873
2018-08-30 06:00:00+02:00,50.90647563871494
2018-08-30 07:00:00+02:00,54.819123001377456
2018-08-30 08:00:00+02:00,57.129453097516254
2018-08-30 09:00:00+02:00,57.345220576787845
2018-08-30 10:00:00+02:00,58.88181706934436
2018-08-30 11:00:00+02:00,58.81467124087612
2018-08-30 12:00:00+02:00,59.382635566338216
2018-08-30 13:00:00+02:00,60.40756802510307
2018-08-30 14:00:00+02:00,59.00608934710701
2018-08-30 15:00:00+02:00,58.42169774520033
2018-08-30 16:00:00+02:00,57.8801485859427
2018-08-30 17:00:00+02:00,57.53377230233218
2018-08-30 18:00:00+02:00,57.72406841287816
2018-08-30 19:00:00+02:00,58.18521715419939
2018-08-30 20:00:00+02:00,59.45668630074192
2018-08-30 21:00:00+02:00,60.028206564235035
2018-08-30 22:00:00+02:00,58.43257603049788
2018-08-30 23:00:00+02:00,53.9490512538589
2018-08-31 00:00:00+02:00,53.590754823263865
2018-08-31 01:00:00+02:00,48.737692235316736
2018-08-31 02:00:00+02:00,48.615163503551315
2018-08-31 03:00:00+02:00,48.03170088200448
2018-08-31 04:00:00+02:00,47.50129837674405
2018-08-31 05:00:00+02:00,46.21061030831606
2018-08-31 06:00:00+02:00,51.47797649679716
2018-08-31 07:00:00+02:00,53.414824083641115
2018-08-31 08:00:00+02:00,56.46877825798311
2018-08-31 09:00:00+02:00,58.00840221723831
2018-08-31 10:00:00+02:00,57.9648267696032
2018-08-31 11:00:00+02:00,59.08841005642791
2018-08-31 12:00:00+02:00,59.32534172481974
2018-08-31 13:00:00+02:00,59.89643314927648
2018-08-31 14:00:00+02:00,58.68008113386944
2018-08-31 15:00:00+02:00,56.79664474324037
2018-08-31 16:00:00+02:00,56.58526644375181
2018-08-31 17:00:00+02:00,56.28893476459344
2018-08-31 18:00:00+02:00,57.10365241195759
2018-08-31 19:00:00+02:00,57.23851136758648
2018-08-31 20:00:00+02:00,58.057230456588286
2018-08-31 21:00:00+02:00,59.290317030138375
2018-08-31 22:00:00+02:00,57.213000224222775
2018-08-31 23:00:00+02:00,53.389776550735064
2018-09-01 00:00:00+02:00,52.63932174277084
2018-09-01 01:00:00+02:00,48.37916524294837
2018-09-01 02:00:00+02:00,49.28980290241339
2018-09-01 03:00:00+02:00,48.76050247880178
2018-09-01 04:00:00+02:00,48.003921538010474
2018-09-01 05:00:00+02:00,45.997382034747375
2018-09-01 06:00:00+02:00,47.86132941488572
2018-09-01 07:00:00+02:00,49.202723296793046
2018-09-01 08:00:00+02:00,50.7263317937529
2018-09-01 09:00:00+02:00,52.89105435796849
2018-09-01 10:00:00+02:00,53.09680642096428
2018-09-01 11:00:00+02:00,53.283269523829176
2018-09-01 12:00:00+02:00,54.22870063109556
2018-09-01 13:00:00+02:00,53.93893359724951
2018-09-01 14:00:00+02:00,53.91608132562692
2018-09-01 15:00:00+02:00,52.57760238877941
2018-09-01 16:00:00+02:00,51.35741371705149
2018-09-01 17:00:00+02:00,51.2907493561654
2018-09-01 18:00:00+02:00,53.390103102465815
2018-09-01 19:00:00+02:00,54.49568734120793
2018-09-01 20:00:00+02:00,55.47465824412436
2018-09-01 21:00:00+02:00,59.69472112031917
2018-09-01 22:00:00+02:00,58.02967007805432
2018-09-01 23:00:00+02:00,55.21923737915174
2018-09-02 00:00:00+02:00,56.20049221785853
2018-09-02 01:00:00+02:00,51.529352123861884
2018-09-02 02:00:00+02:00,50.07317765774504
2018-09-02 03:00:00+02:00,48.63020396223453
2018-09-02 04:00:00+02:00,46.50783381092372
2018-09-02 05:00:00+02:00,45.973568167416346
2018-09-02 06:00:00+02:00,46.919957219510444
2018-09-02 07:00:00+02:00,47.578204395915044
2018-09-02 08:00:00+02:00,49.06950584395685
2018-09-02 09:00:00+02:00,50.28108494759391
2018-09-02 10:00:00+02:00,51.44746197468647
2018-09-02 11:00:00+02:00,53.462568523141265
2018-09-02 12:00:00+02:00,53.54841685085546
2018-09-02 13:00:00+02:00,53.99002545023515
2018-09-02 14:00:00+02:00,53.0041864506637
2018-09-02 15:00:00+02:00,51.450498186869346
2018-09-02 16:00:00+02:00,50.84908560397319
2018-09-02 17:00:00+02:00,50.34337662580754
2018-09-02 18:00:00+02:00,53.20720202648922
2018-09-02 19:00:00+02:00,57.36367272888026
2018-09-02 20:00:00+02:00,60.99599332026437
2018-09-02 21:00:00+02:00,63.24260021422622
2018-09-02 22:00:00+02:00,60.77604510973515
2018-09-02 23:00:00+02:00,58.15014204096244
2018-09-03 00:00:00+02:00,59.79902144332857
2018-09-03 01:00:00+02:00,54.08447681061063
2018-09-03 02:00:00+02:00,50.72386788400792
2018-09-03 03:00:00+02:00,47.37588645927164
2018-09-03 04:00:00+02:00,47.519479320703134
2018-09-03 05:00:00+02:00,49.555993364343635
2018-09-03 06:00:00+02:00,53.09360138065159
2018-09-03 07:00:00+02:00,57.67871380460366
2018-09-03 08:00:00+02:00,62.95527661654578
2018-09-03 09:00:00+02:00,64.1527685898089
2018-09-03 10:00:00+02:00,63.06789671615905
2018-09-03 11:00:00+02:00,64.68044118638797
2018-09-03 12:00:00+02:00,64.61605054681168
2018-09-03 13:00:00+02:00,65.45200271331751
2018-09-03 14:00:00+02:00,63.4499118848698
2018-09-03 15:00:00+02:00,62.39282856482805
2018-09-03 16:00:00+02:00,63.00448947785876
2018-09-03 17:00:00+02:00,64.29523110390635
2018-09-03 18:00:00+02:00,63.64503947906787
2018-09-03 19:00:00+02:00,66.0313374397446
2018-09-03 20:00:00+02:00,65.74649495566683
2018-09-03 21:00:00+02:00,66.10873744586304
2018-09-03 22:00:00+02:00,63.23600312945168
2018-09-03 23:00:00+02:00,59.23060978475775
2018-09-04 00:00:00+02:00,56.647927108413135
2018-09-04 01:00:00+02:00,51.50364536013793
2018-09-04 02:00:00+02:00,49.07413964380513
2018-09-04 03:00:00+02:00,46.041385362694804
2018-09-04 04:00:00+02:00,47.46793436342295
2018-09-04 05:00:00+02:00,48.586053549562244
2018-09-04 06:00:00+02:00,52.96923624257111
2018-09-04 07:00:00+02:00,56.417176016166025
2018-09-04 08:00:00+02:00,59.20799483832982
2018-09-04 09:00:00+02:00,60.198312684385606
2018-09-04 10:00:00+02:00,59.67604370465045
2018-09-04 11:00:00+02:00,60.58361830803752
2018-09-04 12:00:00+02:00,61.70421471116512
2018-09-04 13:00:00+02:00,62.26241819686012
2018-09-04 14:00:00+02:00,62.53984655399277
2018-09-04 15:00:00+02:00,61.19879263890275
2018-09-04 16:00:00+02:00,60.54220210696614
2018-09-04 17:00:00+02:00,61.20902421950598
2018-09-04 18:00:00+02:00,62.727865231670286
2018-09-04 19:00:00+02:00,61.5991690589158
2018-09-04 20:00:00+02:00,63.00242715463773
2018-09-04 21:00:00+02:00,63.90823384186245
2018-09-04 22:00:00+02:00,59.8846131538865
2018-09-04 23:00:00+02:00,57.62545522285264
2018-09-05 00:00:00+02:00,56.498434702626604
2018-09-05 01:00:00+02:00,53.35514562407521
2018-09-05 02:00:00+02:00,49.19911451890101
2018-09-05 03:00:00+02:00,48.70922943773283
2018-09-05 04:00:00+02:00,47.431029271271804
2018-09-05 05:00:00+02:00,50.2722941717617
2018-09-05 06:00:00+02:00,52.118710369151394
2018-09-05 07:00:00+02:00,54.284274625318695
2018-09-05 08:00:00+02:00,58.80390908840135
2018-09-05 09:00:00+02:00,59.22858703949527
2018-09-05 10:00:00+02:00,60.426803138084914
2018-09-05 11:00:00+02:00,59.959031350527994
2018-09-05 12:00:00+02:00,60.55619429675446
2018-09-05 13:00:00+02:00,61.58794234121796
2018-09-05 14:00:00+02:00,60.109177576843
2018-09-05 15:00:00+02:00,57.815577329733124
2018-09-05 16:00:00+02:00,57.84431954200672
2018-09-05 17:00:00+02:00,58.03460940968594
2018-09-05 18:00:00+02:00,58.66305084741099
2018-09-05 19:00:00+02:00,58.331114838063264
2018-09-05 20:00:00+02:00,58.85396414437702
2018-09-05 21:00:00+02:00,61.07490861064249
2018-09-05 22:00:00+02:00,59.45542646088896
2018-09-05 23:00:00+02:00,56.333178040504656
2018-09-06 00:00:00+02:00,55.94456202755786
2018-09-06 01:00:00+02:00,54.168393327518835
2018-09-06 02:00:00+02:00,50.54194388202834
2018-09-06 03:00:00+02:00,49.73851964183594
2018-09-06 04:00:00+02:00,49.111801145891945
2018-09-06 05:00:00+02:00,50.53107049251134
2018-09-06 06:00:00+02:00,55.08166322621425
2018-09-06 07:00:00+02:00,56.04536667688226
2018-09-06 08:00:00+02:00,59.22384147483791
2018-09-06 09:00:00+02:00,60.70320594513246
2018-09-06 10:00:00+02:00,60.27513244740789
2018-09-06 11:00:00+02:00,60.66974135328104
2018-09-06 12:00:00+02:00,61.62481595830564
2018-09-06 13:00:00+02:00,61.537432892701325
2018-09-06 14:00:00+02:00,61.03754763693521
2018-09-06 15:00:00+02:00,59.36043848544839
2018-09-06 16:00:00+02:00,58.29325118094125
2018-09-06 17:00:00+02:00,58.68112686958684
2018-09-06 18:00:00+02:00,57.85913966622561
2018-09-06 19:00:00+02:00,58.20423021714665
2018-09-06 20:00:00+02:00,60.71670469695189
2018-09-06 21:00:00+02:00,62.92993976446653
2018-09-06 22:00:00+02:00,59.37783580718938
2018-09-06 23:00:00+02:00,55.58902285514369
2018-09-07 00:00:00+02:00,56.3369869133251
2018-09-07 01:00:00+02:00,52.89434431257289
2018-09-07 02:00:00+02:00,50.154674819139494
2018-09-07 03:00:00+02:00,49.458939774695516
2018-09-07 04:00:00+02:00,49.032274547280615
2018-09-07 05:00:00+02:00,49.155075202278944
2018-09-07 06:00:00+02:00,52.784217031833975
2018-09-07 07:00:00+02:00,55.71452029597083
2018-09-07 08:00:00+02:00,57.9904213003774
2018-09-07 09:00:00+02:00,59.187667530564624
2018-09-07 10:00:00+02:00,60.510820764172934
2018-09-07 11:00:00+02:00,61.187424574421634
2018-09-07 12:00:00+02:00,61.48780576499709
2018-09-07 13:00:00+02:00,61.79447304362361
2018-09-07 14:00:00+02:00,60.97105192175879
2018-09-07 15:00:00+02:00,58.69541997961037
2018-09-07 16:00:00+02:00,58.96590989910592
2018-09-07 17:00:00+02:00,60.07328996201755
2018-09-07 18:00:00+02:00,60.66256725430835
2018-09-07 19:00:00+02:00,60.14287008524792
2018-09-07 20:00:00+02:00,61.40196570438908
2018-09-07 21:00:00+02:00,63.71246867274599
2018-09-07 22:00:00+02:00,60.24739856884591
2018-09-07 23:00:00+02:00,55.613413025319375
2018-09-08 00:00:00+02:00,58.57979377175241
2018-09-08 01:00:00+02:00,56.68896683756535
2018-09-08 02:00:00+02:00,55.35059241638945
2018-09-08 03:00:00+02:00,53.35183349983263
2018-09-08 04:00:00+02:00,52.87193381119456
2018-09-08 05:00:00+02:00,53.335670116244984
2018-09-08 06:00:00+02:00,55.04035617705771
2018-09-08 07:00:00+02:00,55.69750981329969
2018-09-08 08:00:00+02:00,56.727309705683645
2018-09-08 09:00:00+02:00,57.11786467049657
2018-09-08 10:00:00+02:00,58.671037099631064
2018-09-08 11:00:00+02:00,58.24396651443902
2018-09-08 12:00:00+02:00,59.01602895502119
2018-09-08 13:00:00+02:00,59.695246825362716
2018-09-08 14:00:00+02:00,59.010561763133204
2018-09-08 15:00:00+02:00,57.16616956800667
2018-09-08 16:00:00+02:00,55.733974764303355
2018-09-08 17:00:00+02:00,56.29074612868799
2018-09-08 18:00:00+02:00,57.90638286776555
2018-09-08 19:00:00+02:00,60.58740669974188
2018-09-08 20:00:00+02:00,62.72225768846207
2018-09-08 21:00:00+02:00,65.47332758290298
2018-09-08 22:00:00+02:00,62.35054744732378
2018-09-08 23:00:00+02:00,59.230046834894644
2018-09-09 00:00:00+02:00,57.253956582173366
2018-09-09 01:00:00+02:00,54.38391066790113
2018-09-09 02:00:00+02:00,52.59811935744249
2018-09-09 03:00:00+02:00,52.27078885321513
2018-09-09 04:00:00+02:00,51.63335376065553
2018-09-09 05:00:00+02:00,51.689094154601946
2018-09-09 06:00:00+02:00,52.06999901258513
2018-09-09 07:00:00+02:00,53.00744239224918
2018-09-09 08:00:00+02:00,54.42388657777255
2018-09-09 09:00:00+02:00,55.416036248320836
2018-09-09 10:00:00+02:00,57.37180736243125
2018-09-09 11:00:00+02:00,56.62180525291753
2018-09-09 12:00:00+02:00,56.512305685666995
2018-09-09 13:00:00+02:00,55.36374135260431
2018-09-09 14:00:00+02:00,55.431779953748986
2018-09-09 15:00:00+02:00,54.628318340617504
2018-09-09 16:00:00+02:00,54.213356099806596
2018-09-09 17:00:00+02:00,54.66882842592394
2018-09-09 18:00:00+02:00,54.977597852040894
2018-09-09 19:00:00+02:00,58.136487132645165
2018-09-09 20:00:00+02:00,61.16164402051792
2018-09-09 21:00:00+02:00,64.65311335192092
2018-09-09 22:00:00+02:00,60.306524118583816
2018-09-09 23:00:00+02:00,58.85642443446136
2018-09-10 00:00:00+02:00,55.50978082156052
2018-09-10 01:00:00+02:00,52.397118253302835
2018-09-10 02:00:00+02:00,49.374360748926314
2018-09-10 03:00:00+02:00,50.26283622684988
2018-09-10 04:00:00+02:00,48.36004850017187
2018-09-10 05:00:00+02:00,49.484967749173535
2018-09-10 06:00:00+02:00,54.43753966310203
2018-09-10 07:00:00+02:00,59.71346916665356
2018-09-10 08:00:00+02:00,63.20145488116005
2018-09-10 09:00:00+02:00,64.02606764759207
2018-09-10 10:00:00+02:00,64.27708886202163
2018-09-10 11:00:00+02:00,64.13558279254728
2018-09-10 12:00:00+02:00,62.84199392260174
2018-09-10 13:00:00+02:00,62.3018026759103
2018-09-10 14:00:00+02:00,60.99125838898281
2018-09-10 15:00:00+02:00,58.87440648906509
2018-09-10 16:00:00+02:00,58.224342210407976
2018-09-10 17:00:00+02:00,58.28264929558233
2018-09-10 18:00:00+02:00,59.500091598776955
2018-09-10 19:00:00+02:00,61.725844320552596
2018-09-10 20:00:00+02:00,62.945885467029974
2018-09-10 21:00:00+02:00,63.875210507014145
2018-09-10 22:00:00+02:00,60.60947462387882
2018-09-10 23:00:00+02:00,56.08637129827815
2018-09-11 00:00:00+02:00,56.194818573463294
2018-09-11 01:00:00+02:00,52.72828200577396
2018-09-11 02:00:00+02:00,50.61670828266787
2018-09-11 03:00:00+02:00,50.20598426824518
2018-09-11 04:00:00+02:00,49.41720541207601
2018-09-11 05:00:00+02:00,50.87290914341977
2018-09-11 06:00:00+02:00,55.553418957334266
2018-09-11 07:00:00+02:00,56.79535425574226
2018-09-11 08:00:00+02:00,60.29735854521186
2018-09-11 09:00:00+02:00,60.784409549011535
2018-09-11 10:00:00+02:00,60.29142781195418
2018-09-11 11:00:00+02:00,60.850175525798086
2018-09-11 12:00:00+02:00,59.81205000121565
2018-09-11 13:00:00+02:00,59.01847433795757
2018-09-11 14:00:00+02:00,58.50374931499913
2018-09-11 15:00:00+02:00,58.89594071634005
2018-09-11 16:00:00+02:00,58.88008284522879
2018-09-11 17:00:00+02:00,59.06834474164851
2018-09-11 18:00:00+02:00,59.9553592379593
2018-09-11 19:00:00+02:00,62.968473741733
2018-09-11 20:00:00+02:00,62.59642213805176
2018-09-11 21:00:00+02:00,63.21950109155488
2018-09-11 22:00:00+02:00,59.201615636592386
2018-09-11 23:00:00+02:00,56.43903892648732
2018-09-12 00:00:00+02:00,55.12901834988659
2018-09-12 01:00:00+02:00,50.78959567523524
2018-09-12 02:00:00+02:00,50.3489954269049
2018-09-12 03:00:00+02:00,48.24905866414591
2018-09-12 04:00:00+02:00,50.69955100229225
2018-09-12 05:00:00+02:00,50.3864706703014
2018-09-12 06:00:00+02:00,54.52694928156968
2018-09-12 07:00:00+02:00,57.922406568296616
2018-09-12 08:00:00+02:00,60.21930311279463
2018-09-12 09:00:00+02:00,61.195329947960765
2018-09-12 10:00:00+02:00,61.230872699905696
2018-09-12 11:00:00+02:00,61.030243269947825
2018-09-12 12:00:00+02:00,61.20115778353412
2018-09-12 13:00:00+02:00,60.740264627622516
2018-09-12 14:00:00+02:00,59.7662050117012
2018-09-12 15:00:00+02:00,58.78759853047078
2018-09-12 16:00:00+02:00,58.88651752918731
2018-09-12 17:00:00+02:00,58.495549914374976
2018-09-12 18:00:00+02:00,59.82596261370977
2018-09-12 19:00:00+02:00,59.22269092491242
2018-09-12 20:00:00+02:00,59.72488031961066
2018-09-12 21:00:00+02:00,61.09676661584306
2018-09-12 22:00:00+02:00,58.51051568164022
2018-09-12 23:00:00+02:00,55.97739458928297
2018-09-13 00:00:00+02:00,55.354541849907605
2018-09-13 01:00:00+02:00,53.6341472961139
2018-09-13 02:00:00+02:00,51.59364310583462
2018-09-13 03:00:00+02:00,50.866015989395386
2018-09-13 04:00:00+02:00,50.961996544816934
2018-09-13 05:00:00+02:00,51.27077319386621
2018-09-13 06:00:00+02:00,54.50697739719582
2018-09-13 07:00:00+02:00,57.46055957138688
2018-09-13 08:00:00+02:00,60.49083161474328
2018-09-13 09:00:00+02:00,60.914584913063656
2018-09-13 10:00:00+02:00,61.62250650337287
2018-09-13 11:00:00+02:00,61.3658736562686
2018-09-13 12:00:00+02:00,60.71495711859882
2018-09-13 13:00:00+02:00,60.08007194343326
2018-09-13 14:00:00+02:00,59.70150119981479
2018-09-13 15:00:00+02:00,58.100782938877295
2018-09-13 16:00:00+02:00,58.64392654484783
2018-09-13 17:00:00+02:00,58.687778264156236
2018-09-13 18:00:00+02:00,59.61387751568282
2018-09-13 19:00:00+02:00,60.07548920456464
2018-09-13 20:00:00+02:00,62.02390295132528
2018-09-13 21:00:00+02:00,62.73885396266726
2018-09-13 22:00:00+02:00,59.72007896816115
2018-09-13 23:00:00+02:00,56.249597896539626
2018-09-14 00:00:00+02:00,55.38097171139153
2018-09-14 01:00:00+02:00,51.06561096370579
2018-09-14 02:00:00+02:00,48.58377311237411
2018-09-14 03:00:00+02:00,47.71928330839584
2018-09-14 04:00:00+02:00,47.65558414371881
2018-09-14 05:00:00+02:00,48.1390574205923
2018-09-14 06:00:00+02:00,52.0511067169123
2018-09-14 07:00:00+02:00,54.21639206272988
2018-09-14 08:00:00+02:00,58.39301499468468
2018-09-14 09:00:00+02:00,58.98947039826326
2018-09-14 10:00:00+02:00,60.28331228064934
2018-09-14 11:00:00+02:00,58.78542363251315
2018-09-14 12:00:00+02:00,59.05542749663093
2018-09-14 13:00:00+02:00,58.584984443714326
2018-09-14 14:00:00+02:00,58.2073377070429
2018-09-14 15:00:00+02:00,56.740285579011235
2018-09-14 16:00:00+02:00,56.412611728540405
2018-09-14 17:00:00+02:00,57.097919275570824
2018-09-14 18:00:00+02:00,58.8795909213236
2018-09-14 19:00:00+02:00,59.87750061880951
2018-09-14 20:00:00+02:00,61.420402600853436
2018-09-14 21:00:00+02:00,61.850324800553416
2018-09-14 22:00:00+02:00,58.473803337829004
2018-09-14 23:00:00+02:00,54.857861715185
2018-09-15 00:00:00+02:00,57.43088775493106
2018-09-15 01:00:00+02:00,51.66584089708456
2018-09-15 02:00:00+02:00,48.86694614146077
2018-09-15 03:00:00+02:00,48.588275586817154
2018-09-15 04:00:00+02:00,48.08729663369723
2018-09-15 05:00:00+02:00,48.2570117233152
2018-09-15 06:00:00+02:00,49.48141841893803
2018-09-15 07:00:00+02:00,48.94428819948744
2018-09-15 08:00:00+02:00,53.2501142540659
2018-09-15 09:00:00+02:00,54.35588801604107
2018-09-15 10:00:00+02:00,56.54705368497202
2018-09-15 11:00:00+02:00,56.63370383607173
2018-09-15 12:00:00+02:00,57.89612907808404
2018-09-15 13:00:00+02:00,59.24669252458719
2018-09-15 14:00:00+02:00,58.679704248141
2018-09-15 15:00:00+02:00,56.56257017453896
2018-09-15 16:00:00+02:00,54.01427621780789
2018-09-15 17:00:00+02:00,56.181338673489755
2018-09-15 18:00:00+02:00,55.902759843157384
2018-09-15 19:00:00+02:00,59.145394254912645
2018-09-15 20:00:00+02:00,61.9331169184182
2018-09-15 21:00:00+02:00,63.70038304998076
2018-09-15 22:00:00+02:00,59.63067660229268
2018-09-15 23:00:00+02:00,57.611447447776555
2018-09-16 00:00:00+02:00,56.755524544949424
2018-09-16 01:00:00+02:00,53.74708362013944
2018-09-16 02:00:00+02:00,51.60308250805449
2018-09-16 03:00:00+02:00,52.19023975176794
2018-09-16 04:00:00+02:00,51.14363082534269
2018-09-16 05:00:00+02:00,51.11799809229144
2018-09-16 06:00:00+02:00,50.64647369665977
2018-09-16 07:00:00+02:00,52.6238377082048
2018-09-16 08:00:00+02:00,52.92134174660058
2018-09-16 09:00:00+02:00,53.41304792937817
2018-09-16 10:00:00+02:00,54.29963528880861
2018-09-16 11:00:00+02:00,54.494107231047366
2018-09-16 12:00:00+02:00,53.25546540183084
2018-09-16 13:00:00+02:00,52.64614249445949
2018-09-16 14:00:00+02:00,52.769173470921764
2018-09-16 15:00:00+02:00,50.55977785412957
2018-09-16 16:00:00+02:00,48.598951858987185
2018-09-16 17:00:00+02:00,49.80279542055262
2018-09-16 18:00:00+02:00,51.750887188887255
2018-09-16 19:00:00+02:00,55.523765441824374
2018-09-16 20:00:00+02:00,59.15164708094875
2018-09-16 21:00:00+02:00,63.011990407777375
2018-09-16 22:00:00+02:00,61.14897710632016
2018-09-16 23:00:00+02:00,58.12545049295238
2018-09-17 00:00:00+02:00,56.33420682602002
2018-09-17 01:00:00+02:00,52.545866907896915
2018-09-17 02:00:00+02:00,50.26208928482208
2018-09-17 03:00:00+02:00,49.26665574748199
2018-09-17 04:00:00+02:00,47.92735996230954
2018-09-17 05:00:00+02:00,48.51630885019927
2018-09-17 06:00:00+02:00,53.40383935995229
2018-09-17 07:00:00+02:00,55.22154288402779
2018-09-17 08:00:00+02:00,59.37611189001209
2018-09-17 09:00:00+02:00,59.108635034908104
2018-09-17 10:00:00+02:00,60.925054876356086
2018-09-17 11:00:00+02:00,59.3776146673214
2018-09-17 12:00:00+02:00,60.177950707707346
2018-09-17 13:00:00+02:00,60.00800942947934
2018-09-17 14:00:00+02:00,58.603979289693314
2018-09-17 15:00:00+02:00,56.80110507165184
2018-09-17 16:00:00+02:00,56.854368137554935
2018-09-17 17:00:00+02:00,56.77586370983144
2018-09-17 18:00:00+02:00,56.83004060902613
2018-09-17 19:00:00+02:00,58.95316296824088
2018-09-17 20:00:00+02:00,61.08462209510895
2018-09-17 21:00:00+02:00,61.99605169512639
2018-09-17 22:00:00+02:00,59.16839706092884
2018-09-17 23:00:00+02:00,56.45859971043134
2018-09-18 00:00:00+02:00,55.6796954617036
2018-09-18 01:00:00+02:00,49.74378965895062
2018-09-18 02:00:00+02:00,47.55050236251188
2018-09-18 03:00:00+02:00,48.31251123622235
2018-09-18 04:00:00+02:00,49.53469329661147
2018-09-18 05:00:00+02:00,49.12497102173209
2018-09-18 06:00:00+02:00,54.61531583479219
2018-09-18 07:00:00+02:00,56.81693949955235
2018-09-18 08:00:00+02:00,58.98255797535317
2018-09-18 09:00:00+02:00,60.40095957523997
2018-09-18 10:00:00+02:00,60.94068759324701
2018-09-18 11:00:00+02:00,61.02837754802423
2018-09-18 12:00:00+02:00,61.04107889504897
2018-09-18 13:00:00+02:00,59.870878190626996
2018-09-18 14:00:00+02:00,59.446261084044544
2018-09-18 15:00:00+02:00,58.244613992223286
2018-09-18 16:00:00+02:00,57.551866442257854
2018-09-18 17:00:00+02:00,58.30680145519702
2018-09-18 18:00:00+02:00,58.152518068702285
2018-09-18 19:00:00+02:00,60.39496322391158
2018-09-18 20:00:00+02:00,62.54522939724175
2018-09-18 21:00:00+02:00,62.146913011255855
2018-09-18 22:00:00+02:00,59.048923335045174
2018-09-18 23:00:00+02:00,55.52117763124508
2018-09-19 00:00:00+02:00,57.83981684027297
2018-09-19 01:00:00+02:00,53.60169227445573
2018-09-19 02:00:00+02:00,51.82419641221742
2018-09-19 03:00:00+02:00,51.71346752368954
2018-09-19 04:00:00+02:00,52.27678896605604
2018-09-19 05:00:00+02:00,52.11027358891666
2018-09-19 06:00:00+02:00,54.68527298076946
2018-09-19 07:00:00+02:00,57.25895867479716
2018-09-19 08:00:00+02:00,60.95196401080537
2018-09-19 09:00:00+02:00,61.931915335671555
2018-09-19 10:00:00+02:00,61.21445087116182
2018-09-19 11:00:00+02:00,60.57682304482851
2018-09-19 12:00:00+02:00,60.41062535450234
2018-09-19 13:00:00+02:00,60.796413982124896
2018-09-19 14:00:00+02:00,60.75393105847194
2018-09-19 15:00:00+02:00,58.90976720660484
2018-09-19 16:00:00+02:00,58.60669351525513
2018-09-19 17:00:00+02:00,58.751832952928474
2018-09-19 18:00:00+02:00,58.25622666529151
2018-09-19 19:00:00+02:00,59.444219198848536
2018-09-19 20:00:00+02:00,60.68326087486911
2018-09-19 21:00:00+02:00,61.85092575930573
2018-09-19 22:00:00+02:00,59.69494625172563
2018-09-19 23:00:00+02:00,55.525804047889636
2018-09-20 00:00:00+02:00,57.545808462497064
2018-09-20 01:00:00+02:00,53.86169968192814
2018-09-20 02:00:00+02:00,53.26130774432344
2018-09-20 03:00:00+02:00,52.008843325742184
2018-09-20 04:00:00+02:00,51.21568477160804
2018-09-20 05:00:00+02:00,51.64304876742665
2018-09-20 06:00:00+02:00,54.53472288392677
2018-09-20 07:00:00+02:00,56.63376927387696
2018-09-20 08:00:00+02:00,59.7800580530832
2018-09-20 09:00:00+02:00,60.11025788176001
2018-09-20 10:00:00+02:00,60.302853201275205
2018-09-20 11:00:00+02:00,60.394506027264015
2018-09-20 12:00:00+02:00,60.08217426646354
2018-09-20 13:00:00+02:00,60.77515460863045
2018-09-20 14:00:00+02:00,59.22372596087138
2018-09-20 15:00:00+02:00,59.19330853358901
2018-09-20 16:00:00+02:00,58.991337587472096
2018-09-20 17:00:00+02:00,58.81026792561463
2018-09-20 18:00:00+02:00,59.05624249497902
2018-09-20 19:00:00+02:00,59.725874091594626
2018-09-20 20:00:00+02:00,61.5273502728238
2018-09-20 21:00:00+02:00,62.09326528033602
2018-09-20 22:00:00+02:00,58.72898013280917
2018-09-20 23:00:00+02:00,56.509659552896316
2018-09-21 00:00:00+02:00,58.702165375246665
2018-09-21 01:00:00+02:00,54.63791939490449
2018-09-21 02:00:00+02:00,53.15062532287734
2018-09-21 03:00:00+02:00,50.11678214878281
2018-09-21 04:00:00+02:00,52.274666413057304
2018-09-21 05:00:00+02:00,51.44834879035907
2018-09-21 06:00:00+02:00,53.52076335784841
2018-09-21 07:00:00+02:00,55.681472253960315
2018-09-21 08:00:00+02:00,60.97224330519933
2018-09-21 09:00:00+02:00,60.23293517910488
2018-09-21 10:00:00+02:00,60.577177564291446
2018-09-21 11:00:00+02:00,59.84451618575593
2018-09-21 12:00:00+02:00,60.39395272564415
2018-09-21 13:00:00+02:00,60.33028839726594
2018-09-21 14:00:00+02:00,59.60163858219284
2018-09-21 15:00:00+02:00,58.483658678937864
2018-09-21 16:00:00+02:00,58.63163872367346
2018-09-21 17:00:00+02:00,58.517379255444126
2018-09-21 18:00:00+02:00,58.70885757698642
2018-09-21 19:00:00+02:00,60.12740293158697
2018-09-21 20:00:00+02:00,60.15914331334766
2018-09-21 21:00:00+02:00,62.45117111059712
2018-09-21 22:00:00+02:00,58.30291095356787
2018-09-21 23:00:00+02:00,55.17455621753074
2018-09-22 00:00:00+02:00,58.10805356247072
2018-09-22 01:00:00+02:00,53.49708038322509
2018-09-22 02:00:00+02:00,50.48159080672291
2018-09-22 03:00:00+02:00,48.391679135813945
2018-09-22 04:00:00+02:00,48.306983762585844
2018-09-22 05:00:00+02:00,48.38270476087094
2018-09-22 06:00:00+02:00,50.60971351168728
2018-09-22 07:00:00+02:00,51.65180419920929
2018-09-22 08:00:00+02:00,54.52663558416575
2018-09-22 09:00:00+02:00,54.81442520399221
2018-09-22 10:00:00+02:00,55.75122073128035
2018-09-22 11:00:00+02:00,55.859573338609614
2018-09-22 12:00:00+02:00,55.89056943110583
2018-09-22 13:00:00+02:00,56.42616222746329
2018-09-22 14:00:00+02:00,54.91532320921349
2018-09-22 15:00:00+02:00,54.26059445428632
2018-09-22 16:00:00+02:00,53.413684858783405
2018-09-22 17:00:00+02:00,53.74937959866503
2018-09-22 18:00:00+02:00,55.485446408906306
2018-09-22 19:00:00+02:00,57.128232609609654
2018-09-22 20:00:00+02:00,59.5649322901439
2018-09-22 21:00:00+02:00,61.73557730670088
2018-09-22 22:00:00+02:00,58.66397254088611
2018-09-22 23:00:00+02:00,55.750690183175514
2018-09-23 00:00:00+02:00,56.77574157106699
2018-09-23 01:00:00+02:00,53.999838787498994
2018-09-23 02:00:00+02:00,52.379807300109924
2018-09-23 03:00:00+02:00,51.05362098063703
2018-09-23 04:00:00+02:00,49.64315454471001
2018-09-23 05:00:00+02:00,49.407650889790624
2018-09-23 06:00:00+02:00,50.324964775205984
2018-09-23 07:00:00+02:00,50.467945865158136
2018-09-23 08:00:00+02:00,50.49833419030711
2018-09-23 09:00:00+02:00,52.170905218038705
2018-09-23 10:00:00+02:00,52.49566039844516
2018-09-23 11:00:00+02:00,53.67470968099408
2018-09-23 12:00:00+02:00,54.23290323231449
2018-09-23 13:00:00+02:00,54.73445710628803
2018-09-23 14:00:00+02:00,53.036263506929174
2018-09-23 15:00:00+02:00,51.179338235326014
2018-09-23 16:00:00+02:00,49.29718525781467
2018-09-23 17:00:00+02:00,49.68387139813513
2018-09-23 18:00:00+02:00,49.62657941224043
2018-09-23 19:00:00+02:00,55.277539737553774
2018-09-23 20:00:00+02:00,59.515178047453134
2018-09-23 21:00:00+02:00,62.314127201593216
2018-09-23 22:00:00+02:00,60.744181763320945
2018-09-23 23:00:00+02:00,58.77555426321157
2018-09-24 00:00:00+02:00,56.58316927678268
2018-09-24 01:00:00+02:00,52.763255345635905
2018-09-24 02:00:00+02:00,49.811293031577144
2018-09-24 03:00:00+02:00,49.329075689184855
2018-09-24 04:00:00+02:00,47.33983006998019
2018-09-24 05:00:00+02:00,47.75938298630629
2018-09-24 06:00:00+02:00,52.79582175884652
2018-09-24 07:00:00+02:00,54.673408836615245
2018-09-24 08:00:00+02:00,57.59851896714877
2018-09-24 09:00:00+02:00,59.263557255605896
2018-09-24 10:00:00+02:00,58.91053468001306
2018-09-24 11:00:00+02:00,58.40388137647485
2018-09-24 12:00:00+02:00,58.203650987951356
2018-09-24 13:00:00+02:00,58.500385086023726
2018-09-24 14:00:00+02:00,58.39798921088509
2018-09-24 15:00:00+02:00,58.15620098316375
2018-09-24 16:00:00+02:00,57.38307885373089
2018-09-24 17:00:00+02:00,56.792552671829064
2018-09-24 18:00:00+02:00,57.47695358048649
2018-09-24 19:00:00+02:00,57.285628466737286
2018-09-24 20:00:00+02:00,59.47837044655849
2018-09-24 21:00:00+02:00,60.11515909174252
2018-09-24 22:00:00+02:00,56.76686307610587
2018-09-24 23:00:00+02:00,53.26500674712355
2018-09-25 00:00:00+02:00,50.93801325637668
2018-09-25 01:00:00+02:00,50.041822388231246
2018-09-25 02:00:00+02:00,48.22422725493373
2018-09-25 03:00:00+02:00,46.74777087965925
2018-09-25 04:00:00+02:00,46.86030696367633
2018-09-25 05:00:00+02:00,48.333385182329074
2018-09-25 06:00:00+02:00,51.05045021862596
2018-09-25 07:00:00+02:00,54.96731225161375
2018-09-25 08:00:00+02:00,59.67105986838518
2018-09-25 09:00:00+02:00,59.841767989267886
2018-09-25 10:00:00+02:00,60.13091209911088
2018-09-25 11:00:00+02:00,60.20144232609223
2018-09-25 12:00:00+02:00,60.49692590801026
2018-09-25 13:00:00+02:00,59.268812301594515
2018-09-25 14:00:00+02:00,58.85959798292121
2018-09-25 15:00:00+02:00,58.47489711912848
2018-09-25 16:00:00+02:00,57.947542684330756
2018-09-25 17:00:00+02:00,58.026307229822294
2018-09-25 18:00:00+02:00,58.65907092218148
2018-09-25 19:00:00+02:00,58.99506517752558
2018-09-25 20:00:00+02:00,60.474299419669705
2018-09-25 21:00:00+02:00,62.37849374218161
2018-09-25 22:00:00+02:00,58.807262720895324
2018-09-25 23:00:00+02:00,55.172518970273735
2018-09-26 00:00:00+02:00,53.428795936191165
2018-09-26 01:00:00+02:00,48.210807680202755
2018-09-26 02:00:00+02:00,47.04354909783507
2018-09-26 03:00:00+02:00,47.74791422250985
2018-09-26 04:00:00+02:00,50.61777225846814
2018-09-26 05:00:00+02:00,50.5100015953167
2018-09-26 06:00:00+02:00,52.94699098575728
2018-09-26 07:00:00+02:00,59.4815353575056
2018-09-26 08:00:00+02:00,61.60918033823224
2018-09-26 09:00:00+02:00,60.69473483997978
2018-09-26 10:00:00+02:00,61.070379880113556
2018-09-26 11:00:00+02:00,60.79788446968974
2018-09-26 12:00:00+02:00,61.88371864528019
2018-09-26 13:00:00+02:00,63.00571934362941
2018-09-26 14:00:00+02:00,61.59697852008859
2018-09-26 15:00:00+02:00,60.4646442712876
2018-09-26 16:00:00+02:00,59.8346100037164
2018-09-26 17:00:00+02:00,59.49380944073778
2018-09-26 18:00:00+02:00,59.866180927433895
2018-09-26 19:00:00+02:00,61.87360440118386
2018-09-26 20:00:00+02:00,62.95083647504731
2018-09-26 21:00:00+02:00,62.33793707712982
2018-09-26 22:00:00+02:00,61.185899678256845
2018-09-26 23:00:00+02:00,56.800742130748006
2018-09-27 00:00:00+02:00,52.98518285261644
2018-09-27 01:00:00+02:00,52.4203446400571
2018-09-27 02:00:00+02:00,51.85110631357781
2018-09-27 03:00:00+02:00,50.09817973981895
2018-09-27 04:00:00+02:00,50.10157213525238
2018-09-27 05:00:00+02:00,51.58292533904282
2018-09-27 06:00:00+02:00,54.8463922011037
2018-09-27 07:00:00+02:00,60.153518636784106
2018-09-27 08:00:00+02:00,62.82514662824459
2018-09-27 09:00:00+02:00,62.83946555710683
2018-09-27 10:00:00+02:00,62.69725298023379
2018-09-27 11:00:00+02:00,61.23506362590894
2018-09-27 12:00:00+02:00,62.10491290206764
2018-09-27 13:00:00+02:00,61.936942491814854
2018-09-27 14:00:00+02:00,62.04154635018776
2018-09-27 15:00:00+02:00,61.13593081205147
2018-09-27 16:00:00+02:00,60.22568015966717
2018-09-27 17:00:00+02:00,61.1321401833087
2018-09-27 18:00:00+02:00,61.312044680363705
2018-09-27 19:00:00+02:00,62.25224895273846
2018-09-27 20:00:00+02:00,63.72122986380962
2018-09-27 21:00:00+02:00,65.94161922928573
2018-09-27 22:00:00+02:00,62.21782385267996
2018-09-27 23:00:00+02:00,58.66926879008324
2018-09-28 00:00:00+02:00,58.683173954890236
2018-09-28 01:00:00+02:00,56.09333141022677
2018-09-28 02:00:00+02:00,53.05068636054143
2018-09-28 03:00:00+02:00,52.79313211297875
2018-09-28 04:00:00+02:00,52.98927529494679
2018-09-28 05:00:00+02:00,54.02519582282158
2018-09-28 06:00:00+02:00,56.10014616706412
2018-09-28 07:00:00+02:00,60.37592014561059
2018-09-28 08:00:00+02:00,63.33795903854889
2018-09-28 09:00:00+02:00,62.76575538078416
2018-09-28 10:00:00+02:00,62.825175774896174
2018-09-28 11:00:00+02:00,62.84322375046855
2018-09-28 12:00:00+02:00,62.47974291103509
2018-09-28 13:00:00+02:00,61.55893271601954
2018-09-28 14:00:00+02:00,61.05370295808516
2018-09-28 15:00:00+02:00,59.15848508317483
2018-09-28 16:00:00+02:00,59.29964621981966
2018-09-28 17:00:00+02:00,59.7493796525928
2018-09-28 18:00:00+02:00,59.94779683295622
2018-09-28 19:00:00+02:00,61.623629094744764
2018-09-28 20:00:00+02:00,63.09355442832697
2018-09-28 21:00:00+02:00,64.26988474887517
2018-09-28 22:00:00+02:00,61.21985051381953
2018-09-28 23:00:00+02:00,56.9057107337793
2018-09-29 00:00:00+02:00,58.15560105002293
2018-09-29 01:00:00+02:00,56.57667939404115
2018-09-29 02:00:00+02:00,54.892432144139484
2018-09-29 03:00:00+02:00,53.849916398697246
2018-09-29 04:00:00+02:00,54.0884676995421
2018-09-29 05:00:00+02:00,54.294117879010166
2018-09-29 06:00:00+02:00,55.428109830734236
2018-09-29 07:00:00+02:00,55.09140085364305
2018-09-29 08:00:00+02:00,56.30196820901825
2018-09-29 09:00:00+02:00,57.620318501921076
2018-09-29 10:00:00+02:00,58.09816380895776
2018-09-29 11:00:00+02:00,56.62648958339103
2018-09-29 12:00:00+02:00,57.82242208299984
2018-09-29 13:00:00+02:00,56.92814144085571
2018-09-29 14:00:00+02:00,55.76708731449756
2018-09-29 15:00:00+02:00,52.89986425045202
2018-09-29 16:00:00+02:00,51.901895523256904
2018-09-29 17:00:00+02:00,52.30140804725821
2018-09-29 18:00:00+02:00,54.566445423414386
2018-09-29 19:00:00+02:00,57.54929372575848
2018-09-29 20:00:00+02:00,61.023315742057285
2018-09-29 21:00:00+02:00,63.35128898239827
2018-09-29 22:00:00+02:00,58.654614150896116
2018-09-29 23:00:00+02:00,55.400327411992976
2018-09-30 00:00:00+02:00,56.27303601621103
2018-09-30 01:00:00+02:00,54.656678220569766
2018-09-30 02:00:00+02:00,51.47312255381178
2018-09-30 03:00:00+02:00,52.036591932743285
2018-09-30 04:00:00+02:00,50.308895405062934
2018-09-30 05:00:00+02:00,49.94653011755167
2018-09-30 06:00:00+02:00,50.36487942576107
2018-09-30 07:00:00+02:00,51.08805625987227
2018-09-30 08:00:00+02:00,51.83591615164121
2018-09-30 09:00:00+02:00,52.741166205077256
2018-09-30 10:00:00+02:00,54.4170106506987
2018-09-30 11:00:00+02:00,54.99571189681373
2018-09-30 12:00:00+02:00,55.51587148865477
2018-09-30 13:00:00+02:00,54.784776157441314
2018-09-30 14:00:00+02:00,53.38340140963654
2018-09-30 15:00:00+02:00,52.07912256525916
2018-09-30 16:00:00+02:00,50.81899253802439
2018-09-30 17:00:00+02:00,49.822744826889846
2018-09-30 18:00:00+02:00,52.417135957511995
2018-09-30 19:00:00+02:00,56.416188797938354
2018-09-30 20:00:00+02:00,60.985209182006464
2018-09-30 21:00:00+02:00,63.677180249143305
2018-09-30 22:00:00+02:00,61.191149196724176
2018-09-30 23:00:00+02:00,57.09060405105411
2018-10-01 00:00:00+02:00,55.55068341357734
2018-10-01 01:00:00+02:00,53.04182518730581
2018-10-01 02:00:00+02:00,50.49273053335915
2018-10-01 03:00:00+02:00,48.62842879750894
2018-10-01 04:00:00+02:00,48.74826098584828
2018-10-01 05:00:00+02:00,49.20798797984836
2018-10-01 06:00:00+02:00,52.02631940193512
2018-10-01 07:00:00+02:00,57.02973873426604
2018-10-01 08:00:00+02:00,62.924218103389315
2018-10-01 09:00:00+02:00,63.88445195716321
2018-10-01 10:00:00+02:00,64.09171116204173
2018-10-01 11:00:00+02:00,63.646356393302405
2018-10-01 12:00:00+02:00,64.09144414807422
2018-10-01 13:00:00+02:00,63.242651039696035
2018-10-01 14:00:00+02:00,64.21574064546628
2018-10-01 15:00:00+02:00,62.54565888348679
2018-10-01 16:00:00+02:00,61.184043145455426
2018-10-01 17:00:00+02:00,61.582338794035955
2018-10-01 18:00:00+02:00,64.01838447063739
2018-10-01 19:00:00+02:00,64.90905931113271
2018-10-01 20:00:00+02:00,67.48165429385126
2018-10-01 21:00:00+02:00,68.7018401368852
2018-10-01 22:00:00+02:00,64.60210540636936
2018-10-01 23:00:00+02:00,60.87078319845215
2018-10-02 00:00:00+02:00,55.71922383339702
2018-10-02 01:00:00+02:00,50.82665293757825
2018-10-02 02:00:00+02:00,48.44695850318899
2018-10-02 03:00:00+02:00,50.09321106864753
2018-10-02 04:00:00+02:00,48.75925702046688
2018-10-02 05:00:00+02:00,52.03570384152888
2018-10-02 06:00:00+02:00,56.905469426009425
2018-10-02 07:00:00+02:00,62.54267364544146
2018-10-02 08:00:00+02:00,65.7284331619446
2018-10-02 09:00:00+02:00,66.93452356020588
2018-10-02 10:00:00+02:00,67.74453461123805
2018-10-02 11:00:00+02:00,65.54023644961454
2018-10-02 12:00:00+02:00,64.3931101863625
2018-10-02 13:00:00+02:00,64.85780894145445
2018-10-02 14:00:00+02:00,64.29248778972458
2018-10-02 15:00:00+02:00,64.00239469029441
2018-10-02 16:00:00+02:00,62.594526949587
2018-10-02 17:00:00+02:00,63.85025914565381
2018-10-02 18:00:00+02:00,65.47819236246714
2018-10-02 19:00:00+02:00,66.90595094112176
2018-10-02 20:00:00+02:00,68.91663687331257
2018-10-02 21:00:00+02:00,68.66117861214663
2018-10-02 22:00:00+02:00,65.6245360608114
2018-10-02 23:00:00+02:00,62.40774470183422
2018-10-03 00:00:00+02:00,59.176508517760304
2018-10-03 01:00:00+02:00,56.4517677219579
2018-10-03 02:00:00+02:00,54.79713380503396
2018-10-03 03:00:00+02:00,53.88210243991646
2018-10-03 04:00:00+02:00,53.28598436810491
2018-10-03 05:00:00+02:00,54.762057388980566
2018-10-03 06:00:00+02:00,59.99214659878499
2018-10-03 07:00:00+02:00,64.70287750679587
2018-10-03 08:00:00+02:00,68.83010835569098
2018-10-03 09:00:00+02:00,67.58017722448376
2018-10-03 10:00:00+02:00,67.54970219997692
2018-10-03 11:00:00+02:00,67.55634751443965
2018-10-03 12:00:00+02:00,66.63717895445922
2018-10-03 13:00:00+02:00,65.7161552159311
2018-10-03 14:00:00+02:00,64.65040295576979
2018-10-03 15:00:00+02:00,63.38698443019072
2018-10-03 16:00:00+02:00,63.87314892650394
2018-10-03 17:00:00+02:00,64.06161628213968
2018-10-03 18:00:00+02:00,66.55189999023966
2018-10-03 19:00:00+02:00,69.28236510373199
2018-10-03 20:00:00+02:00,70.48107946105834
2018-10-03 21:00:00+02:00,69.81634373543783
2018-10-03 22:00:00+02:00,66.50868594165458
2018-10-03 23:00:00+02:00,63.181866326248915
2018-10-04 00:00:00+02:00,60.95609637487964
2018-10-04 01:00:00+02:00,56.844853372801545
2018-10-04 02:00:00+02:00,53.45525220574003
2018-10-04 03:00:00+02:00,54.06650876084043
2018-10-04 04:00:00+02:00,54.776283437214424
2018-10-04 05:00:00+02:00,55.10257156643405
2018-10-04 06:00:00+02:00,59.712606132355376
2018-10-04 07:00:00+02:00,66.61877610951139
2018-10-04 08:00:00+02:00,68.07710390719627
2018-10-04 09:00:00+02:00,69.7590029987713
2018-10-04 10:00:00+02:00,69.50676407822361
2018-10-04 11:00:00+02:00,69.16378788785143
2018-10-04 12:00:00+02:00,68.76756819726371
2018-10-04 13:00:00+02:00,68.94255615104964
2018-10-04 14:00:00+02:00,67.55702991644146
2018-10-04 15:00:00+02:00,66.3771320439558
2018-10-04 16:00:00+02:00,66.26994985716426
2018-10-04 17:00:00+02:00,65.92808387215841
2018-10-04 18:00:00+02:00,67.93525325811102
2018-10-04 19:00:00+02:00,69.45675216321159
2018-10-04 20:00:00+02:00,71.24478044080821
2018-10-04 21:00:00+02:00,71.9573772914988
2018-10-04 22:00:00+02:00,68.34098931620152
2018-10-04 23:00:00+02:00,65.14640571775695
2018-10-05 00:00:00+02:00,61.18409797030955
2018-10-05 01:00:00+02:00,57.82128975427917
2018-10-05 02:00:00+02:00,54.42563438342953
2018-10-05 03:00:00+02:00,54.35561991068253
2018-10-05 04:00:00+02:00,54.346870462810045
2018-10-05 05:00:00+02:00,55.36064468942974
2018-10-05 06:00:00+02:00,59.895892519722274
2018-10-05 07:00:00+02:00,66.32205454470004
2018-10-05 08:00:00+02:00,67.83660973325688
2018-10-05 09:00:00+02:00,66.67753787774643
2018-10-05 10:00:00+02:00,66.9919615099916
2018-10-05 11:00:00+02:00,66.54161062592945
2018-10-05 12:00:00+02:00,65.97824826444086
2018-10-05 13:00:00+02:00,66.12549338325364
2018-10-05 14:00:00+02:00,65.24642550171792
2018-10-05 15:00:00+02:00,64.4129264105988
2018-10-05 16:00:00+02:00,64.31252728154878
2018-10-05 17:00:00+02:00,65.0116012664182
2018-10-05 18:00:00+02:00,66.73061816180497
2018-10-05 19:00:00+02:00,68.18867627899246
2018-10-05 20:00:00+02:00,69.7342944750573
2018-10-05 21:00:00+02:00,69.43865542715834
2018-10-05 22:00:00+02:00,67.26386350127996
2018-10-05 23:00:00+02:00,63.483380883592964
2018-10-06 00:00:00+02:00,61.95942510919142
2018-10-06 01:00:00+02:00,58.96757739606634
2018-10-06 02:00:00+02:00,57.919083809096264
2018-10-06 03:00:00+02:00,56.671572352281
2018-10-06 04:00:00+02:00,55.86233316687714
2018-10-06 05:00:00+02:00,55.86676702315848
2018-10-06 06:00:00+02:00,56.97347667600204
2018-10-06 07:00:00+02:00,59.59448559780461
2018-10-06 08:00:00+02:00,60.133007672264796
2018-10-06 09:00:00+02:00,62.115217181622974
2018-10-06 10:00:00+02:00,62.657449472613756
2018-10-06 11:00:00+02:00,61.223395658061946
2018-10-06 12:00:00+02:00,61.28999809372926
2018-10-06 13:00:00+02:00,60.289058381461864
2018-10-06 14:00:00+02:00,59.010039998081936
2018-10-06 15:00:00+02:00,56.58966297645358
2018-10-06 16:00:00+02:00,54.03954750837685
2018-10-06 17:00:00+02:00,52.74142321236675
2018-10-06 18:00:00+02:00,56.33757372389666
2018-10-06 19:00:00+02:00,59.24132528222492
2018-10-06 20:00:00+02:00,63.91488236967899
2018-10-06 21:00:00+02:00,64.0714116572562
2018-10-06 22:00:00+02:00,59.63971483070724
2018-10-06 23:00:00+02:00,55.84885367677983
2018-10-07 00:00:00+02:00,54.637203320445614
2018-10-07 01:00:00+02:00,52.28215392937343
2018-10-07 02:00:00+02:00,50.32201342959798
2018-10-07 03:00:00+02:00,49.090097182764055
2018-10-07 04:00:00+02:00,48.1517827014811
2018-10-07 05:00:00+02:00,44.97304043361721
2018-10-07 06:00:00+02:00,47.195884726412864
2018-10-07 07:00:00+02:00,49.02849371391866
2018-10-07 08:00:00+02:00,52.575014150957635
2018-10-07 09:00:00+02:00,53.87059022012689
2018-10-07 10:00:00+02:00,56.39784551757415
2018-10-07 11:00:00+02:00,57.471523370029566
2018-10-07 12:00:00+02:00,55.53950067835765
2018-10-07 13:00:00+02:00,56.530357545075226
2018-10-07 14:00:00+02:00,55.3462330103797
2018-10-07 15:00:00+02:00,52.93130609197882
2018-10-07 16:00:00+02:00,53.16485987834694
2018-10-07 17:00:00+02:00,50.95316803680609
2018-10-07 18:00:00+02:00,54.055881519655685
2018-10-07 19:00:00+02:00,58.85085307701949
2018-10-07 20:00:00+02:00,60.285754113274926
2018-10-07 21:00:00+02:00,63.20192575741791
2018-10-07 22:00:00+02:00,62.89866701138741
2018-10-07 23:00:00+02:00,59.55215133339982
2018-10-08 00:00:00+02:00,53.640695231529
2018-10-08 01:00:00+02:00,52.7975722715319
2018-10-08 02:00:00+02:00,50.61898715884636
2018-10-08 03:00:00+02:00,49.84187185928235
2018-10-08 04:00:00+02:00,49.64861625526384
2018-10-08 05:00:00+02:00,50.95848519588892
2018-10-08 06:00:00+02:00,56.58346464909329
2018-10-08 07:00:00+02:00,61.27875021744402
2018-10-08 08:00:00+02:00,66.96587557585507
2018-10-08 09:00:00+02:00,66.70656822062091
2018-10-08 10:00:00+02:00,67.54667239903377
2018-10-08 11:00:00+02:00,68.09714116290142
2018-10-08 12:00:00+02:00,68.61810706052998
2018-10-08 13:00:00+02:00,67.77426351770559
2018-10-08 14:00:00+02:00,67.99419975050681
2018-10-08 15:00:00+02:00,65.28447403240604
2018-10-08 16:00:00+02:00,66.07576993779772
2018-10-08 17:00:00+02:00,64.15434860710054
2018-10-08 18:00:00+02:00,67.75684106167476
2018-10-08 19:00:00+02:00,69.61840375128806
2018-10-08 20:00:00+02:00,71.91388415918674
2018-10-08 21:00:00+02:00,71.94773955569013
2018-10-08 22:00:00+02:00,66.1366744219945
2018-10-08 23:00:00+02:00,63.68579218783359
2018-10-09 00:00:00+02:00,62.41672520589452
2018-10-09 01:00:00+02:00,57.75688555528214
2018-10-09 02:00:00+02:00,56.16889924310659
2018-10-09 03:00:00+02:00,54.735812748495164
2018-10-09 04:00:00+02:00,54.946516777680536
2018-10-09 05:00:00+02:00,53.339169705178875
2018-10-09 06:00:00+02:00,58.91938575522733
2018-10-09 07:00:00+02:00,65.16749935009469
2018-10-09 08:00:00+02:00,70.56190023428545
2018-10-09 09:00:00+02:00,71.86242799476857
2018-10-09 10:00:00+02:00,71.122575364739
2018-10-09 11:00:00+02:00,70.06906728814745
2018-10-09 12:00:00+02:00,70.2954774995523
2018-10-09 13:00:00+02:00,70.3109880975835
2018-10-09 14:00:00+02:00,66.86144209792819
2018-10-09 15:00:00+02:00,66.62472960364578
2018-10-09 16:00:00+02:00,65.26425666050959
2018-10-09 17:00:00+02:00,65.96700735381417
2018-10-09 18:00:00+02:00,68.51474069102296
2018-10-09 19:00:00+02:00,70.207085009224
2018-10-09 20:00:00+02:00,70.48759498816646
2018-10-09 21:00:00+02:00,71.44459627800715
2018-10-09 22:00:00+02:00,65.64509096905697
2018-10-09 23:00:00+02:00,61.24052756427892
2018-10-10 00:00:00+02:00,54.74462265082591
2018-10-10 01:00:00+02:00,51.10960419167247
2018-10-10 02:00:00+02:00,52.589815749258435
2018-10-10 03:00:00+02:00,51.671951855565375
2018-10-10 04:00:00+02:00,46.331289849454485
2018-10-10 05:00:00+02:00,52.02027757280069
2018-10-10 06:00:00+02:00,54.58813775276699
2018-10-10 07:00:00+02:00,60.531053283915575
2018-10-10 08:00:00+02:00,66.14428765665647
2018-10-10 09:00:00+02:00,66.21334526379881
2018-10-10 10:00:00+02:00,66.26598674015746
2018-10-10 11:00:00+02:00,66.7626781444845
2018-10-10 12:00:00+02:00,65.67633025622251
2018-10-10 13:00:00+02:00,65.658271133923
2018-10-10 14:00:00+02:00,65.05380411454517
2018-10-10 15:00:00+02:00,63.57367703075054
2018-10-10 16:00:00+02:00,63.97212954145226
2018-10-10 17:00:00+02:00,64.40374529178838
2018-10-10 18:00:00+02:00,67.88110335840099
2018-10-10 19:00:00+02:00,68.87187390626463
2018-10-10 20:00:00+02:00,71.51489469881015
2018-10-10 21:00:00+02:00,71.56840384710402
2018-10-10 22:00:00+02:00,65.16246507616238
2018-10-10 23:00:00+02:00,62.81375927773581
2018-10-11 00:00:00+02:00,57.16673785091054
2018-10-11 01:00:00+02:00,53.59352437665327
2018-10-11 02:00:00+02:00,50.38471436489319
2018-10-11 03:00:00+02:00,50.39689076455792
2018-10-11 04:00:00+02:00,48.30404938182514
2018-10-11 05:00:00+02:00,48.70268809760905
2018-10-11 06:00:00+02:00,54.99426923645296
2018-10-11 07:00:00+02:00,60.499929047591515
2018-10-11 08:00:00+02:00,65.72727584405443
2018-10-11 09:00:00+02:00,66.21578381721493
2018-10-11 10:00:00+02:00,68.45547669931885
2018-10-11 11:00:00+02:00,68.78606117498441
2018-10-11 12:00:00+02:00,67.95628246834288
2018-10-11 13:00:00+02:00,67.33975808945088
2018-10-11 14:00:00+02:00,64.01177559893573
2018-10-11 15:00:00+02:00,61.50879382045837
2018-10-11 16:00:00+02:00,61.92056348284334
2018-10-11 17:00:00+02:00,62.66180125871947
2018-10-11 18:00:00+02:00,67.0015427749804
2018-10-11 19:00:00+02:00,68.47273476032227
2018-10-11 20:00:00+02:00,71.61776160842336
2018-10-11 21:00:00+02:00,72.11901889722043
2018-10-11 22:00:00+02:00,66.80064596454382
2018-10-11 23:00:00+02:00,62.98418695084834
2018-10-12 00:00:00+02:00,62.05409178255868
2018-10-12 01:00:00+02:00,58.38897251679199
2018-10-12 02:00:00+02:00,55.72413515952983
2018-10-12 03:00:00+02:00,54.61103941745471
2018-10-12 04:00:00+02:00,55.16810997587182
2018-10-12 05:00:00+02:00,53.503557579743706
2018-10-12 06:00:00+02:00,59.72085701722088
2018-10-12 07:00:00+02:00,66.63787107764404
2018-10-12 08:00:00+02:00,69.5393055398708
2018-10-12 09:00:00+02:00,69.66621294506649
2018-10-12 10:00:00+02:00,70.0181339248559
2018-10-12 11:00:00+02:00,70.93221386127769
2018-10-12 12:00:00+02:00,68.82536564924926
2018-10-12 13:00:00+02:00,68.5842805219239
2018-10-12 14:00:00+02:00,68.84641388053649
2018-10-12 15:00:00+02:00,66.58282515771054
2018-10-12 16:00:00+02:00,65.97346007638063
2018-10-12 17:00:00+02:00,66.77933005668281
2018-10-12 18:00:00+02:00,68.14818319261707
2018-10-12 19:00:00+02:00,71.00886757762649
2018-10-12 20:00:00+02:00,73.48756244526805
2018-10-12 21:00:00+02:00,73.74291623743999
2018-10-12 22:00:00+02:00,68.17013380682187
2018-10-12 23:00:00+02:00,65.18027430698106
2018-10-13 00:00:00+02:00,58.49119558566374
2018-10-13 01:00:00+02:00,57.02411183742229
2018-10-13 02:00:00+02:00,52.27926897195149
2018-10-13 03:00:00+02:00,52.116694510325765
2018-10-13 04:00:00+02:00,49.78924724891374
2018-10-13 05:00:00+02:00,50.055060058651556
2018-10-13 06:00:00+02:00,50.61668309100623
2018-10-13 07:00:00+02:00,55.28298206077364
2018-10-13 08:00:00+02:00,58.31336224639375
2018-10-13 09:00:00+02:00,59.14857237164145
2018-10-13 10:00:00+02:00,59.94653251607567
2018-10-13 11:00:00+02:00,60.128782529752336
2018-10-13 12:00:00+02:00,60.07644140596949
2018-10-13 13:00:00+02:00,60.11284433399862
2018-10-13 14:00:00+02:00,58.96493281824265
2018-10-13 15:00:00+02:00,57.17968794907987
2018-10-13 16:00:00+02:00,56.23600363356919
2018-10-13 17:00:00+02:00,57.98910624383529
2018-10-13 18:00:00+02:00,61.628580788748174
2018-10-13 19:00:00+02:00,62.998807286551674
2018-10-13 20:00:00+02:00,65.21659851018127
2018-10-13 21:00:00+02:00,66.07210633191833
2018-10-13 22:00:00+02:00,60.96559282563914
2018-10-13 23:00:00+02:00,57.82898081080966
2018-10-14 00:00:00+02:00,51.601617482247775
2018-10-14 01:00:00+02:00,49.370141892306755
2018-10-14 02:00:00+02:00,45.185324493231036
2018-10-14 03:00:00+02:00,40.733621409767075
2018-10-14 04:00:00+02:00,39.03141813099851
2018-10-14 05:00:00+02:00,39.52326623111429
2018-10-14 06:00:00+02:00,47.1499837064091
2018-10-14 07:00:00+02:00,45.678291884209166
2018-10-14 08:00:00+02:00,47.42761647166167
2018-10-14 09:00:00+02:00,50.32395018590844
2018-10-14 10:00:00+02:00,49.87025564546212
2018-10-14 11:00:00+02:00,50.808550854821135
2018-10-14 12:00:00+02:00,50.95469684430736
2018-10-14 13:00:00+02:00,51.65213578312335
2018-10-14 14:00:00+02:00,52.23776353755932
2018-10-14 15:00:00+02:00,51.02099646930168
2018-10-14 16:00:00+02:00,50.05285708833804
2018-10-14 17:00:00+02:00,53.15671539285179
2018-10-14 18:00:00+02:00,55.612176545460066
2018-10-14 19:00:00+02:00,60.50651697010624
2018-10-14 20:00:00+02:00,62.47357365806476
2018-10-14 21:00:00+02:00,63.277964126983825
2018-10-14 22:00:00+02:00,61.04258239634638
2018-10-14 23:00:00+02:00,58.496553744695156
2018-10-15 00:00:00+02:00,53.12853059348106
2018-10-15 01:00:00+02:00,48.194427124121596
2018-10-15 02:00:00+02:00,45.92211222039529
2018-10-15 03:00:00+02:00,46.571664269507615
2018-10-15 04:00:00+02:00,45.354373588431336
2018-10-15 05:00:00+02:00,46.989118514905954
2018-10-15 06:00:00+02:00,52.90206354627429
2018-10-15 07:00:00+02:00,60.78894814563716
2018-10-15 08:00:00+02:00,67.5577279506236
2018-10-15 09:00:00+02:00,69.60758604388461
2018-10-15 10:00:00+02:00,68.02290771788654
2018-10-15 11:00:00+02:00,68.12157030247535
2018-10-15 12:00:00+02:00,68.95872113744993
2018-10-15 13:00:00+02:00,67.84697393148373
2018-10-15 14:00:00+02:00,65.3352905199625
2018-10-15 15:00:00+02:00,63.38296803812522
2018-10-15 16:00:00+02:00,63.39648053320858
2018-10-15 17:00:00+02:00,63.578114669199344
2018-10-15 18:00:00+02:00,69.15286607116784
2018-10-15 19:00:00+02:00,70.27646445068352
2018-10-15 20:00:00+02:00,74.01407437692029
2018-10-15 21:00:00+02:00,72.08047769446107
2018-10-15 22:00:00+02:00,67.47828694870363
2018-10-15 23:00:00+02:00,64.18542576856589
2018-10-16 00:00:00+02:00,59.800247196766485
2018-10-16 01:00:00+02:00,56.13459334122166
2018-10-16 02:00:00+02:00,53.227179008178474
2018-10-16 03:00:00+02:00,51.859338748111725
2018-10-16 04:00:00+02:00,51.039858733370885
2018-10-16 05:00:00+02:00,53.10482267775296
2018-10-16 06:00:00+02:00,58.40231395154283
2018-10-16 07:00:00+02:00,63.605188570972906
2018-10-16 08:00:00+02:00,67.77881231411202
2018-10-16 09:00:00+02:00,69.42202942610004
2018-10-16 10:00:00+02:00,68.3933770288631
2018-10-16 11:00:00+02:00,69.53770681047979
2018-10-16 12:00:00+02:00,68.99405186894222
2018-10-16 13:00:00+02:00,68.63573724931707
2018-10-16 14:00:00+02:00,68.41643742120276
2018-10-16 15:00:00+02:00,66.00767917395451
2018-10-16 16:00:00+02:00,67.57425091422515
2018-10-16 17:00:00+02:00,67.58702095387675
2018-10-16 18:00:00+02:00,71.00193479952283
2018-10-16 19:00:00+02:00,73.27709203098843
2018-10-16 20:00:00+02:00,74.66943820726226
2018-10-16 21:00:00+02:00,72.9785362057526
2018-10-16 22:00:00+02:00,68.75103553514394
2018-10-16 23:00:00+02:00,64.3736369919711
2018-10-17 00:00:00+02:00,59.417726049817674
2018-10-17 01:00:00+02:00,58.38702191745625
2018-10-17 02:00:00+02:00,55.623433939568514
2018-10-17 03:00:00+02:00,54.58397678202775
2018-10-17 04:00:00+02:00,54.71655175173182
2018-10-17 05:00:00+02:00,55.493064046654176
2018-10-17 06:00:00+02:00,60.15064048542407
2018-10-17 07:00:00+02:00,64.59722483615337
2018-10-17 08:00:00+02:00,71.52837497297826
2018-10-17 09:00:00+02:00,71.83559110015746
2018-10-17 10:00:00+02:00,71.31005557502198
2018-10-17 11:00:00+02:00,71.18400687862727
2018-10-17 12:00:00+02:00,71.1481587879611
2018-10-17 13:00:00+02:00,70.63371036623111
2018-10-17 14:00:00+02:00,69.52031570292534
2018-10-17 15:00:00+02:00,68.00450108494921
2018-10-17 16:00:00+02:00,66.79649391999224
2018-10-17 17:00:00+02:00,66.84554387594606
2018-10-17 18:00:00+02:00,69.67374927690399
2018-10-17 19:00:00+02:00,72.05831333765677
2018-10-17 20:00:00+02:00,73.17042355307645
2018-10-17 21:00:00+02:00,72.9768021782089
2018-10-17 22:00:00+02:00,67.64728105553036
2018-10-17 23:00:00+02:00,61.5523382480292
2018-10-18 00:00:00+02:00,60.08997043526597
2018-10-18 01:00:00+02:00,56.695987963216034
2018-10-18 02:00:00+02:00,54.7957433484828
2018-10-18 03:00:00+02:00,52.78892309986238
2018-10-18 04:00:00+02:00,53.53380285157667
2018-10-18 05:00:00+02:00,54.8626549087622
2018-10-18 06:00:00+02:00,57.57069257919962
2018-10-18 07:00:00+02:00,63.76635460187537
2018-10-18 08:00:00+02:00,69.75875107663875
2018-10-18 09:00:00+02:00,70.12911266862253
2018-10-18 10:00:00+02:00,70.88677484371058
2018-10-18 11:00:00+02:00,70.34895348979221
2018-10-18 12:00:00+02:00,70.39341607267947
2018-10-18 13:00:00+02:00,68.22098401293846
2018-10-18 14:00:00+02:00,66.93126978453023
2018-10-18 15:00:00+02:00,67.28602917792703
2018-10-18 16:00:00+02:00,66.76919206834378
2018-10-18 17:00:00+02:00,68.3975247059651
2018-10-18 18:00:00+02:00,71.45262016599992
2018-10-18 19:00:00+02:00,74.73672506822373
2018-10-18 20:00:00+02:00,74.19163766345663
2018-10-18 21:00:00+02:00,73.39678801736781
2018-10-18 22:00:00+02:00,65.29761899808024
2018-10-18 23:00:00+02:00,58.903172267815016
2018-10-19 00:00:00+02:00,53.89417644183319
2018-10-19 01:00:00+02:00,51.40680485648895
2018-10-19 02:00:00+02:00,49.20917135855361
2018-10-19 03:00:00+02:00,46.79707557563998
2018-10-19 04:00:00+02:00,46.431200695910626
2018-10-19 05:00:00+02:00,48.83679174091091
2018-10-19 06:00:00+02:00,54.70799611824196
2018-10-19 07:00:00+02:00,59.119128936006
2018-10-19 08:00:00+02:00,65.53564829998578
2018-10-19 09:00:00+02:00,67.99599967848984
2018-10-19 10:00:00+02:00,66.90915678725304
2018-10-19 11:00:00+02:00,66.41452066437495
2018-10-19 12:00:00+02:00,67.8382277797378
2018-10-19 13:00:00+02:00,66.56665367744914
2018-10-19 14:00:00+02:00,63.366824086454784
2018-10-19 15:00:00+02:00,62.96344573864084
2018-10-19 16:00:00+02:00,63.45478670779397
2018-10-19 17:00:00+02:00,65.35310361058818
2018-10-19 18:00:00+02:00,67.54040870029729
2018-10-19 19:00:00+02:00,69.93857683130567
2018-10-19 20:00:00+02:00,70.8869551035437
2018-10-19 21:00:00+02:00,68.30698799243946
2018-10-19 22:00:00+02:00,63.58225526288081
2018-10-19 23:00:00+02:00,60.166634103867004
2018-10-20 00:00:00+02:00,55.31536868487682
2018-10-20 01:00:00+02:00,54.19436598562231
2018-10-20 02:00:00+02:00,50.699798809405166
2018-10-20 03:00:00+02:00,51.61634804020593
2018-10-20 04:00:00+02:00,51.66564281999839
2018-10-20 05:00:00+02:00,51.37449865964581
2018-10-20 06:00:00+02:00,51.98005828066611
2018-10-20 07:00:00+02:00,55.86996285829386
2018-10-20 08:00:00+02:00,59.133528758750835
2018-10-20 09:00:00+02:00,60.56153636130373
2018-10-20 10:00:00+02:00,61.87658625641841
2018-10-20 11:00:00+02:00,61.10831190335315
2018-10-20 12:00:00+02:00,61.33615821907117
2018-10-20 13:00:00+02:00,60.43387684388811
2018-10-20 14:00:00+02:00,61.400437404859126
2018-10-20 15:00:00+02:00,58.94792689541703
2018-10-20 16:00:00+02:00,58.99068398105545
2018-10-20 17:00:00+02:00,58.90519783504053
2018-10-20 18:00:00+02:00,62.89643691561048
2018-10-20 19:00:00+02:00,66.87188980690037
2018-10-20 20:00:00+02:00,68.46637288144962
2018-10-20 21:00:00+02:00,68.70067647301751
2018-10-20 22:00:00+02:00,62.949855435410406
2018-10-20 23:00:00+02:00,59.89087341329435
2018-10-21 00:00:00+02:00,57.38840205282323
2018-10-21 01:00:00+02:00,55.95903117809301
2018-10-21 02:00:00+02:00,53.692641937141694
2018-10-21 03:00:00+02:00,50.90161358209287
2018-10-21 04:00:00+02:00,49.900083285374336
2018-10-21 05:00:00+02:00,52.370320769867554
2018-10-21 06:00:00+02:00,52.896351808731055
2018-10-21 07:00:00+02:00,54.715197546498494
2018-10-21 08:00:00+02:00,56.61364025758533
2018-10-21 09:00:00+02:00,57.817945342196175
2018-10-21 10:00:00+02:00,57.834479293752615
2018-10-21 11:00:00+02:00,60.7654820932156
2018-10-21 12:00:00+02:00,59.6308273718588
2018-10-21 13:00:00+02:00,60.2977248979559
2018-10-21 14:00:00+02:00,59.31244807270796
2018-10-21 15:00:00+02:00,58.18475586218913
2018-10-21 16:00:00+02:00,58.537605509553224
2018-10-21 17:00:00+02:00,59.03321455731761
2018-10-21 18:00:00+02:00,60.96701159156836
2018-10-21 19:00:00+02:00,64.74202522309537
2018-10-21 20:00:00+02:00,69.85250187719521
2018-10-21 21:00:00+02:00,70.92900864790474
2018-10-21 22:00:00+02:00,67.21221310682307
2018-10-21 23:00:00+02:00,63.2249984832653
2018-10-22 00:00:00+02:00,59.290999913825914
2018-10-22 01:00:00+02:00,57.319030167283614
2018-10-22 02:00:00+02:00,53.49244726662209
2018-10-22 03:00:00+02:00,51.95170479587792
2018-10-22 04:00:00+02:00,52.41759719556695
2018-10-22 05:00:00+02:00,53.09046005167561
2018-10-22 06:00:00+02:00,57.10633651587387
2018-10-22 07:00:00+02:00,62.15047409296244
2018-10-22 08:00:00+02:00,66.84373616953802
2018-10-22 09:00:00+02:00,67.28717604682309
2018-10-22 10:00:00+02:00,68.36646273831235
2018-10-22 11:00:00+02:00,68.24519647382813
2018-10-22 12:00:00+02:00,68.62225970474377
2018-10-22 13:00:00+02:00,67.76343132495957
2018-10-22 14:00:00+02:00,65.79924507608887
2018-10-22 15:00:00+02:00,65.39485638656402
2018-10-22 16:00:00+02:00,65.08936420831235
2018-10-22 17:00:00+02:00,66.13058727130829
2018-10-22 18:00:00+02:00,69.09210344334606
2018-10-22 19:00:00+02:00,71.09383656334329
2018-10-22 20:00:00+02:00,72.58751479016105
2018-10-22 21:00:00+02:00,71.09226787886739
2018-10-22 22:00:00+02:00,66.51453414604465
2018-10-22 23:00:00+02:00,60.71472867524347
2018-10-23 00:00:00+02:00,55.545550310849876
2018-10-23 01:00:00+02:00,56.59728145418409
2018-10-23 02:00:00+02:00,54.18035574406961
2018-10-23 03:00:00+02:00,52.77701656892
2018-10-23 04:00:00+02:00,52.90191145138823
2018-10-23 05:00:00+02:00,53.8676685933684
2018-10-23 06:00:00+02:00,58.39686011294055
2018-10-23 07:00:00+02:00,64.78150052276858
2018-10-23 08:00:00+02:00,70.32740680379085
2018-10-23 09:00:00+02:00,70.74035712994113
2018-10-23 10:00:00+02:00,71.40583034456081
2018-10-23 11:00:00+02:00,71.13965020188164
2018-10-23 12:00:00+02:00,70.06554146395511
2018-10-23 13:00:00+02:00,69.76674700271691
2018-10-23 14:00:00+02:00,68.41600902704359
2018-10-23 15:00:00+02:00,66.82883577549644
2018-10-23 16:00:00+02:00,66.74336363297066
2018-10-23 17:00:00+02:00,67.94193876139065
2018-10-23 18:00:00+02:00,72.24191704469003
2018-10-23 19:00:00+02:00,73.86110367098331
2018-10-23 20:00:00+02:00,75.39016914681376
2018-10-23 21:00:00+02:00,72.6668326233477
2018-10-23 22:00:00+02:00,66.61280735915248
2018-10-23 23:00:00+02:00,62.94934292034046
2018-10-24 00:00:00+02:00,59.46064869022084
2018-10-24 01:00:00+02:00,57.78027811030287
2018-10-24 02:00:00+02:00,54.98524964564509
2018-10-24 03:00:00+02:00,53.92068319177073
2018-10-24 04:00:00+02:00,53.95452237266901
2018-10-24 05:00:00+02:00,54.44358193947537
2018-10-24 06:00:00+02:00,59.52424946454776
2018-10-24 07:00:00+02:00,65.4693345656799
2018-10-24 08:00:00+02:00,70.34737424230887
2018-10-24 09:00:00+02:00,70.90441043713645
2018-10-24 10:00:00+02:00,71.26278363783608
2018-10-24 11:00:00+02:00,70.60123581229887
2018-10-24 12:00:00+02:00,69.33367230322334
2018-10-24 13:00:00+02:00,68.6195151818719
2018-10-24 14:00:00+02:00,67.75480645768856
2018-10-24 15:00:00+02:00,66.77717357032463
2018-10-24 16:00:00+02:00,66.69052101075589
2018-10-24 17:00:00+02:00,68.38004380804239
2018-10-24 18:00:00+02:00,71.78689000631327
2018-10-24 19:00:00+02:00,74.85165644295695
2018-10-24 20:00:00+02:00,76.52389036551187
2018-10-24 21:00:00+02:00,76.1374609247837
2018-10-24 22:00:00+02:00,70.0683051162673
2018-10-24 23:00:00+02:00,65.04096551370533
2018-10-25 00:00:00+02:00,60.81884664211906
2018-10-25 01:00:00+02:00,58.32435826232908
2018-10-25 02:00:00+02:00,56.56150447386551
2018-10-25 03:00:00+02:00,55.38960995458971
2018-10-25 04:00:00+02:00,55.1936995267998
2018-10-25 05:00:00+02:00,56.17257327795131
2018-10-25 06:00:00+02:00,60.67053063227607
2018-10-25 07:00:00+02:00,68.18060210799841
2018-10-25 08:00:00+02:00,73.61062901857743
2018-10-25 09:00:00+02:00,73.84697082712421
2018-10-25 10:00:00+02:00,72.79054843390071
2018-10-25 11:00:00+02:00,71.06050922922235
2018-10-25 12:00:00+02:00,70.67446813526678
2018-10-25 13:00:00+02:00,70.22759807203954
2018-10-25 14:00:00+02:00,68.84394014029446
2018-10-25 15:00:00+02:00,68.36893549049931
2018-10-25 16:00:00+02:00,66.36678108119087
2018-10-25 17:00:00+02:00,67.93276159010581
2018-10-25 18:00:00+02:00,72.28032182750458
2018-10-25 19:00:00+02:00,73.27540289631325
2018-10-25 20:00:00+02:00,74.89750108723152
2018-10-25 21:00:00+02:00,74.78630507971961
2018-10-25 22:00:00+02:00,68.83031482806776
2018-10-25 23:00:00+02:00,64.69924269313303
2018-10-26 00:00:00+02:00,61.269047787269365
2018-10-26 01:00:00+02:00,58.99010580709725
2018-10-26 02:00:00+02:00,55.95049807810918
2018-10-26 03:00:00+02:00,55.26599422072274
2018-10-26 04:00:00+02:00,54.78650268797745
2018-10-26 05:00:00+02:00,56.513439695405054
2018-10-26 06:00:00+02:00,60.950757407530766
2018-10-26 07:00:00+02:00,65.8799181805882
2018-10-26 08:00:00+02:00,71.74058167520728
2018-10-26 09:00:00+02:00,72.38832936111208
2018-10-26 10:00:00+02:00,71.67549602373279
2018-10-26 11:00:00+02:00,71.19015899753398
2018-10-26 12:00:00+02:00,70.3411134682075
2018-10-26 13:00:00+02:00,70.37777021441512
2018-10-26 14:00:00+02:00,69.35807574283365
2018-10-26 15:00:00+02:00,65.82395175325648
2018-10-26 16:00:00+02:00,65.40101722894492
2018-10-26 17:00:00+02:00,67.344518925566
2018-10-26 18:00:00+02:00,71.9315955164234
2018-10-26 19:00:00+02:00,73.73446580857087
2018-10-26 20:00:00+02:00,74.33507838621205
2018-10-26 21:00:00+02:00,72.43482531950754
2018-10-26 22:00:00+02:00,65.24139079370714
2018-10-26 23:00:00+02:00,62.44298660753722
2018-10-27 00:00:00+02:00,59.42518987522561
2018-10-27 01:00:00+02:00,54.90555609185316
2018-10-27 02:00:00+02:00,52.05438531453842
2018-10-27 03:00:00+02:00,50.1301339935088
2018-10-27 04:00:00+02:00,49.094642972445115
2018-10-27 05:00:00+02:00,48.46635610482246
2018-10-27 06:00:00+02:00,51.28527064111436
2018-10-27 07:00:00+02:00,56.414972377299364
2018-10-27 08:00:00+02:00,61.23327102580742
2018-10-27 09:00:00+02:00,62.249676238112976
2018-10-27 10:00:00+02:00,62.86314490723138
2018-10-27 11:00:00+02:00,64.18983783015959
2018-10-27 12:00:00+02:00,61.41203613105725
2018-10-27 13:00:00+02:00,61.18936162251674
2018-10-27 14:00:00+02:00,59.99810821651861
2018-10-27 15:00:00+02:00,60.660381638169646
2018-10-27 16:00:00+02:00,58.229333871737445
2018-10-27 17:00:00+02:00,61.42593942583593
2018-10-27 18:00:00+02:00,64.21793269298537
2018-10-27 19:00:00+02:00,66.12514394560182
2018-10-27 20:00:00+02:00,69.80684317028677
2018-10-27 21:00:00+02:00,63.35111113980478
2018-10-27 22:00:00+02:00,61.98976735630529
2018-10-27 23:00:00+02:00,55.07191104555602
2018-10-28 00:00:00+02:00,52.77788363828776
2018-10-28 01:00:00+02:00,51.13150936056791
2018-10-28 02:00:00+02:00,50.853252133234
2018-10-28 02:00:00+01:00,47.42583842288834
2018-10-28 03:00:00+01:00,46.38677869487062
2018-10-28 04:00:00+01:00,47.550233749792206
2018-10-28 05:00:00+01:00,47.25504528988112
2018-10-28 06:00:00+01:00,46.57981824616823
2018-10-28 07:00:00+01:00,49.79546053393781
2018-10-28 08:00:00+01:00,52.78232784461809
2018-10-28 09:00:00+01:00,57.14772214185533
2018-10-28 10:00:00+01:00,57.02355302469033
2018-10-28 11:00:00+01:00,58.02685968855192
2018-10-28 12:00:00+01:00,57.00704788314812
2018-10-28 13:00:00+01:00,58.567236566914936
2018-10-28 14:00:00+01:00,56.741732306941344
2018-10-28 15:00:00+01:00,55.20896113554232
2018-10-28 16:00:00+01:00,50.99294103894359
2018-10-28 17:00:00+01:00,52.996938422307146
2018-10-28 18:00:00+01:00,59.59617459486555
2018-10-28 19:00:00+01:00,67.11326057864993
2018-10-28 20:00:00+01:00,65.74584012260895
2018-10-28 21:00:00+01:00,67.54262889156453
2018-10-28 22:00:00+01:00,62.58324022443539
2018-10-28 23:00:00+01:00,57.55640245881019
2018-10-29 00:00:00+01:00,54.57903299524026
2018-10-29 01:00:00+01:00,50.84354615732968
2018-10-29 02:00:00+01:00,48.84736996908433
2018-10-29 03:00:00+01:00,46.69891714131442
2018-10-29 04:00:00+01:00,45.39849167042855
2018-10-29 05:00:00+01:00,47.13641461119524
2018-10-29 06:00:00+01:00,49.64980985620781
2018-10-29 07:00:00+01:00,56.61318456036843
2018-10-29 08:00:00+01:00,60.885640130611286
2018-10-29 09:00:00+01:00,62.378436997414894
2018-10-29 10:00:00+01:00,62.475133682014246
2018-10-29 11:00:00+01:00,62.050371427108225
2018-10-29 12:00:00+01:00,60.970129459743475
2018-10-29 13:00:00+01:00,59.703184406640894
2018-10-29 14:00:00+01:00,61.68814197113064
2018-10-29 15:00:00+01:00,58.1747960782381
2018-10-29 16:00:00+01:00,57.36079109412748
2018-10-29 17:00:00+01:00,61.203630158050544
2018-10-29 18:00:00+01:00,66.50195782916609
2018-10-29 19:00:00+01:00,72.2471292502997
2018-10-29 20:00:00+01:00,70.29694625467711
2018-10-29 21:00:00+01:00,66.12394186142386
2018-10-29 22:00:00+01:00,60.300812484122794
2018-10-29 23:00:00+01:00,60.17321627564079
2018-10-30 00:00:00+01:00,50.1122568031925
2018-10-30 01:00:00+01:00,47.84646040785918
2018-10-30 02:00:00+01:00,45.40207162994256
2018-10-30 03:00:00+01:00,42.513423715788214
2018-10-30 04:00:00+01:00,41.18096867077704
2018-10-30 05:00:00+01:00,45.16382413022035
2018-10-30 06:00:00+01:00,50.65265334204082
2018-10-30 07:00:00+01:00,60.791508026359544
2018-10-30 08:00:00+01:00,64.07236553367441
2018-10-30 09:00:00+01:00,62.70191577815359
2018-10-30 10:00:00+01:00,65.71879812147044
2018-10-30 11:00:00+01:00,65.93163799871785
2018-10-30 12:00:00+01:00,65.8371591305518
2018-10-30 13:00:00+01:00,62.655572427022605
2018-10-30 14:00:00+01:00,61.90612922647642
2018-10-30 15:00:00+01:00,62.136120217576
2018-10-30 16:00:00+01:00,66.01629701652833
2018-10-30 17:00:00+01:00,67.29562981079597
2018-10-30 18:00:00+01:00,70.23893056737334
2018-10-30 19:00:00+01:00,72.59053642997304
2018-10-30 20:00:00+01:00,71.57307633903285
2018-10-30 21:00:00+01:00,70.03797451724806
2018-10-30 22:00:00+01:00,62.4455774966527
2018-10-30 23:00:00+01:00,56.87993238659204
2018-10-31 00:00:00+01:00,56.42291906464465
2018-10-31 01:00:00+01:00,53.39393021223862
2018-10-31 02:00:00+01:00,51.32001930479189
2018-10-31 03:00:00+01:00,50.2061378218888
2018-10-31 04:00:00+01:00,48.43686915798431
2018-10-31 05:00:00+01:00,51.98905379524723
2018-10-31 06:00:00+01:00,58.06603253592672
2018-10-31 07:00:00+01:00,64.46250300628928
2018-10-31 08:00:00+01:00,68.05932662503379
2018-10-31 09:00:00+01:00,68.47568638743773
2018-10-31 10:00:00+01:00,68.0459594408529
2018-10-31 11:00:00+01:00,67.93100079112021
2018-10-31 12:00:00+01:00,64.69213578468948
2018-10-31 13:00:00+01:00,65.50668492809031
2018-10-31 14:00:00+01:00,63.82902237967375
2018-10-31 15:00:00+01:00,62.93436590367472
2018-10-31 16:00:00+01:00,64.02470335217653
2018-10-31 17:00:00+01:00,66.6191221819783
2018-10-31 18:00:00+01:00,71.78759270765636
2018-10-31 19:00:00+01:00,72.50543564540949
2018-10-31 20:00:00+01:00,72.5572550582872
2018-10-31 21:00:00+01:00,71.59217847740308
2018-10-31 22:00:00+01:00,66.1476490010625
2018-10-31 23:00:00+01:00,61.22184679681114
2018-11-01 00:00:00+01:00,56.13643805672573
2018-11-01 01:00:00+01:00,50.40342658461042
2018-11-01 02:00:00+01:00,49.70042186292597
2018-11-01 03:00:00+01:00,49.76474649503879
2018-11-01 04:00:00+01:00,50.908543802783974
2018-11-01 05:00:00+01:00,52.98792551753098
2018-11-01 06:00:00+01:00,61.28251918645435
2018-11-01 07:00:00+01:00,66.71679364294569
2018-11-01 08:00:00+01:00,71.64824372708205
2018-11-01 09:00:00+01:00,72.06710722894395
2018-11-01 10:00:00+01:00,72.92237697549562
2018-11-01 11:00:00+01:00,70.8069653141767
2018-11-01 12:00:00+01:00,70.4475372991363
2018-11-01 13:00:00+01:00,69.6504574068344
2018-11-01 14:00:00+01:00,68.8113000697606
2018-11-01 15:00:00+01:00,67.88230680328742
2018-11-01 16:00:00+01:00,68.53930315060914
2018-11-01 17:00:00+01:00,70.80540245982091
2018-11-01 18:00:00+01:00,73.79650981163942
2018-11-01 19:00:00+01:00,76.22199360796316
2018-11-01 20:00:00+01:00,74.54557026126898
2018-11-01 21:00:00+01:00,71.4510268722767
2018-11-01 22:00:00+01:00,66.07694209357119
2018-11-01 23:00:00+01:00,59.57278893481976
2018-11-02 00:00:00+01:00,59.905965050025735
2018-11-02 01:00:00+01:00,52.30460221035444
2018-11-02 02:00:00+01:00,49.76100779317281
2018-11-02 03:00:00+01:00,49.49073934313915
2018-11-02 04:00:00+01:00,50.78296496542385
2018-11-02 05:00:00+01:00,52.9074650431233
2018-11-02 06:00:00+01:00,60.70710738177792
2018-11-02 07:00:00+01:00,64.86638556187019
2018-11-02 08:00:00+01:00,69.61274204518308
2018-11-02 09:00:00+01:00,69.33119649550848
2018-11-02 10:00:00+01:00,67.72236370335861
2018-11-02 11:00:00+01:00,67.89873642884801
2018-11-02 12:00:00+01:00,66.83891325826245
2018-11-02 13:00:00+01:00,68.64211170042648
2018-11-02 14:00:00+01:00,66.56627278255284
2018-11-02 15:00:00+01:00,67.71776036233994
2018-11-02 16:00:00+01:00,68.03916320550233
2018-11-02 17:00:00+01:00,70.06332324818418
2018-11-02 18:00:00+01:00,74.62541417803395
2018-11-02 19:00:00+01:00,75.06418544056116
2018-11-02 20:00:00+01:00,75.20527787193072
2018-11-02 21:00:00+01:00,72.79802466158229
2018-11-02 22:00:00+01:00,68.08205738605383
2018-11-02 23:00:00+01:00,63.05765845808537
2018-11-03 00:00:00+01:00,60.06118886618293
2018-11-03 01:00:00+01:00,56.65027677352938
2018-11-03 02:00:00+01:00,54.28922727284305
2018-11-03 03:00:00+01:00,54.825249850345166
2018-11-03 04:00:00+01:00,53.87259298122017
2018-11-03 05:00:00+01:00,53.22186886606939
2018-11-03 06:00:00+01:00,54.77431454360447
2018-11-03 07:00:00+01:00,59.189493865905376
2018-11-03 08:00:00+01:00,61.949429932059424
2018-11-03 09:00:00+01:00,63.26505567668983
2018-11-03 10:00:00+01:00,65.2357778332548
2018-11-03 11:00:00+01:00,63.39878972684799
2018-11-03 12:00:00+01:00,62.31584660647246
2018-11-03 13:00:00+01:00,61.46638956000013
2018-11-03 14:00:00+01:00,60.998257852418455
2018-11-03 15:00:00+01:00,59.29534239474851
2018-11-03 16:00:00+01:00,59.108302627416656
2018-11-03 17:00:00+01:00,61.67841744021956
2018-11-03 18:00:00+01:00,68.74863023212649
2018-11-03 19:00:00+01:00,72.78409748404592
2018-11-03 20:00:00+01:00,72.47096964217734
2018-11-03 21:00:00+01:00,69.94189630207978
2018-11-03 22:00:00+01:00,65.13740815918395
2018-11-03 23:00:00+01:00,62.66590373335731
2018-11-04 00:00:00+01:00,55.325681523092875
2018-11-04 01:00:00+01:00,50.801781394947085
2018-11-04 02:00:00+01:00,48.40744953624551
2018-11-04 03:00:00+01:00,45.76507583512561
2018-11-04 04:00:00+01:00,44.451066376062634
2018-11-04 05:00:00+01:00,44.80435360503717
2018-11-04 06:00:00+01:00,45.17937552399036
2018-11-04 07:00:00+01:00,48.47721783333162
2018-11-04 08:00:00+01:00,51.27745305601508
2018-11-04 09:00:00+01:00,53.7284332405454
2018-11-04 10:00:00+01:00,54.56518585360706
2018-11-04 11:00:00+01:00,53.76417958242941
2018-11-04 12:00:00+01:00,50.431465670266874
2018-11-04 13:00:00+01:00,48.85060948512781
2018-11-04 14:00:00+01:00,47.19054617432948
2018-11-04 15:00:00+01:00,45.37063503621916
2018-11-04 16:00:00+01:00,41.309087692063294
2018-11-04 17:00:00+01:00,42.96562043753204
2018-11-04 18:00:00+01:00,49.47321754902155
2018-11-04 19:00:00+01:00,53.73493761238103
2018-11-04 20:00:00+01:00,58.10514529644258
2018-11-04 21:00:00+01:00,58.88742806030134
2018-11-04 22:00:00+01:00,55.237831556769045
2018-11-04 23:00:00+01:00,52.310759372206384
2018-11-05 00:00:00+01:00,48.97526863806802
2018-11-05 01:00:00+01:00,46.018649560806324
2018-11-05 02:00:00+01:00,42.86990405687655
2018-11-05 03:00:00+01:00,45.616699354938596
2018-11-05 04:00:00+01:00,44.891890412041
2018-11-05 05:00:00+01:00,45.91171586042117
2018-11-05 06:00:00+01:00,50.26576067986054
2018-11-05 07:00:00+01:00,56.32324962484385
2018-11-05 08:00:00+01:00,60.82874980608193
2018-11-05 09:00:00+01:00,62.90250570537112
2018-11-05 10:00:00+01:00,62.54263422431075
2018-11-05 11:00:00+01:00,62.899383963522034
2018-11-05 12:00:00+01:00,62.911823744689265
2018-11-05 13:00:00+01:00,60.10537363228091
2018-11-05 14:00:00+01:00,58.2604317794464
2018-11-05 15:00:00+01:00,58.20489531537795
2018-11-05 16:00:00+01:00,56.877477077758705
2018-11-05 17:00:00+01:00,59.959108317911934
2018-11-05 18:00:00+01:00,66.23037781452798
2018-11-05 19:00:00+01:00,68.87322817931432
2018-11-05 20:00:00+01:00,69.84630688095869
2018-11-05 21:00:00+01:00,65.58799241811089
2018-11-05 22:00:00+01:00,60.85430156632048
2018-11-05 23:00:00+01:00,58.394731115527556
2018-11-06 00:00:00+01:00,50.125427752338304
2018-11-06 01:00:00+01:00,46.76389639948604
2018-11-06 02:00:00+01:00,45.009959784996056
2018-11-06 03:00:00+01:00,44.20273030377653
2018-11-06 04:00:00+01:00,43.57352256811415
2018-11-06 05:00:00+01:00,42.6649223217079
2018-11-06 06:00:00+01:00,47.45311091131356
2018-11-06 07:00:00+01:00,57.737084100769415
2018-11-06 08:00:00+01:00,64.2916801131658
2018-11-06 09:00:00+01:00,65.19193820537929
2018-11-06 10:00:00+01:00,65.16106315236173
2018-11-06 11:00:00+01:00,62.376139814262466
2018-11-06 12:00:00+01:00,62.572464550493066
2018-11-06 13:00:00+01:00,61.50630537876615
2018-11-06 14:00:00+01:00,61.98808049831235
2018-11-06 15:00:00+01:00,61.47939171018201
2018-11-06 16:00:00+01:00,59.29967371377658
2018-11-06 17:00:00+01:00,63.3480997344798
2018-11-06 18:00:00+01:00,68.1937820667834
2018-11-06 19:00:00+01:00,72.23165095993255
2018-11-06 20:00:00+01:00,69.78128796654343
2018-11-06 21:00:00+01:00,68.1525926133902
2018-11-06 22:00:00+01:00,63.251687832080016
2018-11-06 23:00:00+01:00,59.817284521152146
2018-11-07 00:00:00+01:00,53.828612160211485
2018-11-07 01:00:00+01:00,48.5253754427248
2018-11-07 02:00:00+01:00,47.88942201307221
2018-11-07 03:00:00+01:00,46.43985369858009
2018-11-07 04:00:00+01:00,43.69915479629348
2018-11-07 05:00:00+01:00,44.997238849164184
2018-11-07 06:00:00+01:00,52.38593588785951
2018-11-07 07:00:00+01:00,57.60007505579578
2018-11-07 08:00:00+01:00,63.21101672354562
2018-11-07 09:00:00+01:00,63.94017400487633
2018-11-07 10:00:00+01:00,67.53131122062523
2018-11-07 11:00:00+01:00,67.16836207969416
2018-11-07 12:00:00+01:00,65.21536685013369
2018-11-07 13:00:00+01:00,64.47599895295919
2018-11-07 14:00:00+01:00,63.02233850262403
2018-11-07 15:00:00+01:00,62.50357214445009
2018-11-07 16:00:00+01:00,63.92644769191376
2018-11-07 17:00:00+01:00,69.51305642987715
2018-11-07 18:00:00+01:00,75.80858442227236
2018-11-07 19:00:00+01:00,76.55139558010187
2018-11-07 20:00:00+01:00,74.43532717956525
2018-11-07 21:00:00+01:00,72.53565660824876
2018-11-07 22:00:00+01:00,67.55107463488291
2018-11-07 23:00:00+01:00,65.2459540386277
2018-11-08 00:00:00+01:00,61.82133910831405
2018-11-08 01:00:00+01:00,55.37373652414237
2018-11-08 02:00:00+01:00,54.515007119550546
2018-11-08 03:00:00+01:00,55.37846950210718
2018-11-08 04:00:00+01:00,53.66765900541683
2018-11-08 05:00:00+01:00,54.44820131888738
2018-11-08 06:00:00+01:00,61.07313901440392
2018-11-08 07:00:00+01:00,64.48809805116119
2018-11-08 08:00:00+01:00,69.63683491191414
2018-11-08 09:00:00+01:00,67.83575434407207
2018-11-08 10:00:00+01:00,68.7692467876087
2018-11-08 11:00:00+01:00,68.93605665796005
2018-11-08 12:00:00+01:00,67.35216925272675
2018-11-08 13:00:00+01:00,66.95439630574926
2018-11-08 14:00:00+01:00,66.48408781743531
2018-11-08 15:00:00+01:00,65.3088323253187
2018-11-08 16:00:00+01:00,66.9802166100895
2018-11-08 17:00:00+01:00,66.48325669207935
2018-11-08 18:00:00+01:00,71.06074037013136
2018-11-08 19:00:00+01:00,71.1347144433063
2018-11-08 20:00:00+01:00,71.05740029593643
2018-11-08 21:00:00+01:00,68.1047988169601
2018-11-08 22:00:00+01:00,62.694317645616245
2018-11-08 23:00:00+01:00,58.949042333686435
2018-11-09 00:00:00+01:00,57.05294005492601
2018-11-09 01:00:00+01:00,53.74019497677506
2018-11-09 02:00:00+01:00,50.68200355365368
2018-11-09 03:00:00+01:00,49.862470886283994
2018-11-09 04:00:00+01:00,49.10357872563018
2018-11-09 05:00:00+01:00,49.29242637039349
2018-11-09 06:00:00+01:00,55.492350739814604
2018-11-09 07:00:00+01:00,61.45449462869107
2018-11-09 08:00:00+01:00,69.23192023126633
2018-11-09 09:00:00+01:00,72.80467434679088
2018-11-09 10:00:00+01:00,70.92972585219592
2018-11-09 11:00:00+01:00,66.58571618906207
2018-11-09 12:00:00+01:00,66.31283329996384
2018-11-09 13:00:00+01:00,66.53567867605132
2018-11-09 14:00:00+01:00,64.29591597375216
2018-11-09 15:00:00+01:00,63.847870287036564
2018-11-09 16:00:00+01:00,62.46103526896163
2018-11-09 17:00:00+01:00,64.04630020142935
2018-11-09 18:00:00+01:00,70.42889981724704
2018-11-09 19:00:00+01:00,72.24135865287603
2018-11-09 20:00:00+01:00,71.77961471267027
2018-11-09 21:00:00+01:00,70.19635424473695
2018-11-09 22:00:00+01:00,63.34080330373185
2018-11-09 23:00:00+01:00,61.1396260491768
2018-11-10 00:00:00+01:00,50.242998540528625
2018-11-10 01:00:00+01:00,46.32337882519197
2018-11-10 02:00:00+01:00,46.1929414602403
2018-11-10 03:00:00+01:00,40.590306045998624
2018-11-10 04:00:00+01:00,39.351774986380725
2018-11-10 05:00:00+01:00,40.976563976989816
2018-11-10 06:00:00+01:00,42.78460109070557
2018-11-10 07:00:00+01:00,48.001267045554506
2018-11-10 08:00:00+01:00,51.30688800998494
2018-11-10 09:00:00+01:00,54.9044598651671
2018-11-10 10:00:00+01:00,54.987620900048626
2018-11-10 11:00:00+01:00,54.88425149879196
2018-11-10 12:00:00+01:00,58.824298431949984
2018-11-10 13:00:00+01:00,57.26580695485933
2018-11-10 14:00:00+01:00,56.05021354321135
2018-11-10 15:00:00+01:00,53.45126035088816
2018-11-10 16:00:00+01:00,55.33037432010158
2018-11-10 17:00:00+01:00,57.37022614377933
2018-11-10 18:00:00+01:00,61.80790479843998
2018-11-10 19:00:00+01:00,68.18201033358949
2018-11-10 20:00:00+01:00,66.88331908207496
2018-11-10 21:00:00+01:00,65.26911943157738
2018-11-10 22:00:00+01:00,60.98425345571142
2018-11-10 23:00:00+01:00,55.99836924698027
2018-11-11 00:00:00+01:00,50.4426103042046
2018-11-11 01:00:00+01:00,48.59638858676227
2018-11-11 02:00:00+01:00,43.757721980454185
2018-11-11 03:00:00+01:00,44.658617998856975
2018-11-11 04:00:00+01:00,41.711149744549665
2018-11-11 05:00:00+01:00,42.197105380659394
2018-11-11 06:00:00+01:00,42.60573697334764
2018-11-11 07:00:00+01:00,48.19662476011073
2018-11-11 08:00:00+01:00,48.878476098109225
2018-11-11 09:00:00+01:00,50.878148351684366
2018-11-11 10:00:00+01:00,55.482494628496774
2018-11-11 11:00:00+01:00,56.98057741180094
2018-11-11 12:00:00+01:00,53.417077640546715
2018-11-11 13:00:00+01:00,56.14620487334425
2018-11-11 14:00:00+01:00,55.00508675128145
2018-11-11 15:00:00+01:00,54.37938891241043
2018-11-11 16:00:00+01:00,52.86994660468721
2018-11-11 17:00:00+01:00,56.881855824376935
2018-11-11 18:00:00+01:00,62.51009534091022
2018-11-11 19:00:00+01:00,70.26479919682983
2018-11-11 20:00:00+01:00,69.99708096643599
2018-11-11 21:00:00+01:00,70.33827465838924
2018-11-11 22:00:00+01:00,65.83827632833074
2018-11-11 23:00:00+01:00,59.998700287397945
2018-11-12 00:00:00+01:00,60.6075270397962
2018-11-12 01:00:00+01:00,53.29086536128293
2018-11-12 02:00:00+01:00,49.57753123576299
2018-11-12 03:00:00+01:00,50.14778140153742
2018-11-12 04:00:00+01:00,49.70709131810628
2018-11-12 05:00:00+01:00,52.50338895584567
2018-11-12 06:00:00+01:00,57.256995394834085
2018-11-12 07:00:00+01:00,63.508478953051814
2018-11-12 08:00:00+01:00,71.49823178717868
2018-11-12 09:00:00+01:00,72.82563763671699
2018-11-12 10:00:00+01:00,72.63343643592854
2018-11-12 11:00:00+01:00,73.39024013996338
2018-11-12 12:00:00+01:00,73.89945393144703
2018-11-12 13:00:00+01:00,72.9810544818907
2018-11-12 14:00:00+01:00,71.77286206704797
2018-11-12 15:00:00+01:00,70.83161484931776
2018-11-12 16:00:00+01:00,69.64245343914662
2018-11-12 17:00:00+01:00,72.38987630726592
2018-11-12 18:00:00+01:00,77.41321544752999
2018-11-12 19:00:00+01:00,77.66855537053793
2018-11-12 20:00:00+01:00,74.44073983042776
2018-11-12 21:00:00+01:00,73.6240550946778
2018-11-12 22:00:00+01:00,67.5152063482219
2018-11-12 23:00:00+01:00,64.07635073123426
2018-11-13 00:00:00+01:00,62.159758426732594
2018-11-13 01:00:00+01:00,55.75194914218647
2018-11-13 02:00:00+01:00,53.882565848234066
2018-11-13 03:00:00+01:00,52.55882888591253
2018-11-13 04:00:00+01:00,51.6241891684521
2018-11-13 05:00:00+01:00,53.07589034671517
2018-11-13 06:00:00+01:00,59.703912876512504
2018-11-13 07:00:00+01:00,65.63613097308598
2018-11-13 08:00:00+01:00,69.56111691173815
2018-11-13 09:00:00+01:00,69.97091742782284
2018-11-13 10:00:00+01:00,69.95281380514012
2018-11-13 11:00:00+01:00,71.0170804303779
2018-11-13 12:00:00+01:00,69.09575387810003
2018-11-13 13:00:00+01:00,67.79580157976454
2018-11-13 14:00:00+01:00,68.80803829081042
2018-11-13 15:00:00+01:00,67.99005669844443
2018-11-13 16:00:00+01:00,68.76176547129477
2018-11-13 17:00:00+01:00,71.14059730332563
2018-11-13 18:00:00+01:00,74.57446122637639
2018-11-13 19:00:00+01:00,76.35810694719056
2018-11-13 20:00:00+01:00,74.55575773025761
2018-11-13 21:00:00+01:00,73.07237055336235
2018-11-13 22:00:00+01:00,67.89579920861671
2018-11-13 23:00:00+01:00,63.381634963388
2018-11-14 00:00:00+01:00,61.424626808489926
2018-11-14 01:00:00+01:00,57.09039775649298
2018-11-14 02:00:00+01:00,53.3261910765082
2018-11-14 03:00:00+01:00,53.57494719343154
2018-11-14 04:00:00+01:00,51.983117111155934
2018-11-14 05:00:00+01:00,53.46101446406931
2018-11-14 06:00:00+01:00,57.03312714596381
2018-11-14 07:00:00+01:00,62.84923800432474
2018-11-14 08:00:00+01:00,69.42260349388609
2018-11-14 09:00:00+01:00,69.27008002916247
2018-11-14 10:00:00+01:00,67.63585619579534
2018-11-14 11:00:00+01:00,67.69398994845442
2018-11-14 12:00:00+01:00,66.94053402999045
2018-11-14 13:00:00+01:00,67.1890379319445
2018-11-14 14:00:00+01:00,67.30229294334981
2018-11-14 15:00:00+01:00,67.0133500930741
2018-11-14 16:00:00+01:00,66.30103805911234
2018-11-14 17:00:00+01:00,70.95627252983654
2018-11-14 18:00:00+01:00,74.97043772104907
2018-11-14 19:00:00+01:00,75.77561975284388
2018-11-14 20:00:00+01:00,71.7896934805421
2018-11-14 21:00:00+01:00,70.19009248148957
2018-11-14 22:00:00+01:00,65.75823129835271
2018-11-14 23:00:00+01:00,61.5536736828962
2018-11-15 00:00:00+01:00,60.091235660710595
2018-11-15 01:00:00+01:00,57.03445157691704
2018-11-15 02:00:00+01:00,55.08709789801617
2018-11-15 03:00:00+01:00,52.34306296035163
2018-11-15 04:00:00+01:00,53.79322637267563
2018-11-15 05:00:00+01:00,54.839061169612
2018-11-15 06:00:00+01:00,57.8647681183372
2018-11-15 07:00:00+01:00,63.299525594218046
2018-11-15 08:00:00+01:00,68.38107928807888
2018-11-15 09:00:00+01:00,68.35753850858121
2018-11-15 10:00:00+01:00,69.35374007155144
2018-11-15 11:00:00+01:00,70.35024972474442
2018-11-15 12:00:00+01:00,71.62672123563625
2018-11-15 13:00:00+01:00,69.15312745280985
2018-11-15 14:00:00+01:00,68.30026372910031
2018-11-15 15:00:00+01:00,68.61441647392533
2018-11-15 16:00:00+01:00,67.72178219942157
2018-11-15 17:00:00+01:00,72.71898242888626
2018-11-15 18:00:00+01:00,75.32253348646609
2018-11-15 19:00:00+01:00,76.6548911461851
2018-11-15 20:00:00+01:00,74.6602079268949
2018-11-15 21:00:00+01:00,73.0775890227785
2018-11-15 22:00:00+01:00,67.94949706271342
2018-11-15 23:00:00+01:00,63.838831916433385
2018-11-16 00:00:00+01:00,61.78914461222636
2018-11-16 01:00:00+01:00,58.375917246629314
2018-11-16 02:00:00+01:00,54.909008920529004
2018-11-16 03:00:00+01:00,54.37415034839236
2018-11-16 04:00:00+01:00,53.16945932493562
2018-11-16 05:00:00+01:00,55.69859717421817
2018-11-16 06:00:00+01:00,60.22244881349372
2018-11-16 07:00:00+01:00,63.2691341355794
2018-11-16 08:00:00+01:00,69.73024271395701
2018-11-16 09:00:00+01:00,69.4150170387421
2018-11-16 10:00:00+01:00,70.03048701500852
2018-11-16 11:00:00+01:00,70.55593451311147
2018-11-16 12:00:00+01:00,69.16111778081667
2018-11-16 13:00:00+01:00,68.8771116615613
2018-11-16 14:00:00+01:00,68.76696929410743
2018-11-16 15:00:00+01:00,69.68434894309138
2018-11-16 16:00:00+01:00,68.99880645548564
2018-11-16 17:00:00+01:00,71.11662902850026
2018-11-16 18:00:00+01:00,74.83761204361893
2018-11-16 19:00:00+01:00,75.41302400273399
2018-11-16 20:00:00+01:00,74.7776831428976
2018-11-16 21:00:00+01:00,72.90722287517156
2018-11-16 22:00:00+01:00,67.73519349358848
2018-11-16 23:00:00+01:00,62.982427816881376
2018-11-17 00:00:00+01:00,60.061767737188234
2018-11-17 01:00:00+01:00,56.99141536284148
2018-11-17 02:00:00+01:00,54.37800922003705
2018-11-17 03:00:00+01:00,53.620461363901036
2018-11-17 04:00:00+01:00,52.154879040857246
2018-11-17 05:00:00+01:00,53.73189002985348
2018-11-17 06:00:00+01:00,54.82941759571393
2018-11-17 07:00:00+01:00,57.33145378643899
2018-11-17 08:00:00+01:00,59.81253658344047
2018-11-17 09:00:00+01:00,62.473360260276905
2018-11-17 10:00:00+01:00,62.53485872651038
2018-11-17 11:00:00+01:00,61.05799597584352
2018-11-17 12:00:00+01:00,60.565068677179084
2018-11-17 13:00:00+01:00,60.32368052518024
2018-11-17 14:00:00+01:00,60.06790644175598
2018-11-17 15:00:00+01:00,59.20277182676066
2018-11-17 16:00:00+01:00,59.7700476869335
2018-11-17 17:00:00+01:00,62.966847818749805
2018-11-17 18:00:00+01:00,69.12053163387382
2018-11-17 19:00:00+01:00,70.87961897758483
2018-11-17 20:00:00+01:00,70.70642302082756
2018-11-17 21:00:00+01:00,70.27454801030383
2018-11-17 22:00:00+01:00,64.29103839771957
2018-11-17 23:00:00+01:00,60.46143613716462
2018-11-18 00:00:00+01:00,57.8711159306096
2018-11-18 01:00:00+01:00,55.21092844216963
2018-11-18 02:00:00+01:00,48.75446734383929
2018-11-18 03:00:00+01:00,51.11576330370877
2018-11-18 04:00:00+01:00,49.93375853609857
2018-11-18 05:00:00+01:00,48.47487608847454
2018-11-18 06:00:00+01:00,47.701045468071946
2018-11-18 07:00:00+01:00,51.1699693902666
2018-11-18 08:00:00+01:00,52.43667429215503
2018-11-18 09:00:00+01:00,56.81558657620484
2018-11-18 10:00:00+01:00,58.44692833670805
2018-11-18 11:00:00+01:00,57.357585380941366
2018-11-18 12:00:00+01:00,55.079796855513734
2018-11-18 13:00:00+01:00,56.05679735117561
2018-11-18 14:00:00+01:00,56.13334023975264
2018-11-18 15:00:00+01:00,52.738770293601554
2018-11-18 16:00:00+01:00,53.87830919802948
2018-11-18 17:00:00+01:00,58.410144196382134
2018-11-18 18:00:00+01:00,62.363657252160046
2018-11-18 19:00:00+01:00,63.941113594535715
2018-11-18 20:00:00+01:00,64.58487807270205
2018-11-18 21:00:00+01:00,62.865930380401004
2018-11-18 22:00:00+01:00,58.38581689692037
2018-11-18 23:00:00+01:00,53.98886631195284
2018-11-19 00:00:00+01:00,53.95410325598262
2018-11-19 01:00:00+01:00,49.93003531477868
2018-11-19 02:00:00+01:00,46.995963754727256
2018-11-19 03:00:00+01:00,44.27767643318641
2018-11-19 04:00:00+01:00,43.791020920987144
2018-11-19 05:00:00+01:00,45.888891872136576
2018-11-19 06:00:00+01:00,50.330356959793654
2018-11-19 07:00:00+01:00,58.89310270572997
2018-11-19 08:00:00+01:00,65.36952945724956
2018-11-19 09:00:00+01:00,64.9330339687847
2018-11-19 10:00:00+01:00,67.56782442382035
2018-11-19 11:00:00+01:00,69.95296351131005
2018-11-19 12:00:00+01:00,70.5508844702365
2018-11-19 13:00:00+01:00,69.39548486670928
2018-11-19 14:00:00+01:00,68.73412799329496
2018-11-19 15:00:00+01:00,69.83801048850339
2018-11-19 16:00:00+01:00,70.25828280110413
2018-11-19 17:00:00+01:00,72.78214400471826
2018-11-19 18:00:00+01:00,73.30281760503944
2018-11-19 19:00:00+01:00,76.45591678466248
2018-11-19 20:00:00+01:00,73.61941123158617
2018-11-19 21:00:00+01:00,72.53978879441577
2018-11-19 22:00:00+01:00,68.66680116161041
2018-11-19 23:00:00+01:00,63.15945150965922
2018-11-20 00:00:00+01:00,59.195877333028925
2018-11-20 01:00:00+01:00,53.011811477773726
2018-11-20 02:00:00+01:00,54.03157247128224
2018-11-20 03:00:00+01:00,51.849237886405
2018-11-20 04:00:00+01:00,48.63638283361024
2018-11-20 05:00:00+01:00,49.054598709869026
2018-11-20 06:00:00+01:00,57.117476128487965
2018-11-20 07:00:00+01:00,61.89175912590434
2018-11-20 08:00:00+01:00,68.64351560200639
2018-11-20 09:00:00+01:00,67.82939529478905
2018-11-20 10:00:00+01:00,69.55942663007694
2018-11-20 11:00:00+01:00,66.04447258653097
2018-11-20 12:00:00+01:00,67.03706244587477
2018-11-20 13:00:00+01:00,67.12088505341013
2018-11-20 14:00:00+01:00,65.90826257572141
2018-11-20 15:00:00+01:00,63.641955899612356
2018-11-20 16:00:00+01:00,62.78878562188967
2018-11-20 17:00:00+01:00,68.37618733343673
2018-11-20 18:00:00+01:00,73.67136126395525
2018-11-20 19:00:00+01:00,73.26854205407922
2018-11-20 20:00:00+01:00,73.36708882080741
2018-11-20 21:00:00+01:00,68.46230131395272
2018-11-20 22:00:00+01:00,67.55255448555776
2018-11-20 23:00:00+01:00,62.04473848780011
2018-11-21 00:00:00+01:00,56.395726186921316
2018-11-21 01:00:00+01:00,50.83773053780434
2018-11-21 02:00:00+01:00,49.54352712322966
2018-11-21 03:00:00+01:00,50.52340947090041
2018-11-21 04:00:00+01:00,46.82293449715677
2018-11-21 05:00:00+01:00,48.916527239452655
2018-11-21 06:00:00+01:00,57.75496534766458
2018-11-21 07:00:00+01:00,63.18538667494517
2018-11-21 08:00:00+01:00,68.10759264245739
2018-11-21 09:00:00+01:00,68.56957969452442
2018-11-21 10:00:00+01:00,69.13190155471698
2018-11-21 11:00:00+01:00,69.91254691644973
2018-11-21 12:00:00+01:00,67.32532387749383
2018-11-21 13:00:00+01:00,66.53085081511281
2018-11-21 14:00:00+01:00,65.03626955345196
2018-11-21 15:00:00+01:00,62.936736747897555
2018-11-21 16:00:00+01:00,63.96004879299093
2018-11-21 17:00:00+01:00,69.11465339877526
2018-11-21 18:00:00+01:00,72.43720912501182
2018-11-21 19:00:00+01:00,75.47521770949588
2018-11-21 20:00:00+01:00,74.09613604242645
2018-11-21 21:00:00+01:00,70.7477703610266
2018-11-21 22:00:00+01:00,65.60271560914136
2018-11-21 23:00:00+01:00,60.856729447825415
2018-11-22 00:00:00+01:00,59.41474125454683
2018-11-22 01:00:00+01:00,54.529882237228826
2018-11-22 02:00:00+01:00,53.21192112890102
2018-11-22 03:00:00+01:00,52.3108062956566
2018-11-22 04:00:00+01:00,51.38021973246979
2018-11-22 05:00:00+01:00,50.5369805708396
2018-11-22 06:00:00+01:00,58.94800412088074
2018-11-22 07:00:00+01:00,65.35557703153115
2018-11-22 08:00:00+01:00,70.1917877243181
2018-11-22 09:00:00+01:00,72.29420860613463
2018-11-22 10:00:00+01:00,71.43926057806397
2018-11-22 11:00:00+01:00,71.63898467281699
2018-11-22 12:00:00+01:00,69.95888206368235
2018-11-22 13:00:00+01:00,69.90596963589887
2018-11-22 14:00:00+01:00,68.25439477946163
2018-11-22 15:00:00+01:00,68.4901531655059
2018-11-22 16:00:00+01:00,70.06449325372942
2018-11-22 17:00:00+01:00,73.94583737098668
2018-11-22 18:00:00+01:00,78.21447265217553
2018-11-22 19:00:00+01:00,77.74535816542387
2018-11-22 20:00:00+01:00,74.16944789671216
2018-11-22 21:00:00+01:00,72.56691208816308
2018-11-22 22:00:00+01:00,68.04816585697328
2018-11-22 23:00:00+01:00,65.04027496863272
2018-11-23 00:00:00+01:00,61.22226109689347
2018-11-23 01:00:00+01:00,58.378544154678146
2018-11-23 02:00:00+01:00,54.52000094305763
2018-11-23 03:00:00+01:00,54.27616819925478
2018-11-23 04:00:00+01:00,52.31771514325286
2018-11-23 05:00:00+01:00,54.16687176275107
2018-11-23 06:00:00+01:00,58.756536705561125
2018-11-23 07:00:00+01:00,63.50956600224979
2018-11-23 08:00:00+01:00,71.41608685426037
2018-11-23 09:00:00+01:00,71.26292490674736
2018-11-23 10:00:00+01:00,70.6377881907401
2018-11-23 11:00:00+01:00,71.28326388186514
2018-11-23 12:00:00+01:00,69.91955596707372
2018-11-23 13:00:00+01:00,68.45137436822024
2018-11-23 14:00:00+01:00,69.4382911735958
2018-11-23 15:00:00+01:00,69.41107809175416
2018-11-23 16:00:00+01:00,67.61605827409085
2018-11-23 17:00:00+01:00,69.72997184480808
2018-11-23 18:00:00+01:00,73.3593488409423
2018-11-23 19:00:00+01:00,76.56009401604742
2018-11-23 20:00:00+01:00,75.55618211447307
2018-11-23 21:00:00+01:00,73.73366871835736
2018-11-23 22:00:00+01:00,69.66540311197068
2018-11-23 23:00:00+01:00,66.27448616265804
2018-11-24 00:00:00+01:00,63.518727920922835
2018-11-24 01:00:00+01:00,59.132890455204056
2018-11-24 02:00:00+01:00,57.544754194835235
2018-11-24 03:00:00+01:00,55.44766696700005
2018-11-24 04:00:00+01:00,55.43529942906823
2018-11-24 05:00:00+01:00,55.06471260286795
2018-11-24 06:00:00+01:00,57.47476961403533
2018-11-24 07:00:00+01:00,59.82138374168806
2018-11-24 08:00:00+01:00,65.51084636432435
2018-11-24 09:00:00+01:00,68.26086812297024
2018-11-24 10:00:00+01:00,68.40490890861412
2018-11-24 11:00:00+01:00,67.47895179375183
2018-11-24 12:00:00+01:00,66.05164981982118
2018-11-24 13:00:00+01:00,63.87934039113958
2018-11-24 14:00:00+01:00,61.869063421397406
2018-11-24 15:00:00+01:00,60.26423442428793
2018-11-24 16:00:00+01:00,58.9963763586407
2018-11-24 17:00:00+01:00,63.88483188278294
2018-11-24 18:00:00+01:00,69.4833030168026
2018-11-24 19:00:00+01:00,70.25595341796196
2018-11-24 20:00:00+01:00,69.07777432583673
2018-11-24 21:00:00+01:00,65.03585917982625
2018-11-24 22:00:00+01:00,62.2829931809429
2018-11-24 23:00:00+01:00,57.855391607808905
2018-11-25 00:00:00+01:00,53.503337733850714
2018-11-25 01:00:00+01:00,52.969476999087284
2018-11-25 02:00:00+01:00,47.2698104482029
2018-11-25 03:00:00+01:00,46.6326266799897
2018-11-25 04:00:00+01:00,43.26212835053965
2018-11-25 05:00:00+01:00,44.56261567114249
2018-11-25 06:00:00+01:00,45.838264252080826
2018-11-25 07:00:00+01:00,46.103738532359536
2018-11-25 08:00:00+01:00,48.68770257773539
2018-11-25 09:00:00+01:00,54.75761545989474
2018-11-25 10:00:00+01:00,58.35668987351418
2018-11-25 11:00:00+01:00,55.659490034734574
2018-11-25 12:00:00+01:00,55.03319356472972
2018-11-25 13:00:00+01:00,54.6996195476014
2018-11-25 14:00:00+01:00,54.178217683190525
2018-11-25 15:00:00+01:00,50.6718979264511
2018-11-25 16:00:00+01:00,50.13874569121335
2018-11-25 17:00:00+01:00,56.3518471780082
2018-11-25 18:00:00+01:00,63.41037691856701
2018-11-25 19:00:00+01:00,67.81429962109736
2018-11-25 20:00:00+01:00,70.95597593501766
2018-11-25 21:00:00+01:00,65.18861987882595
2018-11-25 22:00:00+01:00,64.35833471031172
2018-11-25 23:00:00+01:00,61.092166580247294
2018-11-26 00:00:00+01:00,58.83662688874432
2018-11-26 01:00:00+01:00,50.84062160076807
2018-11-26 02:00:00+01:00,46.831549804754644
2018-11-26 03:00:00+01:00,45.5152059982238
2018-11-26 04:00:00+01:00,46.44330305596052
2018-11-26 05:00:00+01:00,45.04586769684175
2018-11-26 06:00:00+01:00,50.09420902495281
2018-11-26 07:00:00+01:00,59.870523102818034
2018-11-26 08:00:00+01:00,66.07021316464004
2018-11-26 09:00:00+01:00,67.67145365822677
2018-11-26 10:00:00+01:00,69.89978261553334
2018-11-26 11:00:00+01:00,69.15834928902841
2018-11-26 12:00:00+01:00,67.04255398698972
2018-11-26 13:00:00+01:00,66.95139093116302
2018-11-26 14:00:00+01:00,67.74451049315327
2018-11-26 15:00:00+01:00,66.59712692058945
2018-11-26 16:00:00+01:00,66.72749826508173
2018-11-26 17:00:00+01:00,70.3115574243089
2018-11-26 18:00:00+01:00,78.91627891940267
2018-11-26 19:00:00+01:00,79.43579158585125
2018-11-26 20:00:00+01:00,77.6818865035287
2018-11-26 21:00:00+01:00,77.33679303812627
2018-11-26 22:00:00+01:00,72.31710033911293
2018-11-26 23:00:00+01:00,67.60912366020362
2018-11-27 00:00:00+01:00,59.4960063657307
2018-11-27 01:00:00+01:00,57.113383345045214
2018-11-27 02:00:00+01:00,52.69771853330739
2018-11-27 03:00:00+01:00,53.55028550219908
2018-11-27 04:00:00+01:00,54.2945808447591
2018-11-27 05:00:00+01:00,56.61865394821874
2018-11-27 06:00:00+01:00,63.174003186130484
2018-11-27 07:00:00+01:00,71.19892674606342
2018-11-27 08:00:00+01:00,76.99279560184317
2018-11-27 09:00:00+01:00,77.48320968245848
2018-11-27 10:00:00+01:00,76.3352041745609
2018-11-27 11:00:00+01:00,74.31824188940256
2018-11-27 12:00:00+01:00,72.65418109257347
2018-11-27 13:00:00+01:00,69.97080924941139
2018-11-27 14:00:00+01:00,69.83593509790747
2018-11-27 15:00:00+01:00,68.37692930644806
2018-11-27 16:00:00+01:00,68.49319347661661
2018-11-27 17:00:00+01:00,72.21615443712047
2018-11-27 18:00:00+01:00,77.63367538457724
2018-11-27 19:00:00+01:00,78.3982955220683
2018-11-27 20:00:00+01:00,76.32059520397962
2018-11-27 21:00:00+01:00,74.62119670869448
2018-11-27 22:00:00+01:00,69.24198687863382
2018-11-27 23:00:00+01:00,64.01293443451463
2018-11-28 00:00:00+01:00,61.177601651179366
2018-11-28 01:00:00+01:00,56.15809296439787
2018-11-28 02:00:00+01:00,54.2234167004117
2018-11-28 03:00:00+01:00,50.9487223510476
2018-11-28 04:00:00+01:00,53.02496212653805
2018-11-28 05:00:00+01:00,53.74108613521681
2018-11-28 06:00:00+01:00,60.42990190621423
2018-11-28 07:00:00+01:00,68.5352624578271
2018-11-28 08:00:00+01:00,72.75216209365954
2018-11-28 09:00:00+01:00,72.01914044885905
2018-11-28 10:00:00+01:00,72.11776139151695
2018-11-28 11:00:00+01:00,72.61783026631339
2018-11-28 12:00:00+01:00,71.0015584589881
2018-11-28 13:00:00+01:00,68.52116695480886
2018-11-28 14:00:00+01:00,69.08323130783685
2018-11-28 15:00:00+01:00,69.65945888773435
2018-11-28 16:00:00+01:00,69.04734554533798
2018-11-28 17:00:00+01:00,73.27080108677198
2018-11-28 18:00:00+01:00,79.84789207970728
2018-11-28 19:00:00+01:00,79.68531487674878
2018-11-28 20:00:00+01:00,77.06498179607844
2018-11-28 21:00:00+01:00,73.99143465288391
2018-11-28 22:00:00+01:00,68.31197299628144
2018-11-28 23:00:00+01:00,65.11997169085855
2018-11-29 00:00:00+01:00,62.95497455730169
2018-11-29 01:00:00+01:00,57.18302647548478
2018-11-29 02:00:00+01:00,54.661296957496724
2018-11-29 03:00:00+01:00,53.518696274062336
2018-11-29 04:00:00+01:00,53.37895553174497
2018-11-29 05:00:00+01:00,54.9710408048064
2018-11-29 06:00:00+01:00,62.3072903651906
2018-11-29 07:00:00+01:00,67.3559098029336
2018-11-29 08:00:00+01:00,71.86789112001559
2018-11-29 09:00:00+01:00,73.34843645441634
2018-11-29 10:00:00+01:00,71.72911918004445
2018-11-29 11:00:00+01:00,71.3551045774761
2018-11-29 12:00:00+01:00,69.29952028921491
2018-11-29 13:00:00+01:00,69.00553115757131
2018-11-29 14:00:00+01:00,70.26648803440041
2018-11-29 15:00:00+01:00,69.42486348428895
2018-11-29 16:00:00+01:00,68.53927108064822
2018-11-29 17:00:00+01:00,73.4822317573877
2018-11-29 18:00:00+01:00,80.85334507437739
2018-11-29 19:00:00+01:00,82.38604039689706
2018-11-29 20:00:00+01:00,80.11794987370986
2018-11-29 21:00:00+01:00,75.1435587960541
2018-11-29 22:00:00+01:00,69.47823057456525
2018-11-29 23:00:00+01:00,64.643820728764
2018-11-30 00:00:00+01:00,62.04412381621922
2018-11-30 01:00:00+01:00,58.57573647253293
2018-11-30 02:00:00+01:00,55.8667974629544
2018-11-30 03:00:00+01:00,54.74593609293718
2018-11-30 04:00:00+01:00,52.78882068505866
2018-11-30 05:00:00+01:00,54.43137303021058
2018-11-30 06:00:00+01:00,61.08112227207465
2018-11-30 07:00:00+01:00,68.36933115798806
2018-11-30 08:00:00+01:00,73.23156327083774
2018-11-30 09:00:00+01:00,72.29064325578004
2018-11-30 10:00:00+01:00,73.9921659891951
2018-11-30 11:00:00+01:00,72.40885078453432
2018-11-30 12:00:00+01:00,70.73759302109977
2018-11-30 13:00:00+01:00,68.29662123768874
2018-11-30 14:00:00+01:00,66.60561863896226
2018-11-30 15:00:00+01:00,66.0683336501961
2018-11-30 16:00:00+01:00,66.80344600109873
2018-11-30 17:00:00+01:00,70.10826463875418
2018-11-30 18:00:00+01:00,77.63003431931733
2018-11-30 19:00:00+01:00,78.63308092255852
2018-11-30 20:00:00+01:00,78.38778313844084
2018-11-30 21:00:00+01:00,75.53870670810123
2018-11-30 22:00:00+01:00,68.98597996378827
2018-11-30 23:00:00+01:00,65.93484770651956
2018-12-01 00:00:00+01:00,63.625290719613965
2018-12-01 01:00:00+01:00,60.101993633155644
2018-12-01 02:00:00+01:00,56.330003341682264
2018-12-01 03:00:00+01:00,54.455728261099665
2018-12-01 04:00:00+01:00,52.81067046482755
2018-12-01 05:00:00+01:00,54.81493887565486
2018-12-01 06:00:00+01:00,56.86636296808569
2018-12-01 07:00:00+01:00,58.029600367392284
2018-12-01 08:00:00+01:00,61.795471091479534
2018-12-01 09:00:00+01:00,64.86620071698728
2018-12-01 10:00:00+01:00,67.14975435625144
2018-12-01 11:00:00+01:00,65.8972488620612
2018-12-01 12:00:00+01:00,64.12925261003747
2018-12-01 13:00:00+01:00,64.1827751728252
2018-12-01 14:00:00+01:00,62.615833782562696
2018-12-01 15:00:00+01:00,62.72301494145572
2018-12-01 16:00:00+01:00,63.73950520140608
2018-12-01 17:00:00+01:00,67.38839029766866
2018-12-01 18:00:00+01:00,74.55433291312895
2018-12-01 19:00:00+01:00,76.56911432914546
2018-12-01 20:00:00+01:00,73.40444250952261
2018-12-01 21:00:00+01:00,72.22829266536412
2018-12-01 22:00:00+01:00,67.39124092438539
2018-12-01 23:00:00+01:00,63.02524330612791
2018-12-02 00:00:00+01:00,59.52248729981909
2018-12-02 01:00:00+01:00,55.276936925353105
2018-12-02 02:00:00+01:00,52.56012978839184
2018-12-02 03:00:00+01:00,50.60118300345897
2018-12-02 04:00:00+01:00,50.94122824546965
2018-12-02 05:00:00+01:00,51.16134873975259
2018-12-02 06:00:00+01:00,52.39332890441477
2018-12-02 07:00:00+01:00,56.063369442116304
2018-12-02 08:00:00+01:00,60.51413065303876
2018-12-02 09:00:00+01:00,61.20017901166367
2018-12-02 10:00:00+01:00,62.82686398479839
2018-12-02 11:00:00+01:00,61.03857920627586
2018-12-02 12:00:00+01:00,62.20877166041697
2018-12-02 13:00:00+01:00,60.724015878329766
2018-12-02 14:00:00+01:00,59.991239676470485
2018-12-02 15:00:00+01:00,59.72431067376632
2018-12-02 16:00:00+01:00,61.718978115811076
2018-12-02 17:00:00+01:00,65.25509832170191
2018-12-02 18:00:00+01:00,71.28725776328578
2018-12-02 19:00:00+01:00,74.78764740635695
2018-12-02 20:00:00+01:00,74.64493534565584
2018-12-02 21:00:00+01:00,72.84052369456667
2018-12-02 22:00:00+01:00,67.14358258524956
2018-12-02 23:00:00+01:00,65.46693197613031
2018-12-03 00:00:00+01:00,58.09611708862801
2018-12-03 01:00:00+01:00,54.40084752414298
2018-12-03 02:00:00+01:00,50.585616812561945
2018-12-03 03:00:00+01:00,47.4335559402142
2018-12-03 04:00:00+01:00,48.37796875067658
2018-12-03 05:00:00+01:00,52.579098448697586
2018-12-03 06:00:00+01:00,58.325841734808
2018-12-03 07:00:00+01:00,63.22846046987549
2018-12-03 08:00:00+01:00,71.28523279922338
2018-12-03 09:00:00+01:00,72.89106266317617
2018-12-03 10:00:00+01:00,73.87677386006429
2018-12-03 11:00:00+01:00,73.87891608837856
2018-12-03 12:00:00+01:00,73.07335695665488
2018-12-03 13:00:00+01:00,73.24800914652629
2018-12-03 14:00:00+01:00,71.53034595888313
2018-12-03 15:00:00+01:00,71.10744072824869
2018-12-03 16:00:00+01:00,72.76802386957206
2018-12-03 17:00:00+01:00,75.3474610268013
2018-12-03 18:00:00+01:00,79.5973134919759
2018-12-03 19:00:00+01:00,80.93262385721023
2018-12-03 20:00:00+01:00,79.17381710451569
2018-12-03 21:00:00+01:00,77.06635666876211
2018-12-03 22:00:00+01:00,71.90214771900385
2018-12-03 23:00:00+01:00,67.51735458266792
2018-12-04 00:00:00+01:00,60.049416967871984
2018-12-04 01:00:00+01:00,55.13048382392167
2018-12-04 02:00:00+01:00,50.75050952642416
2018-12-04 03:00:00+01:00,50.425498661091886
2018-12-04 04:00:00+01:00,50.74961202606937
2018-12-04 05:00:00+01:00,52.8266931051297
2018-12-04 06:00:00+01:00,61.04473430064382
2018-12-04 07:00:00+01:00,69.55763479495245
2018-12-04 08:00:00+01:00,75.02877715469599
2018-12-04 09:00:00+01:00,74.21697949714641
2018-12-04 10:00:00+01:00,75.11225978631701
2018-12-04 11:00:00+01:00,72.52642103064879
2018-12-04 12:00:00+01:00,72.40438627227378
2018-12-04 13:00:00+01:00,71.29305025552601
2018-12-04 14:00:00+01:00,69.9281721213626
2018-12-04 15:00:00+01:00,70.84541273381929
2018-12-04 16:00:00+01:00,71.23587914564804
2018-12-04 17:00:00+01:00,73.61553198396838
2018-12-04 18:00:00+01:00,77.40702944826954
2018-12-04 19:00:00+01:00,78.69950377583494
2018-12-04 20:00:00+01:00,77.91736959844978
2018-12-04 21:00:00+01:00,75.46250807577043
2018-12-04 22:00:00+01:00,69.45767924273814
2018-12-04 23:00:00+01:00,66.01394968400484
2018-12-05 00:00:00+01:00,66.36886513537824
2018-12-05 01:00:00+01:00,60.28294238763022
2018-12-05 02:00:00+01:00,56.34691777542346
2018-12-05 03:00:00+01:00,56.369533046801685
2018-12-05 04:00:00+01:00,55.15689257213319
2018-12-05 05:00:00+01:00,57.27317219466703
2018-12-05 06:00:00+01:00,65.34641882870861
2018-12-05 07:00:00+01:00,71.41871352487384
2018-12-05 08:00:00+01:00,74.40455889951586
2018-12-05 09:00:00+01:00,74.7551294372866
2018-12-05 10:00:00+01:00,74.92729287521779
2018-12-05 11:00:00+01:00,72.98639388303451
2018-12-05 12:00:00+01:00,72.11613646042157
2018-12-05 13:00:00+01:00,73.14089757295461
2018-12-05 14:00:00+01:00,71.83244093652407
2018-12-05 15:00:00+01:00,70.83618690913916
2018-12-05 16:00:00+01:00,71.4876597577355
2018-12-05 17:00:00+01:00,73.08784232157659
2018-12-05 18:00:00+01:00,78.97127294785395
2018-12-05 19:00:00+01:00,80.23518953212238
2018-12-05 20:00:00+01:00,78.05408373473375
2018-12-05 21:00:00+01:00,75.82191736336947
2018-12-05 22:00:00+01:00,70.62457840183521
2018-12-05 23:00:00+01:00,67.62749567616089
2018-12-06 00:00:00+01:00,66.17949486226354
2018-12-06 01:00:00+01:00,62.0746246525453
2018-12-06 02:00:00+01:00,59.79210054267526
2018-12-06 03:00:00+01:00,58.44500089279518
2018-12-06 04:00:00+01:00,57.15074191328504
2018-12-06 05:00:00+01:00,59.10741638929329
2018-12-06 06:00:00+01:00,63.1198465701107
2018-12-06 07:00:00+01:00,67.82954033081889
2018-12-06 08:00:00+01:00,73.65091266745502
2018-12-06 09:00:00+01:00,75.34724087296702
2018-12-06 10:00:00+01:00,74.14513676346911
2018-12-06 11:00:00+01:00,72.08234923265847
2018-12-06 12:00:00+01:00,71.2323360449761
2018-12-06 13:00:00+01:00,71.8028841338366
2018-12-06 14:00:00+01:00,71.63237332860665
2018-12-06 15:00:00+01:00,69.24952456901313
2018-12-06 16:00:00+01:00,69.98378045546605
2018-12-06 17:00:00+01:00,72.56162023754253
2018-12-06 18:00:00+01:00,79.7385388553048
2018-12-06 19:00:00+01:00,82.94547323765732
2018-12-06 20:00:00+01:00,81.92002768158649
2018-12-06 21:00:00+01:00,78.38441651125262
2018-12-06 22:00:00+01:00,73.20103276078208
2018-12-06 23:00:00+01:00,70.21188477786586
2018-12-07 00:00:00+01:00,67.13432339483788
2018-12-07 01:00:00+01:00,62.40342809806202
2018-12-07 02:00:00+01:00,59.61472182799713
2018-12-07 03:00:00+01:00,58.98777544674282
2018-12-07 04:00:00+01:00,58.63542590328231
2018-12-07 05:00:00+01:00,58.65751442926844
2018-12-07 06:00:00+01:00,65.2276797512345
2018-12-07 07:00:00+01:00,70.4510589660086
2018-12-07 08:00:00+01:00,75.6780688278895
2018-12-07 09:00:00+01:00,77.38641241702949
2018-12-07 10:00:00+01:00,76.88073725579257
2018-12-07 11:00:00+01:00,75.76626637644236
2018-12-07 12:00:00+01:00,74.07812450112698
2018-12-07 13:00:00+01:00,71.96341910944743
2018-12-07 14:00:00+01:00,72.70189501693909
2018-12-07 15:00:00+01:00,70.30664109273522
2018-12-07 16:00:00+01:00,72.16922347873742
2018-12-07 17:00:00+01:00,75.60776017178036
2018-12-07 18:00:00+01:00,81.3700400618023
2018-12-07 19:00:00+01:00,83.75560463715394
2018-12-07 20:00:00+01:00,81.51445719448111
2018-12-07 21:00:00+01:00,77.3874100425051
2018-12-07 22:00:00+01:00,72.00927718871296
2018-12-07 23:00:00+01:00,70.36517614097028
2018-12-08 00:00:00+01:00,67.00511534468573
2018-12-08 01:00:00+01:00,63.873749984510475
2018-12-08 02:00:00+01:00,59.74245818911307
2018-12-08 03:00:00+01:00,59.0418377917735
2018-12-08 04:00:00+01:00,58.62836996337188
2018-12-08 05:00:00+01:00,58.29129487272991
2018-12-08 06:00:00+01:00,61.19623866744047
2018-12-08 07:00:00+01:00,62.47291133772132
2018-12-08 08:00:00+01:00,66.0688089223521
2018-12-08 09:00:00+01:00,68.36772686225828
2018-12-08 10:00:00+01:00,71.1878429183461
2018-12-08 11:00:00+01:00,69.60137463884841
2018-12-08 12:00:00+01:00,69.0326859294845
2018-12-08 13:00:00+01:00,66.6026624902507
2018-12-08 14:00:00+01:00,64.2633692872867
2018-12-08 15:00:00+01:00,64.15107864221822
2018-12-08 16:00:00+01:00,65.16162548121933
2018-12-08 17:00:00+01:00,68.23275764718998
2018-12-08 18:00:00+01:00,75.63771313444083
2018-12-08 19:00:00+01:00,78.02852122182668
2018-12-08 20:00:00+01:00,77.04051414474283
2018-12-08 21:00:00+01:00,76.36974995504038
2018-12-08 22:00:00+01:00,70.4285254532988
2018-12-08 23:00:00+01:00,67.03095774279639
2018-12-09 00:00:00+01:00,64.03546274247634
2018-12-09 01:00:00+01:00,61.01937220381765
2018-12-09 02:00:00+01:00,58.06543991660363
2018-12-09 03:00:00+01:00,56.46406374508798
2018-12-09 04:00:00+01:00,54.47695322523084
2018-12-09 05:00:00+01:00,53.212993080683084
2018-12-09 06:00:00+01:00,56.49755797011244
2018-12-09 07:00:00+01:00,58.09248232538013
2018-12-09 08:00:00+01:00,61.76035476621316
2018-12-09 09:00:00+01:00,64.1449509056255
2018-12-09 10:00:00+01:00,62.222594858662006
2018-12-09 11:00:00+01:00,60.94563272567609
2018-12-09 12:00:00+01:00,60.22547568419436
2018-12-09 13:00:00+01:00,60.389224390352496
2018-12-09 14:00:00+01:00,59.68346484146508
2018-12-09 15:00:00+01:00,58.83474134519335
2018-12-09 16:00:00+01:00,59.7119117357774
2018-12-09 17:00:00+01:00,62.722114329422745
2018-12-09 18:00:00+01:00,69.26671543139274
2018-12-09 19:00:00+01:00,72.80678821017888
2018-12-09 20:00:00+01:00,75.24520882971028
2018-12-09 21:00:00+01:00,77.42903041456928
2018-12-09 22:00:00+01:00,74.05622453609438
2018-12-09 23:00:00+01:00,69.37714383764313
2018-12-10 00:00:00+01:00,58.16495086252994
2018-12-10 01:00:00+01:00,55.3044054915431
2018-12-10 02:00:00+01:00,53.036346182190336
2018-12-10 03:00:00+01:00,52.76334951228549
2018-12-10 04:00:00+01:00,51.98142742092647
2018-12-10 05:00:00+01:00,55.38087572626787
2018-12-10 06:00:00+01:00,62.706590882773604
2018-12-10 07:00:00+01:00,69.80296795979706
2018-12-10 08:00:00+01:00,74.64737816322652
2018-12-10 09:00:00+01:00,76.73788072709236
2018-12-10 10:00:00+01:00,76.4268367952565
2018-12-10 11:00:00+01:00,74.87732512979291
2018-12-10 12:00:00+01:00,74.44861840543773
2018-12-10 13:00:00+01:00,74.69410535423629
2018-12-10 14:00:00+01:00,74.23622710286885
2018-12-10 15:00:00+01:00,73.15392063185158
2018-12-10 16:00:00+01:00,72.77606321365961
2018-12-10 17:00:00+01:00,75.27177264119328
2018-12-10 18:00:00+01:00,83.24255388891463
2018-12-10 19:00:00+01:00,86.21055011887752
2018-12-10 20:00:00+01:00,84.10216032146337
2018-12-10 21:00:00+01:00,80.49454198281443
2018-12-10 22:00:00+01:00,74.89573291333666
2018-12-10 23:00:00+01:00,70.45333583822575
2018-12-11 00:00:00+01:00,65.73698131798324
2018-12-11 01:00:00+01:00,61.35541824717614
2018-12-11 02:00:00+01:00,58.33912255680025
2018-12-11 03:00:00+01:00,57.30849208021038
2018-12-11 04:00:00+01:00,57.697361016199686
2018-12-11 05:00:00+01:00,58.50972603030028
2018-12-11 06:00:00+01:00,64.37633357638629
2018-12-11 07:00:00+01:00,72.63939851016997
2018-12-11 08:00:00+01:00,79.14953463102911
2018-12-11 09:00:00+01:00,79.76347030123799
2018-12-11 10:00:00+01:00,78.64843433430121
2018-12-11 11:00:00+01:00,78.75295820524978
2018-12-11 12:00:00+01:00,77.73875096876874
2018-12-11 13:00:00+01:00,77.22195787372124
2018-12-11 14:00:00+01:00,75.6976798056729
2018-12-11 15:00:00+01:00,75.57507852287155
2018-12-11 16:00:00+01:00,76.60224826202574
2018-12-11 17:00:00+01:00,79.98499940250106
2018-12-11 18:00:00+01:00,85.21672888996294
2018-12-11 19:00:00+01:00,85.88250559382566
2018-12-11 20:00:00+01:00,83.79359699705172
2018-12-11 21:00:00+01:00,80.7941871570649
2018-12-11 22:00:00+01:00,75.79267493000673
2018-12-11 23:00:00+01:00,72.06756544679563
2018-12-12 00:00:00+01:00,65.84730230672045
2018-12-12 01:00:00+01:00,60.63678445211492
2018-12-12 02:00:00+01:00,57.80526406084278
2018-12-12 03:00:00+01:00,58.13743490061709
2018-12-12 04:00:00+01:00,55.36657263455806
2018-12-12 05:00:00+01:00,54.83672857910769
2018-12-12 06:00:00+01:00,63.783632991328425
2018-12-12 07:00:00+01:00,71.98877029423977
2018-12-12 08:00:00+01:00,78.74157920528383
2018-12-12 09:00:00+01:00,77.67125375852497
2018-12-12 10:00:00+01:00,77.77090313280078
2018-12-12 11:00:00+01:00,77.16569400074464
2018-12-12 12:00:00+01:00,76.55000866166799
2018-12-12 13:00:00+01:00,75.86655052108223
2018-12-12 14:00:00+01:00,76.04242572954404
2018-12-12 15:00:00+01:00,75.17406935547898
2018-12-12 16:00:00+01:00,75.089787121946
2018-12-12 17:00:00+01:00,76.86988161077996
2018-12-12 18:00:00+01:00,82.41058300621016
2018-12-12 19:00:00+01:00,82.11529844414501
2018-12-12 20:00:00+01:00,75.93982943316979
2018-12-12 21:00:00+01:00,73.47200394035578
2018-12-12 22:00:00+01:00,69.42866467374444
2018-12-12 23:00:00+01:00,64.49940417660994
2018-12-13 00:00:00+01:00,61.44358549036318
2018-12-13 01:00:00+01:00,52.70220803571534
2018-12-13 02:00:00+01:00,46.2801578912499
2018-12-13 03:00:00+01:00,43.15970885461699
2018-12-13 04:00:00+01:00,41.9687289519319
2018-12-13 05:00:00+01:00,43.88933964183133
2018-12-13 06:00:00+01:00,51.54109296955596
2018-12-13 07:00:00+01:00,62.63286074500811
2018-12-13 08:00:00+01:00,69.2785677716073
2018-12-13 09:00:00+01:00,67.84445672998521
2018-12-13 10:00:00+01:00,68.07374588226537
2018-12-13 11:00:00+01:00,67.3521239010917
2018-12-13 12:00:00+01:00,65.2595750453693
2018-12-13 13:00:00+01:00,66.19617339714212
2018-12-13 14:00:00+01:00,64.82421894662995
2018-12-13 15:00:00+01:00,65.85084647442069
2018-12-13 16:00:00+01:00,64.52892696864545
2018-12-13 17:00:00+01:00,67.50250929177832
2018-12-13 18:00:00+01:00,74.85400328961714
2018-12-13 19:00:00+01:00,75.57749405330968
2018-12-13 20:00:00+01:00,73.8463669971092
2018-12-13 21:00:00+01:00,73.80794190131519
2018-12-13 22:00:00+01:00,68.71054646238915
2018-12-13 23:00:00+01:00,63.98542239932943
2018-12-14 00:00:00+01:00,57.54506336146151
2018-12-14 01:00:00+01:00,51.23636128804191
2018-12-14 02:00:00+01:00,48.91842709490023
2018-12-14 03:00:00+01:00,46.908971503227434
2018-12-14 04:00:00+01:00,50.18730282161126
2018-12-14 05:00:00+01:00,51.21829420611491
2018-12-14 06:00:00+01:00,58.94648146041357
2018-12-14 07:00:00+01:00,65.52720797404105
2018-12-14 08:00:00+01:00,71.54492802121787
2018-12-14 09:00:00+01:00,74.5700587555177
2018-12-14 10:00:00+01:00,73.9806878150317
2018-12-14 11:00:00+01:00,73.41748702111306
2018-12-14 12:00:00+01:00,72.13800853610769
2018-12-14 13:00:00+01:00,71.57204189756618
2018-12-14 14:00:00+01:00,72.03651789994389
2018-12-14 15:00:00+01:00,70.58548731274281
2018-12-14 16:00:00+01:00,71.48033341647452
2018-12-14 17:00:00+01:00,75.40472795041906
2018-12-14 18:00:00+01:00,82.35260929054452
2018-12-14 19:00:00+01:00,83.8123606261981
2018-12-14 20:00:00+01:00,80.9536839261518
2018-12-14 21:00:00+01:00,80.56041728654576
2018-12-14 22:00:00+01:00,75.43900473338651
2018-12-14 23:00:00+01:00,70.32763946837024
2018-12-15 00:00:00+01:00,65.4780604625913
2018-12-15 01:00:00+01:00,59.846189407784095
2018-12-15 02:00:00+01:00,54.89858374287078
2018-12-15 03:00:00+01:00,52.95460071699952
2018-12-15 04:00:00+01:00,52.339549201713716
2018-12-15 05:00:00+01:00,51.99278461887076
2018-12-15 06:00:00+01:00,53.98805295188061
2018-12-15 07:00:00+01:00,58.7473488180673
2018-12-15 08:00:00+01:00,65.78291994247623
2018-12-15 09:00:00+01:00,66.40024640167552
2018-12-15 10:00:00+01:00,70.82702937562047
2018-12-15 11:00:00+01:00,69.54483999689124
2018-12-15 12:00:00+01:00,70.12924587463262
2018-12-15 13:00:00+01:00,67.93718112456366
2018-12-15 14:00:00+01:00,66.2347698312675
2018-12-15 15:00:00+01:00,65.62369352626854
2018-12-15 16:00:00+01:00,63.86685994669772
2018-12-15 17:00:00+01:00,67.40710042304532
2018-12-15 18:00:00+01:00,73.24071106670554
2018-12-15 19:00:00+01:00,74.02244503772819
2018-12-15 20:00:00+01:00,72.48272194719387
2018-12-15 21:00:00+01:00,68.9481194632946
2018-12-15 22:00:00+01:00,65.87377169836172
2018-12-15 23:00:00+01:00,60.75546984817245
2018-12-16 00:00:00+01:00,58.743114269480564
2018-12-16 01:00:00+01:00,53.79908431272048
2018-12-16 02:00:00+01:00,49.57253002908508
2018-12-16 03:00:00+01:00,47.71553118481442
2018-12-16 04:00:00+01:00,45.425121829717284
2018-12-16 05:00:00+01:00,44.73590483270616
2018-12-16 06:00:00+01:00,47.01043407614306
2018-12-16 07:00:00+01:00,52.94477487103751
2018-12-16 08:00:00+01:00,56.03126711750311
2018-12-16 09:00:00+01:00,58.299711560964
2018-12-16 10:00:00+01:00,60.57743666233256
2018-12-16 11:00:00+01:00,62.79339312391543
2018-12-16 12:00:00+01:00,62.24283190324035
2018-12-16 13:00:00+01:00,59.58516279967626
2018-12-16 14:00:00+01:00,60.975206817703615
2018-12-16 15:00:00+01:00,58.70411238557612
2018-12-16 16:00:00+01:00,58.0899786390677
2018-12-16 17:00:00+01:00,62.3871895978669
2018-12-16 18:00:00+01:00,66.21545034026877
2018-12-16 19:00:00+01:00,70.28264116728093
2018-12-16 20:00:00+01:00,69.47226372662011
2018-12-16 21:00:00+01:00,70.48245423461229
2018-12-16 22:00:00+01:00,65.14923521798336
2018-12-16 23:00:00+01:00,65.07229582834341
2018-12-17 00:00:00+01:00,56.552648521793664
2018-12-17 01:00:00+01:00,53.14889371597724
2018-12-17 02:00:00+01:00,54.25008387821287
2018-12-17 03:00:00+01:00,51.69659478191423
2018-12-17 04:00:00+01:00,51.11599956649338
2018-12-17 05:00:00+01:00,52.727622185893004
2018-12-17 06:00:00+01:00,61.391287756697885
2018-12-17 07:00:00+01:00,68.43146180081776
2018-12-17 08:00:00+01:00,76.49600288560856
2018-12-17 09:00:00+01:00,75.96737600571896
2018-12-17 10:00:00+01:00,78.51868042345724
2018-12-17 11:00:00+01:00,77.32701239823767
2018-12-17 12:00:00+01:00,76.42983546552436
2018-12-17 13:00:00+01:00,74.32409821487701
2018-12-17 14:00:00+01:00,73.13865717338507
2018-12-17 15:00:00+01:00,72.30698155030903
2018-12-17 16:00:00+01:00,70.99393877388269
2018-12-17 17:00:00+01:00,74.6233941411469
2018-12-17 18:00:00+01:00,80.78160039293383
2018-12-17 19:00:00+01:00,82.00850215686053
2018-12-17 20:00:00+01:00,77.26667697269392
2018-12-17 21:00:00+01:00,74.51334759261681
2018-12-17 22:00:00+01:00,68.9741169142412
2018-12-17 23:00:00+01:00,64.89681252218024
2018-12-18 00:00:00+01:00,55.65410675461453
2018-12-18 01:00:00+01:00,50.595921442778554
2018-12-18 02:00:00+01:00,48.897485810239004
2018-12-18 03:00:00+01:00,47.63676918063211
2018-12-18 04:00:00+01:00,48.33089930893002
2018-12-18 05:00:00+01:00,49.27422497626517
2018-12-18 06:00:00+01:00,56.980605463122515
2018-12-18 07:00:00+01:00,65.02816148432036
2018-12-18 08:00:00+01:00,70.40567824478804
2018-12-18 09:00:00+01:00,72.04500048208745
2018-12-18 10:00:00+01:00,72.96540280799145
2018-12-18 11:00:00+01:00,73.5847743607212
2018-12-18 12:00:00+01:00,72.52950783740378
2018-12-18 13:00:00+01:00,73.34274255312248
2018-12-18 14:00:00+01:00,72.15602739343576
2018-12-18 15:00:00+01:00,71.97595100388092
2018-12-18 16:00:00+01:00,70.84890117116878
2018-12-18 17:00:00+01:00,74.87950044989118
2018-12-18 18:00:00+01:00,81.33058141792011
2018-12-18 19:00:00+01:00,82.03220671155553
2018-12-18 20:00:00+01:00,80.65279708482855
2018-12-18 21:00:00+01:00,77.67858920316218
2018-12-18 22:00:00+01:00,72.29512929693094
2018-12-18 23:00:00+01:00,67.2053320185513
2018-12-19 00:00:00+01:00,56.249935630418115
2018-12-19 01:00:00+01:00,52.90050022713183
2018-12-19 02:00:00+01:00,51.91165322102645
2018-12-19 03:00:00+01:00,50.52363188477281
2018-12-19 04:00:00+01:00,49.36611044707598
2018-12-19 05:00:00+01:00,50.270934445430576
2018-12-19 06:00:00+01:00,59.34091566387261
2018-12-19 07:00:00+01:00,66.4440396677986
2018-12-19 08:00:00+01:00,72.31124607997582
2018-12-19 09:00:00+01:00,72.15415259466374
2018-12-19 10:00:00+01:00,71.18140522643507
2018-12-19 11:00:00+01:00,71.48204849213988
2018-12-19 12:00:00+01:00,68.53347589033977
2018-12-19 13:00:00+01:00,66.42724889001364
2018-12-19 14:00:00+01:00,66.65815749389475
2018-12-19 15:00:00+01:00,67.62223156734585
2018-12-19 16:00:00+01:00,65.77366967905242
2018-12-19 17:00:00+01:00,72.49651405081299
2018-12-19 18:00:00+01:00,77.4710834329024
2018-12-19 19:00:00+01:00,80.91488425057817
2018-12-19 20:00:00+01:00,78.56133832789494
2018-12-19 21:00:00+01:00,76.6330479172709
2018-12-19 22:00:00+01:00,71.60384937561561
2018-12-19 23:00:00+01:00,66.12920565026133
2018-12-20 00:00:00+01:00,61.517127851835134
2018-12-20 01:00:00+01:00,55.66420888388301
2018-12-20 02:00:00+01:00,52.29344193546074
2018-12-20 03:00:00+01:00,48.64556945183586
2018-12-20 04:00:00+01:00,49.45629114460298
2018-12-20 05:00:00+01:00,50.4115603134837
2018-12-20 06:00:00+01:00,59.028095681437
2018-12-20 07:00:00+01:00,64.23425946146277
2018-12-20 08:00:00+01:00,70.2984374769254
2018-12-20 09:00:00+01:00,71.7467259936622
2018-12-20 10:00:00+01:00,71.01155613328746
2018-12-20 11:00:00+01:00,71.1560436523025
2018-12-20 12:00:00+01:00,70.79461727891966
2018-12-20 13:00:00+01:00,69.32455664690333
2018-12-20 14:00:00+01:00,69.91365804579857
2018-12-20 15:00:00+01:00,68.59884164764497
2018-12-20 16:00:00+01:00,69.14941990367045
2018-12-20 17:00:00+01:00,74.95809315108313
2018-12-20 18:00:00+01:00,80.8684159718052
2018-12-20 19:00:00+01:00,81.20551559541867
2018-12-20 20:00:00+01:00,76.90298469436165
2018-12-20 21:00:00+01:00,73.26118987666796
2018-12-20 22:00:00+01:00,66.12429823011632
2018-12-20 23:00:00+01:00,64.0781044607085
2018-12-21 00:00:00+01:00,55.3932104076186
2018-12-21 01:00:00+01:00,51.04858090051829
2018-12-21 02:00:00+01:00,48.859793708112385
2018-12-21 03:00:00+01:00,47.89692178443695
2018-12-21 04:00:00+01:00,48.13758523506985
2018-12-21 05:00:00+01:00,48.46213526995994
2018-12-21 06:00:00+01:00,56.019672028330284
2018-12-21 07:00:00+01:00,63.496097309566686
2018-12-21 08:00:00+01:00,68.07232643901892
2018-12-21 09:00:00+01:00,69.47365423367306
2018-12-21 10:00:00+01:00,69.6658927885541
2018-12-21 11:00:00+01:00,69.83313737260843
2018-12-21 12:00:00+01:00,69.80642239321348
2018-12-21 13:00:00+01:00,69.98840136396014
2018-12-21 14:00:00+01:00,66.0440358950916
2018-12-21 15:00:00+01:00,66.23657670920294
2018-12-21 16:00:00+01:00,68.14505664609901
2018-12-21 17:00:00+01:00,71.77008459475046
2018-12-21 18:00:00+01:00,77.84594033984871
2018-12-21 19:00:00+01:00,78.2734147997083
2018-12-21 20:00:00+01:00,77.75351071775982
2018-12-21 21:00:00+01:00,75.64741038976717
2018-12-21 22:00:00+01:00,69.04414710861398
2018-12-21 23:00:00+01:00,65.90479255863109
2018-12-22 00:00:00+01:00,59.23064923262054
2018-12-22 01:00:00+01:00,52.881689556786135
2018-12-22 02:00:00+01:00,52.611883615398824
2018-12-22 03:00:00+01:00,51.56406781613591
2018-12-22 04:00:00+01:00,50.919260825906775
2018-12-22 05:00:00+01:00,50.27724768698291
2018-12-22 06:00:00+01:00,53.115085875856884
2018-12-22 07:00:00+01:00,57.095208032945
2018-12-22 08:00:00+01:00,60.68181460342882
2018-12-22 09:00:00+01:00,61.9242605366642
2018-12-22 10:00:00+01:00,64.52897054510372
2018-12-22 11:00:00+01:00,60.9462257771654
2018-12-22 12:00:00+01:00,60.87899314784738
2018-12-22 13:00:00+01:00,60.337385744780754
2018-12-22 14:00:00+01:00,59.06098074384479
2018-12-22 15:00:00+01:00,60.50288270570169
2018-12-22 16:00:00+01:00,59.00872144845863
2018-12-22 17:00:00+01:00,64.39355293814553
2018-12-22 18:00:00+01:00,70.51062549876025
2018-12-22 19:00:00+01:00,72.12812417281748
2018-12-22 20:00:00+01:00,71.08475737875374
2018-12-22 21:00:00+01:00,69.76996522472778
2018-12-22 22:00:00+01:00,65.23280949031822
2018-12-22 23:00:00+01:00,61.10985323742574
2018-12-23 00:00:00+01:00,58.39206774459572
2018-12-23 01:00:00+01:00,54.378680629037696
2018-12-23 02:00:00+01:00,49.64419058758852
2018-12-23 03:00:00+01:00,47.35196979058441
2018-12-23 04:00:00+01:00,46.07052843811831
2018-12-23 05:00:00+01:00,46.13869797169636
2018-12-23 06:00:00+01:00,47.726435624039986
2018-12-23 07:00:00+01:00,50.99373043422916
2018-12-23 08:00:00+01:00,54.15382718736608
2018-12-23 09:00:00+01:00,57.343124891614224
2018-12-23 10:00:00+01:00,59.31746879199128
2018-12-23 11:00:00+01:00,59.61256987487055
2018-12-23 12:00:00+01:00,58.56471850670414
2018-12-23 13:00:00+01:00,58.62342031332769
2018-12-23 14:00:00+01:00,58.029505346689014
2018-12-23 15:00:00+01:00,56.46964912309338
2018-12-23 16:00:00+01:00,56.38630341263726
2018-12-23 17:00:00+01:00,59.62785855939003
2018-12-23 18:00:00+01:00,68.14022992551305
2018-12-23 19:00:00+01:00,73.23428511639561
2018-12-23 20:00:00+01:00,71.7544601162342
2018-12-23 21:00:00+01:00,71.41464863779998
2018-12-23 22:00:00+01:00,67.51422981249229
2018-12-23 23:00:00+01:00,64.30726349552926
2018-12-24 00:00:00+01:00,59.68198817397939
2018-12-24 01:00:00+01:00,54.69442740798569
2018-12-24 02:00:00+01:00,50.21225894702024
2018-12-24 03:00:00+01:00,48.633355230284366
2018-12-24 04:00:00+01:00,48.35402600450872
2018-12-24 05:00:00+01:00,49.50752779082967
2018-12-24 06:00:00+01:00,55.27956501183079
2018-12-24 07:00:00+01:00,63.3073082192797
2018-12-24 08:00:00+01:00,68.92472389888678
2018-12-24 09:00:00+01:00,70.29926363491741
2018-12-24 10:00:00+01:00,72.60241653356337
2018-12-24 11:00:00+01:00,72.09706407654089
2018-12-24 12:00:00+01:00,70.8943218424504
2018-12-24 13:00:00+01:00,70.65625755165597
2018-12-24 14:00:00+01:00,70.35821633494632
2018-12-24 15:00:00+01:00,70.5058634961242
2018-12-24 16:00:00+01:00,68.74148435879793
2018-12-24 17:00:00+01:00,72.6081898923256
2018-12-24 18:00:00+01:00,77.88307126503405
2018-12-24 19:00:00+01:00,79.5532969563534
2018-12-24 20:00:00+01:00,77.43755747922789
2018-12-24 21:00:00+01:00,75.77836596471371
2018-12-24 22:00:00+01:00,70.46642528860514
2018-12-24 23:00:00+01:00,66.49696230282358
2018-12-25 00:00:00+01:00,63.02294058861674
2018-12-25 01:00:00+01:00,57.716494461719115
2018-12-25 02:00:00+01:00,54.20678837518056
2018-12-25 03:00:00+01:00,55.49664562470474
2018-12-25 04:00:00+01:00,52.833619204956705
2018-12-25 05:00:00+01:00,53.38275881279873
2018-12-25 06:00:00+01:00,59.69651760842853
2018-12-25 07:00:00+01:00,66.70235687328109
2018-12-25 08:00:00+01:00,72.57652556778534
2018-12-25 09:00:00+01:00,73.18446447566824
2018-12-25 10:00:00+01:00,73.8604464198397
2018-12-25 11:00:00+01:00,72.62592125281385
2018-12-25 12:00:00+01:00,72.96417077324209
2018-12-25 13:00:00+01:00,71.32764550996909
2018-12-25 14:00:00+01:00,70.4213255000709
2018-12-25 15:00:00+01:00,69.44102525064118
2018-12-25 16:00:00+01:00,70.65983972449247
2018-12-25 17:00:00+01:00,75.46041351664766
2018-12-25 18:00:00+01:00,79.19695970377474
2018-12-25 19:00:00+01:00,79.37509833468341
2018-12-25 20:00:00+01:00,75.95755716266505
2018-12-25 21:00:00+01:00,74.09441125066301
2018-12-25 22:00:00+01:00,67.22362841282887
2018-12-25 23:00:00+01:00,62.9884940755047
2018-12-26 00:00:00+01:00,59.68774598817527
2018-12-26 01:00:00+01:00,56.90649071745116
2018-12-26 02:00:00+01:00,53.0216861272624
2018-12-26 03:00:00+01:00,51.48026275634377
2018-12-26 04:00:00+01:00,50.63948223184956
2018-12-26 05:00:00+01:00,51.25488769674109
2018-12-26 06:00:00+01:00,55.97567351443936
2018-12-26 07:00:00+01:00,61.13319354775158
2018-12-26 08:00:00+01:00,67.6249930110602
2018-12-26 09:00:00+01:00,71.30287079018132
2018-12-26 10:00:00+01:00,73.52284937761947
2018-12-26 11:00:00+01:00,72.11475950583991
2018-12-26 12:00:00+01:00,69.96670392774426
2018-12-26 13:00:00+01:00,69.54132451309185
2018-12-26 14:00:00+01:00,67.92795486735204
2018-12-26 15:00:00+01:00,66.96015864082746
2018-12-26 16:00:00+01:00,67.14771039784905
2018-12-26 17:00:00+01:00,73.37327628521176
2018-12-26 18:00:00+01:00,79.12231300155518
2018-12-26 19:00:00+01:00,78.60486331794978
2018-12-26 20:00:00+01:00,77.38121386061002
2018-12-26 21:00:00+01:00,74.20483689920216
2018-12-26 22:00:00+01:00,68.63835507935654
2018-12-26 23:00:00+01:00,65.49025586721984
2018-12-27 00:00:00+01:00,63.11270085792059
2018-12-27 01:00:00+01:00,57.960591081978116
2018-12-27 02:00:00+01:00,53.2874873488525
2018-12-27 03:00:00+01:00,52.16169503514197
2018-12-27 04:00:00+01:00,51.731275342095955
2018-12-27 05:00:00+01:00,52.71626605092367
2018-12-27 06:00:00+01:00,57.696521517120665
2018-12-27 07:00:00+01:00,66.24220089172371
2018-12-27 08:00:00+01:00,71.39799844085326
2018-12-27 09:00:00+01:00,73.59609362750331
2018-12-27 10:00:00+01:00,74.79457172804332
2018-12-27 11:00:00+01:00,73.92182666086578
2018-12-27 12:00:00+01:00,72.45918460159636
2018-12-27 13:00:00+01:00,71.08891993457935
2018-12-27 14:00:00+01:00,70.39147640255067
2018-12-27 15:00:00+01:00,68.81695234003547
2018-12-27 16:00:00+01:00,69.3787884920582
2018-12-27 17:00:00+01:00,73.16312055598219
2018-12-27 18:00:00+01:00,78.44343040060325
2018-12-27 19:00:00+01:00,77.64963225109966
2018-12-27 20:00:00+01:00,77.53404229076801
2018-12-27 21:00:00+01:00,74.98181539386819
2018-12-27 22:00:00+01:00,69.70792043944978
2018-12-27 23:00:00+01:00,65.31463828698857
2018-12-28 00:00:00+01:00,62.94548905521483
2018-12-28 01:00:00+01:00,57.465769344257616
2018-12-28 02:00:00+01:00,54.2281970217151
2018-12-28 03:00:00+01:00,53.26644245448347
2018-12-28 04:00:00+01:00,50.742120620075724
2018-12-28 05:00:00+01:00,52.47709690505201
2018-12-28 06:00:00+01:00,57.57920636837016
2018-12-28 07:00:00+01:00,64.01503246512101
2018-12-28 08:00:00+01:00,71.69798971155801
2018-12-28 09:00:00+01:00,72.70277102707927
2018-12-28 10:00:00+01:00,72.99194002357524
2018-12-28 11:00:00+01:00,73.32862876219156
2018-12-28 12:00:00+01:00,73.84856662254275
2018-12-28 13:00:00+01:00,73.00947724362578
2018-12-28 14:00:00+01:00,72.15021735902404
2018-12-28 15:00:00+01:00,73.0350331876066
2018-12-28 16:00:00+01:00,73.76257635990481
2018-12-28 17:00:00+01:00,77.05678987478147
2018-12-28 18:00:00+01:00,80.85465763453776
2018-12-28 19:00:00+01:00,80.36620511430037
2018-12-28 20:00:00+01:00,78.0206241751905
2018-12-28 21:00:00+01:00,76.19361172374347
2018-12-28 22:00:00+01:00,70.78560165353002
2018-12-28 23:00:00+01:00,67.94486134843486
2018-12-29 00:00:00+01:00,59.0779866693476
2018-12-29 01:00:00+01:00,55.54323774343978
2018-12-29 02:00:00+01:00,52.826535227165756
2018-12-29 03:00:00+01:00,47.32434232961693
2018-12-29 04:00:00+01:00,47.21496141217224
2018-12-29 05:00:00+01:00,47.4140468852016
2018-12-29 06:00:00+01:00,49.575891764482826
2018-12-29 07:00:00+01:00,56.89671016007251
2018-12-29 08:00:00+01:00,60.440548361376955
2018-12-29 09:00:00+01:00,62.96186522063084
2018-12-29 10:00:00+01:00,64.9492228548151
2018-12-29 11:00:00+01:00,64.68292421464818
2018-12-29 12:00:00+01:00,63.317439700077806
2018-12-29 13:00:00+01:00,62.13419243066562
2018-12-29 14:00:00+01:00,61.498756997176166
2018-12-29 15:00:00+01:00,59.76469286905751
2018-12-29 16:00:00+01:00,62.037398115145784
2018-12-29 17:00:00+01:00,65.55824069386499
2018-12-29 18:00:00+01:00,71.26880136864537
2018-12-29 19:00:00+01:00,73.80067540852018
2018-12-29 20:00:00+01:00,72.14913939830758
2018-12-29 21:00:00+01:00,70.76492903050304
2018-12-29 22:00:00+01:00,65.10347071221044
2018-12-29 23:00:00+01:00,60.91230666446652
2018-12-30 00:00:00+01:00,54.84065697856016
2018-12-30 01:00:00+01:00,50.94934398027319
2018-12-30 02:00:00+01:00,47.68128607784124
2018-12-30 03:00:00+01:00,47.89409469808346
2018-12-30 04:00:00+01:00,46.80933903031729
2018-12-30 05:00:00+01:00,48.016925714691446
2018-12-30 06:00:00+01:00,48.420225564723076
2018-12-30 07:00:00+01:00,50.74545246853608
2018-12-30 08:00:00+01:00,53.15920607430899
2018-12-30 09:00:00+01:00,53.8170291072523
2018-12-30 10:00:00+01:00,56.525401597444365
2018-12-30 11:00:00+01:00,56.77891656790617
2018-12-30 12:00:00+01:00,56.30283360902359
2018-12-30 13:00:00+01:00,57.194257530945514
2018-12-30 14:00:00+01:00,55.756972148245886
2018-12-30 15:00:00+01:00,51.676173423793905
2018-12-30 16:00:00+01:00,50.332330169412444
2018-12-30 17:00:00+01:00,54.16716353548539
2018-12-30 18:00:00+01:00,60.664109511301156
2018-12-30 19:00:00+01:00,66.1471924666569
2018-12-30 20:00:00+01:00,66.1623346488865
2018-12-30 21:00:00+01:00,63.994111873882765
2018-12-30 22:00:00+01:00,59.668167591371606
2018-12-30 23:00:00+01:00,56.62171001485503
2018-12-31 00:00:00+01:00,55.53617505723006
2018-12-31 01:00:00+01:00,52.5609287131918
2018-12-31 02:00:00+01:00,49.739917991531364
2018-12-31 03:00:00+01:00,47.38545703054036
2018-12-31 04:00:00+01:00,48.32816934061861
2018-12-31 05:00:00+01:00,50.03926392941179
2018-12-31 06:00:00+01:00,55.38190044509498
2018-12-31 07:00:00+01:00,62.8143754303853
2018-12-31 08:00:00+01:00,68.59394509457086
2018-12-31 09:00:00+01:00,69.70704753849786
2018-12-31 10:00:00+01:00,71.61125611565483
2018-12-31 11:00:00+01:00,70.46843190819364
2018-12-31 12:00:00+01:00,69.92256776254597
2018-12-31 13:00:00+01:00,69.36597614134509
2018-12-31 14:00:00+01:00,66.92413510533358
2018-12-31 15:00:00+01:00,65.80808667221672
2018-12-31 16:00:00+01:00,65.56737433614835
2018-12-31 17:00:00+01:00,68.41274700039237
2018-12-31 18:00:00+01:00,73.77074923500271
2018-12-31 19:00:00+01:00,76.09255411791142
2018-12-31 20:00:00+01:00,74.93939579186242
2018-12-31 21:00:00+01:00,73.85599044908643
2018-12-31 22:00:00+01:00,68.55949013707637
2018-12-31 23:00:00+01:00,63.568714108480684
