2018-01-01 00:00:00+01:00,39.27074014715096
2018-01-01 01:00:00+01:00,36.59300549659207
2018-01-01 02:00:00+01:00,39.8037590394263
2018-01-01 03:00:00+01:00,37.63404648655258
2018-01-01 04:00:00+01:00,34.063838090997805
2018-01-01 05:00:00+01:00,32.112195396881255
2018-01-01 06:00:00+01:00,43.10406346804891
2018-01-01 07:00:00+01:00,46.28920222900889
2018-01-01 08:00:00+01:00,53.245275436485215
2018-01-01 09:00:00+01:00,57.13295552635805
2018-01-01 10:00:00+01:00,56.16780919404392
2018-01-01 11:00:00+01:00,55.890398212781534
2018-01-01 12:00:00+01:00,55.07554370361278
2018-01-01 13:00:00+01:00,53.730192226808256
2018-01-01 14:00:00+01:00,52.72353627047013
2018-01-01 15:00:00+01:00,49.702745433124925
2018-01-01 16:00:00+01:00,50.6414165351176
2018-01-01 17:00:00+01:00,53.74731160619197
2018-01-01 18:00:00+01:00,59.74622124318086
2018-01-01 19:00:00+01:00,61.67543955276676
2018-01-01 20:00:00+01:00,60.14212844627782
2018-01-01 21:00:00+01:00,59.25729738978405
2018-01-01 22:00:00+01:00,54.09270287557381
2018-01-01 23:00:00+01:00,52.81376389611115
2018-01-02 00:00:00+01:00,48.31288175295186
2018-01-02 01:00:00+01:00,40.17085984402418
2018-01-02 02:00:00+01:00,40.08392983316661
2018-01-02 03:00:00+01:00,36.384896623798916
2018-01-02 04:00:00+01:00,39.637946537978166
2018-01-02 05:00:00+01:00,39.49409524967352
2018-01-02 06:00:00+01:00,41.62262329957958
2018-01-02 07:00:00+01:00,46.84611340359318
2018-01-02 08:00:00+01:00,55.1369509084872
2018-01-02 09:00:00+01:00,57.5939491181905
2018-01-02 10:00:00+01:00,58.70957579168678
2018-01-02 11:00:00+01:00,55.29854279086796
2018-01-02 12:00:00+01:00,53.43374320994858
2018-01-02 13:00:00+01:00,54.82047698162377
2018-01-02 14:00:00+01:00,54.57909357599394
2018-01-02 15:00:00+01:00,52.96153635696278
2018-01-02 16:00:00+01:00,54.58394123240431
2018-01-02 17:00:00+01:00,56.15239551212422
2018-01-02 18:00:00+01:00,61.138847077927124
2018-01-02 19:00:00+01:00,62.644797697356616
2018-01-02 20:00:00+01:00,61.64775491096338
2018-01-02 21:00:00+01:00,57.38787030288284
2018-01-02 22:00:00+01:00,56.63085795781935
2018-01-02 23:00:00+01:00,52.85184579112863
2018-01-03 00:00:00+01:00,53.715512868283106
2018-01-03 01:00:00+01:00,47.512117604277684
2018-01-03 02:00:00+01:00,48.36798221029056
2018-01-03 03:00:00+01:00,43.946399218639584
2018-01-03 04:00:00+01:00,44.496815021131724
2018-01-03 05:00:00+01:00,47.30012748156861
2018-01-03 06:00:00+01:00,50.735748955909294
2018-01-03 07:00:00+01:00,58.221567211821835
2018-01-03 08:00:00+01:00,61.009867592472766
2018-01-03 09:00:00+01:00,68.25866687185612
2018-01-03 10:00:00+01:00,68.37525898658814
2018-01-03 11:00:00+01:00,66.40176510999638
2018-01-03 12:00:00+01:00,63.95357644195957
2018-01-03 13:00:00+01:00,63.55706405260933
2018-01-03 14:00:00+01:00,64.41823507766512
2018-01-03 15:00:00+01:00,62.07189690179339
2018-01-03 16:00:00+01:00,62.54940210821613
2018-01-03 17:00:00+01:00,65.24026445270462
2018-01-03 18:00:00+01:00,74.43724555399318
2018-01-03 19:00:00+01:00,74.9319239079297
2018-01-03 20:00:00+01:00,73.61541432334519
2018-01-03 21:00:00+01:00,72.9061055872823
2018-01-03 22:00:00+01:00,65.65680454419388
2018-01-03 23:00:00+01:00,60.53097773553059
2018-01-04 00:00:00+01:00,57.415923948127684
2018-01-04 01:00:00+01:00,54.72348633233501
2018-01-04 02:00:00+01:00,53.809068768215546
2018-01-04 03:00:00+01:00,49.45950933805914
2018-01-04 04:00:00+01:00,48.37122614924782
2018-01-04 05:00:00+01:00,50.90222916748612
2018-01-04 06:00:00+01:00,57.781174057969785
2018-01-04 07:00:00+01:00,61.218588300230465
2018-01-04 08:00:00+01:00,68.83980756289833
2018-01-04 09:00:00+01:00,70.37439385297205
2018-01-04 10:00:00+01:00,71.34053279315538
2018-01-04 11:00:00+01:00,70.98720624811722
2018-01-04 12:00:00+01:00,68.87231180906103
2018-01-04 13:00:00+01:00,70.28709952878603
2018-01-04 14:00:00+01:00,67.88815163417021
2018-01-04 15:00:00+01:00,67.66816967616315
2018-01-04 16:00:00+01:00,65.2847494701157
2018-01-04 17:00:00+01:00,66.44193118319018
2018-01-04 18:00:00+01:00,74.71086571470732
2018-01-04 19:00:00+01:00,76.43619637481804
2018-01-04 20:00:00+01:00,76.91913222835156
2018-01-04 21:00:00+01:00,73.80806131606532
2018-01-04 22:00:00+01:00,66.06781758535791
2018-01-04 23:00:00+01:00,62.514620641823655
2018-01-05 00:00:00+01:00,47.156480321422464
2018-01-05 01:00:00+01:00,42.926244436188114
2018-01-05 02:00:00+01:00,38.67972255236691
2018-01-05 03:00:00+01:00,38.10512292330725
2018-01-05 04:00:00+01:00,37.39104673282705
2018-01-05 05:00:00+01:00,42.16575603972571
2018-01-05 06:00:00+01:00,42.19579960979599
2018-01-05 07:00:00+01:00,49.61072642530897
2018-01-05 08:00:00+01:00,54.08529615060074
2018-01-05 09:00:00+01:00,57.95648421721117
2018-01-05 10:00:00+01:00,59.573297388599734
2018-01-05 11:00:00+01:00,59.90175207215144
2018-01-05 12:00:00+01:00,56.82947352118209
2018-01-05 13:00:00+01:00,54.13330298355436
2018-01-05 14:00:00+01:00,55.90569429310494
2018-01-05 15:00:00+01:00,55.73705440519271
2018-01-05 16:00:00+01:00,56.727430319541426
2018-01-05 17:00:00+01:00,59.185487536669335
2018-01-05 18:00:00+01:00,65.48588214096894
2018-01-05 19:00:00+01:00,69.24086255944228
2018-01-05 20:00:00+01:00,68.70822422014098
2018-01-05 21:00:00+01:00,65.46437847280065
2018-01-05 22:00:00+01:00,62.64465164976052
2018-01-05 23:00:00+01:00,57.01825719580209
2018-01-06 00:00:00+01:00,49.29951201622131
2018-01-06 01:00:00+01:00,47.95050060822586
2018-01-06 02:00:00+01:00,46.3191209309886
2018-01-06 03:00:00+01:00,44.27862602788762
2018-01-06 04:00:00+01:00,40.49673941486994
2018-01-06 05:00:00+01:00,45.775969235730756
2018-01-06 06:00:00+01:00,44.591666831015125
2018-01-06 07:00:00+01:00,46.06437424924699
2018-01-06 08:00:00+01:00,52.73590538141695
2018-01-06 09:00:00+01:00,54.3432696580938
2018-01-06 10:00:00+01:00,59.949154457264775
2018-01-06 11:00:00+01:00,59.02672414412086
2018-01-06 12:00:00+01:00,58.28284039151996
2018-01-06 13:00:00+01:00,55.78061647101926
2018-01-06 14:00:00+01:00,56.81085262405492
2018-01-06 15:00:00+01:00,53.596529555101775
2018-01-06 16:00:00+01:00,55.30723056085362
2018-01-06 17:00:00+01:00,55.93204985097243
2018-01-06 18:00:00+01:00,63.506581212701846
2018-01-06 19:00:00+01:00,65.50742350266009
2018-01-06 20:00:00+01:00,62.82751001111053
2018-01-06 21:00:00+01:00,63.963457698182204
2018-01-06 22:00:00+01:00,58.66276330184741
2018-01-06 23:00:00+01:00,53.55032486358019
2018-01-07 00:00:00+01:00,56.0857016516251
2018-01-07 01:00:00+01:00,51.99104813122536
2018-01-07 02:00:00+01:00,50.23328186854195
2018-01-07 03:00:00+01:00,47.930164521731044
2018-01-07 04:00:00+01:00,46.03222983115519
2018-01-07 05:00:00+01:00,48.2975143464593
2018-01-07 06:00:00+01:00,43.724481846145565
2018-01-07 07:00:00+01:00,53.473832232095134
2018-01-07 08:00:00+01:00,57.51066350391757
2018-01-07 09:00:00+01:00,58.572674277299356
2018-01-07 10:00:00+01:00,59.46059721799969
2018-01-07 11:00:00+01:00,62.95715057257856
2018-01-07 12:00:00+01:00,61.38317870794343
2018-01-07 13:00:00+01:00,61.310597863724006
2018-01-07 14:00:00+01:00,59.8542796069855
2018-01-07 15:00:00+01:00,57.60247239223506
2018-01-07 16:00:00+01:00,56.79663068339653
2018-01-07 17:00:00+01:00,59.92808138022561
2018-01-07 18:00:00+01:00,66.34425618822928
2018-01-07 19:00:00+01:00,67.68723222379943
2018-01-07 20:00:00+01:00,68.76151355088838
2018-01-07 21:00:00+01:00,70.52366888227681
2018-01-07 22:00:00+01:00,65.38439706518626
2018-01-07 23:00:00+01:00,62.3525837277849
2018-01-08 00:00:00+01:00,63.99416437935951
2018-01-08 01:00:00+01:00,57.57598148029343
2018-01-08 02:00:00+01:00,53.77346884653593
2018-01-08 03:00:00+01:00,52.0570587766658
2018-01-08 04:00:00+01:00,53.694908431889594
2018-01-08 05:00:00+01:00,58.61231779564286
2018-01-08 06:00:00+01:00,64.87341553542852
2018-01-08 07:00:00+01:00,70.70101047250446
2018-01-08 08:00:00+01:00,74.66820734992649
2018-01-08 09:00:00+01:00,78.56040014556788
2018-01-08 10:00:00+01:00,80.79877426062231
2018-01-08 11:00:00+01:00,82.90120013757326
2018-01-08 12:00:00+01:00,82.47915974514305
2018-01-08 13:00:00+01:00,79.29419781833394
2018-01-08 14:00:00+01:00,79.11034098187469
2018-01-08 15:00:00+01:00,76.37825404522881
2018-01-08 16:00:00+01:00,75.88993505710155
2018-01-08 17:00:00+01:00,79.30430480476139
2018-01-08 18:00:00+01:00,83.36642624599389
2018-01-08 19:00:00+01:00,85.6511476308438
2018-01-08 20:00:00+01:00,83.80973072570075
2018-01-08 21:00:00+01:00,81.93854129018462
2018-01-08 22:00:00+01:00,76.20693135513014
2018-01-08 23:00:00+01:00,74.1016723283386
2018-01-09 00:00:00+01:00,65.33119878409713
2018-01-09 01:00:00+01:00,61.80861851680495
2018-01-09 02:00:00+01:00,56.628422505532555
2018-01-09 03:00:00+01:00,55.63632792542666
2018-01-09 04:00:00+01:00,56.384032103034365
2018-01-09 05:00:00+01:00,57.68817456260171
2018-01-09 06:00:00+01:00,63.48930319625478
2018-01-09 07:00:00+01:00,72.46476089426953
2018-01-09 08:00:00+01:00,82.08663020712224
2018-01-09 09:00:00+01:00,84.3486814664915
2018-01-09 10:00:00+01:00,83.70204637017194
2018-01-09 11:00:00+01:00,84.15177046899254
2018-01-09 12:00:00+01:00,83.49690392472094
2018-01-09 13:00:00+01:00,82.99161191834101
2018-01-09 14:00:00+01:00,83.85040735076609
2018-01-09 15:00:00+01:00,78.8998022577417
2018-01-09 16:00:00+01:00,82.29082365127286
2018-01-09 17:00:00+01:00,82.47783917997579
2018-01-09 18:00:00+01:00,89.48849958562313
2018-01-09 19:00:00+01:00,89.35933876497197
2018-01-09 20:00:00+01:00,85.65923689170272
2018-01-09 21:00:00+01:00,82.65625551164351
2018-01-09 22:00:00+01:00,77.96569493624244
2018-01-09 23:00:00+01:00,72.49946364522631
2018-01-10 00:00:00+01:00,61.808462661213824
2018-01-10 01:00:00+01:00,60.238486953752144
2018-01-10 02:00:00+01:00,59.205361354027936
2018-01-10 03:00:00+01:00,56.44926388214302
2018-01-10 04:00:00+01:00,52.52946613440147
2018-01-10 05:00:00+01:00,54.146294039119226
2018-01-10 06:00:00+01:00,61.190347724333456
2018-01-10 07:00:00+01:00,68.48358458903715
2018-01-10 08:00:00+01:00,78.13855066196624
2018-01-10 09:00:00+01:00,78.97720936638216
2018-01-10 10:00:00+01:00,80.890927498036
2018-01-10 11:00:00+01:00,77.04299624788023
2018-01-10 12:00:00+01:00,78.61342275127247
2018-01-10 13:00:00+01:00,72.91030574898052
2018-01-10 14:00:00+01:00,73.88027072494138
2018-01-10 15:00:00+01:00,71.56660379584822
2018-01-10 16:00:00+01:00,69.4519535529725
2018-01-10 17:00:00+01:00,69.14785297449794
2018-01-10 18:00:00+01:00,76.19153865968913
2018-01-10 19:00:00+01:00,83.21223092981789
2018-01-10 20:00:00+01:00,82.20649171854707
2018-01-10 21:00:00+01:00,82.32931442142163
2018-01-10 22:00:00+01:00,73.44126044356781
2018-01-10 23:00:00+01:00,67.95033307275133
2018-01-11 00:00:00+01:00,56.8983518524368
2018-01-11 01:00:00+01:00,51.605350597227975
2018-01-11 02:00:00+01:00,54.712594237611846
2018-01-11 03:00:00+01:00,52.15123909442604
2018-01-11 04:00:00+01:00,49.31200847086821
2018-01-11 05:00:00+01:00,51.615340605796455
2018-01-11 06:00:00+01:00,60.57241135666029
2018-01-11 07:00:00+01:00,68.11992053048681
2018-01-11 08:00:00+01:00,74.97303255996353
2018-01-11 09:00:00+01:00,78.73955008649635
2018-01-11 10:00:00+01:00,79.44314808532548
2018-01-11 11:00:00+01:00,77.25538526348551
2018-01-11 12:00:00+01:00,76.90716323691395
2018-01-11 13:00:00+01:00,73.0227712045428
2018-01-11 14:00:00+01:00,69.9554364305976
2018-01-11 15:00:00+01:00,69.4381934381967
2018-01-11 16:00:00+01:00,70.06705159523001
2018-01-11 17:00:00+01:00,71.35608231942415
2018-01-11 18:00:00+01:00,81.68317599718416
2018-01-11 19:00:00+01:00,86.31530549339637
2018-01-11 20:00:00+01:00,85.28891092306638
2018-01-11 21:00:00+01:00,80.64931078099262
2018-01-11 22:00:00+01:00,78.58599651933042
2018-01-11 23:00:00+01:00,68.84117563028668
2018-01-12 00:00:00+01:00,60.64662817143807
2018-01-12 01:00:00+01:00,54.73498951788313
2018-01-12 02:00:00+01:00,51.410728057130264
2018-01-12 03:00:00+01:00,51.00630381281024
2018-01-12 04:00:00+01:00,52.723168558045494
2018-01-12 05:00:00+01:00,53.07482194405191
2018-01-12 06:00:00+01:00,59.85728906254354
2018-01-12 07:00:00+01:00,68.93434737289115
2018-01-12 08:00:00+01:00,74.07421855512068
2018-01-12 09:00:00+01:00,77.83148686901644
2018-01-12 10:00:00+01:00,78.07377426374643
2018-01-12 11:00:00+01:00,78.7285290534632
2018-01-12 12:00:00+01:00,79.14111179168664
2018-01-12 13:00:00+01:00,78.48567836780799
2018-01-12 14:00:00+01:00,77.30428749792603
2018-01-12 15:00:00+01:00,76.01209471074502
2018-01-12 16:00:00+01:00,78.48876346589407
2018-01-12 17:00:00+01:00,81.17795424292002
2018-01-12 18:00:00+01:00,85.7565652223009
2018-01-12 19:00:00+01:00,88.80904257929781
2018-01-12 20:00:00+01:00,88.58586934458334
2018-01-12 21:00:00+01:00,86.33064355517095
2018-01-12 22:00:00+01:00,78.6648221789619
2018-01-12 23:00:00+01:00,73.58882982120612
2018-01-13 00:00:00+01:00,68.33678823920226
2018-01-13 01:00:00+01:00,63.95233546852705
2018-01-13 02:00:00+01:00,60.76944719824949
2018-01-13 03:00:00+01:00,58.52387109450775
2018-01-13 04:00:00+01:00,57.69467120057638
2018-01-13 05:00:00+01:00,55.83292815262026
2018-01-13 06:00:00+01:00,53.878132944971135
2018-01-13 07:00:00+01:00,59.742834588068234
2018-01-13 08:00:00+01:00,65.41865823701116
2018-01-13 09:00:00+01:00,69.26704149785577
2018-01-13 10:00:00+01:00,69.37482192309825
2018-01-13 11:00:00+01:00,71.28409237460015
2018-01-13 12:00:00+01:00,71.2423916052184
2018-01-13 13:00:00+01:00,70.95336651866627
2018-01-13 14:00:00+01:00,70.4281356636244
2018-01-13 15:00:00+01:00,64.57738377055504
2018-01-13 16:00:00+01:00,65.92290252726934
2018-01-13 17:00:00+01:00,70.41404240545792
2018-01-13 18:00:00+01:00,74.00816152171289
2018-01-13 19:00:00+01:00,77.42252448729971
2018-01-13 20:00:00+01:00,75.98505148600084
2018-01-13 21:00:00+01:00,74.4891615432732
2018-01-13 22:00:00+01:00,69.69319946833565
2018-01-13 23:00:00+01:00,65.79612868102484
2018-01-14 00:00:00+01:00,66.74337829764342
2018-01-14 01:00:00+01:00,62.77949709044588
2018-01-14 02:00:00+01:00,56.85428264198368
2018-01-14 03:00:00+01:00,57.83114596046797
2018-01-14 04:00:00+01:00,54.03915846712761
2018-01-14 05:00:00+01:00,55.50158327968125
2018-01-14 06:00:00+01:00,56.98384927636561
2018-01-14 07:00:00+01:00,60.91667709858724
2018-01-14 08:00:00+01:00,66.7712822704695
2018-01-14 09:00:00+01:00,72.60420021299055
2018-01-14 10:00:00+01:00,73.49690614379581
2018-01-14 11:00:00+01:00,72.05012226605079
2018-01-14 12:00:00+01:00,72.12933841817066
2018-01-14 13:00:00+01:00,72.21360173009823
2018-01-14 14:00:00+01:00,69.25500934085284
2018-01-14 15:00:00+01:00,67.55977149498293
2018-01-14 16:00:00+01:00,68.24221495014194
2018-01-14 17:00:00+01:00,71.73819571835227
2018-01-14 18:00:00+01:00,77.5767105454575
2018-01-14 19:00:00+01:00,78.68260049245751
2018-01-14 20:00:00+01:00,77.35761572745622
2018-01-14 21:00:00+01:00,74.99057524283846
2018-01-14 22:00:00+01:00,71.99146901961214
2018-01-14 23:00:00+01:00,69.22018363309843
2018-01-15 00:00:00+01:00,62.266283137690706
2018-01-15 01:00:00+01:00,57.58449748369611
2018-01-15 02:00:00+01:00,55.21132012850314
2018-01-15 03:00:00+01:00,52.78303132322085
2018-01-15 04:00:00+01:00,52.49523457985942
2018-01-15 05:00:00+01:00,53.084353723544275
2018-01-15 06:00:00+01:00,62.15337014393413
2018-01-15 07:00:00+01:00,68.32995794327697
2018-01-15 08:00:00+01:00,75.75143975726112
2018-01-15 09:00:00+01:00,78.5734719295805
2018-01-15 10:00:00+01:00,83.91214526961973
2018-01-15 11:00:00+01:00,81.39265130552126
2018-01-15 12:00:00+01:00,82.93896134400842
2018-01-15 13:00:00+01:00,82.11266944722396
2018-01-15 14:00:00+01:00,79.23211586516149
2018-01-15 15:00:00+01:00,77.65308075745706
2018-01-15 16:00:00+01:00,80.64764494525991
2018-01-15 17:00:00+01:00,82.57789879600173
2018-01-15 18:00:00+01:00,86.83696108254854
2018-01-15 19:00:00+01:00,89.59796105350983
2018-01-15 20:00:00+01:00,86.99629841699462
2018-01-15 21:00:00+01:00,82.71539130311692
2018-01-15 22:00:00+01:00,80.56567461475888
2018-01-15 23:00:00+01:00,77.12085253691268
2018-01-16 00:00:00+01:00,63.09626555556724
2018-01-16 01:00:00+01:00,57.62511010423529
2018-01-16 02:00:00+01:00,54.43739920735723
2018-01-16 03:00:00+01:00,54.209365351216185
2018-01-16 04:00:00+01:00,52.78989430993894
2018-01-16 05:00:00+01:00,52.95362979614402
2018-01-16 06:00:00+01:00,63.302316753722465
2018-01-16 07:00:00+01:00,74.72840120470228
2018-01-16 08:00:00+01:00,84.59727617051277
2018-01-16 09:00:00+01:00,83.88014554108638
2018-01-16 10:00:00+01:00,84.82952815111874
2018-01-16 11:00:00+01:00,86.58618713144125
2018-01-16 12:00:00+01:00,84.42039585791781
2018-01-16 13:00:00+01:00,80.18935626959636
2018-01-16 14:00:00+01:00,76.14551064958854
2018-01-16 15:00:00+01:00,76.19479384301535
2018-01-16 16:00:00+01:00,77.30480023963948
2018-01-16 17:00:00+01:00,78.33664044186077
2018-01-16 18:00:00+01:00,86.99896060218626
2018-01-16 19:00:00+01:00,88.22902460193559
2018-01-16 20:00:00+01:00,86.546692938337
2018-01-16 21:00:00+01:00,82.8935036583303
2018-01-16 22:00:00+01:00,77.6732111279324
2018-01-16 23:00:00+01:00,71.63552932743306
2018-01-17 00:00:00+01:00,60.88207275250718
2018-01-17 01:00:00+01:00,57.364429287576186
2018-01-17 02:00:00+01:00,53.28542159449415
2018-01-17 03:00:00+01:00,51.24792678850972
2018-01-17 04:00:00+01:00,53.313618131093136
2018-01-17 05:00:00+01:00,54.10144599658695
2018-01-17 06:00:00+01:00,61.474139795805776
2018-01-17 07:00:00+01:00,70.54049880631099
2018-01-17 08:00:00+01:00,78.85736506469824
2018-01-17 09:00:00+01:00,79.91441335790496
2018-01-17 10:00:00+01:00,79.90166197450763
2018-01-17 11:00:00+01:00,77.80336772360982
2018-01-17 12:00:00+01:00,77.06698370542561
2018-01-17 13:00:00+01:00,75.84572046165687
2018-01-17 14:00:00+01:00,73.30348110455252
2018-01-17 15:00:00+01:00,72.04037008704975
2018-01-17 16:00:00+01:00,72.93597928694713
2018-01-17 17:00:00+01:00,75.803516279764
2018-01-17 18:00:00+01:00,80.98184580496876
2018-01-17 19:00:00+01:00,83.73355894659576
2018-01-17 20:00:00+01:00,82.02551708082561
2018-01-17 21:00:00+01:00,80.1547729977954
2018-01-17 22:00:00+01:00,72.6551088397292
2018-01-17 23:00:00+01:00,69.15684460056531
2018-01-18 00:00:00+01:00,62.789415476537776
2018-01-18 01:00:00+01:00,57.10607277830812
2018-01-18 02:00:00+01:00,53.946819869764994
2018-01-18 03:00:00+01:00,54.676407424127746
2018-01-18 04:00:00+01:00,53.12127733221366
2018-01-18 05:00:00+01:00,54.749844999470845
2018-01-18 06:00:00+01:00,61.82646240855566
2018-01-18 07:00:00+01:00,68.75208848000659
2018-01-18 08:00:00+01:00,77.63587207006195
2018-01-18 09:00:00+01:00,80.23461597817419
2018-01-18 10:00:00+01:00,80.59336704898057
2018-01-18 11:00:00+01:00,79.14532184616948
2018-01-18 12:00:00+01:00,74.23325261937943
2018-01-18 13:00:00+01:00,74.13869844845077
2018-01-18 14:00:00+01:00,74.93685515746479
2018-01-18 15:00:00+01:00,73.19265172558012
2018-01-18 16:00:00+01:00,75.69723985350781
2018-01-18 17:00:00+01:00,80.0624587585592
2018-01-18 18:00:00+01:00,86.32367399544516
2018-01-18 19:00:00+01:00,90.11907495236258
2018-01-18 20:00:00+01:00,87.92667181334708
2018-01-18 21:00:00+01:00,84.59425162473563
2018-01-18 22:00:00+01:00,76.4895940856195
2018-01-18 23:00:00+01:00,72.18071230864284
2018-01-19 00:00:00+01:00,65.89388710124307
2018-01-19 01:00:00+01:00,59.56090448275052
2018-01-19 02:00:00+01:00,57.388904775372914
2018-01-19 03:00:00+01:00,54.75785518632848
2018-01-19 04:00:00+01:00,53.99591697018191
2018-01-19 05:00:00+01:00,59.57893966947978
2018-01-19 06:00:00+01:00,66.29975517125675
2018-01-19 07:00:00+01:00,76.27774580908492
2018-01-19 08:00:00+01:00,82.44780339014842
2018-01-19 09:00:00+01:00,83.10439059324744
2018-01-19 10:00:00+01:00,84.37367909656133
2018-01-19 11:00:00+01:00,82.3816188720115
2018-01-19 12:00:00+01:00,79.52874428564112
2018-01-19 13:00:00+01:00,77.96883868715904
2018-01-19 14:00:00+01:00,78.64551446651735
2018-01-19 15:00:00+01:00,77.62611213538509
2018-01-19 16:00:00+01:00,76.3229016898689
2018-01-19 17:00:00+01:00,86.95368468936789
2018-01-19 18:00:00+01:00,90.90820999423794
2018-01-19 19:00:00+01:00,92.41101400518959
2018-01-19 20:00:00+01:00,91.01518621891941
2018-01-19 21:00:00+01:00,88.24608074241289
2018-01-19 22:00:00+01:00,81.32034927070895
2018-01-19 23:00:00+01:00,76.10491329578755
2018-01-20 00:00:00+01:00,70.0859306296002
2018-01-20 01:00:00+01:00,62.28643334514797
2018-01-20 02:00:00+01:00,59.97297254292527
2018-01-20 03:00:00+01:00,57.870160736891776
2018-01-20 04:00:00+01:00,58.45883909692251
2018-01-20 05:00:00+01:00,57.056720185375355
2018-01-20 06:00:00+01:00,62.44637522810076
2018-01-20 07:00:00+01:00,68.51299924739122
2018-01-20 08:00:00+01:00,74.84179100521168
2018-01-20 09:00:00+01:00,78.07804564606363
2018-01-20 10:00:00+01:00,80.4308207663775
2018-01-20 11:00:00+01:00,80.99273351619244
2018-01-20 12:00:00+01:00,78.13249629463314
2018-01-20 13:00:00+01:00,73.90877934829771
2018-01-20 14:00:00+01:00,70.6934492912873
2018-01-20 15:00:00+01:00,67.4408641443503
2018-01-20 16:00:00+01:00,66.37918503759879
2018-01-20 17:00:00+01:00,69.38786331616575
2018-01-20 18:00:00+01:00,78.17467000182297
2018-01-20 19:00:00+01:00,79.81534861462215
2018-01-20 20:00:00+01:00,77.9477102421209
2018-01-20 21:00:00+01:00,75.92434975667226
2018-01-20 22:00:00+01:00,71.40252078219665
2018-01-20 23:00:00+01:00,66.71208089236458
2018-01-21 00:00:00+01:00,62.614493363820934
2018-01-21 01:00:00+01:00,60.12548055007375
2018-01-21 02:00:00+01:00,57.39115033705042
2018-01-21 03:00:00+01:00,53.655043940468126
2018-01-21 04:00:00+01:00,50.70207336308252
2018-01-21 05:00:00+01:00,51.87367093338496
2018-01-21 06:00:00+01:00,53.426072561145844
2018-01-21 07:00:00+01:00,56.89946927510135
2018-01-21 08:00:00+01:00,58.25468271657314
2018-01-21 09:00:00+01:00,62.05419522937814
2018-01-21 10:00:00+01:00,65.0210623061105
2018-01-21 11:00:00+01:00,62.5783709345258
2018-01-21 12:00:00+01:00,63.854336266134844
2018-01-21 13:00:00+01:00,62.43112254423724
2018-01-21 14:00:00+01:00,62.18566002517707
2018-01-21 15:00:00+01:00,62.334740982447
2018-01-21 16:00:00+01:00,61.68472200898764
2018-01-21 17:00:00+01:00,64.82251074198186
2018-01-21 18:00:00+01:00,70.68096699781142
2018-01-21 19:00:00+01:00,76.92825191350578
2018-01-21 20:00:00+01:00,77.14294759576119
2018-01-21 21:00:00+01:00,74.97002699446527
2018-01-21 22:00:00+01:00,72.29882280782788
2018-01-21 23:00:00+01:00,69.54589618402446
2018-01-22 00:00:00+01:00,60.46843137584199
2018-01-22 01:00:00+01:00,56.05939072805347
2018-01-22 02:00:00+01:00,53.75999925601847
2018-01-22 03:00:00+01:00,51.7140493557621
2018-01-22 04:00:00+01:00,50.66279747684706
2018-01-22 05:00:00+01:00,52.16613852985711
2018-01-22 06:00:00+01:00,58.09861769266557
2018-01-22 07:00:00+01:00,63.97503897309358
2018-01-22 08:00:00+01:00,69.32995967403706
2018-01-22 09:00:00+01:00,71.59341591734966
2018-01-22 10:00:00+01:00,72.28005817189697
2018-01-22 11:00:00+01:00,71.17625577998881
2018-01-22 12:00:00+01:00,74.34659191134662
2018-01-22 13:00:00+01:00,72.60348065280193
2018-01-22 14:00:00+01:00,71.35515895932646
2018-01-22 15:00:00+01:00,69.8007173461978
2018-01-22 16:00:00+01:00,68.34580719874867
2018-01-22 17:00:00+01:00,71.57337944271049
2018-01-22 18:00:00+01:00,78.54042322726302
2018-01-22 19:00:00+01:00,78.43306667317466
2018-01-22 20:00:00+01:00,76.02258465604652
2018-01-22 21:00:00+01:00,75.50351008535877
2018-01-22 22:00:00+01:00,70.3198222446425
2018-01-22 23:00:00+01:00,64.94434400628057
2018-01-23 00:00:00+01:00,59.47102029800472
2018-01-23 01:00:00+01:00,54.860783221571
2018-01-23 02:00:00+01:00,52.52230987007937
2018-01-23 03:00:00+01:00,51.72026925934719
2018-01-23 04:00:00+01:00,48.61686521457267
2018-01-23 05:00:00+01:00,51.745611069243814
2018-01-23 06:00:00+01:00,60.79735549423227
2018-01-23 07:00:00+01:00,66.06961725975654
2018-01-23 08:00:00+01:00,73.78995742914118
2018-01-23 09:00:00+01:00,76.21599191587559
2018-01-23 10:00:00+01:00,78.71780841228984
2018-01-23 11:00:00+01:00,78.35984962522753
2018-01-23 12:00:00+01:00,75.68868452726957
2018-01-23 13:00:00+01:00,74.44943422655645
2018-01-23 14:00:00+01:00,72.53706573484783
2018-01-23 15:00:00+01:00,71.83020331084164
2018-01-23 16:00:00+01:00,71.99707122087172
2018-01-23 17:00:00+01:00,75.18325161257249
2018-01-23 18:00:00+01:00,82.13423102394027
2018-01-23 19:00:00+01:00,85.66236648560985
2018-01-23 20:00:00+01:00,83.162029688663
2018-01-23 21:00:00+01:00,81.94578045177548
2018-01-23 22:00:00+01:00,75.77348680527675
2018-01-23 23:00:00+01:00,69.64065987594697
2018-01-24 00:00:00+01:00,64.67967637124833
2018-01-24 01:00:00+01:00,62.39483544102663
2018-01-24 02:00:00+01:00,60.16188606939141
2018-01-24 03:00:00+01:00,57.60790164015098
2018-01-24 04:00:00+01:00,58.683984365434995
2018-01-24 05:00:00+01:00,59.53476109511707
2018-01-24 06:00:00+01:00,68.06459357475259
2018-01-24 07:00:00+01:00,75.46501945794685
2018-01-24 08:00:00+01:00,81.66747874522562
2018-01-24 09:00:00+01:00,82.03599721522517
2018-01-24 10:00:00+01:00,82.28269720638757
2018-01-24 11:00:00+01:00,80.94507386382963
2018-01-24 12:00:00+01:00,78.52100976670376
2018-01-24 13:00:00+01:00,77.60974973681797
2018-01-24 14:00:00+01:00,78.44282668168385
2018-01-24 15:00:00+01:00,75.63902078272335
2018-01-24 16:00:00+01:00,76.12961321325004
2018-01-24 17:00:00+01:00,79.23099672246023
2018-01-24 18:00:00+01:00,84.62941632959978
2018-01-24 19:00:00+01:00,87.36014879537223
2018-01-24 20:00:00+01:00,85.46499713195519
2018-01-24 21:00:00+01:00,81.83118771355099
2018-01-24 22:00:00+01:00,75.38545323230595
2018-01-24 23:00:00+01:00,71.4294322147019
2018-01-25 00:00:00+01:00,66.40095009783556
2018-01-25 01:00:00+01:00,60.171110506719614
2018-01-25 02:00:00+01:00,57.52935576906628
2018-01-25 03:00:00+01:00,57.31159507385118
2018-01-25 04:00:00+01:00,56.936740559511044
2018-01-25 05:00:00+01:00,58.98246833934743
2018-01-25 06:00:00+01:00,68.34951336942741
2018-01-25 07:00:00+01:00,75.26075898334895
2018-01-25 08:00:00+01:00,81.60518867125691
2018-01-25 09:00:00+01:00,78.14004290696727
2018-01-25 10:00:00+01:00,78.44658261361027
2018-01-25 11:00:00+01:00,78.6450767661647
2018-01-25 12:00:00+01:00,75.85501001957824
2018-01-25 13:00:00+01:00,75.6861617507338
2018-01-25 14:00:00+01:00,72.04884563417194
2018-01-25 15:00:00+01:00,71.11960159709027
2018-01-25 16:00:00+01:00,75.2618201175247
2018-01-25 17:00:00+01:00,75.6822509383814
2018-01-25 18:00:00+01:00,81.16332296771921
2018-01-25 19:00:00+01:00,82.86524331347984
2018-01-25 20:00:00+01:00,83.3277917900289
2018-01-25 21:00:00+01:00,81.08107530986963
2018-01-25 22:00:00+01:00,74.6039786153682
2018-01-25 23:00:00+01:00,69.66065442501126
2018-01-26 00:00:00+01:00,62.59112388326134
2018-01-26 01:00:00+01:00,58.18025559541911
2018-01-26 02:00:00+01:00,51.82409710196458
2018-01-26 03:00:00+01:00,51.07481268622624
2018-01-26 04:00:00+01:00,52.16703857557599
2018-01-26 05:00:00+01:00,51.248658039635146
2018-01-26 06:00:00+01:00,60.48441812432448
2018-01-26 07:00:00+01:00,67.39591034372746
2018-01-26 08:00:00+01:00,74.58515392041292
2018-01-26 09:00:00+01:00,77.20297594388622
2018-01-26 10:00:00+01:00,78.71033240733571
2018-01-26 11:00:00+01:00,72.303270656659
2018-01-26 12:00:00+01:00,77.05714324353083
2018-01-26 13:00:00+01:00,75.43562147400282
2018-01-26 14:00:00+01:00,75.68214634748757
2018-01-26 15:00:00+01:00,73.2904752467247
2018-01-26 16:00:00+01:00,71.28842110423825
2018-01-26 17:00:00+01:00,72.70005859936681
2018-01-26 18:00:00+01:00,79.20212122682968
2018-01-26 19:00:00+01:00,79.92345360127578
2018-01-26 20:00:00+01:00,80.80162166047991
2018-01-26 21:00:00+01:00,79.41273897138366
2018-01-26 22:00:00+01:00,74.31105497829873
2018-01-26 23:00:00+01:00,70.66428653690309
2018-01-27 00:00:00+01:00,60.1048205831214
2018-01-27 01:00:00+01:00,53.365457372797145
2018-01-27 02:00:00+01:00,47.787733670149336
2018-01-27 03:00:00+01:00,46.46559196886632
2018-01-27 04:00:00+01:00,45.09000111242439
2018-01-27 05:00:00+01:00,50.59322577384271
2018-01-27 06:00:00+01:00,51.91882423213321
2018-01-27 07:00:00+01:00,57.08672325765292
2018-01-27 08:00:00+01:00,64.20726215316212
2018-01-27 09:00:00+01:00,67.02750858436131
2018-01-27 10:00:00+01:00,69.82460907681113
2018-01-27 11:00:00+01:00,65.91310791742578
2018-01-27 12:00:00+01:00,66.64876415302233
2018-01-27 13:00:00+01:00,66.5556886724077
2018-01-27 14:00:00+01:00,62.38169136231438
2018-01-27 15:00:00+01:00,63.10962165091042
2018-01-27 16:00:00+01:00,61.86635105391571
2018-01-27 17:00:00+01:00,64.09925076941454
2018-01-27 18:00:00+01:00,69.59472481469354
2018-01-27 19:00:00+01:00,73.79061547796871
2018-01-27 20:00:00+01:00,73.91004969500574
2018-01-27 21:00:00+01:00,73.56869653838395
2018-01-27 22:00:00+01:00,67.05593998675924
2018-01-27 23:00:00+01:00,64.35489071859669
2018-01-28 00:00:00+01:00,55.71615094050047
2018-01-28 01:00:00+01:00,56.59749867501953
2018-01-28 02:00:00+01:00,50.802198271030605
2018-01-28 03:00:00+01:00,51.906403738361206
2018-01-28 04:00:00+01:00,48.56783882701804
2018-01-28 05:00:00+01:00,46.41795385222313
2018-01-28 06:00:00+01:00,47.2572444700048
2018-01-28 07:00:00+01:00,44.655071252483864
2018-01-28 08:00:00+01:00,49.14382503215198
2018-01-28 09:00:00+01:00,55.690400840644976
2018-01-28 10:00:00+01:00,58.57293754918869
2018-01-28 11:00:00+01:00,54.64074032891348
2018-01-28 12:00:00+01:00,51.685579500351366
2018-01-28 13:00:00+01:00,51.32261977599125
2018-01-28 14:00:00+01:00,49.678447663927315
2018-01-28 15:00:00+01:00,49.327973999096926
2018-01-28 16:00:00+01:00,49.654445697542585
2018-01-28 17:00:00+01:00,56.900223037770836
2018-01-28 18:00:00+01:00,61.61271345097323
2018-01-28 19:00:00+01:00,68.30087133122717
2018-01-28 20:00:00+01:00,68.5154797931033
2018-01-28 21:00:00+01:00,66.68112801180035
2018-01-28 22:00:00+01:00,62.54691980418104
2018-01-28 23:00:00+01:00,59.120905845710176
2018-01-29 00:00:00+01:00,59.71000956858751
2018-01-29 01:00:00+01:00,51.63650791475099
2018-01-29 02:00:00+01:00,50.103413471332864
2018-01-29 03:00:00+01:00,50.38805051869239
2018-01-29 04:00:00+01:00,51.74064516103523
2018-01-29 05:00:00+01:00,51.73244288664052
2018-01-29 06:00:00+01:00,55.92271335377817
2018-01-29 07:00:00+01:00,62.160338751267325
2018-01-29 08:00:00+01:00,66.07116389574557
2018-01-29 09:00:00+01:00,68.27890449164707
2018-01-29 10:00:00+01:00,68.99678779060997
2018-01-29 11:00:00+01:00,69.10018810774811
2018-01-29 12:00:00+01:00,68.20126112009349
2018-01-29 13:00:00+01:00,67.13493178967785
2018-01-29 14:00:00+01:00,66.13370370399252
2018-01-29 15:00:00+01:00,65.33547842899375
2018-01-29 16:00:00+01:00,66.82920421941981
2018-01-29 17:00:00+01:00,67.70813622948988
2018-01-29 18:00:00+01:00,73.36312069494302
2018-01-29 19:00:00+01:00,78.16315373842686
2018-01-29 20:00:00+01:00,77.01270415026302
2018-01-29 21:00:00+01:00,75.58917571856767
2018-01-29 22:00:00+01:00,69.31112551465954
2018-01-29 23:00:00+01:00,63.3100790138856
2018-01-30 00:00:00+01:00,60.56774354447706
2018-01-30 01:00:00+01:00,54.57749238033182
2018-01-30 02:00:00+01:00,51.40608165540308
2018-01-30 03:00:00+01:00,54.17030317348333
2018-01-30 04:00:00+01:00,53.238813251978684
2018-01-30 05:00:00+01:00,55.450547671151746
2018-01-30 06:00:00+01:00,63.0171155098568
2018-01-30 07:00:00+01:00,70.30418049046973
2018-01-30 08:00:00+01:00,77.49169305295331
2018-01-30 09:00:00+01:00,79.37365157651983
2018-01-30 10:00:00+01:00,79.03633895321278
2018-01-30 11:00:00+01:00,78.85540232522396
2018-01-30 12:00:00+01:00,76.51930441971709
2018-01-30 13:00:00+01:00,74.45256098487295
2018-01-30 14:00:00+01:00,73.64356081291149
2018-01-30 15:00:00+01:00,72.96178180647814
2018-01-30 16:00:00+01:00,74.92575660414738
2018-01-30 17:00:00+01:00,76.17386921762701
2018-01-30 18:00:00+01:00,82.11938215897216
2018-01-30 19:00:00+01:00,87.59994889301183
2018-01-30 20:00:00+01:00,86.11137651627651
2018-01-30 21:00:00+01:00,83.62548649623001
2018-01-30 22:00:00+01:00,75.72405844871442
2018-01-30 23:00:00+01:00,71.41248369280781
2018-01-31 00:00:00+01:00,65.9587338771719
2018-01-31 01:00:00+01:00,62.42896755084977
2018-01-31 02:00:00+01:00,58.60543191849402
2018-01-31 03:00:00+01:00,57.8053927123441
2018-01-31 04:00:00+01:00,56.16895537685631
2018-01-31 05:00:00+01:00,58.020081300414795
2018-01-31 06:00:00+01:00,65.45403786720667
2018-01-31 07:00:00+01:00,74.60176995506974
2018-01-31 08:00:00+01:00,79.5977132632846
2018-01-31 09:00:00+01:00,80.95168764584825
2018-01-31 10:00:00+01:00,80.90190538963368
2018-01-31 11:00:00+01:00,80.03582248226697
2018-01-31 12:00:00+01:00,79.58635949697208
2018-01-31 13:00:00+01:00,77.47377118726764
2018-01-31 14:00:00+01:00,75.88513167188147
2018-01-31 15:00:00+01:00,74.24010327718315
2018-01-31 16:00:00+01:00,76.8112527779216
2018-01-31 17:00:00+01:00,78.56806898365546
2018-01-31 18:00:00+01:00,86.27100716867662
2018-01-31 19:00:00+01:00,87.44711087272435
2018-01-31 20:00:00+01:00,86.19492253821358
2018-01-31 21:00:00+01:00,82.81386374447968
2018-01-31 22:00:00+01:00,75.47285166580046
2018-01-31 23:00:00+01:00,72.30716318545758
2018-02-01 00:00:00+01:00,62.75328633982593
2018-02-01 01:00:00+01:00,58.27247522640733
2018-02-01 02:00:00+01:00,55.97624361649579
2018-02-01 03:00:00+01:00,55.83394765681298
2018-02-01 04:00:00+01:00,54.67252950290702
2018-02-01 05:00:00+01:00,55.880191805424374
2018-02-01 06:00:00+01:00,63.79462005323362
2018-02-01 07:00:00+01:00,71.38345491242666
2018-02-01 08:00:00+01:00,78.15966031341664
2018-02-01 09:00:00+01:00,78.21191361273338
2018-02-01 10:00:00+01:00,79.84911161028795
2018-02-01 11:00:00+01:00,76.8260852571992
2018-02-01 12:00:00+01:00,77.6899509596064
2018-02-01 13:00:00+01:00,75.01751363125624
2018-02-01 14:00:00+01:00,73.76138051480568
2018-02-01 15:00:00+01:00,69.63684751695304
2018-02-01 16:00:00+01:00,69.53416419157523
2018-02-01 17:00:00+01:00,71.39606627124309
2018-02-01 18:00:00+01:00,77.58487681280009
2018-02-01 19:00:00+01:00,81.46945178693389
2018-02-01 20:00:00+01:00,83.10367898598157
2018-02-01 21:00:00+01:00,81.89289866727506
2018-02-01 22:00:00+01:00,76.84294484508233
2018-02-01 23:00:00+01:00,71.12730644732777
2018-02-02 00:00:00+01:00,55.94440657657087
2018-02-02 01:00:00+01:00,51.9367628778762
2018-02-02 02:00:00+01:00,48.148474455094224
2018-02-02 03:00:00+01:00,47.808068633762474
2018-02-02 04:00:00+01:00,48.94824432184892
2018-02-02 05:00:00+01:00,47.35396753746956
2018-02-02 06:00:00+01:00,53.275512068925714
2018-02-02 07:00:00+01:00,65.39333447263577
2018-02-02 08:00:00+01:00,73.24538954580954
2018-02-02 09:00:00+01:00,72.61314922431383
2018-02-02 10:00:00+01:00,73.97781564533497
2018-02-02 11:00:00+01:00,75.02853012836886
2018-02-02 12:00:00+01:00,66.00809229809269
2018-02-02 13:00:00+01:00,70.21695852130065
2018-02-02 14:00:00+01:00,64.85096442030358
2018-02-02 15:00:00+01:00,62.23295548818594
2018-02-02 16:00:00+01:00,66.07669061673178
2018-02-02 17:00:00+01:00,68.30676350361924
2018-02-02 18:00:00+01:00,72.75316093170694
2018-02-02 19:00:00+01:00,72.61173746024843
2018-02-02 20:00:00+01:00,73.24695691009204
2018-02-02 21:00:00+01:00,71.79787703212192
2018-02-02 22:00:00+01:00,69.61758299947725
2018-02-02 23:00:00+01:00,63.47855447468895
2018-02-03 00:00:00+01:00,56.17083878163092
2018-02-03 01:00:00+01:00,52.53092375305129
2018-02-03 02:00:00+01:00,48.80602223439598
2018-02-03 03:00:00+01:00,48.76806201823557
2018-02-03 04:00:00+01:00,48.07509819877376
2018-02-03 05:00:00+01:00,50.57124162743589
2018-02-03 06:00:00+01:00,51.9678636393023
2018-02-03 07:00:00+01:00,57.73507701460938
2018-02-03 08:00:00+01:00,62.90434337616807
2018-02-03 09:00:00+01:00,64.47922189141501
2018-02-03 10:00:00+01:00,64.62644707755234
2018-02-03 11:00:00+01:00,66.05855367977341
2018-02-03 12:00:00+01:00,64.62755640153608
2018-02-03 13:00:00+01:00,62.850076467008535
2018-02-03 14:00:00+01:00,59.78945551123118
2018-02-03 15:00:00+01:00,60.22926815256868
2018-02-03 16:00:00+01:00,56.38745332179861
2018-02-03 17:00:00+01:00,61.295516909453944
2018-02-03 18:00:00+01:00,64.94279174237482
2018-02-03 19:00:00+01:00,71.12797601212883
2018-02-03 20:00:00+01:00,68.7473608329584
2018-02-03 21:00:00+01:00,68.96058462884903
2018-02-03 22:00:00+01:00,61.518997324569554
2018-02-03 23:00:00+01:00,60.74072687551128
2018-02-04 00:00:00+01:00,52.20678540502078
2018-02-04 01:00:00+01:00,45.95929991836376
2018-02-04 02:00:00+01:00,44.07183815633846
2018-02-04 03:00:00+01:00,43.375202856729345
2018-02-04 04:00:00+01:00,46.84212569117168
2018-02-04 05:00:00+01:00,42.40476664409502
2018-02-04 06:00:00+01:00,46.23713876672532
2018-02-04 07:00:00+01:00,49.36453801746455
2018-02-04 08:00:00+01:00,55.120734909310514
2018-02-04 09:00:00+01:00,61.95144322867268
2018-02-04 10:00:00+01:00,61.33297490322595
2018-02-04 11:00:00+01:00,64.24384263699768
2018-02-04 12:00:00+01:00,61.6462119345053
2018-02-04 13:00:00+01:00,57.13323250722251
2018-02-04 14:00:00+01:00,60.171587121390246
2018-02-04 15:00:00+01:00,60.985726996132925
2018-02-04 16:00:00+01:00,58.01093114358938
2018-02-04 17:00:00+01:00,59.02941886350404
2018-02-04 18:00:00+01:00,65.36849551081463
2018-02-04 19:00:00+01:00,72.39836329995616
2018-02-04 20:00:00+01:00,73.65726250523493
2018-02-04 21:00:00+01:00,67.56954824794393
2018-02-04 22:00:00+01:00,65.92392776517106
2018-02-04 23:00:00+01:00,60.72456170923309
2018-02-05 00:00:00+01:00,55.5459626594365
2018-02-05 01:00:00+01:00,50.427296769665645
2018-02-05 02:00:00+01:00,50.0355830391849
2018-02-05 03:00:00+01:00,47.00970852934699
2018-02-05 04:00:00+01:00,46.39474193163562
2018-02-05 05:00:00+01:00,49.405409968959454
2018-02-05 06:00:00+01:00,55.99239240726297
2018-02-05 07:00:00+01:00,61.55655526979066
2018-02-05 08:00:00+01:00,68.11909735723818
2018-02-05 09:00:00+01:00,70.86896077259229
2018-02-05 10:00:00+01:00,70.77072802211224
2018-02-05 11:00:00+01:00,71.68093389457664
2018-02-05 12:00:00+01:00,72.81782625956313
2018-02-05 13:00:00+01:00,67.13105861445375
2018-02-05 14:00:00+01:00,64.97816935264966
2018-02-05 15:00:00+01:00,66.46654608890617
2018-02-05 16:00:00+01:00,65.83748332097419
2018-02-05 17:00:00+01:00,68.15063970527062
2018-02-05 18:00:00+01:00,71.89923350827581
2018-02-05 19:00:00+01:00,71.65819702713294
2018-02-05 20:00:00+01:00,71.34954965754558
2018-02-05 21:00:00+01:00,69.40793129589396
2018-02-05 22:00:00+01:00,65.80740153519483
2018-02-05 23:00:00+01:00,57.46688361774746
2018-02-06 00:00:00+01:00,53.55446057371057
2018-02-06 01:00:00+01:00,51.41468165028298
2018-02-06 02:00:00+01:00,47.330185369359725
2018-02-06 03:00:00+01:00,48.127515024369586
2018-02-06 04:00:00+01:00,45.41128901308074
2018-02-06 05:00:00+01:00,46.62995311823709
2018-02-06 06:00:00+01:00,56.170243399337615
2018-02-06 07:00:00+01:00,62.10671757358847
2018-02-06 08:00:00+01:00,69.5998861588681
2018-02-06 09:00:00+01:00,70.79175219066964
2018-02-06 10:00:00+01:00,74.50847444811302
2018-02-06 11:00:00+01:00,73.17160237447135
2018-02-06 12:00:00+01:00,69.29164428698238
2018-02-06 13:00:00+01:00,67.22392407111522
2018-02-06 14:00:00+01:00,66.17586455052111
2018-02-06 15:00:00+01:00,65.68033480908761
2018-02-06 16:00:00+01:00,66.70682904788384
2018-02-06 17:00:00+01:00,71.1717807228706
2018-02-06 18:00:00+01:00,75.84998806329148
2018-02-06 19:00:00+01:00,77.31150816519595
2018-02-06 20:00:00+01:00,76.25835822624762
2018-02-06 21:00:00+01:00,72.69943473257892
2018-02-06 22:00:00+01:00,66.26743407784801
2018-02-06 23:00:00+01:00,62.97300087089717
2018-02-07 00:00:00+01:00,60.807265287088946
2018-02-07 01:00:00+01:00,55.173438379403734
2018-02-07 02:00:00+01:00,54.16831718863983
2018-02-07 03:00:00+01:00,53.55806448934601
2018-02-07 04:00:00+01:00,53.41140153970522
2018-02-07 05:00:00+01:00,56.01180417776039
2018-02-07 06:00:00+01:00,63.258952055209356
2018-02-07 07:00:00+01:00,72.23283029101316
2018-02-07 08:00:00+01:00,77.56016713022721
2018-02-07 09:00:00+01:00,78.94442193218559
2018-02-07 10:00:00+01:00,81.43796623161947
2018-02-07 11:00:00+01:00,77.4089131445165
2018-02-07 12:00:00+01:00,75.44181441689416
2018-02-07 13:00:00+01:00,75.2236978251069
2018-02-07 14:00:00+01:00,73.71471991945286
2018-02-07 15:00:00+01:00,70.18909672449252
2018-02-07 16:00:00+01:00,67.52727850071138
2018-02-07 17:00:00+01:00,69.740255252894
2018-02-07 18:00:00+01:00,74.29866515867427
2018-02-07 19:00:00+01:00,79.26579873809953
2018-02-07 20:00:00+01:00,78.48587266492478
2018-02-07 21:00:00+01:00,77.03495723782757
2018-02-07 22:00:00+01:00,71.01632689806928
2018-02-07 23:00:00+01:00,70.42340904735178
2018-02-08 00:00:00+01:00,60.728628114518216
2018-02-08 01:00:00+01:00,57.20345537343774
2018-02-08 02:00:00+01:00,54.53584136352008
2018-02-08 03:00:00+01:00,56.02538344323035
2018-02-08 04:00:00+01:00,55.98828061299266
2018-02-08 05:00:00+01:00,56.69238602536408
2018-02-08 06:00:00+01:00,62.14617709334245
2018-02-08 07:00:00+01:00,67.44922423480087
2018-02-08 08:00:00+01:00,74.16054716396671
2018-02-08 09:00:00+01:00,76.9273533090161
2018-02-08 10:00:00+01:00,80.51718637270733
2018-02-08 11:00:00+01:00,78.02718145264473
2018-02-08 12:00:00+01:00,74.27583130617744
2018-02-08 13:00:00+01:00,73.87593836467191
2018-02-08 14:00:00+01:00,72.98349837527114
2018-02-08 15:00:00+01:00,72.42337209988924
2018-02-08 16:00:00+01:00,73.8200585998462
2018-02-08 17:00:00+01:00,77.98435448512974
2018-02-08 18:00:00+01:00,81.27914623260563
2018-02-08 19:00:00+01:00,82.37140334960495
2018-02-08 20:00:00+01:00,78.85257902526914
2018-02-08 21:00:00+01:00,79.84599079108285
2018-02-08 22:00:00+01:00,75.6681848430658
2018-02-08 23:00:00+01:00,70.09522985422353
2018-02-09 00:00:00+01:00,64.54167966536161
2018-02-09 01:00:00+01:00,59.62990739768928
2018-02-09 02:00:00+01:00,55.39268532521775
2018-02-09 03:00:00+01:00,52.917523986731375
2018-02-09 04:00:00+01:00,53.68099074291446
2018-02-09 05:00:00+01:00,56.00518620477422
2018-02-09 06:00:00+01:00,67.80926525713393
2018-02-09 07:00:00+01:00,71.27253703325103
2018-02-09 08:00:00+01:00,76.71655366611769
2018-02-09 09:00:00+01:00,76.726689270197
2018-02-09 10:00:00+01:00,76.13377137181809
2018-02-09 11:00:00+01:00,75.67621477739489
2018-02-09 12:00:00+01:00,75.78005705187796
2018-02-09 13:00:00+01:00,76.10248647991038
2018-02-09 14:00:00+01:00,74.79463016209915
2018-02-09 15:00:00+01:00,73.50820864366429
2018-02-09 16:00:00+01:00,72.87184430889698
2018-02-09 17:00:00+01:00,74.08719101111063
2018-02-09 18:00:00+01:00,80.05773232855636
2018-02-09 19:00:00+01:00,79.42417684081714
2018-02-09 20:00:00+01:00,77.82230371925219
2018-02-09 21:00:00+01:00,77.91615669065853
2018-02-09 22:00:00+01:00,73.34865579124634
2018-02-09 23:00:00+01:00,69.26439416399646
2018-02-10 00:00:00+01:00,58.99351783382341
2018-02-10 01:00:00+01:00,55.198285264129986
2018-02-10 02:00:00+01:00,52.95270874542248
2018-02-10 03:00:00+01:00,51.67765074276087
2018-02-10 04:00:00+01:00,50.111596782170345
2018-02-10 05:00:00+01:00,51.52523373691966
2018-02-10 06:00:00+01:00,49.530073222870705
2018-02-10 07:00:00+01:00,55.744471231203704
2018-02-10 08:00:00+01:00,60.18957204220285
2018-02-10 09:00:00+01:00,61.450429196413225
2018-02-10 10:00:00+01:00,64.45249493640276
2018-02-10 11:00:00+01:00,61.18392862993381
2018-02-10 12:00:00+01:00,61.29114896508497
2018-02-10 13:00:00+01:00,60.77225299292683
2018-02-10 14:00:00+01:00,58.41864001635527
2018-02-10 15:00:00+01:00,59.02509218815823
2018-02-10 16:00:00+01:00,59.548522478237835
2018-02-10 17:00:00+01:00,61.624091197827774
2018-02-10 18:00:00+01:00,65.17060091832325
2018-02-10 19:00:00+01:00,70.20258715942731
2018-02-10 20:00:00+01:00,72.97885537007176
2018-02-10 21:00:00+01:00,71.50111527459374
2018-02-10 22:00:00+01:00,65.31314710169195
2018-02-10 23:00:00+01:00,62.638377491788404
2018-02-11 00:00:00+01:00,57.570349560916306
2018-02-11 01:00:00+01:00,52.9594762261876
2018-02-11 02:00:00+01:00,50.65505374343465
2018-02-11 03:00:00+01:00,47.44543192751035
2018-02-11 04:00:00+01:00,46.767621701923545
2018-02-11 05:00:00+01:00,46.20186234744264
2018-02-11 06:00:00+01:00,47.72448693873342
2018-02-11 07:00:00+01:00,52.13919029061663
2018-02-11 08:00:00+01:00,57.571207535153725
2018-02-11 09:00:00+01:00,58.80442618627803
2018-02-11 10:00:00+01:00,61.52200966334199
2018-02-11 11:00:00+01:00,59.561218007459864
2018-02-11 12:00:00+01:00,57.99075598175514
2018-02-11 13:00:00+01:00,56.908687606328186
2018-02-11 14:00:00+01:00,53.4152201375377
2018-02-11 15:00:00+01:00,51.13989267145489
2018-02-11 16:00:00+01:00,51.72702839234494
2018-02-11 17:00:00+01:00,52.08910667790129
2018-02-11 18:00:00+01:00,57.146000914167644
2018-02-11 19:00:00+01:00,61.75059217954049
2018-02-11 20:00:00+01:00,68.46494825186431
2018-02-11 21:00:00+01:00,67.49892391364794
2018-02-11 22:00:00+01:00,65.09570442083853
2018-02-11 23:00:00+01:00,62.929684571727655
2018-02-12 00:00:00+01:00,52.848630901954344
2018-02-12 01:00:00+01:00,48.50069567691019
2018-02-12 02:00:00+01:00,48.85014749375227
2018-02-12 03:00:00+01:00,44.650755003912
2018-02-12 04:00:00+01:00,45.67437997399232
2018-02-12 05:00:00+01:00,45.12598013867251
2018-02-12 06:00:00+01:00,56.95782075864131
2018-02-12 07:00:00+01:00,59.15558364976815
2018-02-12 08:00:00+01:00,70.04107775200606
2018-02-12 09:00:00+01:00,70.30668025126963
2018-02-12 10:00:00+01:00,71.17836181128536
2018-02-12 11:00:00+01:00,70.22039775418763
2018-02-12 12:00:00+01:00,69.64519346587933
2018-02-12 13:00:00+01:00,68.42024855214181
2018-02-12 14:00:00+01:00,66.80789748454596
2018-02-12 15:00:00+01:00,67.38681966911359
2018-02-12 16:00:00+01:00,65.48581001384683
2018-02-12 17:00:00+01:00,68.45610640218075
2018-02-12 18:00:00+01:00,74.88798311650272
2018-02-12 19:00:00+01:00,73.20430540482207
2018-02-12 20:00:00+01:00,74.26449216991615
2018-02-12 21:00:00+01:00,77.16885556330949
2018-02-12 22:00:00+01:00,68.51205773549601
2018-02-12 23:00:00+01:00,68.51561360147542
2018-02-13 00:00:00+01:00,57.85684646184473
2018-02-13 01:00:00+01:00,56.84035374123615
2018-02-13 02:00:00+01:00,51.44904955010966
2018-02-13 03:00:00+01:00,46.92354269201375
2018-02-13 04:00:00+01:00,47.46143561122748
2018-02-13 05:00:00+01:00,51.044221243089574
2018-02-13 06:00:00+01:00,55.05740653575246
2018-02-13 07:00:00+01:00,64.24653734186361
2018-02-13 08:00:00+01:00,70.31115846827332
2018-02-13 09:00:00+01:00,71.60936002976214
2018-02-13 10:00:00+01:00,69.70545257236682
2018-02-13 11:00:00+01:00,66.74451828463566
2018-02-13 12:00:00+01:00,64.54588874353674
2018-02-13 13:00:00+01:00,61.566148394597505
2018-02-13 14:00:00+01:00,60.367400886218924
2018-02-13 15:00:00+01:00,59.43198541015624
2018-02-13 16:00:00+01:00,59.88826889469575
2018-02-13 17:00:00+01:00,58.9065778886605
2018-02-13 18:00:00+01:00,66.1491183337235
2018-02-13 19:00:00+01:00,67.4895738210845
2018-02-13 20:00:00+01:00,65.89894592125908
2018-02-13 21:00:00+01:00,64.68821698026672
2018-02-13 22:00:00+01:00,61.14093815113314
2018-02-13 23:00:00+01:00,57.598585236368955
2018-02-14 00:00:00+01:00,53.89323219545596
2018-02-14 01:00:00+01:00,49.04753477420811
2018-02-14 02:00:00+01:00,45.31836707928188
2018-02-14 03:00:00+01:00,42.65722001192282
2018-02-14 04:00:00+01:00,43.626817039952044
2018-02-14 05:00:00+01:00,45.23693113331691
2018-02-14 06:00:00+01:00,53.543496163505324
2018-02-14 07:00:00+01:00,61.314115295960725
2018-02-14 08:00:00+01:00,64.77894698222838
2018-02-14 09:00:00+01:00,68.75730447433791
2018-02-14 10:00:00+01:00,65.406768271133
2018-02-14 11:00:00+01:00,65.13688552814021
2018-02-14 12:00:00+01:00,63.35872413287648
2018-02-14 13:00:00+01:00,61.85240305417377
2018-02-14 14:00:00+01:00,58.96426857224842
2018-02-14 15:00:00+01:00,60.6591640167938
2018-02-14 16:00:00+01:00,61.99672157893908
2018-02-14 17:00:00+01:00,62.83194300109991
2018-02-14 18:00:00+01:00,69.97736434520561
2018-02-14 19:00:00+01:00,73.5508647785636
2018-02-14 20:00:00+01:00,71.7282045704107
2018-02-14 21:00:00+01:00,73.19843045579961
2018-02-14 22:00:00+01:00,65.32472471699569
2018-02-14 23:00:00+01:00,61.586495162560524
2018-02-15 00:00:00+01:00,59.00687273038511
2018-02-15 01:00:00+01:00,51.60921332893913
2018-02-15 02:00:00+01:00,49.627233222244776
2018-02-15 03:00:00+01:00,51.915619485877336
2018-02-15 04:00:00+01:00,51.182729756027285
2018-02-15 05:00:00+01:00,52.375553277801124
2018-02-15 06:00:00+01:00,61.12719386588818
2018-02-15 07:00:00+01:00,64.72793408231439
2018-02-15 08:00:00+01:00,70.9988444215844
2018-02-15 09:00:00+01:00,72.32735230472528
2018-02-15 10:00:00+01:00,71.743859297849
2018-02-15 11:00:00+01:00,70.68824123617493
2018-02-15 12:00:00+01:00,67.69180774088947
2018-02-15 13:00:00+01:00,67.83592639111214
2018-02-15 14:00:00+01:00,66.74815404466008
2018-02-15 15:00:00+01:00,65.60446587270376
2018-02-15 16:00:00+01:00,65.6093090667117
2018-02-15 17:00:00+01:00,67.1878193677892
2018-02-15 18:00:00+01:00,71.63150703630208
2018-02-15 19:00:00+01:00,75.36171274288093
2018-02-15 20:00:00+01:00,75.0883523236862
2018-02-15 21:00:00+01:00,74.29901841374829
2018-02-15 22:00:00+01:00,68.86539677855544
2018-02-15 23:00:00+01:00,64.35977386897972
2018-02-16 00:00:00+01:00,56.70876770562496
2018-02-16 01:00:00+01:00,55.87013725299883
2018-02-16 02:00:00+01:00,53.80915608004804
2018-02-16 03:00:00+01:00,53.17175352723978
2018-02-16 04:00:00+01:00,52.43941132836319
2018-02-16 05:00:00+01:00,54.70954053945001
2018-02-16 06:00:00+01:00,60.77318723784924
2018-02-16 07:00:00+01:00,65.46258437857513
2018-02-16 08:00:00+01:00,73.43887844658272
2018-02-16 09:00:00+01:00,74.31215794288107
2018-02-16 10:00:00+01:00,71.8314053299155
2018-02-16 11:00:00+01:00,71.69121495596586
2018-02-16 12:00:00+01:00,69.63299434476603
2018-02-16 13:00:00+01:00,69.1640371716263
2018-02-16 14:00:00+01:00,68.12928859721404
2018-02-16 15:00:00+01:00,66.30020528572761
2018-02-16 16:00:00+01:00,69.1121274396723
2018-02-16 17:00:00+01:00,71.81601842534693
2018-02-16 18:00:00+01:00,73.9553836425865
2018-02-16 19:00:00+01:00,80.12121077699426
2018-02-16 20:00:00+01:00,77.11161486273821
2018-02-16 21:00:00+01:00,75.41106143168317
2018-02-16 22:00:00+01:00,67.64323160247574
2018-02-16 23:00:00+01:00,65.32831083818076
2018-02-17 00:00:00+01:00,65.41866540259629
2018-02-17 01:00:00+01:00,58.01755760123345
2018-02-17 02:00:00+01:00,55.53720261028101
2018-02-17 03:00:00+01:00,54.27897495035079
2018-02-17 04:00:00+01:00,55.23294189183488
2018-02-17 05:00:00+01:00,55.321347529951346
2018-02-17 06:00:00+01:00,60.721694780973635
2018-02-17 07:00:00+01:00,63.60715458660161
2018-02-17 08:00:00+01:00,63.736499371597894
2018-02-17 09:00:00+01:00,67.61521275419051
2018-02-17 10:00:00+01:00,68.23394585541925
2018-02-17 11:00:00+01:00,65.94071005060097
2018-02-17 12:00:00+01:00,66.15018869938551
2018-02-17 13:00:00+01:00,64.01727062641073
2018-02-17 14:00:00+01:00,63.700277322222966
2018-02-17 15:00:00+01:00,61.53867613223714
2018-02-17 16:00:00+01:00,62.01783462092297
2018-02-17 17:00:00+01:00,65.54527606525625
2018-02-17 18:00:00+01:00,69.14761271960721
2018-02-17 19:00:00+01:00,72.94293559172118
2018-02-17 20:00:00+01:00,72.90295629034445
2018-02-17 21:00:00+01:00,72.80877958185204
2018-02-17 22:00:00+01:00,67.52905310877325
2018-02-17 23:00:00+01:00,63.769035837242214
2018-02-18 00:00:00+01:00,59.99909953505899
2018-02-18 01:00:00+01:00,55.1742322548225
2018-02-18 02:00:00+01:00,52.905486155133396
2018-02-18 03:00:00+01:00,52.10926036891016
2018-02-18 04:00:00+01:00,50.67363239246771
2018-02-18 05:00:00+01:00,51.07296961407034
2018-02-18 06:00:00+01:00,51.558381450810124
2018-02-18 07:00:00+01:00,54.55393447317031
2018-02-18 08:00:00+01:00,56.56742424721631
2018-02-18 09:00:00+01:00,58.211444562711854
2018-02-18 10:00:00+01:00,59.77886867503917
2018-02-18 11:00:00+01:00,58.473327541772356
2018-02-18 12:00:00+01:00,57.45123479960193
2018-02-18 13:00:00+01:00,57.05352521650002
2018-02-18 14:00:00+01:00,56.96241830505673
2018-02-18 15:00:00+01:00,53.058973976224856
2018-02-18 16:00:00+01:00,52.933840347079126
2018-02-18 17:00:00+01:00,54.758641372444814
2018-02-18 18:00:00+01:00,59.01243281420838
2018-02-18 19:00:00+01:00,67.6862719717793
2018-02-18 20:00:00+01:00,68.52628366200436
2018-02-18 21:00:00+01:00,64.8665847862611
2018-02-18 22:00:00+01:00,63.20444368795373
2018-02-18 23:00:00+01:00,60.42919172579877
2018-02-19 00:00:00+01:00,53.408780530826746
2018-02-19 01:00:00+01:00,49.244181652795405
2018-02-19 02:00:00+01:00,46.11740218569755
2018-02-19 03:00:00+01:00,45.82441296055539
2018-02-19 04:00:00+01:00,45.367470046917475
2018-02-19 05:00:00+01:00,47.11078249188532
2018-02-19 06:00:00+01:00,52.08861513362016
2018-02-19 07:00:00+01:00,60.27570330840097
2018-02-19 08:00:00+01:00,64.66120477421582
2018-02-19 09:00:00+01:00,65.64382613429167
2018-02-19 10:00:00+01:00,65.62132643131206
2018-02-19 11:00:00+01:00,65.32328057038794
2018-02-19 12:00:00+01:00,64.49524474614041
2018-02-19 13:00:00+01:00,63.36498633279886
2018-02-19 14:00:00+01:00,62.27887180984491
2018-02-19 15:00:00+01:00,62.03542344598469
2018-02-19 16:00:00+01:00,61.44913564906056
2018-02-19 17:00:00+01:00,61.975372525590316
2018-02-19 18:00:00+01:00,65.13818014298766
2018-02-19 19:00:00+01:00,69.21001612712517
2018-02-19 20:00:00+01:00,67.5935957850843
2018-02-19 21:00:00+01:00,68.553885081655
2018-02-19 22:00:00+01:00,61.00391202516778
2018-02-19 23:00:00+01:00,56.888244602188614
2018-02-20 00:00:00+01:00,51.1894290301845
2018-02-20 01:00:00+01:00,45.752662012701684
2018-02-20 02:00:00+01:00,43.26206964984572
2018-02-20 03:00:00+01:00,42.57713205382354
2018-02-20 04:00:00+01:00,43.19368789344403
2018-02-20 05:00:00+01:00,45.31097665079436
2018-02-20 06:00:00+01:00,48.39641026722337
2018-02-20 07:00:00+01:00,55.08672726385814
2018-02-20 08:00:00+01:00,63.858407904516795
2018-02-20 09:00:00+01:00,62.36939204411349
2018-02-20 10:00:00+01:00,63.960188475765925
2018-02-20 11:00:00+01:00,62.76138905224491
2018-02-20 12:00:00+01:00,61.4233728145386
2018-02-20 13:00:00+01:00,58.89864612014512
2018-02-20 14:00:00+01:00,58.07931855348422
2018-02-20 15:00:00+01:00,56.58799427388547
2018-02-20 16:00:00+01:00,56.754384046263084
2018-02-20 17:00:00+01:00,60.483318205367645
2018-02-20 18:00:00+01:00,64.0299240627128
2018-02-20 19:00:00+01:00,67.77529730125521
2018-02-20 20:00:00+01:00,68.21855963639844
2018-02-20 21:00:00+01:00,67.33748661075222
2018-02-20 22:00:00+01:00,60.58444296217623
2018-02-20 23:00:00+01:00,55.52815717720907
2018-02-21 00:00:00+01:00,50.52018495379747
2018-02-21 01:00:00+01:00,45.2821487774129
2018-02-21 02:00:00+01:00,43.54823896905605
2018-02-21 03:00:00+01:00,39.851661062163906
2018-02-21 04:00:00+01:00,41.1912790778759
2018-02-21 05:00:00+01:00,42.444150351201806
2018-02-21 06:00:00+01:00,48.38124600532152
2018-02-21 07:00:00+01:00,56.9852220389419
2018-02-21 08:00:00+01:00,64.69661426153115
2018-02-21 09:00:00+01:00,57.671400934293594
2018-02-21 10:00:00+01:00,56.62134548911237
2018-02-21 11:00:00+01:00,59.905169985800185
2018-02-21 12:00:00+01:00,57.28388871868914
2018-02-21 13:00:00+01:00,60.77259184527297
2018-02-21 14:00:00+01:00,57.746780486272264
2018-02-21 15:00:00+01:00,58.51112923743592
2018-02-21 16:00:00+01:00,58.00954194884531
2018-02-21 17:00:00+01:00,60.83095655597622
2018-02-21 18:00:00+01:00,65.68447020285045
2018-02-21 19:00:00+01:00,70.27821844216932
2018-02-21 20:00:00+01:00,71.55549495391762
2018-02-21 21:00:00+01:00,68.15863825097075
2018-02-21 22:00:00+01:00,62.69005929595334
2018-02-21 23:00:00+01:00,59.5512265644482
2018-02-22 00:00:00+01:00,52.96158855851331
2018-02-22 01:00:00+01:00,49.20810322919152
2018-02-22 02:00:00+01:00,45.53519766767015
2018-02-22 03:00:00+01:00,46.18644131744699
2018-02-22 04:00:00+01:00,45.877535218983134
2018-02-22 05:00:00+01:00,48.176206863090925
2018-02-22 06:00:00+01:00,56.889442149732815
2018-02-22 07:00:00+01:00,64.04396218824897
2018-02-22 08:00:00+01:00,67.66275176000588
2018-02-22 09:00:00+01:00,68.84040366000498
2018-02-22 10:00:00+01:00,68.7900384119303
2018-02-22 11:00:00+01:00,66.01993573615206
2018-02-22 12:00:00+01:00,63.646651955991295
2018-02-22 13:00:00+01:00,63.59881611176696
2018-02-22 14:00:00+01:00,62.56859775708622
2018-02-22 15:00:00+01:00,60.78356218398841
2018-02-22 16:00:00+01:00,64.01557087207551
2018-02-22 17:00:00+01:00,65.8427327205896
2018-02-22 18:00:00+01:00,69.0452122865483
2018-02-22 19:00:00+01:00,70.95575425719211
2018-02-22 20:00:00+01:00,72.94168706353784
2018-02-22 21:00:00+01:00,73.26071369580221
2018-02-22 22:00:00+01:00,66.94265678004402
2018-02-22 23:00:00+01:00,64.25819184399982
2018-02-23 00:00:00+01:00,55.12724688830876
2018-02-23 01:00:00+01:00,51.29415514528006
2018-02-23 02:00:00+01:00,41.84985642852697
2018-02-23 03:00:00+01:00,48.92086363898378
2018-02-23 04:00:00+01:00,46.56261801794125
2018-02-23 05:00:00+01:00,48.83426145123746
2018-02-23 06:00:00+01:00,55.396420714930954
2018-02-23 07:00:00+01:00,62.89586197693277
2018-02-23 08:00:00+01:00,67.73630897245478
2018-02-23 09:00:00+01:00,69.75332401090637
2018-02-23 10:00:00+01:00,70.0004949791876
2018-02-23 11:00:00+01:00,68.1069345868181
2018-02-23 12:00:00+01:00,65.2721353549453
2018-02-23 13:00:00+01:00,64.12352030668559
2018-02-23 14:00:00+01:00,62.719798154177354
2018-02-23 15:00:00+01:00,60.38889582014112
2018-02-23 16:00:00+01:00,58.52778230341804
2018-02-23 17:00:00+01:00,61.713270951779215
2018-02-23 18:00:00+01:00,65.96849364190545
2018-02-23 19:00:00+01:00,67.638769109666
2018-02-23 20:00:00+01:00,71.59860042178293
2018-02-23 21:00:00+01:00,68.2851076952651
2018-02-23 22:00:00+01:00,62.64373137332929
2018-02-23 23:00:00+01:00,60.29691192573527
2018-02-24 00:00:00+01:00,55.47114690037099
2018-02-24 01:00:00+01:00,51.47072327895565
2018-02-24 02:00:00+01:00,48.630449851184764
2018-02-24 03:00:00+01:00,48.685733404571295
2018-02-24 04:00:00+01:00,49.23708579835792
2018-02-24 05:00:00+01:00,48.21372974341093
2018-02-24 06:00:00+01:00,49.57919536987196
2018-02-24 07:00:00+01:00,51.75710466305588
2018-02-24 08:00:00+01:00,55.66684054175872
2018-02-24 09:00:00+01:00,57.737663849303935
2018-02-24 10:00:00+01:00,59.80129270890327
2018-02-24 11:00:00+01:00,57.10777204293136
2018-02-24 12:00:00+01:00,57.423452152984225
2018-02-24 13:00:00+01:00,54.71562915869441
2018-02-24 14:00:00+01:00,54.68838163392613
2018-02-24 15:00:00+01:00,52.765406157307126
2018-02-24 16:00:00+01:00,49.51580468603517
2018-02-24 17:00:00+01:00,49.08951997518411
2018-02-24 18:00:00+01:00,54.353132632073
2018-02-24 19:00:00+01:00,60.814492187154464
2018-02-24 20:00:00+01:00,66.49825111317566
2018-02-24 21:00:00+01:00,63.70428779736652
2018-02-24 22:00:00+01:00,60.401585111373215
2018-02-24 23:00:00+01:00,59.896810660995264
2018-02-25 00:00:00+01:00,57.222276074187135
2018-02-25 01:00:00+01:00,53.71733513355591
2018-02-25 02:00:00+01:00,53.04383698800489
2018-02-25 03:00:00+01:00,50.648538680628874
2018-02-25 04:00:00+01:00,51.129239852229276
2018-02-25 05:00:00+01:00,49.85101679088448
2018-02-25 06:00:00+01:00,49.713188581820845
2018-02-25 07:00:00+01:00,48.818415095001754
2018-02-25 08:00:00+01:00,52.45958092939036
2018-02-25 09:00:00+01:00,55.57338770862346
2018-02-25 10:00:00+01:00,55.91634485665093
2018-02-25 11:00:00+01:00,55.994655211471745
2018-02-25 12:00:00+01:00,53.31396382453197
2018-02-25 13:00:00+01:00,52.27782622799342
2018-02-25 14:00:00+01:00,51.40667212357369
2018-02-25 15:00:00+01:00,48.09384545659755
2018-02-25 16:00:00+01:00,46.15837878818526
2018-02-25 17:00:00+01:00,46.991360169246605
2018-02-25 18:00:00+01:00,52.6468972021907
2018-02-25 19:00:00+01:00,57.873551317153456
2018-02-25 20:00:00+01:00,66.57093657729148
2018-02-25 21:00:00+01:00,62.966801178520704
2018-02-25 22:00:00+01:00,59.142919633717675
2018-02-25 23:00:00+01:00,58.10918787367095
2018-02-26 00:00:00+01:00,56.1910450535198
2018-02-26 01:00:00+01:00,51.25075921523568
2018-02-26 02:00:00+01:00,51.79888266426776
2018-02-26 03:00:00+01:00,45.275218917595375
2018-02-26 04:00:00+01:00,46.95574697077687
2018-02-26 05:00:00+01:00,45.392339976262015
2018-02-26 06:00:00+01:00,53.98621799657085
2018-02-26 07:00:00+01:00,60.69663001463662
2018-02-26 08:00:00+01:00,66.10865746817758
2018-02-26 09:00:00+01:00,64.6975867318328
2018-02-26 10:00:00+01:00,65.8413399716508
2018-02-26 11:00:00+01:00,63.70312610860447
2018-02-26 12:00:00+01:00,61.11317845377003
2018-02-26 13:00:00+01:00,61.34112831416451
2018-02-26 14:00:00+01:00,60.878640483696614
2018-02-26 15:00:00+01:00,58.58360114829405
2018-02-26 16:00:00+01:00,59.28988459570056
2018-02-26 17:00:00+01:00,60.417251989213476
2018-02-26 18:00:00+01:00,65.21389742944768
2018-02-26 19:00:00+01:00,68.96284694703597
2018-02-26 20:00:00+01:00,69.87190156470308
2018-02-26 21:00:00+01:00,70.5408539352914
2018-02-26 22:00:00+01:00,65.92605448615008
2018-02-26 23:00:00+01:00,61.84437507197486
2018-02-27 00:00:00+01:00,56.03544202515068
2018-02-27 01:00:00+01:00,49.76369437280218
2018-02-27 02:00:00+01:00,44.88684818047791
2018-02-27 03:00:00+01:00,46.080708658918134
2018-02-27 04:00:00+01:00,42.00892535005965
2018-02-27 05:00:00+01:00,41.05641804968256
2018-02-27 06:00:00+01:00,54.437198854777165
2018-02-27 07:00:00+01:00,60.226836638744096
2018-02-27 08:00:00+01:00,63.20108988268145
2018-02-27 09:00:00+01:00,61.828847528967614
2018-02-27 10:00:00+01:00,63.85485004499108
2018-02-27 11:00:00+01:00,62.07457993078029
2018-02-27 12:00:00+01:00,61.65056244253611
2018-02-27 13:00:00+01:00,61.759592681366456
2018-02-27 14:00:00+01:00,61.21836194489556
2018-02-27 15:00:00+01:00,60.701157358394916
2018-02-27 16:00:00+01:00,61.39988681789291
2018-02-27 17:00:00+01:00,63.124989754889064
2018-02-27 18:00:00+01:00,65.06757354330679
2018-02-27 19:00:00+01:00,69.24213181839028
2018-02-27 20:00:00+01:00,69.29387024160421
2018-02-27 21:00:00+01:00,67.05876481082603
2018-02-27 22:00:00+01:00,61.621533756905755
2018-02-27 23:00:00+01:00,58.33922213258815
2018-02-28 00:00:00+01:00,55.323888501283975
2018-02-28 01:00:00+01:00,50.302609330707874
2018-02-28 02:00:00+01:00,48.54764746181314
2018-02-28 03:00:00+01:00,47.35431714053504
2018-02-28 04:00:00+01:00,46.96738439496316
2018-02-28 05:00:00+01:00,47.794308061042976
2018-02-28 06:00:00+01:00,53.99205103478288
2018-02-28 07:00:00+01:00,61.150006388648045
2018-02-28 08:00:00+01:00,64.15307566821761
2018-02-28 09:00:00+01:00,62.256903052290305
2018-02-28 10:00:00+01:00,66.60454800144979
2018-02-28 11:00:00+01:00,63.98349301392947
2018-02-28 12:00:00+01:00,61.616294077400305
2018-02-28 13:00:00+01:00,63.384085344355405
2018-02-28 14:00:00+01:00,63.431919124526374
2018-02-28 15:00:00+01:00,64.26919180984014
2018-02-28 16:00:00+01:00,60.75877944894827
2018-02-28 17:00:00+01:00,64.72557687677987
2018-02-28 18:00:00+01:00,66.04381863254353
2018-02-28 19:00:00+01:00,70.62911945889323
2018-02-28 20:00:00+01:00,70.94891984264966
2018-02-28 21:00:00+01:00,67.40262471582288
2018-02-28 22:00:00+01:00,61.60880655116534
2018-02-28 23:00:00+01:00,57.33299269149233
2018-03-01 00:00:00+01:00,52.40365265129161
2018-03-01 01:00:00+01:00,52.20864883857406
2018-03-01 02:00:00+01:00,43.2297850452593
2018-03-01 03:00:00+01:00,45.397448937309896
2018-03-01 04:00:00+01:00,43.68133987498543
2018-03-01 05:00:00+01:00,43.41640118662319
2018-03-01 06:00:00+01:00,43.920542228895386
2018-03-01 07:00:00+01:00,49.51007029550992
2018-03-01 08:00:00+01:00,55.616492267230186
2018-03-01 09:00:00+01:00,54.31861881334269
2018-03-01 10:00:00+01:00,55.47528734166425
2018-03-01 11:00:00+01:00,58.29065792769331
2018-03-01 12:00:00+01:00,57.296496951962745
2018-03-01 13:00:00+01:00,57.58733257787577
2018-03-01 14:00:00+01:00,55.32798284847351
2018-03-01 15:00:00+01:00,51.95331703212625
2018-03-01 16:00:00+01:00,50.272392835425634
2018-03-01 17:00:00+01:00,53.799206970818254
2018-03-01 18:00:00+01:00,56.33503233888507
2018-03-01 19:00:00+01:00,59.63989013591158
2018-03-01 20:00:00+01:00,59.89265681222823
2018-03-01 21:00:00+01:00,52.33405945969141
2018-03-01 22:00:00+01:00,47.788780778585505
2018-03-01 23:00:00+01:00,45.496682870704284
2018-03-02 00:00:00+01:00,39.54629011996351
2018-03-02 01:00:00+01:00,32.45433161061677
2018-03-02 02:00:00+01:00,32.39974670688508
2018-03-02 03:00:00+01:00,28.22720422371283
2018-03-02 04:00:00+01:00,31.377435707074994
2018-03-02 05:00:00+01:00,32.87433370005464
2018-03-02 06:00:00+01:00,42.62681968386006
2018-03-02 07:00:00+01:00,48.94356587862458
2018-03-02 08:00:00+01:00,55.656016831810774
2018-03-02 09:00:00+01:00,56.56477264843651
2018-03-02 10:00:00+01:00,56.31334138725063
2018-03-02 11:00:00+01:00,53.66569882171507
2018-03-02 12:00:00+01:00,53.34892694306769
2018-03-02 13:00:00+01:00,52.65207988890276
2018-03-02 14:00:00+01:00,51.484178282552875
2018-03-02 15:00:00+01:00,50.32661031204773
2018-03-02 16:00:00+01:00,51.2392967704846
2018-03-02 17:00:00+01:00,51.23598534124519
2018-03-02 18:00:00+01:00,55.582096747100024
2018-03-02 19:00:00+01:00,58.68175903843959
2018-03-02 20:00:00+01:00,58.41683665016926
2018-03-02 21:00:00+01:00,56.69184066912927
2018-03-02 22:00:00+01:00,48.99713588936007
2018-03-02 23:00:00+01:00,44.76336700228362
2018-03-03 00:00:00+01:00,38.84921852532312
2018-03-03 01:00:00+01:00,32.27236284781791
2018-03-03 02:00:00+01:00,34.13374824439903
2018-03-03 03:00:00+01:00,34.88908345080873
2018-03-03 04:00:00+01:00,29.507967998990708
2018-03-03 05:00:00+01:00,31.412306367071587
2018-03-03 06:00:00+01:00,32.24835502029126
2018-03-03 07:00:00+01:00,35.16534885435938
2018-03-03 08:00:00+01:00,39.70887392332761
2018-03-03 09:00:00+01:00,41.71152839636563
2018-03-03 10:00:00+01:00,46.67843216969901
2018-03-03 11:00:00+01:00,44.424840191052816
2018-03-03 12:00:00+01:00,41.918798673207334
2018-03-03 13:00:00+01:00,42.4935146889976
2018-03-03 14:00:00+01:00,39.22466025281179
2018-03-03 15:00:00+01:00,39.029863621032135
2018-03-03 16:00:00+01:00,38.050856407614106
2018-03-03 17:00:00+01:00,43.12135622996474
2018-03-03 18:00:00+01:00,49.40897707016495
2018-03-03 19:00:00+01:00,53.0014070254173
2018-03-03 20:00:00+01:00,61.59626309073432
2018-03-03 21:00:00+01:00,56.12988413625158
2018-03-03 22:00:00+01:00,49.22089580462525
2018-03-03 23:00:00+01:00,48.158581311874606
2018-03-04 00:00:00+01:00,43.967092807925695
2018-03-04 01:00:00+01:00,34.529314654653014
2018-03-04 02:00:00+01:00,35.58873186953923
2018-03-04 03:00:00+01:00,32.96520717744027
2018-03-04 04:00:00+01:00,34.13728592512393
2018-03-04 05:00:00+01:00,34.560060818739935
2018-03-04 06:00:00+01:00,35.13723170799813
2018-03-04 07:00:00+01:00,34.734861213098036
2018-03-04 08:00:00+01:00,44.52788624387208
2018-03-04 09:00:00+01:00,45.728576485758346
2018-03-04 10:00:00+01:00,48.985715746004914
2018-03-04 11:00:00+01:00,46.26185256805774
2018-03-04 12:00:00+01:00,41.92707758098337
2018-03-04 13:00:00+01:00,44.17264459387167
2018-03-04 14:00:00+01:00,39.45578628227145
2018-03-04 15:00:00+01:00,40.68837013428385
2018-03-04 16:00:00+01:00,39.946095061149165
2018-03-04 17:00:00+01:00,43.448657268831404
2018-03-04 18:00:00+01:00,46.40808960106973
2018-03-04 19:00:00+01:00,48.925677915664416
2018-03-04 20:00:00+01:00,55.94486874134531
2018-03-04 21:00:00+01:00,54.328232099464984
2018-03-04 22:00:00+01:00,52.00105612971987
2018-03-04 23:00:00+01:00,48.7887839648307
2018-03-05 00:00:00+01:00,42.72764003816473
2018-03-05 01:00:00+01:00,39.32742681405017
2018-03-05 02:00:00+01:00,31.524678613697198
2018-03-05 03:00:00+01:00,30.44378925365113
2018-03-05 04:00:00+01:00,31.27592411736832
2018-03-05 05:00:00+01:00,32.76265248098173
2018-03-05 06:00:00+01:00,41.53979098815227
2018-03-05 07:00:00+01:00,43.314322200488434
2018-03-05 08:00:00+01:00,47.119805403455686
2018-03-05 09:00:00+01:00,48.34254970233171
2018-03-05 10:00:00+01:00,50.33640337000478
2018-03-05 11:00:00+01:00,46.90236446845683
2018-03-05 12:00:00+01:00,45.115198646027494
2018-03-05 13:00:00+01:00,46.69766949244948
2018-03-05 14:00:00+01:00,45.98572228929189
2018-03-05 15:00:00+01:00,40.58899705649636
2018-03-05 16:00:00+01:00,40.486123736301174
2018-03-05 17:00:00+01:00,43.837849438035725
2018-03-05 18:00:00+01:00,47.655140518042224
2018-03-05 19:00:00+01:00,50.281089939697885
2018-03-05 20:00:00+01:00,51.530038396468335
2018-03-05 21:00:00+01:00,53.94397250098933
2018-03-05 22:00:00+01:00,48.92047682144246
2018-03-05 23:00:00+01:00,43.38116256045164
2018-03-06 00:00:00+01:00,39.42721834056189
2018-03-06 01:00:00+01:00,37.74570420542429
2018-03-06 02:00:00+01:00,35.439067119589325
2018-03-06 03:00:00+01:00,32.91711462251282
2018-03-06 04:00:00+01:00,31.50627004867367
2018-03-06 05:00:00+01:00,33.20468925891633
2018-03-06 06:00:00+01:00,37.12524788599057
2018-03-06 07:00:00+01:00,47.259843301059284
2018-03-06 08:00:00+01:00,46.95567667253873
2018-03-06 09:00:00+01:00,50.72996165096681
2018-03-06 10:00:00+01:00,54.448249995644815
2018-03-06 11:00:00+01:00,52.60190610144105
2018-03-06 12:00:00+01:00,46.968473542450965
2018-03-06 13:00:00+01:00,47.77562825282044
2018-03-06 14:00:00+01:00,44.780459519406584
2018-03-06 15:00:00+01:00,42.45706153417195
2018-03-06 16:00:00+01:00,43.8332849305729
2018-03-06 17:00:00+01:00,46.328821795858154
2018-03-06 18:00:00+01:00,50.56275706773739
2018-03-06 19:00:00+01:00,52.505248251645384
2018-03-06 20:00:00+01:00,57.90085072972037
2018-03-06 21:00:00+01:00,59.788280563491284
2018-03-06 22:00:00+01:00,51.06823228015265
2018-03-06 23:00:00+01:00,43.74831935131077
2018-03-07 00:00:00+01:00,40.625251746913406
2018-03-07 01:00:00+01:00,41.40968090643958
2018-03-07 02:00:00+01:00,37.45431408573276
2018-03-07 03:00:00+01:00,36.765663414086596
2018-03-07 04:00:00+01:00,34.153354941860066
2018-03-07 05:00:00+01:00,36.57355291513336
2018-03-07 06:00:00+01:00,42.06694184730573
2018-03-07 07:00:00+01:00,50.90649639755728
2018-03-07 08:00:00+01:00,51.22199214398288
2018-03-07 09:00:00+01:00,54.07426057997219
2018-03-07 10:00:00+01:00,54.97046901138867
2018-03-07 11:00:00+01:00,53.77754222281422
2018-03-07 12:00:00+01:00,51.497395988724044
2018-03-07 13:00:00+01:00,53.19954751224554
2018-03-07 14:00:00+01:00,49.13340270733168
2018-03-07 15:00:00+01:00,48.412156168884565
2018-03-07 16:00:00+01:00,48.43560763130956
2018-03-07 17:00:00+01:00,49.41129290788498
2018-03-07 18:00:00+01:00,53.01568304327072
2018-03-07 19:00:00+01:00,58.68359264624755
2018-03-07 20:00:00+01:00,60.999708653241285
2018-03-07 21:00:00+01:00,60.731435213059676
2018-03-07 22:00:00+01:00,55.613690032283145
2018-03-07 23:00:00+01:00,51.55996813894838
2018-03-08 00:00:00+01:00,49.53410170135351
2018-03-08 01:00:00+01:00,47.15423973502431
2018-03-08 02:00:00+01:00,43.48364965170723
2018-03-08 03:00:00+01:00,39.417350476444994
2018-03-08 04:00:00+01:00,44.18197076157701
2018-03-08 05:00:00+01:00,42.16383172273804
2018-03-08 06:00:00+01:00,49.90128108615131
2018-03-08 07:00:00+01:00,53.016911527033585
2018-03-08 08:00:00+01:00,55.48786410401049
2018-03-08 09:00:00+01:00,57.23800313372501
2018-03-08 10:00:00+01:00,58.65481504124754
2018-03-08 11:00:00+01:00,58.7311939795199
2018-03-08 12:00:00+01:00,58.29349231540406
2018-03-08 13:00:00+01:00,56.546699372408455
2018-03-08 14:00:00+01:00,52.83188839158568
2018-03-08 15:00:00+01:00,50.85196416859895
2018-03-08 16:00:00+01:00,50.588977610104
2018-03-08 17:00:00+01:00,50.79391601939512
2018-03-08 18:00:00+01:00,54.73457221783105
2018-03-08 19:00:00+01:00,58.90073744588787
2018-03-08 20:00:00+01:00,59.531692957733426
2018-03-08 21:00:00+01:00,58.235349757592864
2018-03-08 22:00:00+01:00,53.575116968754756
2018-03-08 23:00:00+01:00,50.45819207960461
2018-03-09 00:00:00+01:00,51.61490519469059
2018-03-09 01:00:00+01:00,46.27551093694689
2018-03-09 02:00:00+01:00,42.82109086090032
2018-03-09 03:00:00+01:00,45.19620364502389
2018-03-09 04:00:00+01:00,43.624150797770874
2018-03-09 05:00:00+01:00,45.022302659637845
2018-03-09 06:00:00+01:00,51.39660686774124
2018-03-09 07:00:00+01:00,50.89922167977379
2018-03-09 08:00:00+01:00,53.43170977265586
2018-03-09 09:00:00+01:00,55.789311225838254
2018-03-09 10:00:00+01:00,54.64022968476377
2018-03-09 11:00:00+01:00,52.75359019512091
2018-03-09 12:00:00+01:00,51.179125795453565
2018-03-09 13:00:00+01:00,49.82615469356481
2018-03-09 14:00:00+01:00,52.54766434582614
2018-03-09 15:00:00+01:00,49.09098595456395
2018-03-09 16:00:00+01:00,52.04819737090941
2018-03-09 17:00:00+01:00,51.31067655345942
2018-03-09 18:00:00+01:00,56.519889513463056
2018-03-09 19:00:00+01:00,57.27820738427299
2018-03-09 20:00:00+01:00,58.04813652989522
2018-03-09 21:00:00+01:00,52.937868435987404
2018-03-09 22:00:00+01:00,49.6523499141683
2018-03-09 23:00:00+01:00,44.72238165188981
2018-03-10 00:00:00+01:00,43.065647310936
2018-03-10 01:00:00+01:00,35.81300232224592
2018-03-10 02:00:00+01:00,36.33218564218893
2018-03-10 03:00:00+01:00,34.490057606711936
2018-03-10 04:00:00+01:00,34.20924571169539
2018-03-10 05:00:00+01:00,35.240216992325
2018-03-10 06:00:00+01:00,36.13543953745136
2018-03-10 07:00:00+01:00,36.6133681488962
2018-03-10 08:00:00+01:00,44.824700982258115
2018-03-10 09:00:00+01:00,45.97033649308025
2018-03-10 10:00:00+01:00,45.40809396540248
2018-03-10 11:00:00+01:00,50.92708550784508
2018-03-10 12:00:00+01:00,50.26949081554967
2018-03-10 13:00:00+01:00,49.10951053683778
2018-03-10 14:00:00+01:00,46.859419240341275
2018-03-10 15:00:00+01:00,43.957092508831174
2018-03-10 16:00:00+01:00,46.38907016962327
2018-03-10 17:00:00+01:00,45.75940401898845
2018-03-10 18:00:00+01:00,49.614952553846514
2018-03-10 19:00:00+01:00,48.78362128407191
2018-03-10 20:00:00+01:00,56.33211533886958
2018-03-10 21:00:00+01:00,52.419333195294556
2018-03-10 22:00:00+01:00,49.84107808814631
2018-03-10 23:00:00+01:00,43.17230600835876
2018-03-11 00:00:00+01:00,41.38670320462868
2018-03-11 01:00:00+01:00,32.65484692691265
2018-03-11 02:00:00+01:00,31.903883784789144
2018-03-11 03:00:00+01:00,32.00408011985704
2018-03-11 04:00:00+01:00,28.693674277097042
2018-03-11 05:00:00+01:00,31.754228325077698
2018-03-11 06:00:00+01:00,31.242187480853154
2018-03-11 07:00:00+01:00,33.91775178713187
2018-03-11 08:00:00+01:00,35.6687518065259
2018-03-11 09:00:00+01:00,37.988984212197074
2018-03-11 10:00:00+01:00,38.14368948737185
2018-03-11 11:00:00+01:00,37.35612694220171
2018-03-11 12:00:00+01:00,38.23032993632563
2018-03-11 13:00:00+01:00,37.05588153092462
2018-03-11 14:00:00+01:00,35.74293662293585
2018-03-11 15:00:00+01:00,32.76155761876951
2018-03-11 16:00:00+01:00,32.89070807108293
2018-03-11 17:00:00+01:00,34.729172514639394
2018-03-11 18:00:00+01:00,40.3177450504949
2018-03-11 19:00:00+01:00,42.30756745466517
2018-03-11 20:00:00+01:00,49.20081426349586
2018-03-11 21:00:00+01:00,49.10369549528321
2018-03-11 22:00:00+01:00,48.379014661752834
2018-03-11 23:00:00+01:00,44.28782007558313
2018-03-12 00:00:00+01:00,37.28952789754234
2018-03-12 01:00:00+01:00,32.144664868274624
2018-03-12 02:00:00+01:00,32.3065948462827
2018-03-12 03:00:00+01:00,31.861099688279655
2018-03-12 04:00:00+01:00,30.724152121115416
2018-03-12 05:00:00+01:00,31.42690173322494
2018-03-12 06:00:00+01:00,38.75846715956613
2018-03-12 07:00:00+01:00,46.214439303745976
2018-03-12 08:00:00+01:00,48.24827290674072
2018-03-12 09:00:00+01:00,48.76256589704872
2018-03-12 10:00:00+01:00,49.65407536435618
2018-03-12 11:00:00+01:00,48.841233743527916
2018-03-12 12:00:00+01:00,49.99004960337905
2018-03-12 13:00:00+01:00,49.35743870707981
2018-03-12 14:00:00+01:00,48.427399369791196
2018-03-12 15:00:00+01:00,47.21190101429427
2018-03-12 16:00:00+01:00,47.65865073072292
2018-03-12 17:00:00+01:00,49.409786378408455
2018-03-12 18:00:00+01:00,54.00362615986407
2018-03-12 19:00:00+01:00,54.05095513883444
2018-03-12 20:00:00+01:00,58.67885255125643
2018-03-12 21:00:00+01:00,57.92035840138234
2018-03-12 22:00:00+01:00,53.91825245819901
2018-03-12 23:00:00+01:00,48.892072744394746
2018-03-13 00:00:00+01:00,45.751210307589844
2018-03-13 01:00:00+01:00,41.30078968649463
2018-03-13 02:00:00+01:00,43.65414712063401
2018-03-13 03:00:00+01:00,43.41809199598804
2018-03-13 04:00:00+01:00,40.77761988797814
2018-03-13 05:00:00+01:00,44.31891945275443
2018-03-13 06:00:00+01:00,50.982979885108435
2018-03-13 07:00:00+01:00,54.042910968332976
2018-03-13 08:00:00+01:00,54.93068899458004
2018-03-13 09:00:00+01:00,58.84700236447197
2018-03-13 10:00:00+01:00,59.55395991351993
2018-03-13 11:00:00+01:00,56.90277685414951
2018-03-13 12:00:00+01:00,56.61859613192402
2018-03-13 13:00:00+01:00,50.88691073272458
2018-03-13 14:00:00+01:00,50.352427207056664
2018-03-13 15:00:00+01:00,49.5286990856953
2018-03-13 16:00:00+01:00,48.59054274620491
2018-03-13 17:00:00+01:00,49.73497477194249
2018-03-13 18:00:00+01:00,55.798722613980935
2018-03-13 19:00:00+01:00,57.001204226379215
2018-03-13 20:00:00+01:00,61.16319495316374
2018-03-13 21:00:00+01:00,60.985834931598184
2018-03-13 22:00:00+01:00,54.6661939816684
2018-03-13 23:00:00+01:00,52.30556134421865
2018-03-14 00:00:00+01:00,49.88927859277234
2018-03-14 01:00:00+01:00,45.156651100225794
2018-03-14 02:00:00+01:00,44.25341151762848
2018-03-14 03:00:00+01:00,40.11392541022525
2018-03-14 04:00:00+01:00,40.086796180523564
2018-03-14 05:00:00+01:00,39.430423484742214
2018-03-14 06:00:00+01:00,44.27907464507091
2018-03-14 07:00:00+01:00,50.40498116067721
2018-03-14 08:00:00+01:00,51.753846956205706
2018-03-14 09:00:00+01:00,48.68855385459884
2018-03-14 10:00:00+01:00,51.78611926166686
2018-03-14 11:00:00+01:00,50.14535341447638
2018-03-14 12:00:00+01:00,48.64225391813222
2018-03-14 13:00:00+01:00,47.13332257042647
2018-03-14 14:00:00+01:00,47.431941906363356
2018-03-14 15:00:00+01:00,43.57672041545356
2018-03-14 16:00:00+01:00,44.846098177836346
2018-03-14 17:00:00+01:00,45.84409320445412
2018-03-14 18:00:00+01:00,52.164937390303
2018-03-14 19:00:00+01:00,54.56961594463621
2018-03-14 20:00:00+01:00,55.46547016860354
2018-03-14 21:00:00+01:00,50.54417239739051
2018-03-14 22:00:00+01:00,47.84341679316384
2018-03-14 23:00:00+01:00,41.520079011985914
2018-03-15 00:00:00+01:00,37.225773036226286
2018-03-15 01:00:00+01:00,36.02363899711208
2018-03-15 02:00:00+01:00,38.278211015254655
2018-03-15 03:00:00+01:00,30.474944101075035
2018-03-15 04:00:00+01:00,32.285785090605074
2018-03-15 05:00:00+01:00,29.483465631173097
2018-03-15 06:00:00+01:00,39.53663756019949
2018-03-15 07:00:00+01:00,44.45854295596356
2018-03-15 08:00:00+01:00,48.69169451370585
2018-03-15 09:00:00+01:00,46.703698970868615
2018-03-15 10:00:00+01:00,47.425294799343746
2018-03-15 11:00:00+01:00,47.51641294706394
2018-03-15 12:00:00+01:00,46.53554604659252
2018-03-15 13:00:00+01:00,44.599319051509944
2018-03-15 14:00:00+01:00,45.59745335015182
2018-03-15 15:00:00+01:00,42.779359207689645
2018-03-15 16:00:00+01:00,43.89864285338872
2018-03-15 17:00:00+01:00,47.510005303841496
2018-03-15 18:00:00+01:00,48.63005065829457
2018-03-15 19:00:00+01:00,50.659381973539844
2018-03-15 20:00:00+01:00,53.27082845223692
2018-03-15 21:00:00+01:00,50.20280164302221
2018-03-15 22:00:00+01:00,47.27647840634843
2018-03-15 23:00:00+01:00,43.84600624470605
2018-03-16 00:00:00+01:00,41.78032667154501
2018-03-16 01:00:00+01:00,38.615714312347556
2018-03-16 02:00:00+01:00,39.28746433518948
2018-03-16 03:00:00+01:00,38.25872439442324
2018-03-16 04:00:00+01:00,37.19997772602122
2018-03-16 05:00:00+01:00,38.78116508291526
2018-03-16 06:00:00+01:00,42.214451473662926
2018-03-16 07:00:00+01:00,49.21465319668432
2018-03-16 08:00:00+01:00,54.767593468140646
2018-03-16 09:00:00+01:00,55.160340585328086
2018-03-16 10:00:00+01:00,52.76276915051443
2018-03-16 11:00:00+01:00,52.70459354208158
2018-03-16 12:00:00+01:00,51.60959849772023
2018-03-16 13:00:00+01:00,51.414898892730996
2018-03-16 14:00:00+01:00,52.1504268792279
2018-03-16 15:00:00+01:00,47.81960812113617
2018-03-16 16:00:00+01:00,48.15878207926396
2018-03-16 17:00:00+01:00,46.84307304040967
2018-03-16 18:00:00+01:00,49.90392566904482
2018-03-16 19:00:00+01:00,53.250200984400884
2018-03-16 20:00:00+01:00,55.39540403916407
2018-03-16 21:00:00+01:00,53.92445270965045
2018-03-16 22:00:00+01:00,49.02257142134825
2018-03-16 23:00:00+01:00,44.69101839166107
2018-03-17 00:00:00+01:00,40.88966596504996
2018-03-17 01:00:00+01:00,36.57109367841737
2018-03-17 02:00:00+01:00,30.385238837034496
2018-03-17 03:00:00+01:00,30.620192072037874
2018-03-17 04:00:00+01:00,33.91914419741093
2018-03-17 05:00:00+01:00,32.443541543000755
2018-03-17 06:00:00+01:00,38.95812949684588
2018-03-17 07:00:00+01:00,40.964372135627016
2018-03-17 08:00:00+01:00,44.211926365404565
2018-03-17 09:00:00+01:00,47.80450552110311
2018-03-17 10:00:00+01:00,43.556137858630144
2018-03-17 11:00:00+01:00,42.83880366223646
2018-03-17 12:00:00+01:00,43.00745347019904
2018-03-17 13:00:00+01:00,41.85007209177636
2018-03-17 14:00:00+01:00,41.728487184741475
2018-03-17 15:00:00+01:00,40.457576274499644
2018-03-17 16:00:00+01:00,38.71296620824652
2018-03-17 17:00:00+01:00,42.934534567539345
2018-03-17 18:00:00+01:00,44.56638368579561
2018-03-17 19:00:00+01:00,45.21575971594817
2018-03-17 20:00:00+01:00,48.000013324352025
2018-03-17 21:00:00+01:00,46.85304166300062
2018-03-17 22:00:00+01:00,41.33531890844009
2018-03-17 23:00:00+01:00,43.251311818673635
2018-03-18 00:00:00+01:00,41.819350268054805
2018-03-18 01:00:00+01:00,36.04087944134161
2018-03-18 02:00:00+01:00,33.70723935094668
2018-03-18 03:00:00+01:00,32.52071304787066
2018-03-18 04:00:00+01:00,31.081381039632085
2018-03-18 05:00:00+01:00,34.22954272379013
2018-03-18 06:00:00+01:00,34.481688143789704
2018-03-18 07:00:00+01:00,34.833415049754905
2018-03-18 08:00:00+01:00,41.167500841866605
2018-03-18 09:00:00+01:00,41.21170136819576
2018-03-18 10:00:00+01:00,41.71214639705378
2018-03-18 11:00:00+01:00,38.50131164600303
2018-03-18 12:00:00+01:00,34.543935455264005
2018-03-18 13:00:00+01:00,38.57628373265437
2018-03-18 14:00:00+01:00,36.1260824647283
2018-03-18 15:00:00+01:00,33.91063694029263
2018-03-18 16:00:00+01:00,35.61058766240684
2018-03-18 17:00:00+01:00,32.7242710156108
2018-03-18 18:00:00+01:00,40.175955930648655
2018-03-18 19:00:00+01:00,45.37501242072331
2018-03-18 20:00:00+01:00,51.63272055919576
2018-03-18 21:00:00+01:00,49.81737420961654
2018-03-18 22:00:00+01:00,48.05603680113318
2018-03-18 23:00:00+01:00,46.62005151167531
2018-03-19 00:00:00+01:00,46.25192153917851
2018-03-19 01:00:00+01:00,41.2469179232637
2018-03-19 02:00:00+01:00,40.30930404274139
2018-03-19 03:00:00+01:00,38.98487816781831
2018-03-19 04:00:00+01:00,36.15383221082358
2018-03-19 05:00:00+01:00,39.3797903147932
2018-03-19 06:00:00+01:00,44.789802561220455
2018-03-19 07:00:00+01:00,47.97802516376019
2018-03-19 08:00:00+01:00,51.13822744689185
2018-03-19 09:00:00+01:00,52.52594292951255
2018-03-19 10:00:00+01:00,52.126698444036364
2018-03-19 11:00:00+01:00,47.98232316911602
2018-03-19 12:00:00+01:00,46.446908810695994
2018-03-19 13:00:00+01:00,47.5165054732487
2018-03-19 14:00:00+01:00,45.97702448502107
2018-03-19 15:00:00+01:00,45.75383435893131
2018-03-19 16:00:00+01:00,46.72308347780129
2018-03-19 17:00:00+01:00,47.19548990712771
2018-03-19 18:00:00+01:00,50.70882279215864
2018-03-19 19:00:00+01:00,56.8825660929057
2018-03-19 20:00:00+01:00,56.35579037954568
2018-03-19 21:00:00+01:00,53.558294406032
2018-03-19 22:00:00+01:00,48.28626622225333
2018-03-19 23:00:00+01:00,43.48197252572761
2018-03-20 00:00:00+01:00,37.8809448228222
2018-03-20 01:00:00+01:00,34.967895741659206
2018-03-20 02:00:00+01:00,35.77998885977124
2018-03-20 03:00:00+01:00,37.85629835783362
2018-03-20 04:00:00+01:00,37.21275665548661
2018-03-20 05:00:00+01:00,37.804445677690026
2018-03-20 06:00:00+01:00,41.480051221450445
2018-03-20 07:00:00+01:00,47.59113738880894
2018-03-20 08:00:00+01:00,51.56263810513649
2018-03-20 09:00:00+01:00,53.16216928964229
2018-03-20 10:00:00+01:00,52.66339271367103
2018-03-20 11:00:00+01:00,50.54754835537302
2018-03-20 12:00:00+01:00,49.64139148598393
2018-03-20 13:00:00+01:00,47.836869919665965
2018-03-20 14:00:00+01:00,47.39264546093515
2018-03-20 15:00:00+01:00,44.78960110937051
2018-03-20 16:00:00+01:00,44.3882164683821
2018-03-20 17:00:00+01:00,46.351318765963406
2018-03-20 18:00:00+01:00,49.35821709762985
2018-03-20 19:00:00+01:00,53.78089130505777
2018-03-20 20:00:00+01:00,57.82741088655719
2018-03-20 21:00:00+01:00,55.40915228619258
2018-03-20 22:00:00+01:00,50.99969031458828
2018-03-20 23:00:00+01:00,45.43521366262865
2018-03-21 00:00:00+01:00,45.913726869124254
2018-03-21 01:00:00+01:00,40.105071375873166
2018-03-21 02:00:00+01:00,37.75833374793534
2018-03-21 03:00:00+01:00,37.44637811017558
2018-03-21 04:00:00+01:00,37.96290178089809
2018-03-21 05:00:00+01:00,37.08570949702245
2018-03-21 06:00:00+01:00,43.877426743817935
2018-03-21 07:00:00+01:00,50.15397546283474
2018-03-21 08:00:00+01:00,57.27765676406974
2018-03-21 09:00:00+01:00,58.74961368443019
2018-03-21 10:00:00+01:00,56.040621666374385
2018-03-21 11:00:00+01:00,54.37199535355825
2018-03-21 12:00:00+01:00,54.24642800702123
2018-03-21 13:00:00+01:00,53.753361110649934
2018-03-21 14:00:00+01:00,50.262544041723096
2018-03-21 15:00:00+01:00,48.12510458169445
2018-03-21 16:00:00+01:00,49.14967521677831
2018-03-21 17:00:00+01:00,49.07756951581582
2018-03-21 18:00:00+01:00,55.62391454057369
2018-03-21 19:00:00+01:00,59.710689918254424
2018-03-21 20:00:00+01:00,60.146140074664395
2018-03-21 21:00:00+01:00,56.93866783623191
2018-03-21 22:00:00+01:00,53.99049473087197
2018-03-21 23:00:00+01:00,48.84763998429189
2018-03-22 00:00:00+01:00,47.18805665939433
2018-03-22 01:00:00+01:00,41.32138242143293
2018-03-22 02:00:00+01:00,38.503160123283315
2018-03-22 03:00:00+01:00,36.98155551843316
2018-03-22 04:00:00+01:00,37.60705731822592
2018-03-22 05:00:00+01:00,42.89743966174875
2018-03-22 06:00:00+01:00,50.940304374086544
2018-03-22 07:00:00+01:00,52.70172430813413
2018-03-22 08:00:00+01:00,56.16044518357538
2018-03-22 09:00:00+01:00,57.195241348070404
2018-03-22 10:00:00+01:00,56.12538654399104
2018-03-22 11:00:00+01:00,55.90099594019787
2018-03-22 12:00:00+01:00,55.2408297226054
2018-03-22 13:00:00+01:00,52.962676986781894
2018-03-22 14:00:00+01:00,53.13304293254307
2018-03-22 15:00:00+01:00,51.12280019962609
2018-03-22 16:00:00+01:00,50.47950845884141
2018-03-22 17:00:00+01:00,49.80797620136921
2018-03-22 18:00:00+01:00,56.44646842071235
2018-03-22 19:00:00+01:00,56.62232798391228
2018-03-22 20:00:00+01:00,61.47696051000034
2018-03-22 21:00:00+01:00,60.3000409612369
2018-03-22 22:00:00+01:00,55.4104539709726
2018-03-22 23:00:00+01:00,53.465591443090794
2018-03-23 00:00:00+01:00,51.89857555597351
2018-03-23 01:00:00+01:00,45.34774670878321
2018-03-23 02:00:00+01:00,43.76524619774237
2018-03-23 03:00:00+01:00,41.706834005276015
2018-03-23 04:00:00+01:00,41.62024609292494
2018-03-23 05:00:00+01:00,44.59697615509413
2018-03-23 06:00:00+01:00,48.850785330942536
2018-03-23 07:00:00+01:00,53.29934479999422
2018-03-23 08:00:00+01:00,56.38478957790997
2018-03-23 09:00:00+01:00,57.24738423610224
2018-03-23 10:00:00+01:00,54.330553833924384
2018-03-23 11:00:00+01:00,52.10198797880476
2018-03-23 12:00:00+01:00,51.64471445425302
2018-03-23 13:00:00+01:00,48.98185771020669
2018-03-23 14:00:00+01:00,45.79882312031675
2018-03-23 15:00:00+01:00,44.95256792925685
2018-03-23 16:00:00+01:00,41.19947501036904
2018-03-23 17:00:00+01:00,44.533558138156955
2018-03-23 18:00:00+01:00,48.51190144455934
2018-03-23 19:00:00+01:00,49.68852525497318
2018-03-23 20:00:00+01:00,53.91357700434063
2018-03-23 21:00:00+01:00,50.809104070709225
2018-03-23 22:00:00+01:00,46.07760195151399
2018-03-23 23:00:00+01:00,42.574323654886655
2018-03-24 00:00:00+01:00,35.990313894601655
2018-03-24 01:00:00+01:00,31.22108015686497
2018-03-24 02:00:00+01:00,28.126255303407937
2018-03-24 03:00:00+01:00,27.280875605489857
2018-03-24 04:00:00+01:00,32.543140698057925
2018-03-24 05:00:00+01:00,30.403484912152187
2018-03-24 06:00:00+01:00,36.95715323376077
2018-03-24 07:00:00+01:00,35.33000819295383
2018-03-24 08:00:00+01:00,42.12150648651928
2018-03-24 09:00:00+01:00,43.37955139227579
2018-03-24 10:00:00+01:00,44.805892809862755
2018-03-24 11:00:00+01:00,45.060494177233764
2018-03-24 12:00:00+01:00,42.260476712661806
2018-03-24 13:00:00+01:00,40.068859463856356
2018-03-24 14:00:00+01:00,39.4335617109691
2018-03-24 15:00:00+01:00,36.19524707900324
2018-03-24 16:00:00+01:00,33.46908977968991
2018-03-24 17:00:00+01:00,34.76893811726417
2018-03-24 18:00:00+01:00,38.27898355317535
2018-03-24 19:00:00+01:00,44.691132462038595
2018-03-24 20:00:00+01:00,49.732712507922706
2018-03-24 21:00:00+01:00,47.59619582426084
2018-03-24 22:00:00+01:00,40.29575093551906
2018-03-24 23:00:00+01:00,34.58610274753145
2018-03-25 00:00:00+01:00,28.40215759402358
2018-03-25 01:00:00+01:00,24.44765576602918
2018-03-25 03:00:00+02:00,22.358483512846423
2018-03-25 04:00:00+02:00,26.09792440363365
2018-03-25 05:00:00+02:00,27.012470946470298
2018-03-25 06:00:00+02:00,26.41101368628023
2018-03-25 07:00:00+02:00,31.001022441736836
2018-03-25 08:00:00+02:00,37.485791675798446
2018-03-25 09:00:00+02:00,39.05746066492068
2018-03-25 10:00:00+02:00,42.53624632538525
2018-03-25 11:00:00+02:00,43.27529048424057
2018-03-25 12:00:00+02:00,39.88140982173207
2018-03-25 13:00:00+02:00,41.564834209987495
2018-03-25 14:00:00+02:00,44.351639883338855
2018-03-25 15:00:00+02:00,37.81745759615179
2018-03-25 16:00:00+02:00,34.61442930124648
2018-03-25 17:00:00+02:00,36.72044620389184
2018-03-25 18:00:00+02:00,39.761144828196194
2018-03-25 19:00:00+02:00,42.61659737991215
2018-03-25 20:00:00+02:00,50.946428301972034
2018-03-25 21:00:00+02:00,49.0548219216192
2018-03-25 22:00:00+02:00,48.86474890819435
2018-03-25 23:00:00+02:00,47.504033965591844
2018-03-26 00:00:00+02:00,46.697957263749174
2018-03-26 01:00:00+02:00,44.15184913023786
2018-03-26 02:00:00+02:00,42.50130896728445
2018-03-26 03:00:00+02:00,41.544989750505856
2018-03-26 04:00:00+02:00,39.06915017948409
2018-03-26 05:00:00+02:00,38.16698622891482
2018-03-26 06:00:00+02:00,45.60433768405609
2018-03-26 07:00:00+02:00,51.68394756455076
2018-03-26 08:00:00+02:00,52.358081731647225
2018-03-26 09:00:00+02:00,52.84008703848624
2018-03-26 10:00:00+02:00,52.68998141710665
2018-03-26 11:00:00+02:00,55.71246042753612
2018-03-26 12:00:00+02:00,50.64744498039782
2018-03-26 13:00:00+02:00,51.28057834622288
2018-03-26 14:00:00+02:00,48.39502930856894
2018-03-26 15:00:00+02:00,45.86135366193614
2018-03-26 16:00:00+02:00,45.48787916698294
2018-03-26 17:00:00+02:00,46.55031543445711
2018-03-26 18:00:00+02:00,50.81362436856054
2018-03-26 19:00:00+02:00,50.11828258248012
2018-03-26 20:00:00+02:00,54.56271161556488
2018-03-26 21:00:00+02:00,57.365574032154996
2018-03-26 22:00:00+02:00,53.647278183158626
2018-03-26 23:00:00+02:00,48.18142356280707
2018-03-27 00:00:00+02:00,48.839736343477306
2018-03-27 01:00:00+02:00,44.65669751643074
2018-03-27 02:00:00+02:00,42.536136483021146
2018-03-27 03:00:00+02:00,41.77528583725506
2018-03-27 04:00:00+02:00,42.40668513086066
2018-03-27 05:00:00+02:00,42.66645771660569
2018-03-27 06:00:00+02:00,47.803995167607404
2018-03-27 07:00:00+02:00,51.53785537387924
2018-03-27 08:00:00+02:00,49.86771839358055
2018-03-27 09:00:00+02:00,52.47343566322818
2018-03-27 10:00:00+02:00,55.2335498095825
2018-03-27 11:00:00+02:00,52.159361023230474
2018-03-27 12:00:00+02:00,50.69422421385133
2018-03-27 13:00:00+02:00,51.570912142049785
2018-03-27 14:00:00+02:00,49.64259648179414
2018-03-27 15:00:00+02:00,49.94645713743546
2018-03-27 16:00:00+02:00,49.334814061430066
2018-03-27 17:00:00+02:00,46.59680158064839
2018-03-27 18:00:00+02:00,51.50312699719026
2018-03-27 19:00:00+02:00,53.14574050717813
2018-03-27 20:00:00+02:00,55.484802456096546
2018-03-27 21:00:00+02:00,58.42471778659954
2018-03-27 22:00:00+02:00,50.66511646120699
2018-03-27 23:00:00+02:00,50.57032184008017
2018-03-28 00:00:00+02:00,48.856256048796055
2018-03-28 01:00:00+02:00,46.23182557454713
2018-03-28 02:00:00+02:00,43.671674985856455
2018-03-28 03:00:00+02:00,43.984600485625684
2018-03-28 04:00:00+02:00,44.25587994796413
2018-03-28 05:00:00+02:00,44.138793037229014
2018-03-28 06:00:00+02:00,48.89163066082901
2018-03-28 07:00:00+02:00,52.0418522389607
2018-03-28 08:00:00+02:00,55.32261391594203
2018-03-28 09:00:00+02:00,55.62117205339872
2018-03-28 10:00:00+02:00,57.03079783030556
2018-03-28 11:00:00+02:00,54.60455991721829
2018-03-28 12:00:00+02:00,52.85715832059367
2018-03-28 13:00:00+02:00,50.59313939265724
2018-03-28 14:00:00+02:00,50.6469806647103
2018-03-28 15:00:00+02:00,48.29220724400487
2018-03-28 16:00:00+02:00,45.84844004375713
2018-03-28 17:00:00+02:00,45.027398891663445
2018-03-28 18:00:00+02:00,50.205041368737376
2018-03-28 19:00:00+02:00,50.21896563163506
2018-03-28 20:00:00+02:00,52.35199224184936
2018-03-28 21:00:00+02:00,53.39170532345039
2018-03-28 22:00:00+02:00,55.2600857813357
2018-03-28 23:00:00+02:00,48.1697057702451
2018-03-29 00:00:00+02:00,45.32893824366586
2018-03-29 01:00:00+02:00,39.36952372423237
2018-03-29 02:00:00+02:00,39.16248363764507
2018-03-29 03:00:00+02:00,35.218014245709
2018-03-29 04:00:00+02:00,36.16913033602929
2018-03-29 05:00:00+02:00,39.357548424998164
2018-03-29 06:00:00+02:00,43.156968629973484
2018-03-29 07:00:00+02:00,49.0558907897843
2018-03-29 08:00:00+02:00,51.95797775071151
2018-03-29 09:00:00+02:00,51.47882362022563
2018-03-29 10:00:00+02:00,52.037289330879005
2018-03-29 11:00:00+02:00,53.338922414066346
2018-03-29 12:00:00+02:00,52.24746790459803
2018-03-29 13:00:00+02:00,52.053279264572026
2018-03-29 14:00:00+02:00,51.625187951265964
2018-03-29 15:00:00+02:00,45.74037629291455
2018-03-29 16:00:00+02:00,44.85132588073916
2018-03-29 17:00:00+02:00,44.827231887825086
2018-03-29 18:00:00+02:00,46.688024053246394
2018-03-29 19:00:00+02:00,48.60631571011893
2018-03-29 20:00:00+02:00,50.39574765399472
2018-03-29 21:00:00+02:00,54.05217791832427
2018-03-29 22:00:00+02:00,51.278213450849464
2018-03-29 23:00:00+02:00,46.01607859700996
2018-03-30 00:00:00+02:00,39.675934636444396
2018-03-30 01:00:00+02:00,34.40561055368106
2018-03-30 02:00:00+02:00,33.35284533264169
2018-03-30 03:00:00+02:00,30.53996882934767
2018-03-30 04:00:00+02:00,30.74408599152825
2018-03-30 05:00:00+02:00,30.416194112116983
2018-03-30 06:00:00+02:00,38.00467872632022
2018-03-30 07:00:00+02:00,40.09647237359114
2018-03-30 08:00:00+02:00,47.49611868749911
2018-03-30 09:00:00+02:00,52.4333778516563
2018-03-30 10:00:00+02:00,52.334724672985466
2018-03-30 11:00:00+02:00,50.1404582565512
2018-03-30 12:00:00+02:00,46.43722529215266
2018-03-30 13:00:00+02:00,44.3464908681405
2018-03-30 14:00:00+02:00,41.59349484287999
2018-03-30 15:00:00+02:00,38.30303764861461
2018-03-30 16:00:00+02:00,39.87552442269715
2018-03-30 17:00:00+02:00,38.443960408794446
2018-03-30 18:00:00+02:00,41.63097384164282
2018-03-30 19:00:00+02:00,40.39376906398441
2018-03-30 20:00:00+02:00,43.75845436715225
2018-03-30 21:00:00+02:00,46.758377293808124
2018-03-30 22:00:00+02:00,46.67119430598352
2018-03-30 23:00:00+02:00,39.132423447834576
2018-03-31 00:00:00+02:00,28.501228679480487
2018-03-31 01:00:00+02:00,24.108140329687476
2018-03-31 02:00:00+02:00,23.807264325610202
2018-03-31 03:00:00+02:00,25.418623325786598
2018-03-31 04:00:00+02:00,25.365248770012627
2018-03-31 05:00:00+02:00,24.72801156520691
2018-03-31 06:00:00+02:00,27.805994091097887
2018-03-31 07:00:00+02:00,33.572041273845706
2018-03-31 08:00:00+02:00,32.63442098009424
2018-03-31 09:00:00+02:00,36.00169044156089
2018-03-31 10:00:00+02:00,37.70302288208573
2018-03-31 11:00:00+02:00,38.98131245597012
2018-03-31 12:00:00+02:00,36.76079525057039
2018-03-31 13:00:00+02:00,36.61824241598071
2018-03-31 14:00:00+02:00,35.63845806352368
2018-03-31 15:00:00+02:00,33.60996807840472
2018-03-31 16:00:00+02:00,33.30646381881141
2018-03-31 17:00:00+02:00,32.56544812780452
2018-03-31 18:00:00+02:00,34.38918742196453
2018-03-31 19:00:00+02:00,39.11461303525499
2018-03-31 20:00:00+02:00,42.548427453483825
2018-03-31 21:00:00+02:00,46.39188102501077
2018-03-31 22:00:00+02:00,45.836046885003206
2018-03-31 23:00:00+02:00,46.102118302004364
2018-04-01 00:00:00+02:00,38.2415954119287
2018-04-01 01:00:00+02:00,37.60470501685252
2018-04-01 02:00:00+02:00,35.33337025918253
2018-04-01 03:00:00+02:00,35.71141605156313
2018-04-01 04:00:00+02:00,35.33794755031148
2018-04-01 05:00:00+02:00,35.861010074990304
2018-04-01 06:00:00+02:00,35.93703602070832
2018-04-01 07:00:00+02:00,36.209696831560606
2018-04-01 08:00:00+02:00,36.15291516790124
2018-04-01 09:00:00+02:00,39.16671157054078
2018-04-01 10:00:00+02:00,40.79789959177446
2018-04-01 11:00:00+02:00,39.221233794284814
2018-04-01 12:00:00+02:00,36.42760686047925
2018-04-01 13:00:00+02:00,34.808266120362845
2018-04-01 14:00:00+02:00,32.98792206841539
2018-04-01 15:00:00+02:00,30.518913250909257
2018-04-01 16:00:00+02:00,31.571662172821334
2018-04-01 17:00:00+02:00,29.484383963440482
2018-04-01 18:00:00+02:00,34.85797756696363
2018-04-01 19:00:00+02:00,39.00243508730222
2018-04-01 20:00:00+02:00,47.014313100682855
2018-04-01 21:00:00+02:00,49.62481977158172
2018-04-01 22:00:00+02:00,48.170510970042855
2018-04-01 23:00:00+02:00,42.16493876612763
2018-04-02 00:00:00+02:00,40.79250154291008
2018-04-02 01:00:00+02:00,35.42031761190748
2018-04-02 02:00:00+02:00,37.466176132478786
2018-04-02 03:00:00+02:00,36.45511422811764
2018-04-02 04:00:00+02:00,36.587444193887045
2018-04-02 05:00:00+02:00,38.06762992848072
2018-04-02 06:00:00+02:00,45.79356581629764
2018-04-02 07:00:00+02:00,50.60382098361125
2018-04-02 08:00:00+02:00,55.355854423444725
2018-04-02 09:00:00+02:00,57.6214443420708
2018-04-02 10:00:00+02:00,55.32004749721259
2018-04-02 11:00:00+02:00,54.46833072989609
2018-04-02 12:00:00+02:00,53.847024835506794
2018-04-02 13:00:00+02:00,52.40247373457892
2018-04-02 14:00:00+02:00,48.227459199087384
2018-04-02 15:00:00+02:00,46.859597622199225
2018-04-02 16:00:00+02:00,44.81638540733467
2018-04-02 17:00:00+02:00,44.53639547917196
2018-04-02 18:00:00+02:00,46.7946146093625
2018-04-02 19:00:00+02:00,48.43288574515923
2018-04-02 20:00:00+02:00,50.79684491307184
2018-04-02 21:00:00+02:00,51.654902650777835
2018-04-02 22:00:00+02:00,51.047341337735205
2018-04-02 23:00:00+02:00,44.29438372921535
2018-04-03 00:00:00+02:00,41.86452066809076
2018-04-03 01:00:00+02:00,42.738641978288165
2018-04-03 02:00:00+02:00,36.34061919301256
2018-04-03 03:00:00+02:00,37.31542730121257
2018-04-03 04:00:00+02:00,36.8610186873486
2018-04-03 05:00:00+02:00,38.79806157144501
2018-04-03 06:00:00+02:00,41.89784514215025
2018-04-03 07:00:00+02:00,46.08541306324223
2018-04-03 08:00:00+02:00,49.880648237954766
2018-04-03 09:00:00+02:00,53.60367988803806
2018-04-03 10:00:00+02:00,53.547545984025454
2018-04-03 11:00:00+02:00,52.90221329880685
2018-04-03 12:00:00+02:00,50.37331919987274
2018-04-03 13:00:00+02:00,46.90079800940041
2018-04-03 14:00:00+02:00,45.397065684378404
2018-04-03 15:00:00+02:00,43.46195195233825
2018-04-03 16:00:00+02:00,42.95661134207831
2018-04-03 17:00:00+02:00,43.784583587813
2018-04-03 18:00:00+02:00,47.57871678588864
2018-04-03 19:00:00+02:00,48.687430885751425
2018-04-03 20:00:00+02:00,48.80239087808773
2018-04-03 21:00:00+02:00,52.090342668094024
2018-04-03 22:00:00+02:00,50.842898151183086
2018-04-03 23:00:00+02:00,47.08653292886915
2018-04-04 00:00:00+02:00,40.857195004151485
2018-04-04 01:00:00+02:00,39.02877703111436
2018-04-04 02:00:00+02:00,33.209530604088144
2018-04-04 03:00:00+02:00,32.27379851727683
2018-04-04 04:00:00+02:00,30.04628875308213
2018-04-04 05:00:00+02:00,32.25734353299071
2018-04-04 06:00:00+02:00,34.96332803794575
2018-04-04 07:00:00+02:00,41.526767776669026
2018-04-04 08:00:00+02:00,48.624622215891875
2018-04-04 09:00:00+02:00,49.663629798310474
2018-04-04 10:00:00+02:00,47.95256268026389
2018-04-04 11:00:00+02:00,49.31836212406568
2018-04-04 12:00:00+02:00,48.493351908602975
2018-04-04 13:00:00+02:00,47.16864962431723
2018-04-04 14:00:00+02:00,46.638051396599685
2018-04-04 15:00:00+02:00,46.031711942372546
2018-04-04 16:00:00+02:00,46.5070997997361
2018-04-04 17:00:00+02:00,47.555949020878984
2018-04-04 18:00:00+02:00,50.320871824561515
2018-04-04 19:00:00+02:00,50.566023588940695
2018-04-04 20:00:00+02:00,54.67139340279162
2018-04-04 21:00:00+02:00,54.72166888177166
2018-04-04 22:00:00+02:00,52.90661449331881
2018-04-04 23:00:00+02:00,49.8055384439694
2018-04-05 00:00:00+02:00,44.52087449350609
2018-04-05 01:00:00+02:00,38.41950945943892
2018-04-05 02:00:00+02:00,38.460440260325704
2018-04-05 03:00:00+02:00,39.710025458223946
2018-04-05 04:00:00+02:00,40.426124500992685
2018-04-05 05:00:00+02:00,41.63178271819395
2018-04-05 06:00:00+02:00,46.754738531188856
2018-04-05 07:00:00+02:00,51.1876133107889
2018-04-05 08:00:00+02:00,55.26619438478301
2018-04-05 09:00:00+02:00,54.60915530290622
2018-04-05 10:00:00+02:00,53.77445304085959
2018-04-05 11:00:00+02:00,50.84241026544601
2018-04-05 12:00:00+02:00,50.65714942749176
2018-04-05 13:00:00+02:00,50.81012221114391
2018-04-05 14:00:00+02:00,48.315628808370924
2018-04-05 15:00:00+02:00,47.35408428042389
2018-04-05 16:00:00+02:00,45.653399078252605
2018-04-05 17:00:00+02:00,46.868694311519356
2018-04-05 18:00:00+02:00,48.71344147556886
2018-04-05 19:00:00+02:00,49.42038799804203
2018-04-05 20:00:00+02:00,52.74625841786639
2018-04-05 21:00:00+02:00,52.46724319050137
2018-04-05 22:00:00+02:00,49.72005787436674
2018-04-05 23:00:00+02:00,47.30973674741942
2018-04-06 00:00:00+02:00,46.009870341048874
2018-04-06 01:00:00+02:00,43.7128421102756
2018-04-06 02:00:00+02:00,40.737159715905634
2018-04-06 03:00:00+02:00,40.62778984363642
2018-04-06 04:00:00+02:00,40.49857721524589
2018-04-06 05:00:00+02:00,40.648518191318196
2018-04-06 06:00:00+02:00,45.314689257416454
2018-04-06 07:00:00+02:00,48.1707105081318
2018-04-06 08:00:00+02:00,51.94206712988132
2018-04-06 09:00:00+02:00,50.93684803232383
2018-04-06 10:00:00+02:00,50.81717910601981
2018-04-06 11:00:00+02:00,49.533346508626856
2018-04-06 12:00:00+02:00,49.43391520599196
2018-04-06 13:00:00+02:00,48.9775490756035
2018-04-06 14:00:00+02:00,47.79091947260221
2018-04-06 15:00:00+02:00,45.651454818248205
2018-04-06 16:00:00+02:00,45.63466958617973
2018-04-06 17:00:00+02:00,44.644237406757625
2018-04-06 18:00:00+02:00,46.52801550695114
2018-04-06 19:00:00+02:00,46.42496048870141
2018-04-06 20:00:00+02:00,48.5486449172838
2018-04-06 21:00:00+02:00,51.359038342171665
2018-04-06 22:00:00+02:00,48.8773884080489
2018-04-06 23:00:00+02:00,47.55055748187187
2018-04-07 00:00:00+02:00,48.04074460882986
2018-04-07 01:00:00+02:00,38.87457656309382
2018-04-07 02:00:00+02:00,40.482980239584094
2018-04-07 03:00:00+02:00,38.4613205296305
2018-04-07 04:00:00+02:00,38.04932731103605
2018-04-07 05:00:00+02:00,42.57013231799613
2018-04-07 06:00:00+02:00,43.927892738681194
2018-04-07 07:00:00+02:00,44.87376705350162
2018-04-07 08:00:00+02:00,44.70424148606874
2018-04-07 09:00:00+02:00,47.510392389532676
2018-04-07 10:00:00+02:00,48.578738003307436
2018-04-07 11:00:00+02:00,46.44494782031431
2018-04-07 12:00:00+02:00,47.154145550530906
2018-04-07 13:00:00+02:00,44.99849836007063
2018-04-07 14:00:00+02:00,44.15881927750824
2018-04-07 15:00:00+02:00,41.07465380596616
2018-04-07 16:00:00+02:00,41.016342650119824
2018-04-07 17:00:00+02:00,39.841698480319415
2018-04-07 18:00:00+02:00,44.53297659571734
2018-04-07 19:00:00+02:00,49.54587600782867
2018-04-07 20:00:00+02:00,51.43077986256765
2018-04-07 21:00:00+02:00,52.82723769387981
2018-04-07 22:00:00+02:00,51.0524890542608
2018-04-07 23:00:00+02:00,47.557413279745155
2018-04-08 00:00:00+02:00,51.82764330951427
2018-04-08 01:00:00+02:00,45.17341154015946
2018-04-08 02:00:00+02:00,44.676600278891186
2018-04-08 03:00:00+02:00,44.23745174163548
2018-04-08 04:00:00+02:00,42.726555514908625
2018-04-08 05:00:00+02:00,40.27126094276455
2018-04-08 06:00:00+02:00,40.678800997366075
2018-04-08 07:00:00+02:00,44.06514885391021
2018-04-08 08:00:00+02:00,43.33368517786129
2018-04-08 09:00:00+02:00,45.6852808887176
2018-04-08 10:00:00+02:00,46.503357769662465
2018-04-08 11:00:00+02:00,45.5436223599996
2018-04-08 12:00:00+02:00,40.753362865003126
2018-04-08 13:00:00+02:00,41.91986277479176
2018-04-08 14:00:00+02:00,37.9499957465981
2018-04-08 15:00:00+02:00,35.33304588622357
2018-04-08 16:00:00+02:00,39.97453558799604
2018-04-08 17:00:00+02:00,34.161325115674515
2018-04-08 18:00:00+02:00,40.48683260761606
2018-04-08 19:00:00+02:00,41.868513305701335
2018-04-08 20:00:00+02:00,44.07386466668401
2018-04-08 21:00:00+02:00,51.03058261703689
2018-04-08 22:00:00+02:00,46.081115290270496
2018-04-08 23:00:00+02:00,46.368339271219156
2018-04-09 00:00:00+02:00,47.54333098622274
2018-04-09 01:00:00+02:00,40.30730222046556
2018-04-09 02:00:00+02:00,36.80374840983015
2018-04-09 03:00:00+02:00,40.01495652633475
2018-04-09 04:00:00+02:00,38.57183921200526
2018-04-09 05:00:00+02:00,39.754874706478375
2018-04-09 06:00:00+02:00,45.7406924548285
2018-04-09 07:00:00+02:00,49.992897138952
2018-04-09 08:00:00+02:00,52.0379096378218
2018-04-09 09:00:00+02:00,54.94543073998401
2018-04-09 10:00:00+02:00,53.22218773888591
2018-04-09 11:00:00+02:00,52.79277633035843
2018-04-09 12:00:00+02:00,51.64999960625092
2018-04-09 13:00:00+02:00,50.362508571341515
2018-04-09 14:00:00+02:00,49.27462554389463
2018-04-09 15:00:00+02:00,46.192745699393214
2018-04-09 16:00:00+02:00,44.75268590808629
2018-04-09 17:00:00+02:00,44.117311374535575
2018-04-09 18:00:00+02:00,46.931106541830545
2018-04-09 19:00:00+02:00,50.12968415278246
2018-04-09 20:00:00+02:00,50.653885037630126
2018-04-09 21:00:00+02:00,50.89702644624948
2018-04-09 22:00:00+02:00,48.41084774485287
2018-04-09 23:00:00+02:00,43.814942502497644
2018-04-10 00:00:00+02:00,41.59082173158407
2018-04-10 01:00:00+02:00,38.49037884705108
2018-04-10 02:00:00+02:00,41.3704213257302
2018-04-10 03:00:00+02:00,39.486415808063164
2018-04-10 04:00:00+02:00,38.05115765491081
2018-04-10 05:00:00+02:00,37.197586974587146
2018-04-10 06:00:00+02:00,42.93186546975597
2018-04-10 07:00:00+02:00,47.15728180167621
2018-04-10 08:00:00+02:00,51.37317435256864
2018-04-10 09:00:00+02:00,50.3860916895973
2018-04-10 10:00:00+02:00,53.23696182239557
2018-04-10 11:00:00+02:00,49.493739375811714
2018-04-10 12:00:00+02:00,49.796048767164166
2018-04-10 13:00:00+02:00,50.961004044282554
2018-04-10 14:00:00+02:00,46.55959562676643
2018-04-10 15:00:00+02:00,43.563132030568894
2018-04-10 16:00:00+02:00,45.89115883022762
2018-04-10 17:00:00+02:00,49.569478774836206
2018-04-10 18:00:00+02:00,52.22945673790239
2018-04-10 19:00:00+02:00,52.05439447169504
2018-04-10 20:00:00+02:00,57.035066949879756
2018-04-10 21:00:00+02:00,56.31010541669617
2018-04-10 22:00:00+02:00,54.558544342580404
2018-04-10 23:00:00+02:00,49.91818211352148
2018-04-11 00:00:00+02:00,45.812553037777356
2018-04-11 01:00:00+02:00,43.01989902365894
2018-04-11 02:00:00+02:00,38.3005448543881
2018-04-11 03:00:00+02:00,36.17173407240928
2018-04-11 04:00:00+02:00,36.20724838186578
2018-04-11 05:00:00+02:00,39.25154944391548
2018-04-11 06:00:00+02:00,45.77399526883026
2018-04-11 07:00:00+02:00,49.9878582332211
2018-04-11 08:00:00+02:00,51.222147699932215
2018-04-11 09:00:00+02:00,50.998253936423495
2018-04-11 10:00:00+02:00,49.09106978979735
2018-04-11 11:00:00+02:00,49.22808325663883
2018-04-11 12:00:00+02:00,48.13342399534224
2018-04-11 13:00:00+02:00,48.32275557831387
2018-04-11 14:00:00+02:00,44.78421668033217
2018-04-11 15:00:00+02:00,44.716926654304835
2018-04-11 16:00:00+02:00,43.05545613880351
2018-04-11 17:00:00+02:00,45.58944962461067
2018-04-11 18:00:00+02:00,49.0384815743825
2018-04-11 19:00:00+02:00,49.2069055700445
2018-04-11 20:00:00+02:00,51.33239104886565
2018-04-11 21:00:00+02:00,52.275923875614225
2018-04-11 22:00:00+02:00,49.509188581849415
2018-04-11 23:00:00+02:00,44.82863019887439
2018-04-12 00:00:00+02:00,36.20089451781861
2018-04-12 01:00:00+02:00,33.69930203000853
2018-04-12 02:00:00+02:00,32.23473790621624
2018-04-12 03:00:00+02:00,29.848554835964997
2018-04-12 04:00:00+02:00,30.833303894816
2018-04-12 05:00:00+02:00,33.12185989680757
2018-04-12 06:00:00+02:00,39.10084043870849
2018-04-12 07:00:00+02:00,45.212691832904994
2018-04-12 08:00:00+02:00,54.56159209086831
2018-04-12 09:00:00+02:00,52.138400131350146
2018-04-12 10:00:00+02:00,51.48783111555847
2018-04-12 11:00:00+02:00,51.69931326528682
2018-04-12 12:00:00+02:00,51.4832342572848
2018-04-12 13:00:00+02:00,50.66468443336885
2018-04-12 14:00:00+02:00,49.37305448502538
2018-04-12 15:00:00+02:00,47.32760349765268
2018-04-12 16:00:00+02:00,47.20457704653136
2018-04-12 17:00:00+02:00,47.529893363056935
2018-04-12 18:00:00+02:00,51.66146392856906
2018-04-12 19:00:00+02:00,49.87484593441803
2018-04-12 20:00:00+02:00,52.9003398488618
2018-04-12 21:00:00+02:00,53.476252881557734
2018-04-12 22:00:00+02:00,53.857908251556736
2018-04-12 23:00:00+02:00,51.146151145259225
2018-04-13 00:00:00+02:00,51.500353007624135
2018-04-13 01:00:00+02:00,48.57848800943601
2018-04-13 02:00:00+02:00,43.12360625726573
2018-04-13 03:00:00+02:00,42.57959299004834
2018-04-13 04:00:00+02:00,40.751629503460556
2018-04-13 05:00:00+02:00,42.3925404170502
2018-04-13 06:00:00+02:00,46.886636090884274
2018-04-13 07:00:00+02:00,53.87703337573723
2018-04-13 08:00:00+02:00,54.242933067477225
2018-04-13 09:00:00+02:00,58.63885185749934
2018-04-13 10:00:00+02:00,54.22657919568621
2018-04-13 11:00:00+02:00,54.42076461419701
2018-04-13 12:00:00+02:00,55.00241229261202
2018-04-13 13:00:00+02:00,51.54923315614082
2018-04-13 14:00:00+02:00,49.65273214604751
2018-04-13 15:00:00+02:00,48.69804134918036
2018-04-13 16:00:00+02:00,49.3783106550221
2018-04-13 17:00:00+02:00,50.629406718535435
2018-04-13 18:00:00+02:00,53.115172865709994
2018-04-13 19:00:00+02:00,54.60027844567233
2018-04-13 20:00:00+02:00,55.09412155161425
2018-04-13 21:00:00+02:00,55.27002858345799
2018-04-13 22:00:00+02:00,52.099273524581946
2018-04-13 23:00:00+02:00,49.1764017279983
2018-04-14 00:00:00+02:00,49.55017827407841
2018-04-14 01:00:00+02:00,47.401421020507954
2018-04-14 02:00:00+02:00,47.74103500216397
2018-04-14 03:00:00+02:00,46.037142793703765
2018-04-14 04:00:00+02:00,45.78102665806002
2018-04-14 05:00:00+02:00,45.56096464003727
2018-04-14 06:00:00+02:00,46.60044295716215
2018-04-14 07:00:00+02:00,48.43555370571209
2018-04-14 08:00:00+02:00,50.90474042071527
2018-04-14 09:00:00+02:00,52.962577150245345
2018-04-14 10:00:00+02:00,50.25793664969136
2018-04-14 11:00:00+02:00,51.11829395029426
2018-04-14 12:00:00+02:00,51.57827977899382
2018-04-14 13:00:00+02:00,51.546389167645486
2018-04-14 14:00:00+02:00,47.36935437756904
2018-04-14 15:00:00+02:00,46.87201455073658
2018-04-14 16:00:00+02:00,44.13043033558758
2018-04-14 17:00:00+02:00,46.27484031688864
2018-04-14 18:00:00+02:00,47.50841300865182
2018-04-14 19:00:00+02:00,49.79292080965343
2018-04-14 20:00:00+02:00,52.13756839812504
2018-04-14 21:00:00+02:00,53.64954546123513
2018-04-14 22:00:00+02:00,54.70635065208242
2018-04-14 23:00:00+02:00,51.96147201105656
2018-04-15 00:00:00+02:00,50.65348436231787
2018-04-15 01:00:00+02:00,50.933028820389815
2018-04-15 02:00:00+02:00,45.294837546225416
2018-04-15 03:00:00+02:00,44.43663215105203
2018-04-15 04:00:00+02:00,42.350226385074826
2018-04-15 05:00:00+02:00,41.57161729186437
2018-04-15 06:00:00+02:00,42.09534074150108
2018-04-15 07:00:00+02:00,42.77921954733746
2018-04-15 08:00:00+02:00,43.08130991814856
2018-04-15 09:00:00+02:00,45.176284952847176
2018-04-15 10:00:00+02:00,44.78799495428217
2018-04-15 11:00:00+02:00,46.14498957604531
2018-04-15 12:00:00+02:00,44.61134048713528
2018-04-15 13:00:00+02:00,42.42695763880578
2018-04-15 14:00:00+02:00,40.470775611338674
2018-04-15 15:00:00+02:00,31.872800571791373
2018-04-15 16:00:00+02:00,30.12676177414669
2018-04-15 17:00:00+02:00,30.671201889934576
2018-04-15 18:00:00+02:00,33.203284113745816
2018-04-15 19:00:00+02:00,35.12871339612057
2018-04-15 20:00:00+02:00,42.12088143245549
2018-04-15 21:00:00+02:00,48.9379715415228
2018-04-15 22:00:00+02:00,47.994991566553914
2018-04-15 23:00:00+02:00,43.72657267960331
2018-04-16 00:00:00+02:00,42.26995372565769
2018-04-16 01:00:00+02:00,38.82201342827084
2018-04-16 02:00:00+02:00,36.27821829367873
2018-04-16 03:00:00+02:00,39.202852851708634
2018-04-16 04:00:00+02:00,37.54639011886297
2018-04-16 05:00:00+02:00,36.412336576385066
2018-04-16 06:00:00+02:00,41.82981953886743
2018-04-16 07:00:00+02:00,44.56132758889167
2018-04-16 08:00:00+02:00,49.05073882078171
2018-04-16 09:00:00+02:00,52.009042459208835
2018-04-16 10:00:00+02:00,51.308476698778406
2018-04-16 11:00:00+02:00,49.204420340648014
2018-04-16 12:00:00+02:00,48.610775022044876
2018-04-16 13:00:00+02:00,48.44707498225993
2018-04-16 14:00:00+02:00,48.67445328401377
2018-04-16 15:00:00+02:00,46.76732542080646
2018-04-16 16:00:00+02:00,46.57169676776672
2018-04-16 17:00:00+02:00,47.93364932220459
2018-04-16 18:00:00+02:00,51.642063413726916
2018-04-16 19:00:00+02:00,53.621043834308466
2018-04-16 20:00:00+02:00,56.65878355392996
2018-04-16 21:00:00+02:00,58.83410754404754
2018-04-16 22:00:00+02:00,54.45294914923437
2018-04-16 23:00:00+02:00,50.31672144190909
2018-04-17 00:00:00+02:00,48.015324053430746
2018-04-17 01:00:00+02:00,45.12909206139552
2018-04-17 02:00:00+02:00,44.240196689309975
2018-04-17 03:00:00+02:00,44.75947507333411
2018-04-17 04:00:00+02:00,43.40067540218096
2018-04-17 05:00:00+02:00,45.3332462143336
2018-04-17 06:00:00+02:00,50.93065106676367
2018-04-17 07:00:00+02:00,55.54088288476237
2018-04-17 08:00:00+02:00,59.10527155462333
2018-04-17 09:00:00+02:00,59.42210786595584
2018-04-17 10:00:00+02:00,58.47401746771266
2018-04-17 11:00:00+02:00,57.33250775425248
2018-04-17 12:00:00+02:00,55.824539492493415
2018-04-17 13:00:00+02:00,55.43497164677235
2018-04-17 14:00:00+02:00,54.209385680750394
2018-04-17 15:00:00+02:00,53.547191725243295
2018-04-17 16:00:00+02:00,51.97970244583647
2018-04-17 17:00:00+02:00,53.6140301777411
2018-04-17 18:00:00+02:00,54.83911500758618
2018-04-17 19:00:00+02:00,56.216578892360765
2018-04-17 20:00:00+02:00,57.934180156443134
2018-04-17 21:00:00+02:00,59.22859507450703
2018-04-17 22:00:00+02:00,58.39775736424367
2018-04-17 23:00:00+02:00,53.67038462923276
2018-04-18 00:00:00+02:00,52.970771644743074
2018-04-18 01:00:00+02:00,50.02632462879512
2018-04-18 02:00:00+02:00,48.42347541674649
2018-04-18 03:00:00+02:00,49.275839248782106
2018-04-18 04:00:00+02:00,47.00228217127201
2018-04-18 05:00:00+02:00,49.95183260952855
2018-04-18 06:00:00+02:00,54.47525200333292
2018-04-18 07:00:00+02:00,58.179790493473405
2018-04-18 08:00:00+02:00,58.77343657181912
2018-04-18 09:00:00+02:00,59.133590131546974
2018-04-18 10:00:00+02:00,57.807960636496105
2018-04-18 11:00:00+02:00,57.41416760129631
2018-04-18 12:00:00+02:00,57.14422885208056
2018-04-18 13:00:00+02:00,55.16792433861052
2018-04-18 14:00:00+02:00,55.11992108374356
2018-04-18 15:00:00+02:00,54.48775947844884
2018-04-18 16:00:00+02:00,53.1099254776034
2018-04-18 17:00:00+02:00,53.56833893253033
2018-04-18 18:00:00+02:00,54.99078165540042
2018-04-18 19:00:00+02:00,56.201747264677905
2018-04-18 20:00:00+02:00,58.57923170819092
2018-04-18 21:00:00+02:00,59.42452615324594
2018-04-18 22:00:00+02:00,57.86976691270216
2018-04-18 23:00:00+02:00,54.525818406542136
2018-04-19 00:00:00+02:00,54.35850112029654
2018-04-19 01:00:00+02:00,47.66975762486331
2018-04-19 02:00:00+02:00,48.656432269329954
2018-04-19 03:00:00+02:00,47.62107582045079
2018-04-19 04:00:00+02:00,47.21803993374337
2018-04-19 05:00:00+02:00,47.50349390785276
2018-04-19 06:00:00+02:00,52.78556962862812
2018-04-19 07:00:00+02:00,55.65572601953943
2018-04-19 08:00:00+02:00,56.94748231676452
2018-04-19 09:00:00+02:00,55.49163110591905
2018-04-19 10:00:00+02:00,54.13138817849519
2018-04-19 11:00:00+02:00,52.865755662753685
2018-04-19 12:00:00+02:00,51.90333471014849
2018-04-19 13:00:00+02:00,52.75035130853709
2018-04-19 14:00:00+02:00,51.47055150518206
2018-04-19 15:00:00+02:00,49.59066040426665
2018-04-19 16:00:00+02:00,48.60192997957326
2018-04-19 17:00:00+02:00,50.35566304690144
2018-04-19 18:00:00+02:00,49.75593044733593
2018-04-19 19:00:00+02:00,50.18132367551882
2018-04-19 20:00:00+02:00,53.30897337335561
2018-04-19 21:00:00+02:00,55.16824493940859
2018-04-19 22:00:00+02:00,54.931470876987454
2018-04-19 23:00:00+02:00,52.743580868879555
2018-04-20 00:00:00+02:00,48.252766991551944
2018-04-20 01:00:00+02:00,47.42482118467135
2018-04-20 02:00:00+02:00,45.327244855606196
2018-04-20 03:00:00+02:00,47.029136034092396
2018-04-20 04:00:00+02:00,45.99781012278201
2018-04-20 05:00:00+02:00,46.12982451778397
2018-04-20 06:00:00+02:00,49.38189022018683
2018-04-20 07:00:00+02:00,53.092223848279865
2018-04-20 08:00:00+02:00,53.6998431772608
2018-04-20 09:00:00+02:00,53.19528990885073
2018-04-20 10:00:00+02:00,51.49763488349865
2018-04-20 11:00:00+02:00,51.236544178900566
2018-04-20 12:00:00+02:00,49.40917185922597
2018-04-20 13:00:00+02:00,50.1918319966091
2018-04-20 14:00:00+02:00,50.52003403050262
2018-04-20 15:00:00+02:00,48.84623082006122
2018-04-20 16:00:00+02:00,48.7627670323499
2018-04-20 17:00:00+02:00,48.78717929327721
2018-04-20 18:00:00+02:00,49.173609422525445
2018-04-20 19:00:00+02:00,51.21784795055035
2018-04-20 20:00:00+02:00,54.05096804127301
2018-04-20 21:00:00+02:00,55.80386510934461
2018-04-20 22:00:00+02:00,54.42003654868837
2018-04-20 23:00:00+02:00,49.50286076418239
2018-04-21 00:00:00+02:00,48.39779947247413
2018-04-21 01:00:00+02:00,46.67349522674706
2018-04-21 02:00:00+02:00,43.349004657038755
2018-04-21 03:00:00+02:00,43.916764989378265
2018-04-21 04:00:00+02:00,44.98234236614071
2018-04-21 05:00:00+02:00,44.786651432348094
2018-04-21 06:00:00+02:00,46.1982224452807
2018-04-21 07:00:00+02:00,49.100130392797524
2018-04-21 08:00:00+02:00,48.928376005179366
2018-04-21 09:00:00+02:00,48.08255909775276
2018-04-21 10:00:00+02:00,49.60235378503412
2018-04-21 11:00:00+02:00,49.06747907901004
2018-04-21 12:00:00+02:00,46.453707073561986
2018-04-21 13:00:00+02:00,47.543250220226064
2018-04-21 14:00:00+02:00,46.02149037909587
2018-04-21 15:00:00+02:00,43.7043284156848
2018-04-21 16:00:00+02:00,42.73283945868404
2018-04-21 17:00:00+02:00,43.45002093303394
2018-04-21 18:00:00+02:00,45.997947184695626
2018-04-21 19:00:00+02:00,47.69819427342263
2018-04-21 20:00:00+02:00,51.45930273986062
2018-04-21 21:00:00+02:00,54.56809878951749
2018-04-21 22:00:00+02:00,53.12931935699779
2018-04-21 23:00:00+02:00,50.17340106706797
2018-04-22 00:00:00+02:00,44.82965775791556
2018-04-22 01:00:00+02:00,43.17813607587089
2018-04-22 02:00:00+02:00,40.891295770951906
2018-04-22 03:00:00+02:00,39.56331807389068
2018-04-22 04:00:00+02:00,39.29304380623988
2018-04-22 05:00:00+02:00,38.12228741434001
2018-04-22 06:00:00+02:00,38.56085180028804
2018-04-22 07:00:00+02:00,38.994720707288984
2018-04-22 08:00:00+02:00,42.20926950875331
2018-04-22 09:00:00+02:00,42.50343536608738
2018-04-22 10:00:00+02:00,41.184307784127945
2018-04-22 11:00:00+02:00,44.15858298798426
2018-04-22 12:00:00+02:00,43.36026122663334
2018-04-22 13:00:00+02:00,42.16986303995388
2018-04-22 14:00:00+02:00,41.06088320867674
2018-04-22 15:00:00+02:00,39.92430510128713
2018-04-22 16:00:00+02:00,38.799097410091754
2018-04-22 17:00:00+02:00,39.16333366337133
2018-04-22 18:00:00+02:00,42.06144384343846
2018-04-22 19:00:00+02:00,47.465884352343174
2018-04-22 20:00:00+02:00,50.95490664190526
2018-04-22 21:00:00+02:00,51.96964703983056
2018-04-22 22:00:00+02:00,51.82888491326934
2018-04-22 23:00:00+02:00,50.57334557315224
2018-04-23 00:00:00+02:00,50.072979117626566
2018-04-23 01:00:00+02:00,43.875052795174554
2018-04-23 02:00:00+02:00,42.10405237057075
2018-04-23 03:00:00+02:00,42.82482941008561
2018-04-23 04:00:00+02:00,40.39537773663805
2018-04-23 05:00:00+02:00,41.06089647500236
2018-04-23 06:00:00+02:00,47.764846669989176
2018-04-23 07:00:00+02:00,51.55380569491288
2018-04-23 08:00:00+02:00,52.85020975881725
2018-04-23 09:00:00+02:00,53.130734822627836
2018-04-23 10:00:00+02:00,50.393317819564366
2018-04-23 11:00:00+02:00,52.05973455179232
2018-04-23 12:00:00+02:00,51.37631492366012
2018-04-23 13:00:00+02:00,50.39910768289794
2018-04-23 14:00:00+02:00,50.2239981699499
2018-04-23 15:00:00+02:00,49.91081613542462
2018-04-23 16:00:00+02:00,49.709401205609964
2018-04-23 17:00:00+02:00,49.224260026330825
2018-04-23 18:00:00+02:00,50.415535437270975
2018-04-23 19:00:00+02:00,51.58475538181738
2018-04-23 20:00:00+02:00,52.18707886410623
2018-04-23 21:00:00+02:00,56.57628107172454
2018-04-23 22:00:00+02:00,55.236479203111294
2018-04-23 23:00:00+02:00,49.45139273726596
2018-04-24 00:00:00+02:00,50.75616989841554
2018-04-24 01:00:00+02:00,49.7374688981626
2018-04-24 02:00:00+02:00,46.00891677342091
2018-04-24 03:00:00+02:00,44.634940176335796
2018-04-24 04:00:00+02:00,43.76832827626696
2018-04-24 05:00:00+02:00,46.81651092861797
2018-04-24 06:00:00+02:00,49.37049356038152
2018-04-24 07:00:00+02:00,52.27501221106367
2018-04-24 08:00:00+02:00,54.08903920684117
2018-04-24 09:00:00+02:00,55.25740603693349
2018-04-24 10:00:00+02:00,56.756527789950646
2018-04-24 11:00:00+02:00,56.78742183760367
2018-04-24 12:00:00+02:00,56.811632576613015
2018-04-24 13:00:00+02:00,55.31016188012629
2018-04-24 14:00:00+02:00,54.04035218663014
2018-04-24 15:00:00+02:00,52.36107581385744
2018-04-24 16:00:00+02:00,53.10741452908869
2018-04-24 17:00:00+02:00,54.85385936703402
2018-04-24 18:00:00+02:00,53.9688363368329
2018-04-24 19:00:00+02:00,55.50632571116593
2018-04-24 20:00:00+02:00,57.22251999252896
2018-04-24 21:00:00+02:00,59.94754766700032
2018-04-24 22:00:00+02:00,58.05118670144391
2018-04-24 23:00:00+02:00,54.914850128285
2018-04-25 00:00:00+02:00,47.92115315360883
2018-04-25 01:00:00+02:00,47.48526793957258
2018-04-25 02:00:00+02:00,44.21738922136269
2018-04-25 03:00:00+02:00,43.17929361698817
2018-04-25 04:00:00+02:00,42.59777454820948
2018-04-25 05:00:00+02:00,44.923462669242646
2018-04-25 06:00:00+02:00,48.184791383963244
2018-04-25 07:00:00+02:00,51.101937605990166
2018-04-25 08:00:00+02:00,56.052540600149314
2018-04-25 09:00:00+02:00,55.98502948597063
2018-04-25 10:00:00+02:00,56.98977726732703
2018-04-25 11:00:00+02:00,55.64211897548425
2018-04-25 12:00:00+02:00,54.16935968692663
2018-04-25 13:00:00+02:00,53.637823807057025
2018-04-25 14:00:00+02:00,53.27970621104694
2018-04-25 15:00:00+02:00,52.850790021538266
2018-04-25 16:00:00+02:00,52.637744452563744
2018-04-25 17:00:00+02:00,51.98407832489564
2018-04-25 18:00:00+02:00,53.042720732904954
2018-04-25 19:00:00+02:00,54.01550596341049
2018-04-25 20:00:00+02:00,55.51196326695393
2018-04-25 21:00:00+02:00,56.34785361722943
2018-04-25 22:00:00+02:00,54.054637061940475
2018-04-25 23:00:00+02:00,51.4218711533669
2018-04-26 00:00:00+02:00,48.052585624991934
2018-04-26 01:00:00+02:00,43.62644444034994
2018-04-26 02:00:00+02:00,41.859514484056106
2018-04-26 03:00:00+02:00,41.27501245385542
2018-04-26 04:00:00+02:00,40.82383836086856
2018-04-26 05:00:00+02:00,42.614447094055585
2018-04-26 06:00:00+02:00,47.90286934892405
2018-04-26 07:00:00+02:00,53.189640962039206
2018-04-26 08:00:00+02:00,55.20763031619348
2018-04-26 09:00:00+02:00,55.57145522000163
2018-04-26 10:00:00+02:00,55.845603403502
2018-04-26 11:00:00+02:00,54.30303769919814
2018-04-26 12:00:00+02:00,53.65326213050808
2018-04-26 13:00:00+02:00,53.63058551712578
2018-04-26 14:00:00+02:00,55.20160821839696
2018-04-26 15:00:00+02:00,52.23026506251312
2018-04-26 16:00:00+02:00,50.6592265156324
2018-04-26 17:00:00+02:00,49.1404983335858
2018-04-26 18:00:00+02:00,50.21197858690137
2018-04-26 19:00:00+02:00,50.79256272990745
2018-04-26 20:00:00+02:00,52.44290236371899
2018-04-26 21:00:00+02:00,57.64504964756276
2018-04-26 22:00:00+02:00,53.53864254266399
2018-04-26 23:00:00+02:00,50.645612822238576
2018-04-27 00:00:00+02:00,49.965800835780385
2018-04-27 01:00:00+02:00,45.45589511583425
2018-04-27 02:00:00+02:00,43.94836778900206
2018-04-27 03:00:00+02:00,43.31441023951256
2018-04-27 04:00:00+02:00,45.60930377183271
2018-04-27 05:00:00+02:00,46.774586288181766
2018-04-27 06:00:00+02:00,50.42992635531218
2018-04-27 07:00:00+02:00,52.33829274544116
2018-04-27 08:00:00+02:00,56.84460566540903
2018-04-27 09:00:00+02:00,56.45627934024114
2018-04-27 10:00:00+02:00,57.21635971594507
2018-04-27 11:00:00+02:00,55.534684754272455
2018-04-27 12:00:00+02:00,53.91880700663002
2018-04-27 13:00:00+02:00,53.573106115640286
2018-04-27 14:00:00+02:00,52.60077117354542
2018-04-27 15:00:00+02:00,52.267471008397735
2018-04-27 16:00:00+02:00,50.545264488898944
2018-04-27 17:00:00+02:00,49.42847198707862
2018-04-27 18:00:00+02:00,55.12995332281294
2018-04-27 19:00:00+02:00,55.54935358189311
2018-04-27 20:00:00+02:00,55.97785415304826
2018-04-27 21:00:00+02:00,57.45038894208705
2018-04-27 22:00:00+02:00,56.01613051999447
2018-04-27 23:00:00+02:00,50.52892181487873
2018-04-28 00:00:00+02:00,46.62061528453115
2018-04-28 01:00:00+02:00,42.457806703448966
2018-04-28 02:00:00+02:00,38.75495592187371
2018-04-28 03:00:00+02:00,41.522845873926634
2018-04-28 04:00:00+02:00,41.4893313180178
2018-04-28 05:00:00+02:00,42.030872809150175
2018-04-28 06:00:00+02:00,43.24389229770754
2018-04-28 07:00:00+02:00,48.773032326864985
2018-04-28 08:00:00+02:00,48.81052374416591
2018-04-28 09:00:00+02:00,50.51930474615141
2018-04-28 10:00:00+02:00,50.398566652581124
2018-04-28 11:00:00+02:00,49.0706894739652
2018-04-28 12:00:00+02:00,48.47222241290323
2018-04-28 13:00:00+02:00,49.44832966934776
2018-04-28 14:00:00+02:00,45.12668935551443
2018-04-28 15:00:00+02:00,39.29197193139485
2018-04-28 16:00:00+02:00,37.49984277663249
2018-04-28 17:00:00+02:00,37.47242961937015
2018-04-28 18:00:00+02:00,40.15421751255954
2018-04-28 19:00:00+02:00,43.51614670417189
2018-04-28 20:00:00+02:00,47.97738954874096
2018-04-28 21:00:00+02:00,54.52297179776371
2018-04-28 22:00:00+02:00,50.56907776114087
2018-04-28 23:00:00+02:00,45.29359614347565
2018-04-29 00:00:00+02:00,42.644261328211954
2018-04-29 01:00:00+02:00,38.15302159560857
2018-04-29 02:00:00+02:00,37.94539132319546
2018-04-29 03:00:00+02:00,34.934433337225514
2018-04-29 04:00:00+02:00,33.85163985423734
2018-04-29 05:00:00+02:00,27.540213143998262
2018-04-29 06:00:00+02:00,31.540971146045024
2018-04-29 07:00:00+02:00,34.59380697078722
2018-04-29 08:00:00+02:00,35.77191634392153
2018-04-29 09:00:00+02:00,40.39792290278182
2018-04-29 10:00:00+02:00,33.726837155083736
2018-04-29 11:00:00+02:00,34.01171770278619
2018-04-29 12:00:00+02:00,36.67823671368608
2018-04-29 13:00:00+02:00,31.799269548861915
2018-04-29 14:00:00+02:00,29.864237024989887
2018-04-29 15:00:00+02:00,27.440334664684148
2018-04-29 16:00:00+02:00,24.305968463958305
2018-04-29 17:00:00+02:00,27.258098983215394
2018-04-29 18:00:00+02:00,31.2731876248534
2018-04-29 19:00:00+02:00,32.866331700916085
2018-04-29 20:00:00+02:00,42.45829667660137
2018-04-29 21:00:00+02:00,45.166515396403774
2018-04-29 22:00:00+02:00,48.20432944403939
2018-04-29 23:00:00+02:00,44.57825000937689
2018-04-30 00:00:00+02:00,42.52353332813822
2018-04-30 01:00:00+02:00,36.87112245413979
2018-04-30 02:00:00+02:00,36.145356445491466
2018-04-30 03:00:00+02:00,35.00055084736349
2018-04-30 04:00:00+02:00,33.49859212921503
2018-04-30 05:00:00+02:00,36.21209901881781
2018-04-30 06:00:00+02:00,42.47915016733302
2018-04-30 07:00:00+02:00,47.054469638556746
2018-04-30 08:00:00+02:00,50.78518271333684
2018-04-30 09:00:00+02:00,51.93549447727651
2018-04-30 10:00:00+02:00,50.991821643884535
2018-04-30 11:00:00+02:00,49.44753673582023
2018-04-30 12:00:00+02:00,49.59631605672395
2018-04-30 13:00:00+02:00,47.90549818208487
2018-04-30 14:00:00+02:00,48.19822520951069
2018-04-30 15:00:00+02:00,46.306020269769
2018-04-30 16:00:00+02:00,44.387229331226074
2018-04-30 17:00:00+02:00,46.677004246974846
2018-04-30 18:00:00+02:00,47.105279315447966
2018-04-30 19:00:00+02:00,50.13289006621481
2018-04-30 20:00:00+02:00,52.56801318314656
2018-04-30 21:00:00+02:00,51.77330163550806
2018-04-30 22:00:00+02:00,50.16908742357475
2018-04-30 23:00:00+02:00,47.56660551414516
2018-05-01 00:00:00+02:00,43.91915839829638
2018-05-01 01:00:00+02:00,43.731963874189006
2018-05-01 02:00:00+02:00,40.40458648029022
2018-05-01 03:00:00+02:00,38.725204586152444
2018-05-01 04:00:00+02:00,38.50253908584827
2018-05-01 05:00:00+02:00,42.119966004670154
2018-05-01 06:00:00+02:00,47.127349199737885
2018-05-01 07:00:00+02:00,50.62434966208206
2018-05-01 08:00:00+02:00,53.48610598088011
2018-05-01 09:00:00+02:00,54.97249131321426
2018-05-01 10:00:00+02:00,55.76618345512823
2018-05-01 11:00:00+02:00,54.55518038789179
2018-05-01 12:00:00+02:00,54.42550569901282
2018-05-01 13:00:00+02:00,54.84368443581653
2018-05-01 14:00:00+02:00,53.25065104165644
2018-05-01 15:00:00+02:00,52.07492280451975
2018-05-01 16:00:00+02:00,50.80135004384944
2018-05-01 17:00:00+02:00,50.873810979203185
2018-05-01 18:00:00+02:00,50.81272044568626
2018-05-01 19:00:00+02:00,52.948756958161596
2018-05-01 20:00:00+02:00,54.39121862751032
2018-05-01 21:00:00+02:00,57.73130956805564
2018-05-01 22:00:00+02:00,53.06665269392557
2018-05-01 23:00:00+02:00,50.31652705260767
2018-05-02 00:00:00+02:00,49.70699225813938
2018-05-02 01:00:00+02:00,47.60104056877012
2018-05-02 02:00:00+02:00,44.60747314449412
2018-05-02 03:00:00+02:00,44.1414716571725
2018-05-02 04:00:00+02:00,42.28391146074436
2018-05-02 05:00:00+02:00,44.64423281644965
2018-05-02 06:00:00+02:00,50.46398019533264
2018-05-02 07:00:00+02:00,50.71332747899331
2018-05-02 08:00:00+02:00,58.15813365371254
2018-05-02 09:00:00+02:00,58.89660271899495
2018-05-02 10:00:00+02:00,57.937027354123515
2018-05-02 11:00:00+02:00,54.62908775454558
2018-05-02 12:00:00+02:00,51.89354935517691
2018-05-02 13:00:00+02:00,50.53745139566474
2018-05-02 14:00:00+02:00,52.748418598824905
2018-05-02 15:00:00+02:00,50.48674638435208
2018-05-02 16:00:00+02:00,51.303242352685764
2018-05-02 17:00:00+02:00,51.86314602077795
2018-05-02 18:00:00+02:00,54.40224212968285
2018-05-02 19:00:00+02:00,53.98087927672634
2018-05-02 20:00:00+02:00,55.31862287213481
2018-05-02 21:00:00+02:00,58.58494986889461
2018-05-02 22:00:00+02:00,56.722865712812144
2018-05-02 23:00:00+02:00,52.561374708382445
2018-05-03 00:00:00+02:00,54.360466225050025
2018-05-03 01:00:00+02:00,48.37490677776883
2018-05-03 02:00:00+02:00,44.4812962047162
2018-05-03 03:00:00+02:00,43.96911150210265
2018-05-03 04:00:00+02:00,42.83320733154785
2018-05-03 05:00:00+02:00,44.037422357346934
2018-05-03 06:00:00+02:00,50.62375457457961
2018-05-03 07:00:00+02:00,54.89838814267058
2018-05-03 08:00:00+02:00,57.66765620851619
2018-05-03 09:00:00+02:00,58.79062392084034
2018-05-03 10:00:00+02:00,53.96968554840048
2018-05-03 11:00:00+02:00,54.57345125595388
2018-05-03 12:00:00+02:00,53.913640915212206
2018-05-03 13:00:00+02:00,51.7674113885064
2018-05-03 14:00:00+02:00,51.125486974764044
2018-05-03 15:00:00+02:00,50.75512660667139
2018-05-03 16:00:00+02:00,48.679626768493414
2018-05-03 17:00:00+02:00,49.02604011734271
2018-05-03 18:00:00+02:00,54.5512531333122
2018-05-03 19:00:00+02:00,53.44393068338604
2018-05-03 20:00:00+02:00,55.64433960104737
2018-05-03 21:00:00+02:00,55.85401521473816
2018-05-03 22:00:00+02:00,55.31265577963914
2018-05-03 23:00:00+02:00,52.09219088538186
2018-05-04 00:00:00+02:00,51.038813407180136
2018-05-04 01:00:00+02:00,45.66866726116665
2018-05-04 02:00:00+02:00,43.414492123346506
2018-05-04 03:00:00+02:00,44.36081723084126
2018-05-04 04:00:00+02:00,42.894244097123945
2018-05-04 05:00:00+02:00,44.24762619902831
2018-05-04 06:00:00+02:00,51.67900927196565
2018-05-04 07:00:00+02:00,56.95198357742577
2018-05-04 08:00:00+02:00,56.826103178457316
2018-05-04 09:00:00+02:00,57.80086707866485
2018-05-04 10:00:00+02:00,57.425581719564356
2018-05-04 11:00:00+02:00,57.11374014590351
2018-05-04 12:00:00+02:00,56.224228582646916
2018-05-04 13:00:00+02:00,55.93721021858231
2018-05-04 14:00:00+02:00,54.747300216606554
2018-05-04 15:00:00+02:00,54.099910607482634
2018-05-04 16:00:00+02:00,54.48598430767483
2018-05-04 17:00:00+02:00,55.158881150327026
2018-05-04 18:00:00+02:00,55.74313032486374
2018-05-04 19:00:00+02:00,56.9973713021308
2018-05-04 20:00:00+02:00,59.15795053704282
2018-05-04 21:00:00+02:00,59.27592699382284
2018-05-04 22:00:00+02:00,57.401594968277564
2018-05-04 23:00:00+02:00,55.659300769915845
2018-05-05 00:00:00+02:00,48.90823246425419
2018-05-05 01:00:00+02:00,46.177107982399676
2018-05-05 02:00:00+02:00,44.050785985922154
2018-05-05 03:00:00+02:00,45.59260365387406
2018-05-05 04:00:00+02:00,44.64511592604458
2018-05-05 05:00:00+02:00,44.67921132788828
2018-05-05 06:00:00+02:00,45.5020462970721
2018-05-05 07:00:00+02:00,46.6148765490925
2018-05-05 08:00:00+02:00,48.54808064411451
2018-05-05 09:00:00+02:00,51.321238830291975
2018-05-05 10:00:00+02:00,51.23322136896556
2018-05-05 11:00:00+02:00,49.43572524303235
2018-05-05 12:00:00+02:00,49.84556919295894
2018-05-05 13:00:00+02:00,48.79076195698447
2018-05-05 14:00:00+02:00,46.83242109336364
2018-05-05 15:00:00+02:00,45.07197747542636
2018-05-05 16:00:00+02:00,44.36087824731502
2018-05-05 17:00:00+02:00,44.95391614553538
2018-05-05 18:00:00+02:00,46.429641590112546
2018-05-05 19:00:00+02:00,47.78227141027348
2018-05-05 20:00:00+02:00,52.82501877975306
2018-05-05 21:00:00+02:00,55.95962503305892
2018-05-05 22:00:00+02:00,53.00081880972823
2018-05-05 23:00:00+02:00,51.450715325446694
2018-05-06 00:00:00+02:00,44.762029038042186
2018-05-06 01:00:00+02:00,45.05563368499945
2018-05-06 02:00:00+02:00,44.35573467233655
2018-05-06 03:00:00+02:00,42.71819256976771
2018-05-06 04:00:00+02:00,43.34593166247764
2018-05-06 05:00:00+02:00,41.28177498894903
2018-05-06 06:00:00+02:00,43.33360686005172
2018-05-06 07:00:00+02:00,41.73530551892838
2018-05-06 08:00:00+02:00,42.38655458494457
2018-05-06 09:00:00+02:00,42.74356959387073
2018-05-06 10:00:00+02:00,43.27027505653848
2018-05-06 11:00:00+02:00,43.612014628038324
2018-05-06 12:00:00+02:00,43.987935760571936
2018-05-06 13:00:00+02:00,42.321709845557464
2018-05-06 14:00:00+02:00,44.37583009233942
2018-05-06 15:00:00+02:00,40.436603144328565
2018-05-06 16:00:00+02:00,40.38483652235924
2018-05-06 17:00:00+02:00,39.3666031096682
2018-05-06 18:00:00+02:00,41.62959045623451
2018-05-06 19:00:00+02:00,42.93383490867698
2018-05-06 20:00:00+02:00,49.503472815604525
2018-05-06 21:00:00+02:00,53.39080320844625
2018-05-06 22:00:00+02:00,54.32617893874688
2018-05-06 23:00:00+02:00,50.61926775905654
2018-05-07 00:00:00+02:00,54.651062975243526
2018-05-07 01:00:00+02:00,52.601557233998065
2018-05-07 02:00:00+02:00,50.72136575822306
2018-05-07 03:00:00+02:00,49.96014023713674
2018-05-07 04:00:00+02:00,48.97161932602019
2018-05-07 05:00:00+02:00,50.9298954344922
2018-05-07 06:00:00+02:00,54.52257744916177
2018-05-07 07:00:00+02:00,56.8501702081712
2018-05-07 08:00:00+02:00,58.515293712179115
2018-05-07 09:00:00+02:00,58.289212864307736
2018-05-07 10:00:00+02:00,58.703876380555876
2018-05-07 11:00:00+02:00,58.751609548327195
2018-05-07 12:00:00+02:00,62.051157976022715
2018-05-07 13:00:00+02:00,58.725464729576295
2018-05-07 14:00:00+02:00,58.79155340964052
2018-05-07 15:00:00+02:00,56.877465034783036
2018-05-07 16:00:00+02:00,55.708731397940824
2018-05-07 17:00:00+02:00,56.643323516235114
2018-05-07 18:00:00+02:00,57.39419285390827
2018-05-07 19:00:00+02:00,56.33313766566138
2018-05-07 20:00:00+02:00,57.676459697226775
2018-05-07 21:00:00+02:00,61.20236463661173
2018-05-07 22:00:00+02:00,60.601790489371645
2018-05-07 23:00:00+02:00,56.11694244266447
2018-05-08 00:00:00+02:00,56.292515454482064
2018-05-08 01:00:00+02:00,52.96120020579307
2018-05-08 02:00:00+02:00,52.36949564237303
2018-05-08 03:00:00+02:00,51.427078739213265
2018-05-08 04:00:00+02:00,50.10793634563302
2018-05-08 05:00:00+02:00,51.099793804281084
2018-05-08 06:00:00+02:00,54.449601031292495
2018-05-08 07:00:00+02:00,57.49325610887572
2018-05-08 08:00:00+02:00,59.41691813107249
2018-05-08 09:00:00+02:00,60.57979917034605
2018-05-08 10:00:00+02:00,59.810523737453224
2018-05-08 11:00:00+02:00,59.504149692127186
2018-05-08 12:00:00+02:00,60.70107114860117
2018-05-08 13:00:00+02:00,58.76390920803419
2018-05-08 14:00:00+02:00,57.68561739010054
2018-05-08 15:00:00+02:00,55.59351102127656
2018-05-08 16:00:00+02:00,56.15017301233187
2018-05-08 17:00:00+02:00,57.03546390352933
2018-05-08 18:00:00+02:00,58.15641242213868
2018-05-08 19:00:00+02:00,59.676268271494386
2018-05-08 20:00:00+02:00,60.851372633385324
2018-05-08 21:00:00+02:00,61.91531000464917
2018-05-08 22:00:00+02:00,60.48454610143126
2018-05-08 23:00:00+02:00,56.856220352046186
2018-05-09 00:00:00+02:00,55.6088557327412
2018-05-09 01:00:00+02:00,53.66666359518856
2018-05-09 02:00:00+02:00,51.420125024687955
2018-05-09 03:00:00+02:00,50.99740544626139
2018-05-09 04:00:00+02:00,48.82720799129867
2018-05-09 05:00:00+02:00,47.59198135190181
2018-05-09 06:00:00+02:00,53.24659027662111
2018-05-09 07:00:00+02:00,56.779342297162536
2018-05-09 08:00:00+02:00,58.45904399720617
2018-05-09 09:00:00+02:00,59.57268671796056
2018-05-09 10:00:00+02:00,60.156558542976335
2018-05-09 11:00:00+02:00,60.06365933688739
2018-05-09 12:00:00+02:00,59.394240313470604
2018-05-09 13:00:00+02:00,58.612047574313294
2018-05-09 14:00:00+02:00,57.94987306512221
2018-05-09 15:00:00+02:00,54.29047964652591
2018-05-09 16:00:00+02:00,54.14658082733589
2018-05-09 17:00:00+02:00,54.853043779804125
2018-05-09 18:00:00+02:00,56.571586410841725
2018-05-09 19:00:00+02:00,57.1710685693462
2018-05-09 20:00:00+02:00,58.529147807758264
2018-05-09 21:00:00+02:00,58.18981723287315
2018-05-09 22:00:00+02:00,55.233760197765264
2018-05-09 23:00:00+02:00,54.19708840239875
2018-05-10 00:00:00+02:00,53.98454611040173
2018-05-10 01:00:00+02:00,50.42761837910461
2018-05-10 02:00:00+02:00,48.85381611663697
2018-05-10 03:00:00+02:00,48.55994677162696
2018-05-10 04:00:00+02:00,47.732525492248854
2018-05-10 05:00:00+02:00,46.396194127840474
2018-05-10 06:00:00+02:00,51.53239708321828
2018-05-10 07:00:00+02:00,52.41492815966652
2018-05-10 08:00:00+02:00,57.23391476911376
2018-05-10 09:00:00+02:00,58.66472932804162
2018-05-10 10:00:00+02:00,58.3827166098817
2018-05-10 11:00:00+02:00,57.346046904306036
2018-05-10 12:00:00+02:00,57.25563272862289
2018-05-10 13:00:00+02:00,56.45767171285713
2018-05-10 14:00:00+02:00,55.15556267728695
2018-05-10 15:00:00+02:00,54.11321965582712
2018-05-10 16:00:00+02:00,54.544678669618605
2018-05-10 17:00:00+02:00,54.607340013378085
2018-05-10 18:00:00+02:00,56.31249433925693
2018-05-10 19:00:00+02:00,57.01181252702043
2018-05-10 20:00:00+02:00,59.86422348147634
2018-05-10 21:00:00+02:00,61.07387283724747
2018-05-10 22:00:00+02:00,58.312432249451874
2018-05-10 23:00:00+02:00,55.68097904439164
2018-05-11 00:00:00+02:00,56.119527987089526
2018-05-11 01:00:00+02:00,51.7469832681051
2018-05-11 02:00:00+02:00,49.61364827967199
2018-05-11 03:00:00+02:00,50.02779684763941
2018-05-11 04:00:00+02:00,49.88569970018602
2018-05-11 05:00:00+02:00,51.27435142397432
2018-05-11 06:00:00+02:00,56.28766990195502
2018-05-11 07:00:00+02:00,57.86906207581545
2018-05-11 08:00:00+02:00,59.891896233479486
2018-05-11 09:00:00+02:00,59.34376359771382
2018-05-11 10:00:00+02:00,58.91135344834499
2018-05-11 11:00:00+02:00,58.48214458645946
2018-05-11 12:00:00+02:00,58.332611187651565
2018-05-11 13:00:00+02:00,58.689119142106385
2018-05-11 14:00:00+02:00,57.92303747647257
2018-05-11 15:00:00+02:00,55.16306885201026
2018-05-11 16:00:00+02:00,54.406356777028165
2018-05-11 17:00:00+02:00,53.91299324589252
2018-05-11 18:00:00+02:00,54.43754144490525
2018-05-11 19:00:00+02:00,55.62914349333154
2018-05-11 20:00:00+02:00,59.195130299445424
2018-05-11 21:00:00+02:00,58.307291390306005
2018-05-11 22:00:00+02:00,58.097414398726826
2018-05-11 23:00:00+02:00,53.03749381728715
2018-05-12 00:00:00+02:00,52.24866034510374
2018-05-12 01:00:00+02:00,49.549584567551825
2018-05-12 02:00:00+02:00,46.64779143151235
2018-05-12 03:00:00+02:00,46.318647524332064
2018-05-12 04:00:00+02:00,46.25661025950604
2018-05-12 05:00:00+02:00,47.99261713199687
2018-05-12 06:00:00+02:00,48.33284762625257
2018-05-12 07:00:00+02:00,49.65659034555933
2018-05-12 08:00:00+02:00,52.200295380848615
2018-05-12 09:00:00+02:00,50.914093086102255
2018-05-12 10:00:00+02:00,49.82155425440913
2018-05-12 11:00:00+02:00,52.395609784290905
2018-05-12 12:00:00+02:00,53.24145800659001
2018-05-12 13:00:00+02:00,50.69053902148652
2018-05-12 14:00:00+02:00,48.945332790976266
2018-05-12 15:00:00+02:00,46.19709462811924
2018-05-12 16:00:00+02:00,43.697923189522996
2018-05-12 17:00:00+02:00,44.36197477387967
2018-05-12 18:00:00+02:00,45.203496006300476
2018-05-12 19:00:00+02:00,50.306054835247274
2018-05-12 20:00:00+02:00,50.396421467046025
2018-05-12 21:00:00+02:00,49.51102882304172
2018-05-12 22:00:00+02:00,50.446117065235704
2018-05-12 23:00:00+02:00,46.31646738049554
2018-05-13 00:00:00+02:00,43.955201093130185
2018-05-13 01:00:00+02:00,44.32215544193406
2018-05-13 02:00:00+02:00,42.335101114621516
2018-05-13 03:00:00+02:00,42.62461997654778
2018-05-13 04:00:00+02:00,37.232080101295075
2018-05-13 05:00:00+02:00,42.272581206465816
2018-05-13 06:00:00+02:00,45.61323334716146
2018-05-13 07:00:00+02:00,44.126867553158284
2018-05-13 08:00:00+02:00,45.81644306239779
2018-05-13 09:00:00+02:00,48.63229991082517
2018-05-13 10:00:00+02:00,47.49465467667318
2018-05-13 11:00:00+02:00,47.28479140873174
2018-05-13 12:00:00+02:00,47.84114394737342
2018-05-13 13:00:00+02:00,47.6851304975649
2018-05-13 14:00:00+02:00,44.01040353974479
2018-05-13 15:00:00+02:00,43.6497297997438
2018-05-13 16:00:00+02:00,40.35667619599644
2018-05-13 17:00:00+02:00,42.415858985138165
2018-05-13 18:00:00+02:00,45.63175095715081
2018-05-13 19:00:00+02:00,47.54579647942501
2018-05-13 20:00:00+02:00,52.26386496819849
2018-05-13 21:00:00+02:00,53.18310534380861
2018-05-13 22:00:00+02:00,54.78634566737354
2018-05-13 23:00:00+02:00,53.64973971125028
2018-05-14 00:00:00+02:00,48.07664633715776
2018-05-14 01:00:00+02:00,42.864175625080044
2018-05-14 02:00:00+02:00,41.45467253261946
2018-05-14 03:00:00+02:00,42.70331540797259
2018-05-14 04:00:00+02:00,42.59564637547415
2018-05-14 05:00:00+02:00,40.6261181672468
2018-05-14 06:00:00+02:00,45.81170206351515
2018-05-14 07:00:00+02:00,53.796375569282695
2018-05-14 08:00:00+02:00,52.2312070592009
2018-05-14 09:00:00+02:00,53.24817728501628
2018-05-14 10:00:00+02:00,53.172968172404914
2018-05-14 11:00:00+02:00,53.50943425559405
2018-05-14 12:00:00+02:00,53.79401623443259
2018-05-14 13:00:00+02:00,53.13158390621288
2018-05-14 14:00:00+02:00,53.509358449931575
2018-05-14 15:00:00+02:00,52.69962972074216
2018-05-14 16:00:00+02:00,50.084590681239945
2018-05-14 17:00:00+02:00,49.691322522221824
2018-05-14 18:00:00+02:00,52.14318352691897
2018-05-14 19:00:00+02:00,49.63610430917315
2018-05-14 20:00:00+02:00,50.59902772124955
2018-05-14 21:00:00+02:00,52.26257447952522
2018-05-14 22:00:00+02:00,53.626604478616
2018-05-14 23:00:00+02:00,49.15423408879098
2018-05-15 00:00:00+02:00,47.273802233626924
2018-05-15 01:00:00+02:00,43.49043732894999
2018-05-15 02:00:00+02:00,42.36614656388879
2018-05-15 03:00:00+02:00,43.54484179356174
2018-05-15 04:00:00+02:00,41.72049074075306
2018-05-15 05:00:00+02:00,46.178680383333266
2018-05-15 06:00:00+02:00,47.032681892338225
2018-05-15 07:00:00+02:00,52.14975954839457
2018-05-15 08:00:00+02:00,54.261260759603964
2018-05-15 09:00:00+02:00,53.15100820151282
2018-05-15 10:00:00+02:00,52.849708566418414
2018-05-15 11:00:00+02:00,51.5444577274567
2018-05-15 12:00:00+02:00,51.766635229187074
2018-05-15 13:00:00+02:00,51.81672498099083
2018-05-15 14:00:00+02:00,50.539048194235846
2018-05-15 15:00:00+02:00,47.51371122284411
2018-05-15 16:00:00+02:00,47.476593071841236
2018-05-15 17:00:00+02:00,48.00254829985674
2018-05-15 18:00:00+02:00,48.47977857282789
2018-05-15 19:00:00+02:00,49.836912537399236
2018-05-15 20:00:00+02:00,51.93825516153881
2018-05-15 21:00:00+02:00,54.53712100575651
2018-05-15 22:00:00+02:00,52.75025849117451
2018-05-15 23:00:00+02:00,46.67490130852558
2018-05-16 00:00:00+02:00,47.09018042425346
2018-05-16 01:00:00+02:00,44.46310007608338
2018-05-16 02:00:00+02:00,45.74038595480166
2018-05-16 03:00:00+02:00,42.57008995671232
2018-05-16 04:00:00+02:00,41.59609233487878
2018-05-16 05:00:00+02:00,45.58459530079946
2018-05-16 06:00:00+02:00,48.182537318695225
2018-05-16 07:00:00+02:00,51.96733390263389
2018-05-16 08:00:00+02:00,52.09655850407222
2018-05-16 09:00:00+02:00,50.04410078413151
2018-05-16 10:00:00+02:00,51.286518305650986
2018-05-16 11:00:00+02:00,52.92940848292576
2018-05-16 12:00:00+02:00,52.91015771114419
2018-05-16 13:00:00+02:00,53.20652405939129
2018-05-16 14:00:00+02:00,51.6794478818145
2018-05-16 15:00:00+02:00,49.19573738703707
2018-05-16 16:00:00+02:00,49.5912855995454
2018-05-16 17:00:00+02:00,48.82729076532789
2018-05-16 18:00:00+02:00,50.323527730500565
2018-05-16 19:00:00+02:00,51.090111907139054
2018-05-16 20:00:00+02:00,53.58098715216067
2018-05-16 21:00:00+02:00,55.72509207908408
2018-05-16 22:00:00+02:00,54.470194585905766
2018-05-16 23:00:00+02:00,51.282404571063296
2018-05-17 00:00:00+02:00,52.24320313831526
2018-05-17 01:00:00+02:00,49.23698245480224
2018-05-17 02:00:00+02:00,45.46730851868207
2018-05-17 03:00:00+02:00,46.391488178385124
2018-05-17 04:00:00+02:00,46.94623616481289
2018-05-17 05:00:00+02:00,46.47520291173174
2018-05-17 06:00:00+02:00,50.14515318934073
2018-05-17 07:00:00+02:00,52.33347635191292
2018-05-17 08:00:00+02:00,54.36990765472215
2018-05-17 09:00:00+02:00,54.79842433292043
2018-05-17 10:00:00+02:00,54.80042267170901
2018-05-17 11:00:00+02:00,54.41497711630476
2018-05-17 12:00:00+02:00,55.16052098324227
2018-05-17 13:00:00+02:00,54.55535121227443
2018-05-17 14:00:00+02:00,51.987572746298255
2018-05-17 15:00:00+02:00,51.46509994824364
2018-05-17 16:00:00+02:00,49.559716279455756
2018-05-17 17:00:00+02:00,49.83569163265535
2018-05-17 18:00:00+02:00,51.613684686774036
2018-05-17 19:00:00+02:00,51.22621119260822
2018-05-17 20:00:00+02:00,51.744498705494514
2018-05-17 21:00:00+02:00,55.121411724476495
2018-05-17 22:00:00+02:00,53.027464166397046
2018-05-17 23:00:00+02:00,49.74718800312688
2018-05-18 00:00:00+02:00,50.07149325934636
2018-05-18 01:00:00+02:00,45.51409003525596
2018-05-18 02:00:00+02:00,46.395568668232876
2018-05-18 03:00:00+02:00,46.21595760129123
2018-05-18 04:00:00+02:00,43.72681899349808
2018-05-18 05:00:00+02:00,48.2752461400017
2018-05-18 06:00:00+02:00,50.303668409616726
2018-05-18 07:00:00+02:00,54.98726835332502
2018-05-18 08:00:00+02:00,54.460702219430424
2018-05-18 09:00:00+02:00,56.26220668047342
2018-05-18 10:00:00+02:00,55.87452568487321
2018-05-18 11:00:00+02:00,54.907894075295204
2018-05-18 12:00:00+02:00,55.00033670099964
2018-05-18 13:00:00+02:00,53.56225976466408
2018-05-18 14:00:00+02:00,51.8995066393062
2018-05-18 15:00:00+02:00,51.20211995211555
2018-05-18 16:00:00+02:00,50.19757366482424
2018-05-18 17:00:00+02:00,49.330211226345654
2018-05-18 18:00:00+02:00,51.17788585137842
2018-05-18 19:00:00+02:00,54.29583227687577
2018-05-18 20:00:00+02:00,54.646192428963396
2018-05-18 21:00:00+02:00,55.08711538873176
2018-05-18 22:00:00+02:00,54.65651509183772
2018-05-18 23:00:00+02:00,52.6633566403147
2018-05-19 00:00:00+02:00,54.10132553086466
2018-05-19 01:00:00+02:00,51.91363007097685
2018-05-19 02:00:00+02:00,49.9787474450199
2018-05-19 03:00:00+02:00,49.09519534355781
2018-05-19 04:00:00+02:00,50.899733424943854
2018-05-19 05:00:00+02:00,49.08282707743491
2018-05-19 06:00:00+02:00,49.23522485979869
2018-05-19 07:00:00+02:00,50.530848683300356
2018-05-19 08:00:00+02:00,50.62676364803207
2018-05-19 09:00:00+02:00,50.79220175987344
2018-05-19 10:00:00+02:00,52.369579417264056
2018-05-19 11:00:00+02:00,52.98216939768461
2018-05-19 12:00:00+02:00,53.1882298506618
2018-05-19 13:00:00+02:00,50.58043193511665
2018-05-19 14:00:00+02:00,48.85593771130411
2018-05-19 15:00:00+02:00,48.238752407013706
2018-05-19 16:00:00+02:00,47.286287556705624
2018-05-19 17:00:00+02:00,47.298278165911334
2018-05-19 18:00:00+02:00,49.44442581742963
2018-05-19 19:00:00+02:00,52.28688332075004
2018-05-19 20:00:00+02:00,55.13409486730413
2018-05-19 21:00:00+02:00,55.89849006800659
2018-05-19 22:00:00+02:00,57.35627742186263
2018-05-19 23:00:00+02:00,54.1863549702944
2018-05-20 00:00:00+02:00,52.57070185101243
2018-05-20 01:00:00+02:00,51.36757411169847
2018-05-20 02:00:00+02:00,44.92324620962786
2018-05-20 03:00:00+02:00,46.59331074314333
2018-05-20 04:00:00+02:00,47.709678438267176
2018-05-20 05:00:00+02:00,48.42857357360474
2018-05-20 06:00:00+02:00,46.90134987083411
2018-05-20 07:00:00+02:00,48.24413332288635
2018-05-20 08:00:00+02:00,47.87866384488402
2018-05-20 09:00:00+02:00,45.54133938163577
2018-05-20 10:00:00+02:00,48.08459629846239
2018-05-20 11:00:00+02:00,47.46827794561856
2018-05-20 12:00:00+02:00,47.194308912210765
2018-05-20 13:00:00+02:00,46.40410069659256
2018-05-20 14:00:00+02:00,42.58538561677874
2018-05-20 15:00:00+02:00,41.98955454381513
2018-05-20 16:00:00+02:00,39.161199325119064
2018-05-20 17:00:00+02:00,41.36521552726501
2018-05-20 18:00:00+02:00,42.11481392733717
2018-05-20 19:00:00+02:00,45.32063556199579
2018-05-20 20:00:00+02:00,51.99923663634425
2018-05-20 21:00:00+02:00,52.94808532397194
2018-05-20 22:00:00+02:00,52.64469905534618
2018-05-20 23:00:00+02:00,52.22106654071947
2018-05-21 00:00:00+02:00,53.7009326623972
2018-05-21 01:00:00+02:00,51.53503968587544
2018-05-21 02:00:00+02:00,49.34417873215407
2018-05-21 03:00:00+02:00,49.87129169523243
2018-05-21 04:00:00+02:00,50.46642884066611
2018-05-21 05:00:00+02:00,48.25283763917691
2018-05-21 06:00:00+02:00,51.329518552836916
2018-05-21 07:00:00+02:00,55.12217905264992
2018-05-21 08:00:00+02:00,57.42782059735829
2018-05-21 09:00:00+02:00,58.38915490487612
2018-05-21 10:00:00+02:00,58.667569661988736
2018-05-21 11:00:00+02:00,58.613090521040114
2018-05-21 12:00:00+02:00,58.4945954557388
2018-05-21 13:00:00+02:00,57.48560368418358
2018-05-21 14:00:00+02:00,56.47258976838973
2018-05-21 15:00:00+02:00,51.14795175552222
2018-05-21 16:00:00+02:00,53.77764414705066
2018-05-21 17:00:00+02:00,54.17118275814759
2018-05-21 18:00:00+02:00,53.86835413297046
2018-05-21 19:00:00+02:00,54.20504781971057
2018-05-21 20:00:00+02:00,58.0098390694105
2018-05-21 21:00:00+02:00,57.78186204845674
2018-05-21 22:00:00+02:00,55.898650150745276
2018-05-21 23:00:00+02:00,53.79384045728191
2018-05-22 00:00:00+02:00,53.11305058084753
2018-05-22 01:00:00+02:00,49.81170405582955
2018-05-22 02:00:00+02:00,48.37217692597595
2018-05-22 03:00:00+02:00,48.00020545053612
2018-05-22 04:00:00+02:00,49.07050927651292
2018-05-22 05:00:00+02:00,49.84373440468263
2018-05-22 06:00:00+02:00,54.73828095533908
2018-05-22 07:00:00+02:00,57.654168891767725
2018-05-22 08:00:00+02:00,57.91069727040185
2018-05-22 09:00:00+02:00,58.99000529174479
2018-05-22 10:00:00+02:00,58.48723389899233
2018-05-22 11:00:00+02:00,58.01593509323227
2018-05-22 12:00:00+02:00,57.96849746591821
2018-05-22 13:00:00+02:00,56.52488807447015
2018-05-22 14:00:00+02:00,55.715862083180646
2018-05-22 15:00:00+02:00,55.12631255794983
2018-05-22 16:00:00+02:00,53.37876432098102
2018-05-22 17:00:00+02:00,54.64904220576192
2018-05-22 18:00:00+02:00,55.472879222777884
2018-05-22 19:00:00+02:00,55.761860755887966
2018-05-22 20:00:00+02:00,57.29628744938547
2018-05-22 21:00:00+02:00,59.191108671045704
2018-05-22 22:00:00+02:00,56.90729935866825
2018-05-22 23:00:00+02:00,55.29835320744957
2018-05-23 00:00:00+02:00,55.59878028321887
2018-05-23 01:00:00+02:00,53.45992688547547
2018-05-23 02:00:00+02:00,50.311823816191236
2018-05-23 03:00:00+02:00,48.66258855035389
2018-05-23 04:00:00+02:00,49.084808107454215
2018-05-23 05:00:00+02:00,49.56353394709751
2018-05-23 06:00:00+02:00,52.64147509539417
2018-05-23 07:00:00+02:00,56.04275947459581
2018-05-23 08:00:00+02:00,58.469785531026076
2018-05-23 09:00:00+02:00,59.76264011031287
2018-05-23 10:00:00+02:00,61.827185790811605
2018-05-23 11:00:00+02:00,61.51117410660948
2018-05-23 12:00:00+02:00,61.12724724572962
2018-05-23 13:00:00+02:00,60.828510974347815
2018-05-23 14:00:00+02:00,59.71412637852596
2018-05-23 15:00:00+02:00,58.01979484775661
2018-05-23 16:00:00+02:00,55.879529108716724
2018-05-23 17:00:00+02:00,56.04056606263218
2018-05-23 18:00:00+02:00,56.467716895369456
2018-05-23 19:00:00+02:00,56.72186391268575
2018-05-23 20:00:00+02:00,55.125878520393876
2018-05-23 21:00:00+02:00,59.13351960042942
2018-05-23 22:00:00+02:00,57.45626557669615
2018-05-23 23:00:00+02:00,55.13325419951534
2018-05-24 00:00:00+02:00,55.06041570328768
2018-05-24 01:00:00+02:00,51.68703733478226
2018-05-24 02:00:00+02:00,49.8794268976116
2018-05-24 03:00:00+02:00,50.347126820124444
2018-05-24 04:00:00+02:00,49.810983800098455
2018-05-24 05:00:00+02:00,48.81531639791408
2018-05-24 06:00:00+02:00,54.19750781669697
2018-05-24 07:00:00+02:00,54.63427986916932
2018-05-24 08:00:00+02:00,59.13138536154457
2018-05-24 09:00:00+02:00,57.341681009604606
2018-05-24 10:00:00+02:00,59.83847066299256
2018-05-24 11:00:00+02:00,59.874536098179746
2018-05-24 12:00:00+02:00,59.4325722350695
2018-05-24 13:00:00+02:00,59.52271685338505
2018-05-24 14:00:00+02:00,59.104307860261855
2018-05-24 15:00:00+02:00,57.13312711690179
2018-05-24 16:00:00+02:00,54.869902324114605
2018-05-24 17:00:00+02:00,54.022766929854804
2018-05-24 18:00:00+02:00,55.62030203333344
2018-05-24 19:00:00+02:00,55.28878793810858
2018-05-24 20:00:00+02:00,56.42183531612322
2018-05-24 21:00:00+02:00,58.26347262148557
2018-05-24 22:00:00+02:00,56.20600720474675
2018-05-24 23:00:00+02:00,53.94413900342962
2018-05-25 00:00:00+02:00,51.84233630702824
2018-05-25 01:00:00+02:00,51.446913591620934
2018-05-25 02:00:00+02:00,48.71902885536948
2018-05-25 03:00:00+02:00,49.98546601032832
2018-05-25 04:00:00+02:00,50.390557540031885
2018-05-25 05:00:00+02:00,51.71818514874045
2018-05-25 06:00:00+02:00,52.47595904816982
2018-05-25 07:00:00+02:00,55.24310304987526
2018-05-25 08:00:00+02:00,56.5660408110055
2018-05-25 09:00:00+02:00,57.12010531069365
2018-05-25 10:00:00+02:00,59.06609681157591
2018-05-25 11:00:00+02:00,58.14988612261829
2018-05-25 12:00:00+02:00,59.33021377033879
2018-05-25 13:00:00+02:00,58.33066769889866
2018-05-25 14:00:00+02:00,57.961220000167074
2018-05-25 15:00:00+02:00,55.94046554311051
2018-05-25 16:00:00+02:00,53.84018604208665
2018-05-25 17:00:00+02:00,57.04226520327592
2018-05-25 18:00:00+02:00,55.70859717275387
2018-05-25 19:00:00+02:00,55.07211856261237
2018-05-25 20:00:00+02:00,53.95850354377721
2018-05-25 21:00:00+02:00,55.60796673312013
2018-05-25 22:00:00+02:00,56.370075924100725
2018-05-25 23:00:00+02:00,53.24936744311056
2018-05-26 00:00:00+02:00,56.39742100579378
2018-05-26 01:00:00+02:00,53.579325073956646
2018-05-26 02:00:00+02:00,51.12098579726973
2018-05-26 03:00:00+02:00,51.057493536778765
2018-05-26 04:00:00+02:00,49.59907410390319
2018-05-26 05:00:00+02:00,47.86896015351493
2018-05-26 06:00:00+02:00,48.18164656612283
2018-05-26 07:00:00+02:00,49.78560705408278
2018-05-26 08:00:00+02:00,50.8601643565832
2018-05-26 09:00:00+02:00,52.41479005887255
2018-05-26 10:00:00+02:00,52.09160469207771
2018-05-26 11:00:00+02:00,51.20121542908619
2018-05-26 12:00:00+02:00,50.65197070945157
2018-05-26 13:00:00+02:00,51.492947150955125
2018-05-26 14:00:00+02:00,50.608288548867236
2018-05-26 15:00:00+02:00,48.91919114534601
2018-05-26 16:00:00+02:00,49.01423654081146
2018-05-26 17:00:00+02:00,48.15316100857169
2018-05-26 18:00:00+02:00,49.90643633524305
2018-05-26 19:00:00+02:00,51.586797979692214
2018-05-26 20:00:00+02:00,55.207344060993265
2018-05-26 21:00:00+02:00,57.18386822031879
2018-05-26 22:00:00+02:00,56.59505293674377
2018-05-26 23:00:00+02:00,54.64842948636055
2018-05-27 00:00:00+02:00,55.463309031682016
2018-05-27 01:00:00+02:00,54.17522821197806
2018-05-27 02:00:00+02:00,49.64789410182204
2018-05-27 03:00:00+02:00,47.49603115571
2018-05-27 04:00:00+02:00,48.65234729332503
2018-05-27 05:00:00+02:00,47.2864549191708
2018-05-27 06:00:00+02:00,47.10163028246288
2018-05-27 07:00:00+02:00,47.17758011285857
2018-05-27 08:00:00+02:00,45.69075488016032
2018-05-27 09:00:00+02:00,47.946497749747586
2018-05-27 10:00:00+02:00,49.53818330758908
2018-05-27 11:00:00+02:00,49.78638750728467
2018-05-27 12:00:00+02:00,49.11724837783295
2018-05-27 13:00:00+02:00,48.449313167445894
2018-05-27 14:00:00+02:00,47.19544282810847
2018-05-27 15:00:00+02:00,44.212121491536095
2018-05-27 16:00:00+02:00,42.442966144481
2018-05-27 17:00:00+02:00,43.005427465583004
2018-05-27 18:00:00+02:00,42.75327600162296
2018-05-27 19:00:00+02:00,48.67226805213147
2018-05-27 20:00:00+02:00,52.97523517430555
2018-05-27 21:00:00+02:00,54.47130555869422
2018-05-27 22:00:00+02:00,54.881940103124606
2018-05-27 23:00:00+02:00,52.298771299687324
2018-05-28 00:00:00+02:00,54.14271174636107
2018-05-28 01:00:00+02:00,51.68330592576131
2018-05-28 02:00:00+02:00,48.40559468302435
2018-05-28 03:00:00+02:00,48.29476987408369
2018-05-28 04:00:00+02:00,46.98790865021345
2018-05-28 05:00:00+02:00,45.96000085145777
2018-05-28 06:00:00+02:00,49.560784572491016
2018-05-28 07:00:00+02:00,54.43012531128573
2018-05-28 08:00:00+02:00,58.387476728811926
2018-05-28 09:00:00+02:00,59.79498051654982
2018-05-28 10:00:00+02:00,59.171655705816185
2018-05-28 11:00:00+02:00,59.76214270576145
2018-05-28 12:00:00+02:00,59.76450787993558
2018-05-28 13:00:00+02:00,60.40758244773487
2018-05-28 14:00:00+02:00,59.71579576436107
2018-05-28 15:00:00+02:00,58.75315081157513
2018-05-28 16:00:00+02:00,57.865254337055646
2018-05-28 17:00:00+02:00,56.269867269129065
2018-05-28 18:00:00+02:00,56.75115821819637
2018-05-28 19:00:00+02:00,57.701691695812386
2018-05-28 20:00:00+02:00,56.41127689128337
2018-05-28 21:00:00+02:00,57.623508476715
2018-05-28 22:00:00+02:00,57.59486925671457
2018-05-28 23:00:00+02:00,54.30523803770182
2018-05-29 00:00:00+02:00,55.68796094201928
2018-05-29 01:00:00+02:00,53.42072815444074
2018-05-29 02:00:00+02:00,49.880147442165395
2018-05-29 03:00:00+02:00,48.7794325881067
2018-05-29 04:00:00+02:00,49.405953466217596
2018-05-29 05:00:00+02:00,49.839857314231075
2018-05-29 06:00:00+02:00,53.50679536181217
2018-05-29 07:00:00+02:00,55.59017351083261
2018-05-29 08:00:00+02:00,57.12897053570851
2018-05-29 09:00:00+02:00,58.14788297943954
2018-05-29 10:00:00+02:00,57.991583619304265
2018-05-29 11:00:00+02:00,59.006305670294
2018-05-29 12:00:00+02:00,58.78522559147375
2018-05-29 13:00:00+02:00,59.04601873227725
2018-05-29 14:00:00+02:00,57.36377151334463
2018-05-29 15:00:00+02:00,56.02745098008477
2018-05-29 16:00:00+02:00,51.77835766430697
2018-05-29 17:00:00+02:00,55.44889837567241
2018-05-29 18:00:00+02:00,55.79661748615069
2018-05-29 19:00:00+02:00,56.41985074565264
2018-05-29 20:00:00+02:00,57.07436501766411
2018-05-29 21:00:00+02:00,58.46196388401098
2018-05-29 22:00:00+02:00,57.10594359964279
2018-05-29 23:00:00+02:00,53.815929116291116
2018-05-30 00:00:00+02:00,55.544223403282295
2018-05-30 01:00:00+02:00,52.70361270761991
2018-05-30 02:00:00+02:00,49.64752588210634
2018-05-30 03:00:00+02:00,48.62667322888079
2018-05-30 04:00:00+02:00,47.87226711609688
2018-05-30 05:00:00+02:00,48.334519888939575
2018-05-30 06:00:00+02:00,54.106866312911876
2018-05-30 07:00:00+02:00,56.055374883193444
2018-05-30 08:00:00+02:00,58.424031642833526
2018-05-30 09:00:00+02:00,57.829368661033214
2018-05-30 10:00:00+02:00,58.06743334162295
2018-05-30 11:00:00+02:00,57.019726947666456
2018-05-30 12:00:00+02:00,58.270851057334895
2018-05-30 13:00:00+02:00,58.9357445666081
2018-05-30 14:00:00+02:00,56.48590403461013
2018-05-30 15:00:00+02:00,55.11705743165277
2018-05-30 16:00:00+02:00,53.23458306636803
2018-05-30 17:00:00+02:00,52.31430816659841
2018-05-30 18:00:00+02:00,52.3466925357944
2018-05-30 19:00:00+02:00,55.28493717904738
2018-05-30 20:00:00+02:00,55.97173439339361
2018-05-30 21:00:00+02:00,57.007957281075505
2018-05-30 22:00:00+02:00,55.52108836822258
2018-05-30 23:00:00+02:00,53.17379360428089
2018-05-31 00:00:00+02:00,55.75049890207044
2018-05-31 01:00:00+02:00,53.463072406994584
2018-05-31 02:00:00+02:00,51.0233430316851
2018-05-31 03:00:00+02:00,49.925852310696165
2018-05-31 04:00:00+02:00,48.99743355156119
2018-05-31 05:00:00+02:00,49.26905982543939
2018-05-31 06:00:00+02:00,52.181036460906235
2018-05-31 07:00:00+02:00,54.404814541051856
2018-05-31 08:00:00+02:00,56.5289746010069
2018-05-31 09:00:00+02:00,57.67744765598281
2018-05-31 10:00:00+02:00,58.7998873232926
2018-05-31 11:00:00+02:00,59.1663876961645
2018-05-31 12:00:00+02:00,58.92600520633024
2018-05-31 13:00:00+02:00,57.030307085264866
2018-05-31 14:00:00+02:00,55.6806348303797
2018-05-31 15:00:00+02:00,55.60262840360246
2018-05-31 16:00:00+02:00,55.04431785131959
2018-05-31 17:00:00+02:00,55.67441287753649
2018-05-31 18:00:00+02:00,55.66839148563774
2018-05-31 19:00:00+02:00,55.374124283106305
2018-05-31 20:00:00+02:00,55.74026753064224
2018-05-31 21:00:00+02:00,56.652012481253664
2018-05-31 22:00:00+02:00,55.57379402118062
2018-05-31 23:00:00+02:00,53.3597766075478
2018-06-01 00:00:00+02:00,54.877054127398715
2018-06-01 01:00:00+02:00,54.66521567512221
2018-06-01 02:00:00+02:00,51.366428792316135
2018-06-01 03:00:00+02:00,51.01104812402485
2018-06-01 04:00:00+02:00,50.58412710751633
2018-06-01 05:00:00+02:00,50.45065475002119
2018-06-01 06:00:00+02:00,54.47314986017543
2018-06-01 07:00:00+02:00,55.57145972989544
2018-06-01 08:00:00+02:00,58.928581822637426
2018-06-01 09:00:00+02:00,58.575369644314605
2018-06-01 10:00:00+02:00,57.88336121511977
2018-06-01 11:00:00+02:00,58.9418590447875
2018-06-01 12:00:00+02:00,58.423448831127004
2018-06-01 13:00:00+02:00,58.59067352642574
2018-06-01 14:00:00+02:00,57.78524020733831
2018-06-01 15:00:00+02:00,56.37452803895839
2018-06-01 16:00:00+02:00,55.30584219033673
2018-06-01 17:00:00+02:00,55.586686835566475
2018-06-01 18:00:00+02:00,55.04506011138019
2018-06-01 19:00:00+02:00,53.117794865009486
2018-06-01 20:00:00+02:00,55.06900796557543
2018-06-01 21:00:00+02:00,56.30102081848304
2018-06-01 22:00:00+02:00,57.09848601056889
2018-06-01 23:00:00+02:00,52.06871948405991
2018-06-02 00:00:00+02:00,53.93396678496449
2018-06-02 01:00:00+02:00,53.40522264678381
2018-06-02 02:00:00+02:00,49.39608377787168
2018-06-02 03:00:00+02:00,50.52205880136716
2018-06-02 04:00:00+02:00,49.497419245065885
2018-06-02 05:00:00+02:00,50.97456312952009
2018-06-02 06:00:00+02:00,51.84121821372146
2018-06-02 07:00:00+02:00,51.81082541029734
2018-06-02 08:00:00+02:00,51.16657755625313
2018-06-02 09:00:00+02:00,52.34427455029746
2018-06-02 10:00:00+02:00,55.3036073681921
2018-06-02 11:00:00+02:00,55.06340756517887
2018-06-02 12:00:00+02:00,53.51500523101355
2018-06-02 13:00:00+02:00,53.99985073842126
2018-06-02 14:00:00+02:00,54.034783904686094
2018-06-02 15:00:00+02:00,53.58387616171763
2018-06-02 16:00:00+02:00,50.81163920524263
2018-06-02 17:00:00+02:00,52.5004889788485
2018-06-02 18:00:00+02:00,53.39756652825061
2018-06-02 19:00:00+02:00,53.21565074577359
2018-06-02 20:00:00+02:00,55.369753138557954
2018-06-02 21:00:00+02:00,57.036698013870435
2018-06-02 22:00:00+02:00,59.53324980734755
2018-06-02 23:00:00+02:00,54.520882783699584
2018-06-03 00:00:00+02:00,53.70513702952586
2018-06-03 01:00:00+02:00,49.687326559496725
2018-06-03 02:00:00+02:00,49.37073662850462
2018-06-03 03:00:00+02:00,48.518240761794736
2018-06-03 04:00:00+02:00,48.14417128952014
2018-06-03 05:00:00+02:00,47.165218952829946
2018-06-03 06:00:00+02:00,47.096325545327076
2018-06-03 07:00:00+02:00,49.73913054008886
2018-06-03 08:00:00+02:00,53.98758121671502
2018-06-03 09:00:00+02:00,53.45877393592461
2018-06-03 10:00:00+02:00,53.787781079846106
2018-06-03 11:00:00+02:00,52.88452392318596
2018-06-03 12:00:00+02:00,51.76604458749231
2018-06-03 13:00:00+02:00,52.33367767757582
2018-06-03 14:00:00+02:00,53.101212937730004
2018-06-03 15:00:00+02:00,50.08992142977736
2018-06-03 16:00:00+02:00,49.57554050737729
2018-06-03 17:00:00+02:00,52.274077867025916
2018-06-03 18:00:00+02:00,54.122213402762455
2018-06-03 19:00:00+02:00,57.20069774611364
2018-06-03 20:00:00+02:00,57.87944027961348
2018-06-03 21:00:00+02:00,60.330127386081216
2018-06-03 22:00:00+02:00,58.72546538950482
2018-06-03 23:00:00+02:00,57.769433724745646
2018-06-04 00:00:00+02:00,53.3975810061001
2018-06-04 01:00:00+02:00,49.9738445583288
2018-06-04 02:00:00+02:00,46.07937417012801
2018-06-04 03:00:00+02:00,43.85743872123586
2018-06-04 04:00:00+02:00,42.1190959402129
2018-06-04 05:00:00+02:00,46.00996719406733
2018-06-04 06:00:00+02:00,51.69330750445821
2018-06-04 07:00:00+02:00,57.342948546084635
2018-06-04 08:00:00+02:00,59.39638352680383
2018-06-04 09:00:00+02:00,59.458332107295355
2018-06-04 10:00:00+02:00,60.586994571548956
2018-06-04 11:00:00+02:00,60.5986412241065
2018-06-04 12:00:00+02:00,60.22858073728262
2018-06-04 13:00:00+02:00,61.211137029905274
2018-06-04 14:00:00+02:00,61.33677116705859
2018-06-04 15:00:00+02:00,59.68483859922102
2018-06-04 16:00:00+02:00,59.48881453329664
2018-06-04 17:00:00+02:00,57.84756816789189
2018-06-04 18:00:00+02:00,60.03698756759314
2018-06-04 19:00:00+02:00,58.55446788344445
2018-06-04 20:00:00+02:00,61.46434798903462
2018-06-04 21:00:00+02:00,60.282595019636915
2018-06-04 22:00:00+02:00,59.68044277766476
2018-06-04 23:00:00+02:00,55.49955351697612
2018-06-05 00:00:00+02:00,48.16255897819289
2018-06-05 01:00:00+02:00,45.741076334466264
2018-06-05 02:00:00+02:00,42.684276313323814
2018-06-05 03:00:00+02:00,41.670200108373805
2018-06-05 04:00:00+02:00,44.83368373493737
2018-06-05 05:00:00+02:00,42.68703960523276
2018-06-05 06:00:00+02:00,46.93589741299912
2018-06-05 07:00:00+02:00,54.191049919591215
2018-06-05 08:00:00+02:00,55.821677705172014
2018-06-05 09:00:00+02:00,55.65440456511544
2018-06-05 10:00:00+02:00,55.89693928987439
2018-06-05 11:00:00+02:00,55.67716085081706
2018-06-05 12:00:00+02:00,55.27467070609661
2018-06-05 13:00:00+02:00,53.18712565141118
2018-06-05 14:00:00+02:00,54.227820538614154
2018-06-05 15:00:00+02:00,51.54734109465362
2018-06-05 16:00:00+02:00,53.63943401462348
2018-06-05 17:00:00+02:00,53.74937931476378
2018-06-05 18:00:00+02:00,54.251799708319
2018-06-05 19:00:00+02:00,56.912272849374354
2018-06-05 20:00:00+02:00,55.512844977166125
2018-06-05 21:00:00+02:00,56.37212322318942
2018-06-05 22:00:00+02:00,55.7069591738109
2018-06-05 23:00:00+02:00,53.93392502656258
2018-06-06 00:00:00+02:00,53.832481433686986
2018-06-06 01:00:00+02:00,53.384557536198294
2018-06-06 02:00:00+02:00,50.71094757067443
2018-06-06 03:00:00+02:00,48.944605044047556
2018-06-06 04:00:00+02:00,48.81398518441972
2018-06-06 05:00:00+02:00,49.23776496643154
2018-06-06 06:00:00+02:00,51.87225860194487
2018-06-06 07:00:00+02:00,54.09518077562393
2018-06-06 08:00:00+02:00,55.85700781628794
2018-06-06 09:00:00+02:00,55.964699805782146
2018-06-06 10:00:00+02:00,55.183423271752936
2018-06-06 11:00:00+02:00,55.575933792268216
2018-06-06 12:00:00+02:00,55.82724658433723
2018-06-06 13:00:00+02:00,54.17996599425319
2018-06-06 14:00:00+02:00,53.9081269696778
2018-06-06 15:00:00+02:00,52.78000292392676
2018-06-06 16:00:00+02:00,55.21345909244554
2018-06-06 17:00:00+02:00,55.433041160620405
2018-06-06 18:00:00+02:00,55.02748335227934
2018-06-06 19:00:00+02:00,54.563017088404074
2018-06-06 20:00:00+02:00,55.6663944328745
2018-06-06 21:00:00+02:00,57.08069949888152
2018-06-06 22:00:00+02:00,55.770942448854136
2018-06-06 23:00:00+02:00,53.07152721007589
2018-06-07 00:00:00+02:00,55.498275943379205
2018-06-07 01:00:00+02:00,53.14261047518581
2018-06-07 02:00:00+02:00,49.027957198821404
2018-06-07 03:00:00+02:00,48.5467206922594
2018-06-07 04:00:00+02:00,49.16145020581676
2018-06-07 05:00:00+02:00,49.68520971617689
2018-06-07 06:00:00+02:00,54.1212334718962
2018-06-07 07:00:00+02:00,57.72901850060089
2018-06-07 08:00:00+02:00,58.55634577867081
2018-06-07 09:00:00+02:00,59.30720353268413
2018-06-07 10:00:00+02:00,59.3071989195821
2018-06-07 11:00:00+02:00,59.753258747897426
2018-06-07 12:00:00+02:00,58.11376781987512
2018-06-07 13:00:00+02:00,58.05041729380879
2018-06-07 14:00:00+02:00,57.73240767580894
2018-06-07 15:00:00+02:00,55.70977726784433
2018-06-07 16:00:00+02:00,55.01189631707847
2018-06-07 17:00:00+02:00,55.84795234159069
2018-06-07 18:00:00+02:00,56.62885094272224
2018-06-07 19:00:00+02:00,56.34670261459235
2018-06-07 20:00:00+02:00,58.093825159159614
2018-06-07 21:00:00+02:00,59.91597213454175
2018-06-07 22:00:00+02:00,59.944383828793576
2018-06-07 23:00:00+02:00,55.307578824150625
2018-06-08 00:00:00+02:00,57.537989030490444
2018-06-08 01:00:00+02:00,51.48578576607801
2018-06-08 02:00:00+02:00,48.44861318301766
2018-06-08 03:00:00+02:00,50.23374280142436
2018-06-08 04:00:00+02:00,50.05494117973791
2018-06-08 05:00:00+02:00,49.706703566401394
2018-06-08 06:00:00+02:00,52.8412917951307
2018-06-08 07:00:00+02:00,55.73522549199805
2018-06-08 08:00:00+02:00,59.617752367064426
2018-06-08 09:00:00+02:00,60.14215106677738
2018-06-08 10:00:00+02:00,60.9315492376197
2018-06-08 11:00:00+02:00,59.42216780892362
2018-06-08 12:00:00+02:00,59.81194742599194
2018-06-08 13:00:00+02:00,59.61471938165338
2018-06-08 14:00:00+02:00,59.644954730796336
2018-06-08 15:00:00+02:00,57.05172880318949
2018-06-08 16:00:00+02:00,53.64780722476807
2018-06-08 17:00:00+02:00,54.11467319867872
2018-06-08 18:00:00+02:00,55.326069634050924
2018-06-08 19:00:00+02:00,55.8079300411507
2018-06-08 20:00:00+02:00,56.91724220660113
2018-06-08 21:00:00+02:00,58.86501492203703
2018-06-08 22:00:00+02:00,58.62391774959907
2018-06-08 23:00:00+02:00,55.23140076425261
2018-06-09 00:00:00+02:00,57.09550435306131
2018-06-09 01:00:00+02:00,53.00830549070876
2018-06-09 02:00:00+02:00,50.63746485576467
2018-06-09 03:00:00+02:00,50.08050084186966
2018-06-09 04:00:00+02:00,49.09181428208129
2018-06-09 05:00:00+02:00,50.09164284715193
2018-06-09 06:00:00+02:00,50.10263678731504
2018-06-09 07:00:00+02:00,50.55726481233081
2018-06-09 08:00:00+02:00,53.088064203828814
2018-06-09 09:00:00+02:00,54.478484466404126
2018-06-09 10:00:00+02:00,56.56858188727366
2018-06-09 11:00:00+02:00,55.89286980115025
2018-06-09 12:00:00+02:00,55.042104123848176
2018-06-09 13:00:00+02:00,54.451404301607724
2018-06-09 14:00:00+02:00,52.48888062720328
2018-06-09 15:00:00+02:00,53.81953108486355
2018-06-09 16:00:00+02:00,53.73542141555629
2018-06-09 17:00:00+02:00,51.259472635255996
2018-06-09 18:00:00+02:00,52.14297258698395
2018-06-09 19:00:00+02:00,52.904339865787435
2018-06-09 20:00:00+02:00,55.453390219587234
2018-06-09 21:00:00+02:00,57.42747930867817
2018-06-09 22:00:00+02:00,57.4409657551917
2018-06-09 23:00:00+02:00,54.64825596688908
2018-06-10 00:00:00+02:00,55.82185558654096
2018-06-10 01:00:00+02:00,53.854159989485176
2018-06-10 02:00:00+02:00,49.11338622762847
2018-06-10 03:00:00+02:00,47.92123344599159
2018-06-10 04:00:00+02:00,47.631350525220505
2018-06-10 05:00:00+02:00,47.71142975084667
2018-06-10 06:00:00+02:00,48.89178603960721
2018-06-10 07:00:00+02:00,48.67646908855899
2018-06-10 08:00:00+02:00,53.0259811765536
2018-06-10 09:00:00+02:00,54.22853702120997
2018-06-10 10:00:00+02:00,53.02915733839003
2018-06-10 11:00:00+02:00,55.55235193147163
2018-06-10 12:00:00+02:00,56.73634154261086
2018-06-10 13:00:00+02:00,55.82163572334017
2018-06-10 14:00:00+02:00,55.68151592624318
2018-06-10 15:00:00+02:00,51.076366270949194
2018-06-10 16:00:00+02:00,49.764603490527406
2018-06-10 17:00:00+02:00,51.905854350418004
2018-06-10 18:00:00+02:00,52.28711713617941
2018-06-10 19:00:00+02:00,52.95765298370632
2018-06-10 20:00:00+02:00,57.930773527056076
2018-06-10 21:00:00+02:00,58.440587349510174
2018-06-10 22:00:00+02:00,58.474447912639434
2018-06-10 23:00:00+02:00,55.85274030033146
2018-06-11 00:00:00+02:00,51.192564999050546
2018-06-11 01:00:00+02:00,48.958955303684725
2018-06-11 02:00:00+02:00,48.7003253709598
2018-06-11 03:00:00+02:00,44.63134055533731
2018-06-11 04:00:00+02:00,44.34700170442571
2018-06-11 05:00:00+02:00,43.950926665859505
2018-06-11 06:00:00+02:00,48.229424269444586
2018-06-11 07:00:00+02:00,53.64258766719166
2018-06-11 08:00:00+02:00,56.912060267146956
2018-06-11 09:00:00+02:00,60.33167331231619
2018-06-11 10:00:00+02:00,60.53478935113024
2018-06-11 11:00:00+02:00,60.92510444175433
2018-06-11 12:00:00+02:00,60.2142752264552
2018-06-11 13:00:00+02:00,59.16950402694313
2018-06-11 14:00:00+02:00,57.37160657801371
2018-06-11 15:00:00+02:00,57.670539564833554
2018-06-11 16:00:00+02:00,57.94035776143825
2018-06-11 17:00:00+02:00,57.41681103466529
2018-06-11 18:00:00+02:00,58.05783852775294
2018-06-11 19:00:00+02:00,60.17820857339196
2018-06-11 20:00:00+02:00,59.552343164480554
2018-06-11 21:00:00+02:00,60.77336035505726
2018-06-11 22:00:00+02:00,61.20235931104818
2018-06-11 23:00:00+02:00,57.25601116455322
2018-06-12 00:00:00+02:00,52.98177385498119
2018-06-12 01:00:00+02:00,48.68537623373683
2018-06-12 02:00:00+02:00,45.3316658957651
2018-06-12 03:00:00+02:00,45.23252446012516
2018-06-12 04:00:00+02:00,45.16319156980777
2018-06-12 05:00:00+02:00,43.34065307763919
2018-06-12 06:00:00+02:00,49.402549425768726
2018-06-12 07:00:00+02:00,52.71617353978444
2018-06-12 08:00:00+02:00,56.656230986091614
2018-06-12 09:00:00+02:00,56.36846333472152
2018-06-12 10:00:00+02:00,56.72630147472864
2018-06-12 11:00:00+02:00,58.1016044694833
2018-06-12 12:00:00+02:00,56.771393629524354
2018-06-12 13:00:00+02:00,56.58783730353236
2018-06-12 14:00:00+02:00,56.07022273662339
2018-06-12 15:00:00+02:00,55.2476614622821
2018-06-12 16:00:00+02:00,56.037227599435205
2018-06-12 17:00:00+02:00,56.5259292989327
2018-06-12 18:00:00+02:00,56.7734221849146
2018-06-12 19:00:00+02:00,55.88981530109431
2018-06-12 20:00:00+02:00,56.85298291694773
2018-06-12 21:00:00+02:00,57.30139902165961
2018-06-12 22:00:00+02:00,57.43413486000712
2018-06-12 23:00:00+02:00,55.39047802051055
2018-06-13 00:00:00+02:00,54.519461782326076
2018-06-13 01:00:00+02:00,49.10959696964907
2018-06-13 02:00:00+02:00,45.83201361252866
2018-06-13 03:00:00+02:00,46.33570706526685
2018-06-13 04:00:00+02:00,47.18323235963862
2018-06-13 05:00:00+02:00,47.25385059661951
2018-06-13 06:00:00+02:00,51.759493257672155
2018-06-13 07:00:00+02:00,54.08760201618944
2018-06-13 08:00:00+02:00,56.52705128675568
2018-06-13 09:00:00+02:00,57.88389702955748
2018-06-13 10:00:00+02:00,58.77876372398704
2018-06-13 11:00:00+02:00,57.71421270369286
2018-06-13 12:00:00+02:00,58.15070064953623
2018-06-13 13:00:00+02:00,57.51896989945789
2018-06-13 14:00:00+02:00,57.38451896218014
2018-06-13 15:00:00+02:00,56.16675195848098
2018-06-13 16:00:00+02:00,56.300185999673126
2018-06-13 17:00:00+02:00,57.47957461190448
2018-06-13 18:00:00+02:00,56.922279814725286
2018-06-13 19:00:00+02:00,56.2931433184122
2018-06-13 20:00:00+02:00,57.45317956738957
2018-06-13 21:00:00+02:00,57.657205510984525
2018-06-13 22:00:00+02:00,57.54785153960978
2018-06-13 23:00:00+02:00,54.38645272257673
2018-06-14 00:00:00+02:00,51.76050164072228
2018-06-14 01:00:00+02:00,50.13992253794789
2018-06-14 02:00:00+02:00,46.70648437507473
2018-06-14 03:00:00+02:00,47.73420506581367
2018-06-14 04:00:00+02:00,46.85435675705781
2018-06-14 05:00:00+02:00,47.201205547852915
2018-06-14 06:00:00+02:00,49.64146680643757
2018-06-14 07:00:00+02:00,52.4060280610345
2018-06-14 08:00:00+02:00,53.45210331483752
2018-06-14 09:00:00+02:00,54.40525220532533
2018-06-14 10:00:00+02:00,55.73359690820111
2018-06-14 11:00:00+02:00,55.78682075760783
2018-06-14 12:00:00+02:00,55.330161440606055
2018-06-14 13:00:00+02:00,55.36009517436726
2018-06-14 14:00:00+02:00,53.86344104585939
2018-06-14 15:00:00+02:00,52.80299559721539
2018-06-14 16:00:00+02:00,51.87665421150057
2018-06-14 17:00:00+02:00,53.994091933650914
2018-06-14 18:00:00+02:00,54.19444534124389
2018-06-14 19:00:00+02:00,53.21209951323175
2018-06-14 20:00:00+02:00,53.7290741124245
2018-06-14 21:00:00+02:00,56.47628451255041
2018-06-14 22:00:00+02:00,53.96181114284641
2018-06-14 23:00:00+02:00,50.89189203702716
2018-06-15 00:00:00+02:00,53.37388294835584
2018-06-15 01:00:00+02:00,49.82099091455366
2018-06-15 02:00:00+02:00,49.69515928897932
2018-06-15 03:00:00+02:00,48.779455179941024
2018-06-15 04:00:00+02:00,48.07946043929077
2018-06-15 05:00:00+02:00,48.94269783652803
2018-06-15 06:00:00+02:00,51.731837660084004
2018-06-15 07:00:00+02:00,54.00498265477531
2018-06-15 08:00:00+02:00,55.73338984032264
2018-06-15 09:00:00+02:00,54.88852703095514
2018-06-15 10:00:00+02:00,55.650036822814926
2018-06-15 11:00:00+02:00,57.05912424243921
2018-06-15 12:00:00+02:00,57.078297829177224
2018-06-15 13:00:00+02:00,56.35144966536196
2018-06-15 14:00:00+02:00,55.11377367005962
2018-06-15 15:00:00+02:00,54.484059575689564
2018-06-15 16:00:00+02:00,53.60693244080402
2018-06-15 17:00:00+02:00,52.45368110207556
2018-06-15 18:00:00+02:00,52.845076344347476
2018-06-15 19:00:00+02:00,52.752992717539684
2018-06-15 20:00:00+02:00,53.03191958470023
2018-06-15 21:00:00+02:00,54.80724688373316
2018-06-15 22:00:00+02:00,54.41710970141153
2018-06-15 23:00:00+02:00,51.73088674070015
2018-06-16 00:00:00+02:00,53.68430180761426
2018-06-16 01:00:00+02:00,49.21708208675336
2018-06-16 02:00:00+02:00,48.74546650302434
2018-06-16 03:00:00+02:00,50.56066414426054
2018-06-16 04:00:00+02:00,46.244238430468116
2018-06-16 05:00:00+02:00,48.95041053009011
2018-06-16 06:00:00+02:00,49.13858017822677
2018-06-16 07:00:00+02:00,49.4772800211509
2018-06-16 08:00:00+02:00,50.64345197407154
2018-06-16 09:00:00+02:00,51.545090672701996
2018-06-16 10:00:00+02:00,51.819747098644946
2018-06-16 11:00:00+02:00,52.58396829378283
2018-06-16 12:00:00+02:00,52.464748560523994
2018-06-16 13:00:00+02:00,53.16462955933149
2018-06-16 14:00:00+02:00,50.89065779854418
2018-06-16 15:00:00+02:00,48.069680015257305
2018-06-16 16:00:00+02:00,48.43468939054704
2018-06-16 17:00:00+02:00,47.12895046004867
2018-06-16 18:00:00+02:00,46.414340502594534
2018-06-16 19:00:00+02:00,50.087263301888406
2018-06-16 20:00:00+02:00,51.12564831406765
2018-06-16 21:00:00+02:00,51.80669303341992
2018-06-16 22:00:00+02:00,52.481588523040486
2018-06-16 23:00:00+02:00,49.990118478778534
2018-06-17 00:00:00+02:00,48.95608280730124
2018-06-17 01:00:00+02:00,48.18377129243562
2018-06-17 02:00:00+02:00,43.70856579275987
2018-06-17 03:00:00+02:00,43.544530835592425
2018-06-17 04:00:00+02:00,44.37474559729443
2018-06-17 05:00:00+02:00,44.24596358129948
2018-06-17 06:00:00+02:00,44.42649965717153
2018-06-17 07:00:00+02:00,42.70017036918646
2018-06-17 08:00:00+02:00,43.70719918573055
2018-06-17 09:00:00+02:00,44.593152705783446
2018-06-17 10:00:00+02:00,46.444545731625254
2018-06-17 11:00:00+02:00,46.891180271591075
2018-06-17 12:00:00+02:00,47.21978302697287
2018-06-17 13:00:00+02:00,47.08726726405451
2018-06-17 14:00:00+02:00,45.45381792316498
2018-06-17 15:00:00+02:00,43.19177839007119
2018-06-17 16:00:00+02:00,43.21163721252842
2018-06-17 17:00:00+02:00,42.82457077615849
2018-06-17 18:00:00+02:00,42.80669253960489
2018-06-17 19:00:00+02:00,45.402289184128264
2018-06-17 20:00:00+02:00,48.488827494187234
2018-06-17 21:00:00+02:00,52.6428880716857
2018-06-17 22:00:00+02:00,52.64700623487964
2018-06-17 23:00:00+02:00,50.23343727723882
2018-06-18 00:00:00+02:00,50.179372597853614
2018-06-18 01:00:00+02:00,48.29992000100311
2018-06-18 02:00:00+02:00,44.92438784161395
2018-06-18 03:00:00+02:00,41.66184827280748
2018-06-18 04:00:00+02:00,41.352357912678514
2018-06-18 05:00:00+02:00,44.05126079070661
2018-06-18 06:00:00+02:00,47.61548595213359
2018-06-18 07:00:00+02:00,50.73537496347766
2018-06-18 08:00:00+02:00,52.328478400599145
2018-06-18 09:00:00+02:00,50.42771235673917
2018-06-18 10:00:00+02:00,52.56688447491861
2018-06-18 11:00:00+02:00,52.65030949457127
2018-06-18 12:00:00+02:00,53.47248965326799
2018-06-18 13:00:00+02:00,54.0153021610014
2018-06-18 14:00:00+02:00,53.61941382615617
2018-06-18 15:00:00+02:00,53.91808929299122
2018-06-18 16:00:00+02:00,53.400943284011156
2018-06-18 17:00:00+02:00,53.08199550794838
2018-06-18 18:00:00+02:00,53.46971337799596
2018-06-18 19:00:00+02:00,51.548218872321726
2018-06-18 20:00:00+02:00,50.61044570754154
2018-06-18 21:00:00+02:00,52.7824016228527
2018-06-18 22:00:00+02:00,52.54123658722268
2018-06-18 23:00:00+02:00,48.0973182346599
2018-06-19 00:00:00+02:00,49.770776700586396
2018-06-19 01:00:00+02:00,47.071086035645294
2018-06-19 02:00:00+02:00,43.688850374924435
2018-06-19 03:00:00+02:00,43.30572439744113
2018-06-19 04:00:00+02:00,42.56600969213712
2018-06-19 05:00:00+02:00,42.86574648626056
2018-06-19 06:00:00+02:00,48.8739926457989
2018-06-19 07:00:00+02:00,51.1916746193207
2018-06-19 08:00:00+02:00,51.60363787658639
2018-06-19 09:00:00+02:00,51.559703389893116
2018-06-19 10:00:00+02:00,52.24635173791
2018-06-19 11:00:00+02:00,52.76422164366641
2018-06-19 12:00:00+02:00,52.79044589577411
2018-06-19 13:00:00+02:00,54.070802644226156
2018-06-19 14:00:00+02:00,53.45189312705225
2018-06-19 15:00:00+02:00,54.082781144095414
2018-06-19 16:00:00+02:00,53.281017390430264
2018-06-19 17:00:00+02:00,53.13211198053838
2018-06-19 18:00:00+02:00,52.89200091279635
2018-06-19 19:00:00+02:00,52.834362239911485
2018-06-19 20:00:00+02:00,52.95953020715919
2018-06-19 21:00:00+02:00,54.085822987971596
2018-06-19 22:00:00+02:00,52.67947862908552
2018-06-19 23:00:00+02:00,50.88794061695266
2018-06-20 00:00:00+02:00,53.104218632163786
2018-06-20 01:00:00+02:00,51.21781511984952
2018-06-20 02:00:00+02:00,46.938173559006565
2018-06-20 03:00:00+02:00,48.477196153923046
2018-06-20 04:00:00+02:00,48.39817386823802
2018-06-20 05:00:00+02:00,48.827271523804605
2018-06-20 06:00:00+02:00,51.599415626468755
2018-06-20 07:00:00+02:00,53.402334666916495
2018-06-20 08:00:00+02:00,54.470859739206865
2018-06-20 09:00:00+02:00,54.492514566988646
2018-06-20 10:00:00+02:00,54.92833588937772
2018-06-20 11:00:00+02:00,56.39601884242484
2018-06-20 12:00:00+02:00,56.60778424280259
2018-06-20 13:00:00+02:00,57.235869548156536
2018-06-20 14:00:00+02:00,57.07738912757174
2018-06-20 15:00:00+02:00,55.114957870894216
2018-06-20 16:00:00+02:00,54.39425878310442
2018-06-20 17:00:00+02:00,53.81345269505188
2018-06-20 18:00:00+02:00,54.24257471208922
2018-06-20 19:00:00+02:00,53.657957536339914
2018-06-20 20:00:00+02:00,54.11393318387998
2018-06-20 21:00:00+02:00,55.32343993284011
2018-06-20 22:00:00+02:00,55.17173394706513
2018-06-20 23:00:00+02:00,52.47063347636807
2018-06-21 00:00:00+02:00,54.79464901168775
2018-06-21 01:00:00+02:00,53.736341081985174
2018-06-21 02:00:00+02:00,50.37030929271229
2018-06-21 03:00:00+02:00,51.34053794039453
2018-06-21 04:00:00+02:00,50.43616722810382
2018-06-21 05:00:00+02:00,51.30621874076546
2018-06-21 06:00:00+02:00,53.62350553982108
2018-06-21 07:00:00+02:00,56.76988568999318
2018-06-21 08:00:00+02:00,57.52793125713234
2018-06-21 09:00:00+02:00,58.3761198240023
2018-06-21 10:00:00+02:00,57.36998562024611
2018-06-21 11:00:00+02:00,57.6503650659234
2018-06-21 12:00:00+02:00,57.23648497214779
2018-06-21 13:00:00+02:00,58.42098970255032
2018-06-21 14:00:00+02:00,57.96848657139253
2018-06-21 15:00:00+02:00,56.23858903264241
2018-06-21 16:00:00+02:00,55.24904689254613
2018-06-21 17:00:00+02:00,55.326490306123354
2018-06-21 18:00:00+02:00,56.40767252323882
2018-06-21 19:00:00+02:00,55.288302637443444
2018-06-21 20:00:00+02:00,54.71722275811633
2018-06-21 21:00:00+02:00,56.11858966018401
2018-06-21 22:00:00+02:00,56.61830535305634
2018-06-21 23:00:00+02:00,53.68099546860624
2018-06-22 00:00:00+02:00,54.961710826906724
2018-06-22 01:00:00+02:00,51.961975741858694
2018-06-22 02:00:00+02:00,50.17087181348516
2018-06-22 03:00:00+02:00,50.462969943273485
2018-06-22 04:00:00+02:00,50.40372486847981
2018-06-22 05:00:00+02:00,50.60746378365053
2018-06-22 06:00:00+02:00,52.79817557058521
2018-06-22 07:00:00+02:00,55.93068501058572
2018-06-22 08:00:00+02:00,56.89035754923581
2018-06-22 09:00:00+02:00,57.444731465612655
2018-06-22 10:00:00+02:00,57.770551725404474
2018-06-22 11:00:00+02:00,58.19578143090815
2018-06-22 12:00:00+02:00,58.4065867431743
2018-06-22 13:00:00+02:00,60.2670489124502
2018-06-22 14:00:00+02:00,58.35737403911765
2018-06-22 15:00:00+02:00,57.37547633201137
2018-06-22 16:00:00+02:00,56.1153613054791
2018-06-22 17:00:00+02:00,56.26540151974122
2018-06-22 18:00:00+02:00,55.99675325009567
2018-06-22 19:00:00+02:00,55.597035044857556
2018-06-22 20:00:00+02:00,55.49470499240451
2018-06-22 21:00:00+02:00,56.593211431641976
2018-06-22 22:00:00+02:00,57.57002188068183
2018-06-22 23:00:00+02:00,54.84516611350984
2018-06-23 00:00:00+02:00,53.44486592365448
2018-06-23 01:00:00+02:00,52.650631564452375
2018-06-23 02:00:00+02:00,49.663254522768476
2018-06-23 03:00:00+02:00,49.696108837286886
2018-06-23 04:00:00+02:00,50.38059184029155
2018-06-23 05:00:00+02:00,49.8870397561756
2018-06-23 06:00:00+02:00,49.69003497104951
2018-06-23 07:00:00+02:00,50.00848786581688
2018-06-23 08:00:00+02:00,50.92519307347098
2018-06-23 09:00:00+02:00,51.39597566675686
2018-06-23 10:00:00+02:00,52.13596597429222
2018-06-23 11:00:00+02:00,54.98856809687409
2018-06-23 12:00:00+02:00,54.436243330663125
2018-06-23 13:00:00+02:00,55.75703144212129
2018-06-23 14:00:00+02:00,53.68645047208908
2018-06-23 15:00:00+02:00,53.004386206982055
2018-06-23 16:00:00+02:00,52.6522760239566
2018-06-23 17:00:00+02:00,52.42126921153085
2018-06-23 18:00:00+02:00,53.10864987126209
2018-06-23 19:00:00+02:00,53.51576405035554
2018-06-23 20:00:00+02:00,53.58101244185902
2018-06-23 21:00:00+02:00,56.595340736473695
2018-06-23 22:00:00+02:00,56.19347669739175
2018-06-23 23:00:00+02:00,55.42249218012133
2018-06-24 00:00:00+02:00,53.23781272305554
2018-06-24 01:00:00+02:00,48.89566684006388
2018-06-24 02:00:00+02:00,48.276094422045794
2018-06-24 03:00:00+02:00,47.857315623061226
2018-06-24 04:00:00+02:00,47.5635603679229
2018-06-24 05:00:00+02:00,45.94107536540836
2018-06-24 06:00:00+02:00,46.124972841237096
2018-06-24 07:00:00+02:00,45.57888253607692
2018-06-24 08:00:00+02:00,46.43882693661688
2018-06-24 09:00:00+02:00,47.01606226414832
2018-06-24 10:00:00+02:00,49.78311495405891
2018-06-24 11:00:00+02:00,51.273362521349924
2018-06-24 12:00:00+02:00,50.69869240123683
2018-06-24 13:00:00+02:00,51.08150828042398
2018-06-24 14:00:00+02:00,49.03491743510883
2018-06-24 15:00:00+02:00,47.907015346243355
2018-06-24 16:00:00+02:00,47.27318075646153
2018-06-24 17:00:00+02:00,47.030346626126644
2018-06-24 18:00:00+02:00,48.53672553230542
2018-06-24 19:00:00+02:00,50.675557986873116
2018-06-24 20:00:00+02:00,53.06605093372227
2018-06-24 21:00:00+02:00,56.792711563517194
2018-06-24 22:00:00+02:00,56.72459347587002
2018-06-24 23:00:00+02:00,56.437865859675725
2018-06-25 00:00:00+02:00,55.33994023964169
2018-06-25 01:00:00+02:00,51.95340694356212
2018-06-25 02:00:00+02:00,48.65410652025106
2018-06-25 03:00:00+02:00,47.46987409628089
2018-06-25 04:00:00+02:00,46.127572315205676
2018-06-25 05:00:00+02:00,49.21194914132812
2018-06-25 06:00:00+02:00,52.54049697118474
2018-06-25 07:00:00+02:00,55.13184451202263
2018-06-25 08:00:00+02:00,58.40910063813109
2018-06-25 09:00:00+02:00,58.6769471074578
2018-06-25 10:00:00+02:00,60.01021146104377
2018-06-25 11:00:00+02:00,59.645565496214125
2018-06-25 12:00:00+02:00,60.877508604558486
2018-06-25 13:00:00+02:00,61.08932993522549
2018-06-25 14:00:00+02:00,60.2783882701932
2018-06-25 15:00:00+02:00,59.128073060721015
2018-06-25 16:00:00+02:00,58.81948882102505
2018-06-25 17:00:00+02:00,59.07776470496944
2018-06-25 18:00:00+02:00,59.00202644985391
2018-06-25 19:00:00+02:00,59.07364483275986
2018-06-25 20:00:00+02:00,59.528412014852094
2018-06-25 21:00:00+02:00,59.94367689742271
2018-06-25 22:00:00+02:00,59.766217369507324
2018-06-25 23:00:00+02:00,58.437776800673205
2018-06-26 00:00:00+02:00,56.16332859846429
2018-06-26 01:00:00+02:00,53.294811570264514
2018-06-26 02:00:00+02:00,50.413871239817915
2018-06-26 03:00:00+02:00,48.70624039026624
2018-06-26 04:00:00+02:00,47.779204216689024
2018-06-26 05:00:00+02:00,50.56431082710042
2018-06-26 06:00:00+02:00,53.76689381837367
2018-06-26 07:00:00+02:00,56.675179620619616
2018-06-26 08:00:00+02:00,57.62280592427853
2018-06-26 09:00:00+02:00,58.591152450607936
2018-06-26 10:00:00+02:00,60.250751267959274
2018-06-26 11:00:00+02:00,60.85628126196685
2018-06-26 12:00:00+02:00,60.01678599012419
2018-06-26 13:00:00+02:00,61.0160867229292
2018-06-26 14:00:00+02:00,60.42761683933257
2018-06-26 15:00:00+02:00,59.77130487308754
2018-06-26 16:00:00+02:00,59.50724708982626
2018-06-26 17:00:00+02:00,59.0001164848121
2018-06-26 18:00:00+02:00,58.13146655420999
2018-06-26 19:00:00+02:00,57.18423520248395
2018-06-26 20:00:00+02:00,57.784239407965494
2018-06-26 21:00:00+02:00,58.78851940792361
2018-06-26 22:00:00+02:00,59.79407441784517
2018-06-26 23:00:00+02:00,56.79450362043132
2018-06-27 00:00:00+02:00,57.5764720953911
2018-06-27 01:00:00+02:00,53.435897334330015
2018-06-27 02:00:00+02:00,50.9459574431895
2018-06-27 03:00:00+02:00,50.48403649167707
2018-06-27 04:00:00+02:00,49.50846863368294
2018-06-27 05:00:00+02:00,51.76175325258581
2018-06-27 06:00:00+02:00,55.41877111931996
2018-06-27 07:00:00+02:00,56.91309553196341
2018-06-27 08:00:00+02:00,60.8103517106969
2018-06-27 09:00:00+02:00,61.03866613657276
2018-06-27 10:00:00+02:00,60.840371354243
2018-06-27 11:00:00+02:00,61.41537317228653
2018-06-27 12:00:00+02:00,63.01641784485216
2018-06-27 13:00:00+02:00,62.14566828194015
2018-06-27 14:00:00+02:00,61.22740555878056
2018-06-27 15:00:00+02:00,59.699499163405775
2018-06-27 16:00:00+02:00,58.960657679711574
2018-06-27 17:00:00+02:00,58.30836710864052
2018-06-27 18:00:00+02:00,58.392122423572744
2018-06-27 19:00:00+02:00,58.033088950081236
2018-06-27 20:00:00+02:00,58.623425844861394
2018-06-27 21:00:00+02:00,59.440306472569155
2018-06-27 22:00:00+02:00,58.84037501147027
2018-06-27 23:00:00+02:00,57.00704932643978
2018-06-28 00:00:00+02:00,56.4392085659506
2018-06-28 01:00:00+02:00,52.013331950930365
2018-06-28 02:00:00+02:00,50.256792027581255
2018-06-28 03:00:00+02:00,49.622001834016324
2018-06-28 04:00:00+02:00,50.52077158828543
2018-06-28 05:00:00+02:00,49.560404423600474
2018-06-28 06:00:00+02:00,53.535960422458686
2018-06-28 07:00:00+02:00,55.696874189567595
2018-06-28 08:00:00+02:00,59.60378894533358
2018-06-28 09:00:00+02:00,61.02102710872975
2018-06-28 10:00:00+02:00,61.133799224671
2018-06-28 11:00:00+02:00,62.250904646838606
2018-06-28 12:00:00+02:00,62.53714650458988
2018-06-28 13:00:00+02:00,63.19494944272926
2018-06-28 14:00:00+02:00,62.31858180365946
2018-06-28 15:00:00+02:00,60.47223718695691
2018-06-28 16:00:00+02:00,58.764807084466156
2018-06-28 17:00:00+02:00,58.58737851632385
2018-06-28 18:00:00+02:00,57.401291171744276
2018-06-28 19:00:00+02:00,56.930402974229125
2018-06-28 20:00:00+02:00,60.47053286103987
2018-06-28 21:00:00+02:00,60.09124553849587
2018-06-28 22:00:00+02:00,59.763383509082885
2018-06-28 23:00:00+02:00,58.144624239849264
2018-06-29 00:00:00+02:00,56.87563481350082
2018-06-29 01:00:00+02:00,52.33129464826675
2018-06-29 02:00:00+02:00,51.60097928954423
2018-06-29 03:00:00+02:00,51.27609306681591
2018-06-29 04:00:00+02:00,49.98595766621783
2018-06-29 05:00:00+02:00,49.05113938783884
2018-06-29 06:00:00+02:00,52.52478269138014
2018-06-29 07:00:00+02:00,53.59559000731065
2018-06-29 08:00:00+02:00,60.04402822430349
2018-06-29 09:00:00+02:00,61.10973801619688
2018-06-29 10:00:00+02:00,60.92888525026011
2018-06-29 11:00:00+02:00,61.35990857467213
2018-06-29 12:00:00+02:00,60.52120989916148
2018-06-29 13:00:00+02:00,60.91824380806715
2018-06-29 14:00:00+02:00,58.6741233466213
2018-06-29 15:00:00+02:00,57.32269323857535
2018-06-29 16:00:00+02:00,57.41175257017233
2018-06-29 17:00:00+02:00,54.95571830916487
2018-06-29 18:00:00+02:00,53.788143979274274
2018-06-29 19:00:00+02:00,55.98377012990294
2018-06-29 20:00:00+02:00,58.071359171539385
2018-06-29 21:00:00+02:00,57.36443860342034
2018-06-29 22:00:00+02:00,57.81091331521983
2018-06-29 23:00:00+02:00,55.436150514163295
2018-06-30 00:00:00+02:00,54.25895938715269
2018-06-30 01:00:00+02:00,51.59402486724241
2018-06-30 02:00:00+02:00,50.43065460772733
2018-06-30 03:00:00+02:00,50.5783216746802
2018-06-30 04:00:00+02:00,49.05813130981785
2018-06-30 05:00:00+02:00,48.79525564982992
2018-06-30 06:00:00+02:00,48.799515303379366
2018-06-30 07:00:00+02:00,51.13640616344629
2018-06-30 08:00:00+02:00,52.94343788549902
2018-06-30 09:00:00+02:00,55.426897173665196
2018-06-30 10:00:00+02:00,57.436981892347255
2018-06-30 11:00:00+02:00,55.11129111695736
2018-06-30 12:00:00+02:00,55.63047012041246
2018-06-30 13:00:00+02:00,54.31359864557964
2018-06-30 14:00:00+02:00,52.016930643196474
2018-06-30 15:00:00+02:00,51.38014753563828
2018-06-30 16:00:00+02:00,50.29687412955492
2018-06-30 17:00:00+02:00,49.851998055505376
2018-06-30 18:00:00+02:00,51.601828806334076
2018-06-30 19:00:00+02:00,52.89020310248734
2018-06-30 20:00:00+02:00,53.61428505817454
2018-06-30 21:00:00+02:00,56.25074602247806
2018-06-30 22:00:00+02:00,56.39720097675696
2018-06-30 23:00:00+02:00,55.12337594694485
2018-07-01 00:00:00+02:00,54.80022513277209
2018-07-01 01:00:00+02:00,49.4829651039174
2018-07-01 02:00:00+02:00,47.48476849916926
2018-07-01 03:00:00+02:00,49.25575330796896
2018-07-01 04:00:00+02:00,48.928956672568724
2018-07-01 05:00:00+02:00,46.21488505846871
2018-07-01 06:00:00+02:00,44.99893040825043
2018-07-01 07:00:00+02:00,45.35945721319077
2018-07-01 08:00:00+02:00,48.568243671776585
2018-07-01 09:00:00+02:00,48.64028431527596
2018-07-01 10:00:00+02:00,48.8104092609706
2018-07-01 11:00:00+02:00,51.793468759338026
2018-07-01 12:00:00+02:00,51.764903428460954
2018-07-01 13:00:00+02:00,53.38374434087441
2018-07-01 14:00:00+02:00,48.902189243203516
2018-07-01 15:00:00+02:00,48.359061943444445
2018-07-01 16:00:00+02:00,48.01042470843699
2018-07-01 17:00:00+02:00,46.02852729751263
2018-07-01 18:00:00+02:00,46.72945240280143
2018-07-01 19:00:00+02:00,51.16361768595554
2018-07-01 20:00:00+02:00,52.907263498471806
2018-07-01 21:00:00+02:00,53.620932446244026
2018-07-01 22:00:00+02:00,57.93950977385603
2018-07-01 23:00:00+02:00,54.24867407174894
2018-07-02 00:00:00+02:00,52.72323246848147
2018-07-02 01:00:00+02:00,47.330940672407586
2018-07-02 02:00:00+02:00,47.668851330529954
2018-07-02 03:00:00+02:00,46.64819337314089
2018-07-02 04:00:00+02:00,45.192747134214315
2018-07-02 05:00:00+02:00,45.129845960083856
2018-07-02 06:00:00+02:00,49.47561397400071
2018-07-02 07:00:00+02:00,52.86437334900353
2018-07-02 08:00:00+02:00,57.217712237032714
2018-07-02 09:00:00+02:00,58.55779577789011
2018-07-02 10:00:00+02:00,60.601071132764524
2018-07-02 11:00:00+02:00,62.20434947819449
2018-07-02 12:00:00+02:00,62.6627759746255
2018-07-02 13:00:00+02:00,62.45189432266794
2018-07-02 14:00:00+02:00,61.668698787434636
2018-07-02 15:00:00+02:00,60.03149984115779
2018-07-02 16:00:00+02:00,59.42888220700909
2018-07-02 17:00:00+02:00,59.70916148802836
2018-07-02 18:00:00+02:00,59.59241288135251
2018-07-02 19:00:00+02:00,59.64148721834905
2018-07-02 20:00:00+02:00,61.59570437508501
2018-07-02 21:00:00+02:00,62.246327905154246
2018-07-02 22:00:00+02:00,61.19445760317982
2018-07-02 23:00:00+02:00,59.20842438025899
2018-07-03 00:00:00+02:00,54.66011584718503
2018-07-03 01:00:00+02:00,50.292922649656724
2018-07-03 02:00:00+02:00,50.11158615332234
2018-07-03 03:00:00+02:00,50.225945852447424
2018-07-03 04:00:00+02:00,50.46466860018047
2018-07-03 05:00:00+02:00,50.120988502960515
2018-07-03 06:00:00+02:00,52.87812431260248
2018-07-03 07:00:00+02:00,57.44768719060351
2018-07-03 08:00:00+02:00,61.83929379394462
2018-07-03 09:00:00+02:00,60.86403678584033
2018-07-03 10:00:00+02:00,61.41322838087931
2018-07-03 11:00:00+02:00,62.56436920505768
2018-07-03 12:00:00+02:00,63.44798512350268
2018-07-03 13:00:00+02:00,63.0690314937352
2018-07-03 14:00:00+02:00,62.202597583660314
2018-07-03 15:00:00+02:00,61.46974941332911
2018-07-03 16:00:00+02:00,60.81973465007233
2018-07-03 17:00:00+02:00,60.24347154277127
2018-07-03 18:00:00+02:00,60.21065681620186
2018-07-03 19:00:00+02:00,58.42933824066914
2018-07-03 20:00:00+02:00,59.72984028506232
2018-07-03 21:00:00+02:00,62.04468641421304
2018-07-03 22:00:00+02:00,62.812830692967616
2018-07-03 23:00:00+02:00,59.523780023431065
2018-07-04 00:00:00+02:00,56.38842289196249
2018-07-04 01:00:00+02:00,52.93991670932521
2018-07-04 02:00:00+02:00,50.78126619074166
2018-07-04 03:00:00+02:00,49.79279368235863
2018-07-04 04:00:00+02:00,50.06516636715602
2018-07-04 05:00:00+02:00,50.766045763964094
2018-07-04 06:00:00+02:00,53.807842601484936
2018-07-04 07:00:00+02:00,57.570597172498694
2018-07-04 08:00:00+02:00,60.74696298624532
2018-07-04 09:00:00+02:00,61.08978313326549
2018-07-04 10:00:00+02:00,62.603115703887035
2018-07-04 11:00:00+02:00,61.95846169350763
2018-07-04 12:00:00+02:00,62.956216805481866
2018-07-04 13:00:00+02:00,62.49434887653833
2018-07-04 14:00:00+02:00,60.42756537478853
2018-07-04 15:00:00+02:00,58.56418086880333
2018-07-04 16:00:00+02:00,58.06696008294664
2018-07-04 17:00:00+02:00,57.103519352202625
2018-07-04 18:00:00+02:00,57.933637496996354
2018-07-04 19:00:00+02:00,57.057038379359476
2018-07-04 20:00:00+02:00,58.378624569420566
2018-07-04 21:00:00+02:00,57.611766970927874
2018-07-04 22:00:00+02:00,57.05760150343411
2018-07-04 23:00:00+02:00,54.56716807135929
2018-07-05 00:00:00+02:00,52.117113980689176
2018-07-05 01:00:00+02:00,48.62570584662446
2018-07-05 02:00:00+02:00,46.07127066250834
2018-07-05 03:00:00+02:00,44.83928613375315
2018-07-05 04:00:00+02:00,45.67314288655614
2018-07-05 05:00:00+02:00,45.66065869052093
2018-07-05 06:00:00+02:00,48.69889955408908
2018-07-05 07:00:00+02:00,51.735017296002034
2018-07-05 08:00:00+02:00,53.56178076469132
2018-07-05 09:00:00+02:00,53.09997588847907
2018-07-05 10:00:00+02:00,54.301387240202004
2018-07-05 11:00:00+02:00,54.51984122276271
2018-07-05 12:00:00+02:00,55.31945114948095
2018-07-05 13:00:00+02:00,57.19703393701132
2018-07-05 14:00:00+02:00,55.30915491520032
2018-07-05 15:00:00+02:00,55.21422626147384
2018-07-05 16:00:00+02:00,54.27243268794518
2018-07-05 17:00:00+02:00,54.77169862172173
2018-07-05 18:00:00+02:00,54.03122084380789
2018-07-05 19:00:00+02:00,52.21699712501132
2018-07-05 20:00:00+02:00,52.93738933796613
2018-07-05 21:00:00+02:00,54.588542791244215
2018-07-05 22:00:00+02:00,54.99568702302312
2018-07-05 23:00:00+02:00,53.25526181780426
2018-07-06 00:00:00+02:00,55.03220739116432
2018-07-06 01:00:00+02:00,52.18760835530963
2018-07-06 02:00:00+02:00,49.66125896379428
2018-07-06 03:00:00+02:00,48.479924766031644
2018-07-06 04:00:00+02:00,48.899739061366574
2018-07-06 05:00:00+02:00,47.6855181225139
2018-07-06 06:00:00+02:00,50.84496935287523
2018-07-06 07:00:00+02:00,53.43713463534358
2018-07-06 08:00:00+02:00,56.36224385001133
2018-07-06 09:00:00+02:00,55.4056373085984
2018-07-06 10:00:00+02:00,56.97021766570738
2018-07-06 11:00:00+02:00,58.549279769223084
2018-07-06 12:00:00+02:00,57.69418021799201
2018-07-06 13:00:00+02:00,58.85361625367767
2018-07-06 14:00:00+02:00,56.65974264149441
2018-07-06 15:00:00+02:00,55.91305960599865
2018-07-06 16:00:00+02:00,56.13865493202665
2018-07-06 17:00:00+02:00,55.7611035681004
2018-07-06 18:00:00+02:00,56.15311365490068
2018-07-06 19:00:00+02:00,54.388280414536084
2018-07-06 20:00:00+02:00,55.25984891678922
2018-07-06 21:00:00+02:00,57.94808610465216
2018-07-06 22:00:00+02:00,58.065651543800655
2018-07-06 23:00:00+02:00,55.55268070276085
2018-07-07 00:00:00+02:00,54.40061926083476
2018-07-07 01:00:00+02:00,53.20368147512004
2018-07-07 02:00:00+02:00,49.780351533990405
2018-07-07 03:00:00+02:00,49.72244684808715
2018-07-07 04:00:00+02:00,48.15680491419289
2018-07-07 05:00:00+02:00,47.9567670351205
2018-07-07 06:00:00+02:00,49.84969856094841
2018-07-07 07:00:00+02:00,51.060881276469765
2018-07-07 08:00:00+02:00,51.261932506099534
2018-07-07 09:00:00+02:00,53.03505342879137
2018-07-07 10:00:00+02:00,54.51979128855259
2018-07-07 11:00:00+02:00,55.534974005544726
2018-07-07 12:00:00+02:00,55.60523585966055
2018-07-07 13:00:00+02:00,55.72673811646001
2018-07-07 14:00:00+02:00,55.78478904279302
2018-07-07 15:00:00+02:00,53.14646348978628
2018-07-07 16:00:00+02:00,52.91953799556148
2018-07-07 17:00:00+02:00,52.85207535099918
2018-07-07 18:00:00+02:00,52.16961149935848
2018-07-07 19:00:00+02:00,53.76968991214006
2018-07-07 20:00:00+02:00,57.49842539826208
2018-07-07 21:00:00+02:00,59.01074006027599
2018-07-07 22:00:00+02:00,58.0089043152648
2018-07-07 23:00:00+02:00,56.384528526607944
2018-07-08 00:00:00+02:00,56.55299493860443
2018-07-08 01:00:00+02:00,53.54797346657985
2018-07-08 02:00:00+02:00,50.88521250148409
2018-07-08 03:00:00+02:00,50.27721792733956
2018-07-08 04:00:00+02:00,48.37823609037517
2018-07-08 05:00:00+02:00,47.96332200455006
2018-07-08 06:00:00+02:00,46.69448027808551
2018-07-08 07:00:00+02:00,46.618077803194595
2018-07-08 08:00:00+02:00,50.174417577897565
2018-07-08 09:00:00+02:00,50.80846633997132
2018-07-08 10:00:00+02:00,53.05216034238868
2018-07-08 11:00:00+02:00,53.839223950944664
2018-07-08 12:00:00+02:00,53.65835628073627
2018-07-08 13:00:00+02:00,53.96450160156759
2018-07-08 14:00:00+02:00,54.77807154912846
2018-07-08 15:00:00+02:00,52.086129846959054
2018-07-08 16:00:00+02:00,50.842098501283346
2018-07-08 17:00:00+02:00,51.0202971882029
2018-07-08 18:00:00+02:00,50.739667143303244
2018-07-08 19:00:00+02:00,53.15348713923115
2018-07-08 20:00:00+02:00,57.0636149973783
2018-07-08 21:00:00+02:00,59.608945046230836
2018-07-08 22:00:00+02:00,61.842446778455894
2018-07-08 23:00:00+02:00,60.61732313016265
2018-07-09 00:00:00+02:00,58.81920675866145
2018-07-09 01:00:00+02:00,52.18593695610148
2018-07-09 02:00:00+02:00,46.547322215892514
2018-07-09 03:00:00+02:00,44.81121644208911
2018-07-09 04:00:00+02:00,45.25678121013263
2018-07-09 05:00:00+02:00,47.32177196206275
2018-07-09 06:00:00+02:00,52.20094261095439
2018-07-09 07:00:00+02:00,56.55110161850432
2018-07-09 08:00:00+02:00,59.366170696600186
2018-07-09 09:00:00+02:00,60.29310157883045
2018-07-09 10:00:00+02:00,61.91030740960312
2018-07-09 11:00:00+02:00,62.58247498577952
2018-07-09 12:00:00+02:00,62.930159898332136
2018-07-09 13:00:00+02:00,64.00996495839868
2018-07-09 14:00:00+02:00,63.34250744050014
2018-07-09 15:00:00+02:00,59.7859910814741
2018-07-09 16:00:00+02:00,61.88127361092404
2018-07-09 17:00:00+02:00,60.49865784083277
2018-07-09 18:00:00+02:00,61.03410261737448
2018-07-09 19:00:00+02:00,60.13302876927261
2018-07-09 20:00:00+02:00,60.614514609531895
2018-07-09 21:00:00+02:00,61.2746374892283
2018-07-09 22:00:00+02:00,61.31985778385696
2018-07-09 23:00:00+02:00,57.86493743812163
2018-07-10 00:00:00+02:00,55.830278770457724
2018-07-10 01:00:00+02:00,52.332324894927304
2018-07-10 02:00:00+02:00,48.55419817369222
2018-07-10 03:00:00+02:00,49.777189996870234
2018-07-10 04:00:00+02:00,47.969026418681764
2018-07-10 05:00:00+02:00,47.07763753253159
2018-07-10 06:00:00+02:00,51.25843606300874
2018-07-10 07:00:00+02:00,54.533345204146386
2018-07-10 08:00:00+02:00,61.2222320284826
2018-07-10 09:00:00+02:00,62.27598456486226
2018-07-10 10:00:00+02:00,62.209727697689
2018-07-10 11:00:00+02:00,62.485887614305504
2018-07-10 12:00:00+02:00,62.75229057610805
2018-07-10 13:00:00+02:00,64.25880423855675
2018-07-10 14:00:00+02:00,62.66550408766756
2018-07-10 15:00:00+02:00,62.319940826764025
2018-07-10 16:00:00+02:00,60.67750110897445
2018-07-10 17:00:00+02:00,60.53536798161471
2018-07-10 18:00:00+02:00,59.83974273064878
2018-07-10 19:00:00+02:00,59.163019243200175
2018-07-10 20:00:00+02:00,60.81134308712395
2018-07-10 21:00:00+02:00,61.52704304456573
2018-07-10 22:00:00+02:00,60.70898047036317
2018-07-10 23:00:00+02:00,57.12344630554993
2018-07-11 00:00:00+02:00,55.43781243198651
2018-07-11 01:00:00+02:00,53.92233934234854
2018-07-11 02:00:00+02:00,50.99386209891258
2018-07-11 03:00:00+02:00,49.58554187680594
2018-07-11 04:00:00+02:00,49.9712358654983
2018-07-11 05:00:00+02:00,49.50726394613187
2018-07-11 06:00:00+02:00,49.87460162462341
2018-07-11 07:00:00+02:00,54.18326745809811
2018-07-11 08:00:00+02:00,59.25185544770789
2018-07-11 09:00:00+02:00,60.38850720563389
2018-07-11 10:00:00+02:00,60.693868718364016
2018-07-11 11:00:00+02:00,60.940786570641585
2018-07-11 12:00:00+02:00,60.76765547288471
2018-07-11 13:00:00+02:00,60.614805021001
2018-07-11 14:00:00+02:00,59.897172357102875
2018-07-11 15:00:00+02:00,58.470114299864356
2018-07-11 16:00:00+02:00,57.68592613459545
2018-07-11 17:00:00+02:00,59.04282207113767
2018-07-11 18:00:00+02:00,59.259069484325835
2018-07-11 19:00:00+02:00,58.955244723860204
2018-07-11 20:00:00+02:00,60.56079747803287
2018-07-11 21:00:00+02:00,60.9050982855742
2018-07-11 22:00:00+02:00,59.7476028445827
2018-07-11 23:00:00+02:00,55.62072772698724
2018-07-12 00:00:00+02:00,54.50943332342077
2018-07-12 01:00:00+02:00,51.355288652826665
2018-07-12 02:00:00+02:00,46.89211832402639
2018-07-12 03:00:00+02:00,45.98322956421378
2018-07-12 04:00:00+02:00,47.53998505295394
2018-07-12 05:00:00+02:00,45.88911822416967
2018-07-12 06:00:00+02:00,50.80600392684938
2018-07-12 07:00:00+02:00,54.84653429390387
2018-07-12 08:00:00+02:00,58.02510068925001
2018-07-12 09:00:00+02:00,60.66488844681988
2018-07-12 10:00:00+02:00,59.68660500705126
2018-07-12 11:00:00+02:00,61.08424306873928
2018-07-12 12:00:00+02:00,62.05079174731925
2018-07-12 13:00:00+02:00,61.413856592059965
2018-07-12 14:00:00+02:00,60.80545531507687
2018-07-12 15:00:00+02:00,60.2185685066999
2018-07-12 16:00:00+02:00,59.675200704539975
2018-07-12 17:00:00+02:00,59.43543243410326
2018-07-12 18:00:00+02:00,58.27516571239308
2018-07-12 19:00:00+02:00,58.16032604609589
2018-07-12 20:00:00+02:00,57.25831718570006
2018-07-12 21:00:00+02:00,59.810074891926405
2018-07-12 22:00:00+02:00,59.65568640702594
2018-07-12 23:00:00+02:00,56.93068821921737
2018-07-13 00:00:00+02:00,56.61104621646466
2018-07-13 01:00:00+02:00,54.64912528433071
2018-07-13 02:00:00+02:00,49.634244492037126
2018-07-13 03:00:00+02:00,51.24532996022503
2018-07-13 04:00:00+02:00,49.891016630107316
2018-07-13 05:00:00+02:00,50.508405269439436
2018-07-13 06:00:00+02:00,53.98257481935149
2018-07-13 07:00:00+02:00,56.887984741138325
2018-07-13 08:00:00+02:00,58.91914767541661
2018-07-13 09:00:00+02:00,58.95871067323555
2018-07-13 10:00:00+02:00,59.11362068908287
2018-07-13 11:00:00+02:00,60.67619311339909
2018-07-13 12:00:00+02:00,60.89557594585781
2018-07-13 13:00:00+02:00,60.85308260508027
2018-07-13 14:00:00+02:00,59.764796619329196
2018-07-13 15:00:00+02:00,58.31796985519586
2018-07-13 16:00:00+02:00,58.1385579375424
2018-07-13 17:00:00+02:00,58.102866975483344
2018-07-13 18:00:00+02:00,57.474423723382735
2018-07-13 19:00:00+02:00,57.73587310897074
2018-07-13 20:00:00+02:00,58.784203502540066
2018-07-13 21:00:00+02:00,60.34962299693784
2018-07-13 22:00:00+02:00,59.78745847052817
2018-07-13 23:00:00+02:00,57.023781942841836
2018-07-14 00:00:00+02:00,55.67077038768524
2018-07-14 01:00:00+02:00,54.90663001643021
2018-07-14 02:00:00+02:00,53.047851299267144
2018-07-14 03:00:00+02:00,49.65867641785822
2018-07-14 04:00:00+02:00,48.13168782939963
2018-07-14 05:00:00+02:00,49.95929061088061
2018-07-14 06:00:00+02:00,51.59706403227363
2018-07-14 07:00:00+02:00,52.02048950455508
2018-07-14 08:00:00+02:00,53.278869644024915
2018-07-14 09:00:00+02:00,55.69769296535658
2018-07-14 10:00:00+02:00,56.756743806376974
2018-07-14 11:00:00+02:00,58.336174344868525
2018-07-14 12:00:00+02:00,58.037403811305026
2018-07-14 13:00:00+02:00,58.43891284238119
2018-07-14 14:00:00+02:00,57.23657998742663
2018-07-14 15:00:00+02:00,55.6399644371606
2018-07-14 16:00:00+02:00,55.05866083387611
2018-07-14 17:00:00+02:00,54.15410851357223
2018-07-14 18:00:00+02:00,54.538700772383095
2018-07-14 19:00:00+02:00,56.18681944362488
2018-07-14 20:00:00+02:00,58.691238468907706
2018-07-14 21:00:00+02:00,59.721687798547144
2018-07-14 22:00:00+02:00,59.57191409297758
2018-07-14 23:00:00+02:00,58.352758894875855
2018-07-15 00:00:00+02:00,55.83038364894223
2018-07-15 01:00:00+02:00,52.678711264938954
2018-07-15 02:00:00+02:00,51.88567874686914
2018-07-15 03:00:00+02:00,50.55730397861446
2018-07-15 04:00:00+02:00,49.68554744655671
2018-07-15 05:00:00+02:00,50.69383414075379
2018-07-15 06:00:00+02:00,48.27709539729362
2018-07-15 07:00:00+02:00,49.06906325653749
2018-07-15 08:00:00+02:00,49.58183176219434
2018-07-15 09:00:00+02:00,51.3376425159792
2018-07-15 10:00:00+02:00,53.44406365958612
2018-07-15 11:00:00+02:00,53.33098929414192
2018-07-15 12:00:00+02:00,53.44199024649123
2018-07-15 13:00:00+02:00,54.39742123664181
2018-07-15 14:00:00+02:00,52.03833266170649
2018-07-15 15:00:00+02:00,49.72618148039629
2018-07-15 16:00:00+02:00,48.99033498513966
2018-07-15 17:00:00+02:00,48.213473582329684
2018-07-15 18:00:00+02:00,46.179450189921916
2018-07-15 19:00:00+02:00,49.824822101641836
2018-07-15 20:00:00+02:00,53.30437367204009
2018-07-15 21:00:00+02:00,56.83026759712307
2018-07-15 22:00:00+02:00,58.882570550062894
2018-07-15 23:00:00+02:00,58.19088860913688
2018-07-16 00:00:00+02:00,54.351896594277655
2018-07-16 01:00:00+02:00,51.686203413185396
2018-07-16 02:00:00+02:00,48.158321085556985
2018-07-16 03:00:00+02:00,47.90612430542613
2018-07-16 04:00:00+02:00,46.97121439220081
2018-07-16 05:00:00+02:00,46.424452464668136
2018-07-16 06:00:00+02:00,51.1769314843951
2018-07-16 07:00:00+02:00,56.31217683232328
2018-07-16 08:00:00+02:00,58.603571562292586
2018-07-16 09:00:00+02:00,60.18372881448444
2018-07-16 10:00:00+02:00,59.67922161277907
2018-07-16 11:00:00+02:00,59.94560989863326
2018-07-16 12:00:00+02:00,61.48355116273726
2018-07-16 13:00:00+02:00,61.391741363757156
2018-07-16 14:00:00+02:00,61.555731350805836
2018-07-16 15:00:00+02:00,60.8720141800126
2018-07-16 16:00:00+02:00,59.933555912005694
2018-07-16 17:00:00+02:00,59.32579152577822
2018-07-16 18:00:00+02:00,59.066145899147244
2018-07-16 19:00:00+02:00,59.93468610338387
2018-07-16 20:00:00+02:00,60.68082779602297
2018-07-16 21:00:00+02:00,62.74204350781822
2018-07-16 22:00:00+02:00,61.90640566175138
2018-07-16 23:00:00+02:00,58.60177879278039
2018-07-17 00:00:00+02:00,55.29717603361128
2018-07-17 01:00:00+02:00,52.83222562353034
2018-07-17 02:00:00+02:00,51.08859836695174
2018-07-17 03:00:00+02:00,49.79216494915674
2018-07-17 04:00:00+02:00,47.18815070960678
2018-07-17 05:00:00+02:00,47.73182247367951
2018-07-17 06:00:00+02:00,51.6423287151135
2018-07-17 07:00:00+02:00,55.037141726140284
2018-07-17 08:00:00+02:00,59.91654726086891
2018-07-17 09:00:00+02:00,59.976061465989865
2018-07-17 10:00:00+02:00,61.17922156389328
2018-07-17 11:00:00+02:00,61.68582832596196
2018-07-17 12:00:00+02:00,61.05710604218803
2018-07-17 13:00:00+02:00,61.41727520827977
2018-07-17 14:00:00+02:00,60.662899470787785
2018-07-17 15:00:00+02:00,59.961129161169396
2018-07-17 16:00:00+02:00,60.44486463547659
2018-07-17 17:00:00+02:00,59.350122582867144
2018-07-17 18:00:00+02:00,60.03018168663563
2018-07-17 19:00:00+02:00,59.988723318672
2018-07-17 20:00:00+02:00,59.70302031226077
2018-07-17 21:00:00+02:00,61.177072359433616
2018-07-17 22:00:00+02:00,59.58446851320401
2018-07-17 23:00:00+02:00,58.004407325727485
2018-07-18 00:00:00+02:00,56.4081831654773
2018-07-18 01:00:00+02:00,52.18246491315018
2018-07-18 02:00:00+02:00,51.56679570668828
2018-07-18 03:00:00+02:00,48.44649589301629
2018-07-18 04:00:00+02:00,49.72867598950147
2018-07-18 05:00:00+02:00,51.6000244873236
2018-07-18 06:00:00+02:00,52.316314158759695
2018-07-18 07:00:00+02:00,56.405471275725766
2018-07-18 08:00:00+02:00,58.90215414160258
2018-07-18 09:00:00+02:00,59.331150403727136
2018-07-18 10:00:00+02:00,60.48038741500294
2018-07-18 11:00:00+02:00,61.161641424198116
2018-07-18 12:00:00+02:00,62.56837592700141
2018-07-18 13:00:00+02:00,62.7138106540976
2018-07-18 14:00:00+02:00,61.34857298438558
2018-07-18 15:00:00+02:00,60.16153217031034
2018-07-18 16:00:00+02:00,61.209097805757565
2018-07-18 17:00:00+02:00,59.43495266594047
2018-07-18 18:00:00+02:00,59.74285484723184
2018-07-18 19:00:00+02:00,59.106450780913214
2018-07-18 20:00:00+02:00,58.23401652276663
2018-07-18 21:00:00+02:00,60.89943410671643
2018-07-18 22:00:00+02:00,60.258777368111915
2018-07-18 23:00:00+02:00,57.616793271610554
2018-07-19 00:00:00+02:00,54.373206395981306
2018-07-19 01:00:00+02:00,51.06827548122454
2018-07-19 02:00:00+02:00,50.6937469055338
2018-07-19 03:00:00+02:00,49.88871010686554
2018-07-19 04:00:00+02:00,49.76108566757573
2018-07-19 05:00:00+02:00,50.24640263121584
2018-07-19 06:00:00+02:00,53.79464885974507
2018-07-19 07:00:00+02:00,57.55741708549357
2018-07-19 08:00:00+02:00,61.14572598086509
2018-07-19 09:00:00+02:00,60.89421267817512
2018-07-19 10:00:00+02:00,61.45046602523291
2018-07-19 11:00:00+02:00,60.951059638336666
2018-07-19 12:00:00+02:00,61.93875904117976
2018-07-19 13:00:00+02:00,62.12823440282149
2018-07-19 14:00:00+02:00,62.397404328410985
2018-07-19 15:00:00+02:00,60.697472761128246
2018-07-19 16:00:00+02:00,58.640715729189395
2018-07-19 17:00:00+02:00,58.87746712745269
2018-07-19 18:00:00+02:00,57.99329330802956
2018-07-19 19:00:00+02:00,57.07919784785622
2018-07-19 20:00:00+02:00,59.037580008593714
2018-07-19 21:00:00+02:00,58.9001257428395
2018-07-19 22:00:00+02:00,59.12799412407022
2018-07-19 23:00:00+02:00,56.92395981507892
2018-07-20 00:00:00+02:00,54.816801839516316
2018-07-20 01:00:00+02:00,51.118315234599436
2018-07-20 02:00:00+02:00,48.84202519688652
2018-07-20 03:00:00+02:00,49.3193226501731
2018-07-20 04:00:00+02:00,48.14661284842889
2018-07-20 05:00:00+02:00,47.99601934320076
2018-07-20 06:00:00+02:00,52.737456415262805
2018-07-20 07:00:00+02:00,56.65822145793334
2018-07-20 08:00:00+02:00,59.97219503267042
2018-07-20 09:00:00+02:00,60.93710076438522
2018-07-20 10:00:00+02:00,61.72123832405249
2018-07-20 11:00:00+02:00,62.45500388381889
2018-07-20 12:00:00+02:00,61.82305757131584
2018-07-20 13:00:00+02:00,61.70103196486742
2018-07-20 14:00:00+02:00,61.50353356814422
2018-07-20 15:00:00+02:00,59.574183362810565
2018-07-20 16:00:00+02:00,59.1203181742656
2018-07-20 17:00:00+02:00,58.94783967085027
2018-07-20 18:00:00+02:00,56.31655919239732
2018-07-20 19:00:00+02:00,56.77098711368592
2018-07-20 20:00:00+02:00,58.36878053666751
2018-07-20 21:00:00+02:00,59.936396305534814
2018-07-20 22:00:00+02:00,58.7957738484489
2018-07-20 23:00:00+02:00,54.943882167639885
2018-07-21 00:00:00+02:00,54.424137724002684
2018-07-21 01:00:00+02:00,51.31197486054017
2018-07-21 02:00:00+02:00,49.72673489558661
2018-07-21 03:00:00+02:00,49.45654292738787
2018-07-21 04:00:00+02:00,48.53644245549334
2018-07-21 05:00:00+02:00,48.343299385308
2018-07-21 06:00:00+02:00,46.441717791565885
2018-07-21 07:00:00+02:00,48.651996094192285
2018-07-21 08:00:00+02:00,52.589527056695545
2018-07-21 09:00:00+02:00,53.96263238890961
2018-07-21 10:00:00+02:00,54.20868631915987
2018-07-21 11:00:00+02:00,55.85881877884855
2018-07-21 12:00:00+02:00,57.14717988761515
2018-07-21 13:00:00+02:00,57.82826364181775
2018-07-21 14:00:00+02:00,55.583051962364785
2018-07-21 15:00:00+02:00,53.21525974195933
2018-07-21 16:00:00+02:00,52.40915632189232
2018-07-21 17:00:00+02:00,52.23714627456739
2018-07-21 18:00:00+02:00,51.472960264752224
2018-07-21 19:00:00+02:00,53.63594633570228
2018-07-21 20:00:00+02:00,54.79737863973996
2018-07-21 21:00:00+02:00,57.639427049992776
2018-07-21 22:00:00+02:00,58.021032165884144
2018-07-21 23:00:00+02:00,55.94023256344685
2018-07-22 00:00:00+02:00,48.89669408850045
2018-07-22 01:00:00+02:00,48.26821523764034
2018-07-22 02:00:00+02:00,47.297146039934034
2018-07-22 03:00:00+02:00,47.068190192566036
2018-07-22 04:00:00+02:00,47.071593642933344
2018-07-22 05:00:00+02:00,46.80683285365618
2018-07-22 06:00:00+02:00,45.46285244993018
2018-07-22 07:00:00+02:00,47.94908974663232
2018-07-22 08:00:00+02:00,48.27891956327076
2018-07-22 09:00:00+02:00,49.247880306130824
2018-07-22 10:00:00+02:00,51.579452124777966
2018-07-22 11:00:00+02:00,52.086939576218676
2018-07-22 12:00:00+02:00,52.58905788863807
2018-07-22 13:00:00+02:00,54.80648583949076
2018-07-22 14:00:00+02:00,53.604685832540085
2018-07-22 15:00:00+02:00,50.71155050010147
2018-07-22 16:00:00+02:00,49.4003182759013
2018-07-22 17:00:00+02:00,50.10043992576855
2018-07-22 18:00:00+02:00,51.158802949097584
2018-07-22 19:00:00+02:00,54.41472333819736
2018-07-22 20:00:00+02:00,58.06980921251492
2018-07-22 21:00:00+02:00,59.38172945990892
2018-07-22 22:00:00+02:00,61.20819767768403
2018-07-22 23:00:00+02:00,59.31866041964259
2018-07-23 00:00:00+02:00,55.773415532691715
2018-07-23 01:00:00+02:00,52.62673545043816
2018-07-23 02:00:00+02:00,48.487912498645535
2018-07-23 03:00:00+02:00,47.68461405618673
2018-07-23 04:00:00+02:00,47.84395373226002
2018-07-23 05:00:00+02:00,49.399677867057285
2018-07-23 06:00:00+02:00,53.10867750449708
2018-07-23 07:00:00+02:00,56.10573697526605
2018-07-23 08:00:00+02:00,57.686504920253164
2018-07-23 09:00:00+02:00,59.951973199879504
2018-07-23 10:00:00+02:00,60.4654739830951
2018-07-23 11:00:00+02:00,60.742752568908955
2018-07-23 12:00:00+02:00,61.23129803319362
2018-07-23 13:00:00+02:00,62.9440346675172
2018-07-23 14:00:00+02:00,62.160782803945956
2018-07-23 15:00:00+02:00,60.40831063076234
2018-07-23 16:00:00+02:00,60.46308184769367
2018-07-23 17:00:00+02:00,61.08994089973957
2018-07-23 18:00:00+02:00,60.13514689976251
2018-07-23 19:00:00+02:00,58.9452130080821
2018-07-23 20:00:00+02:00,59.97616596133766
2018-07-23 21:00:00+02:00,61.9465147493538
2018-07-23 22:00:00+02:00,61.57603648054079
2018-07-23 23:00:00+02:00,59.51650123065091
2018-07-24 00:00:00+02:00,54.08019019561896
2018-07-24 01:00:00+02:00,51.343965641461345
2018-07-24 02:00:00+02:00,50.6170502137765
2018-07-24 03:00:00+02:00,50.02460558475086
2018-07-24 04:00:00+02:00,48.59054623000906
2018-07-24 05:00:00+02:00,50.15016246710254
2018-07-24 06:00:00+02:00,52.89166285528525
2018-07-24 07:00:00+02:00,57.23020287530104
2018-07-24 08:00:00+02:00,61.02893350036831
2018-07-24 09:00:00+02:00,61.99212416904331
2018-07-24 10:00:00+02:00,62.57815852960312
2018-07-24 11:00:00+02:00,61.02099064608908
2018-07-24 12:00:00+02:00,62.52355119425721
2018-07-24 13:00:00+02:00,63.25136629422452
2018-07-24 14:00:00+02:00,61.71984317445455
2018-07-24 15:00:00+02:00,60.679300897459505
2018-07-24 16:00:00+02:00,60.189645244852294
2018-07-24 17:00:00+02:00,59.874605665866895
2018-07-24 18:00:00+02:00,59.90056517171414
2018-07-24 19:00:00+02:00,59.6488397124581
2018-07-24 20:00:00+02:00,60.12096373210488
2018-07-24 21:00:00+02:00,60.77353376410666
2018-07-24 22:00:00+02:00,60.63370015899847
2018-07-24 23:00:00+02:00,58.19978902512198
2018-07-25 00:00:00+02:00,53.4528203096713
2018-07-25 01:00:00+02:00,49.514724903391944
2018-07-25 02:00:00+02:00,51.03982250225882
2018-07-25 03:00:00+02:00,50.764620570378604
2018-07-25 04:00:00+02:00,49.575016822839
2018-07-25 05:00:00+02:00,50.773774225815025
2018-07-25 06:00:00+02:00,53.81920986254932
2018-07-25 07:00:00+02:00,56.59630308362534
2018-07-25 08:00:00+02:00,60.5895786832717
2018-07-25 09:00:00+02:00,62.16829909498254
2018-07-25 10:00:00+02:00,62.150911477746696
2018-07-25 11:00:00+02:00,61.513831812057525
2018-07-25 12:00:00+02:00,63.447485660719444
2018-07-25 13:00:00+02:00,63.527757996726024
2018-07-25 14:00:00+02:00,61.88656970108216
2018-07-25 15:00:00+02:00,59.488532264691415
2018-07-25 16:00:00+02:00,59.82416224142415
2018-07-25 17:00:00+02:00,58.215315994828224
2018-07-25 18:00:00+02:00,59.139180959591215
2018-07-25 19:00:00+02:00,58.70266428111621
2018-07-25 20:00:00+02:00,58.568486557817444
2018-07-25 21:00:00+02:00,60.57595898492516
2018-07-25 22:00:00+02:00,59.493445693054895
2018-07-25 23:00:00+02:00,57.56485709953602
2018-07-26 00:00:00+02:00,57.28034333024583
2018-07-26 01:00:00+02:00,54.82280554259085
2018-07-26 02:00:00+02:00,52.704998747993734
2018-07-26 03:00:00+02:00,51.98025145664469
2018-07-26 04:00:00+02:00,50.89896222253602
2018-07-26 05:00:00+02:00,51.38875007166208
2018-07-26 06:00:00+02:00,55.18908467563745
2018-07-26 07:00:00+02:00,57.330997356364506
2018-07-26 08:00:00+02:00,60.85858686223581
2018-07-26 09:00:00+02:00,60.69721079461362
2018-07-26 10:00:00+02:00,61.99958650870332
2018-07-26 11:00:00+02:00,63.26409873956186
2018-07-26 12:00:00+02:00,63.693017276377056
2018-07-26 13:00:00+02:00,63.232079269002924
2018-07-26 14:00:00+02:00,62.03707795774708
2018-07-26 15:00:00+02:00,59.896595852115645
2018-07-26 16:00:00+02:00,58.68515715836692
2018-07-26 17:00:00+02:00,58.81254138751307
2018-07-26 18:00:00+02:00,57.91137570010441
2018-07-26 19:00:00+02:00,58.542905209968495
2018-07-26 20:00:00+02:00,58.99215457505717
2018-07-26 21:00:00+02:00,60.562986123815485
2018-07-26 22:00:00+02:00,59.76347615163282
2018-07-26 23:00:00+02:00,57.53581760334418
2018-07-27 00:00:00+02:00,56.007262605218116
2018-07-27 01:00:00+02:00,52.60894805643593
2018-07-27 02:00:00+02:00,50.75712670051887
2018-07-27 03:00:00+02:00,51.016797413545774
2018-07-27 04:00:00+02:00,49.835201928979714
2018-07-27 05:00:00+02:00,50.138078517048505
2018-07-27 06:00:00+02:00,53.74760754170996
2018-07-27 07:00:00+02:00,57.55499212658299
2018-07-27 08:00:00+02:00,61.12510263683818
2018-07-27 09:00:00+02:00,61.048857093859546
2018-07-27 10:00:00+02:00,62.22731596918258
2018-07-27 11:00:00+02:00,62.411691550290975
2018-07-27 12:00:00+02:00,63.18802827934933
2018-07-27 13:00:00+02:00,63.07641405832245
2018-07-27 14:00:00+02:00,60.840720867987386
2018-07-27 15:00:00+02:00,59.14661651505989
2018-07-27 16:00:00+02:00,59.108743434318775
2018-07-27 17:00:00+02:00,57.997634345181055
2018-07-27 18:00:00+02:00,57.990808157841535
2018-07-27 19:00:00+02:00,56.81185384267718
2018-07-27 20:00:00+02:00,57.58234321763296
2018-07-27 21:00:00+02:00,58.750796005783215
2018-07-27 22:00:00+02:00,58.57989710897045
2018-07-27 23:00:00+02:00,57.42592115101637
2018-07-28 00:00:00+02:00,57.49970175705771
2018-07-28 01:00:00+02:00,53.126707103206094
2018-07-28 02:00:00+02:00,51.31576585639844
2018-07-28 03:00:00+02:00,50.725759062285874
2018-07-28 04:00:00+02:00,50.39935397110087
2018-07-28 05:00:00+02:00,50.89879154479325
2018-07-28 06:00:00+02:00,50.19691020678375
2018-07-28 07:00:00+02:00,51.49490406326656
2018-07-28 08:00:00+02:00,54.558061786836944
2018-07-28 09:00:00+02:00,55.45822618785994
2018-07-28 10:00:00+02:00,56.43920069293362
2018-07-28 11:00:00+02:00,56.688854029190786
2018-07-28 12:00:00+02:00,58.96542121032932
2018-07-28 13:00:00+02:00,59.26666183472428
2018-07-28 14:00:00+02:00,56.23752373074784
2018-07-28 15:00:00+02:00,53.27855191231915
2018-07-28 16:00:00+02:00,52.845997961725374
2018-07-28 17:00:00+02:00,53.05321166712762
2018-07-28 18:00:00+02:00,50.42488918949492
2018-07-28 19:00:00+02:00,53.01290880458764
2018-07-28 20:00:00+02:00,55.74542178826941
2018-07-28 21:00:00+02:00,57.83847605731928
2018-07-28 22:00:00+02:00,59.431887009587065
2018-07-28 23:00:00+02:00,56.692037196774656
2018-07-29 00:00:00+02:00,55.22515976341706
2018-07-29 01:00:00+02:00,51.64327222525925
2018-07-29 02:00:00+02:00,50.42975665256762
2018-07-29 03:00:00+02:00,49.56891505428507
2018-07-29 04:00:00+02:00,49.995183977817824
2018-07-29 05:00:00+02:00,48.905538494102224
2018-07-29 06:00:00+02:00,47.51012540231233
2018-07-29 07:00:00+02:00,48.39542025452349
2018-07-29 08:00:00+02:00,50.06355872641899
2018-07-29 09:00:00+02:00,49.8354977609057
2018-07-29 10:00:00+02:00,52.87926517133923
2018-07-29 11:00:00+02:00,53.990957064851294
2018-07-29 12:00:00+02:00,54.47912235315534
2018-07-29 13:00:00+02:00,54.642597792591246
2018-07-29 14:00:00+02:00,53.924468881611965
2018-07-29 15:00:00+02:00,50.85539854716204
2018-07-29 16:00:00+02:00,48.456299899167355
2018-07-29 17:00:00+02:00,48.304641704164894
2018-07-29 18:00:00+02:00,48.16366377454071
2018-07-29 19:00:00+02:00,52.30592561052899
2018-07-29 20:00:00+02:00,54.4889491168444
2018-07-29 21:00:00+02:00,58.41769335327076
2018-07-29 22:00:00+02:00,61.68469625140606
2018-07-29 23:00:00+02:00,58.70530747224266
2018-07-30 00:00:00+02:00,56.37990420647896
2018-07-30 01:00:00+02:00,54.31841070236329
2018-07-30 02:00:00+02:00,50.868185030518056
2018-07-30 03:00:00+02:00,50.663873178807606
2018-07-30 04:00:00+02:00,48.92923779430467
2018-07-30 05:00:00+02:00,48.55993468082978
2018-07-30 06:00:00+02:00,50.42799125423054
2018-07-30 07:00:00+02:00,55.15979218732104
2018-07-30 08:00:00+02:00,57.07937251743213
2018-07-30 09:00:00+02:00,58.913001121629
2018-07-30 10:00:00+02:00,60.36281329164353
2018-07-30 11:00:00+02:00,61.59739060066241
2018-07-30 12:00:00+02:00,62.224568004255936
2018-07-30 13:00:00+02:00,62.12831829115841
2018-07-30 14:00:00+02:00,61.981022685777496
2018-07-30 15:00:00+02:00,60.76610570542894
2018-07-30 16:00:00+02:00,59.68501228775414
2018-07-30 17:00:00+02:00,60.0262554604243
2018-07-30 18:00:00+02:00,59.65359507415925
2018-07-30 19:00:00+02:00,61.05339433580692
2018-07-30 20:00:00+02:00,60.398351619202224
2018-07-30 21:00:00+02:00,61.331588302441574
2018-07-30 22:00:00+02:00,60.368774912662026
2018-07-30 23:00:00+02:00,58.99271831460916
2018-07-31 00:00:00+02:00,55.95416359782144
2018-07-31 01:00:00+02:00,53.66355739346295
2018-07-31 02:00:00+02:00,50.52607158973058
2018-07-31 03:00:00+02:00,49.94540334702301
2018-07-31 04:00:00+02:00,49.51384708343551
2018-07-31 05:00:00+02:00,50.44416046870816
2018-07-31 06:00:00+02:00,52.221360004106536
2018-07-31 07:00:00+02:00,56.033243050288995
2018-07-31 08:00:00+02:00,59.46825288932737
2018-07-31 09:00:00+02:00,60.076700186224386
2018-07-31 10:00:00+02:00,60.0193898254391
2018-07-31 11:00:00+02:00,61.033425418721166
2018-07-31 12:00:00+02:00,61.993887437129864
2018-07-31 13:00:00+02:00,63.123594521081664
2018-07-31 14:00:00+02:00,62.553940733929196
2018-07-31 15:00:00+02:00,60.33449909591791
2018-07-31 16:00:00+02:00,59.180228361371185
2018-07-31 17:00:00+02:00,58.820986398414895
2018-07-31 18:00:00+02:00,58.48348658610593
2018-07-31 19:00:00+02:00,57.82655414091738
2018-07-31 20:00:00+02:00,58.075520529580416
2018-07-31 21:00:00+02:00,59.85229571941361
2018-07-31 22:00:00+02:00,58.97514676062296
2018-07-31 23:00:00+02:00,56.56941494880904
2018-08-01 00:00:00+02:00,55.78268667476057
2018-08-01 01:00:00+02:00,51.097518346761795
2018-08-01 02:00:00+02:00,49.15501156918569
2018-08-01 03:00:00+02:00,48.666328511981064
2018-08-01 04:00:00+02:00,49.09369450928048
2018-08-01 05:00:00+02:00,48.97081325504522
2018-08-01 06:00:00+02:00,53.0744160768936
2018-08-01 07:00:00+02:00,54.731539722124516
2018-08-01 08:00:00+02:00,58.54976087791135
2018-08-01 09:00:00+02:00,59.41116879687021
2018-08-01 10:00:00+02:00,59.88382327929795
2018-08-01 11:00:00+02:00,61.13412846665583
2018-08-01 12:00:00+02:00,61.49816727873425
2018-08-01 13:00:00+02:00,61.29176588279719
2018-08-01 14:00:00+02:00,61.4141442159089
2018-08-01 15:00:00+02:00,60.9201245386647
2018-08-01 16:00:00+02:00,60.59978169732612
2018-08-01 17:00:00+02:00,58.52770706640882
2018-08-01 18:00:00+02:00,58.582809622469895
2018-08-01 19:00:00+02:00,58.27400374917159
2018-08-01 20:00:00+02:00,57.90770908256196
2018-08-01 21:00:00+02:00,59.22922818438701
2018-08-01 22:00:00+02:00,58.87899535124971
2018-08-01 23:00:00+02:00,56.5798229843325
2018-08-02 00:00:00+02:00,54.81720015300332
2018-08-02 01:00:00+02:00,52.536678198907104
2018-08-02 02:00:00+02:00,49.87017319560304
2018-08-02 03:00:00+02:00,49.53538075507254
2018-08-02 04:00:00+02:00,49.629607731729834
2018-08-02 05:00:00+02:00,48.90237735880043
2018-08-02 06:00:00+02:00,50.84378971358527
2018-08-02 07:00:00+02:00,54.34899091250804
2018-08-02 08:00:00+02:00,57.6559706176086
2018-08-02 09:00:00+02:00,59.23712879861155
2018-08-02 10:00:00+02:00,60.09188534513735
2018-08-02 11:00:00+02:00,60.84279755966596
2018-08-02 12:00:00+02:00,62.682938306732176
2018-08-02 13:00:00+02:00,63.56083061492757
2018-08-02 14:00:00+02:00,63.29781307447769
2018-08-02 15:00:00+02:00,62.51179452308452
2018-08-02 16:00:00+02:00,61.23437363391157
2018-08-02 17:00:00+02:00,62.08130440088604
2018-08-02 18:00:00+02:00,61.30184800259745
2018-08-02 19:00:00+02:00,60.49240118989657
2018-08-02 20:00:00+02:00,61.486450417698826
2018-08-02 21:00:00+02:00,62.42312863515701
2018-08-02 22:00:00+02:00,60.602347048305674
2018-08-02 23:00:00+02:00,58.02116073439334
2018-08-03 00:00:00+02:00,58.07388404082228
2018-08-03 01:00:00+02:00,54.3611406845144
2018-08-03 02:00:00+02:00,51.66078773308587
2018-08-03 03:00:00+02:00,51.10797375463468
2018-08-03 04:00:00+02:00,49.94288791785275
2018-08-03 05:00:00+02:00,52.2410549680284
2018-08-03 06:00:00+02:00,55.52133172559942
2018-08-03 07:00:00+02:00,60.00755343539738
2018-08-03 08:00:00+02:00,63.055578995402634
2018-08-03 09:00:00+02:00,64.86833733766197
2018-08-03 10:00:00+02:00,63.76792836298422
2018-08-03 11:00:00+02:00,65.40796486318158
2018-08-03 12:00:00+02:00,67.86793542058592
2018-08-03 13:00:00+02:00,70.06325920624727
2018-08-03 14:00:00+02:00,68.75964413658566
2018-08-03 15:00:00+02:00,66.40451660983597
2018-08-03 16:00:00+02:00,66.75252243682876
2018-08-03 17:00:00+02:00,65.71119609772452
2018-08-03 18:00:00+02:00,66.3849501517753
2018-08-03 19:00:00+02:00,65.67072013013664
2018-08-03 20:00:00+02:00,65.0851762189833
2018-08-03 21:00:00+02:00,66.93624480587796
2018-08-03 22:00:00+02:00,65.4709011263477
2018-08-03 23:00:00+02:00,62.78024529750914
2018-08-04 00:00:00+02:00,58.944174052334304
2018-08-04 01:00:00+02:00,54.752227044334354
2018-08-04 02:00:00+02:00,52.09217130506126
2018-08-04 03:00:00+02:00,51.55131201378287
2018-08-04 04:00:00+02:00,50.1945118732471
2018-08-04 05:00:00+02:00,49.85430431972048
2018-08-04 06:00:00+02:00,49.75983374501933
2018-08-04 07:00:00+02:00,53.53820782541652
2018-08-04 08:00:00+02:00,53.616609146115586
2018-08-04 09:00:00+02:00,56.85341099590942
2018-08-04 10:00:00+02:00,57.635581545540525
2018-08-04 11:00:00+02:00,57.80026889866318
2018-08-04 12:00:00+02:00,59.19793285003331
2018-08-04 13:00:00+02:00,58.369946927769256
2018-08-04 14:00:00+02:00,57.61446384415485
2018-08-04 15:00:00+02:00,55.44116055597923
2018-08-04 16:00:00+02:00,54.04737105280202
2018-08-04 17:00:00+02:00,54.6272434290402
2018-08-04 18:00:00+02:00,54.38747108157227
2018-08-04 19:00:00+02:00,57.41951150845753
2018-08-04 20:00:00+02:00,59.744978117551696
2018-08-04 21:00:00+02:00,61.17411504123986
2018-08-04 22:00:00+02:00,61.275814484013694
2018-08-04 23:00:00+02:00,58.4236840302516
2018-08-05 00:00:00+02:00,50.9130193504018
2018-08-05 01:00:00+02:00,48.69445333760105
2018-08-05 02:00:00+02:00,45.20871272670063
2018-08-05 03:00:00+02:00,43.104664722928625
2018-08-05 04:00:00+02:00,41.31125534906699
2018-08-05 05:00:00+02:00,43.62697365821801
2018-08-05 06:00:00+02:00,42.98299217544296
2018-08-05 07:00:00+02:00,43.829420447088054
2018-08-05 08:00:00+02:00,44.59450325479366
2018-08-05 09:00:00+02:00,47.1319632868259
2018-08-05 10:00:00+02:00,48.80017166235093
2018-08-05 11:00:00+02:00,49.046322528611704
2018-08-05 12:00:00+02:00,49.9000890859306
2018-08-05 13:00:00+02:00,51.76986175062821
2018-08-05 14:00:00+02:00,53.23750624301989
2018-08-05 15:00:00+02:00,49.077692273492204
2018-08-05 16:00:00+02:00,48.249986539531136
2018-08-05 17:00:00+02:00,47.912378470398
2018-08-05 18:00:00+02:00,48.868067469256125
2018-08-05 19:00:00+02:00,49.45987113278079
2018-08-05 20:00:00+02:00,52.26911971575522
2018-08-05 21:00:00+02:00,57.36395519201141
2018-08-05 22:00:00+02:00,57.454448387935464
2018-08-05 23:00:00+02:00,57.016471632150235
2018-08-06 00:00:00+02:00,57.290560888823876
2018-08-06 01:00:00+02:00,53.667736853242054
2018-08-06 02:00:00+02:00,50.58481474776498
2018-08-06 03:00:00+02:00,50.07430889184042
2018-08-06 04:00:00+02:00,48.71744635577048
2018-08-06 05:00:00+02:00,49.206227476559924
2018-08-06 06:00:00+02:00,54.60278567345216
2018-08-06 07:00:00+02:00,55.63537618744032
2018-08-06 08:00:00+02:00,56.464452421947726
2018-08-06 09:00:00+02:00,58.53816844670717
2018-08-06 10:00:00+02:00,58.94540855624354
2018-08-06 11:00:00+02:00,59.200396912333254
2018-08-06 12:00:00+02:00,60.02655169381307
2018-08-06 13:00:00+02:00,60.510687157417586
2018-08-06 14:00:00+02:00,59.586249122554115
2018-08-06 15:00:00+02:00,58.61148066130464
2018-08-06 16:00:00+02:00,57.039693540570134
2018-08-06 17:00:00+02:00,56.942575948300146
2018-08-06 18:00:00+02:00,59.52386650445142
2018-08-06 19:00:00+02:00,58.89386646474696
2018-08-06 20:00:00+02:00,57.56739452968641
2018-08-06 21:00:00+02:00,58.406520792969204
2018-08-06 22:00:00+02:00,61.08500867692984
2018-08-06 23:00:00+02:00,57.01610558509751
2018-08-07 00:00:00+02:00,55.64125027690491
2018-08-07 01:00:00+02:00,51.742355120770846
2018-08-07 02:00:00+02:00,47.433975073823476
2018-08-07 03:00:00+02:00,45.63002638007248
2018-08-07 04:00:00+02:00,47.53145157038615
2018-08-07 05:00:00+02:00,48.202289579433305
2018-08-07 06:00:00+02:00,49.586562555484974
2018-08-07 07:00:00+02:00,53.20128695899549
2018-08-07 08:00:00+02:00,56.81964251726543
2018-08-07 09:00:00+02:00,59.15836411265186
2018-08-07 10:00:00+02:00,58.766230537024846
2018-08-07 11:00:00+02:00,60.03513371641808
2018-08-07 12:00:00+02:00,60.95671986663038
2018-08-07 13:00:00+02:00,62.41854237275374
2018-08-07 14:00:00+02:00,60.278110851573096
2018-08-07 15:00:00+02:00,59.5242242906282
2018-08-07 16:00:00+02:00,59.12112764182918
2018-08-07 17:00:00+02:00,57.264129199851894
2018-08-07 18:00:00+02:00,60.099194886577855
2018-08-07 19:00:00+02:00,56.88918359319779
2018-08-07 20:00:00+02:00,58.86206877033959
2018-08-07 21:00:00+02:00,60.89419379206586
2018-08-07 22:00:00+02:00,60.05817894630237
2018-08-07 23:00:00+02:00,56.0959224427104
2018-08-08 00:00:00+02:00,55.478960647822895
2018-08-08 01:00:00+02:00,52.902066472756935
2018-08-08 02:00:00+02:00,47.99530704572828
2018-08-08 03:00:00+02:00,48.74385888579446
2018-08-08 04:00:00+02:00,47.00085988846074
2018-08-08 05:00:00+02:00,46.35932247545139
2018-08-08 06:00:00+02:00,51.55132417592808
2018-08-08 07:00:00+02:00,55.2770473916063
2018-08-08 08:00:00+02:00,58.89827265529192
2018-08-08 09:00:00+02:00,59.32416390734601
2018-08-08 10:00:00+02:00,60.588881586314336
2018-08-08 11:00:00+02:00,62.736350763103225
2018-08-08 12:00:00+02:00,62.80209846596592
2018-08-08 13:00:00+02:00,63.14421117876588
2018-08-08 14:00:00+02:00,61.84174388612406
2018-08-08 15:00:00+02:00,60.303124354929594
2018-08-08 16:00:00+02:00,59.21721060728579
2018-08-08 17:00:00+02:00,58.61179292417281
2018-08-08 18:00:00+02:00,55.97346883875123
2018-08-08 19:00:00+02:00,56.08634767896465
2018-08-08 20:00:00+02:00,56.60480052346492
2018-08-08 21:00:00+02:00,58.67620150363799
2018-08-08 22:00:00+02:00,58.76637707070946
2018-08-08 23:00:00+02:00,57.25745702579282
2018-08-09 00:00:00+02:00,55.940490639059476
2018-08-09 01:00:00+02:00,51.095342826024705
2018-08-09 02:00:00+02:00,46.89705603011528
2018-08-09 03:00:00+02:00,44.897899801377164
2018-08-09 04:00:00+02:00,44.8409483305524
2018-08-09 05:00:00+02:00,45.312637158634764
2018-08-09 06:00:00+02:00,49.48235927930177
2018-08-09 07:00:00+02:00,55.110217121893726
2018-08-09 08:00:00+02:00,56.86061691208104
2018-08-09 09:00:00+02:00,59.702176778573644
2018-08-09 10:00:00+02:00,60.0759022195654
2018-08-09 11:00:00+02:00,60.39784571532685
2018-08-09 12:00:00+02:00,61.445629979716024
2018-08-09 13:00:00+02:00,61.79853901300388
2018-08-09 14:00:00+02:00,59.42110677168664
2018-08-09 15:00:00+02:00,57.55630707528593
2018-08-09 16:00:00+02:00,56.7418196673059
2018-08-09 17:00:00+02:00,55.10946084200929
2018-08-09 18:00:00+02:00,57.9008428390913
2018-08-09 19:00:00+02:00,56.47189029000879
2018-08-09 20:00:00+02:00,58.185897688285614
2018-08-09 21:00:00+02:00,57.738203851392235
2018-08-09 22:00:00+02:00,57.18416780655421
2018-08-09 23:00:00+02:00,53.95998495864296
2018-08-10 00:00:00+02:00,49.778448415785086
2018-08-10 01:00:00+02:00,47.510772111738795
2018-08-10 02:00:00+02:00,44.347279325957764
2018-08-10 03:00:00+02:00,44.16766089580359
2018-08-10 04:00:00+02:00,44.12609400347232
2018-08-10 05:00:00+02:00,44.39423437273936
2018-08-10 06:00:00+02:00,47.63211094844144
2018-08-10 07:00:00+02:00,50.92785764537122
2018-08-10 08:00:00+02:00,56.71281589291852
2018-08-10 09:00:00+02:00,57.230691685914124
2018-08-10 10:00:00+02:00,56.208761289880925
2018-08-10 11:00:00+02:00,58.34729151787758
2018-08-10 12:00:00+02:00,58.91266500378143
2018-08-10 13:00:00+02:00,58.775518623037264
2018-08-10 14:00:00+02:00,58.31812559573722
2018-08-10 15:00:00+02:00,57.28634401086721
2018-08-10 16:00:00+02:00,57.27708290815948
2018-08-10 17:00:00+02:00,56.40874427268876
2018-08-10 18:00:00+02:00,56.34801071786251
2018-08-10 19:00:00+02:00,57.3833665164595
2018-08-10 20:00:00+02:00,57.65468784410851
2018-08-10 21:00:00+02:00,59.41273733046671
2018-08-10 22:00:00+02:00,58.4726242009698
2018-08-10 23:00:00+02:00,54.870712340523376
2018-08-11 00:00:00+02:00,53.253805591016
2018-08-11 01:00:00+02:00,51.23845843495978
2018-08-11 02:00:00+02:00,47.02062332005288
2018-08-11 03:00:00+02:00,46.19521098535478
2018-08-11 04:00:00+02:00,47.21385569598223
2018-08-11 05:00:00+02:00,47.85626456334366
2018-08-11 06:00:00+02:00,48.21772360662292
2018-08-11 07:00:00+02:00,50.003917983884996
2018-08-11 08:00:00+02:00,50.995205847963526
2018-08-11 09:00:00+02:00,52.47445883349702
2018-08-11 10:00:00+02:00,54.980336536851276
2018-08-11 11:00:00+02:00,55.45075542991814
2018-08-11 12:00:00+02:00,55.82903159931997
2018-08-11 13:00:00+02:00,55.23083795694105
2018-08-11 14:00:00+02:00,55.04039878100873
2018-08-11 15:00:00+02:00,52.046570376647324
2018-08-11 16:00:00+02:00,52.36290015571255
2018-08-11 17:00:00+02:00,52.14388151248315
2018-08-11 18:00:00+02:00,53.01163014687733
2018-08-11 19:00:00+02:00,54.55733624581119
2018-08-11 20:00:00+02:00,56.719682997241364
2018-08-11 21:00:00+02:00,57.19243811487653
2018-08-11 22:00:00+02:00,57.561802612812784
2018-08-11 23:00:00+02:00,56.32555410065181
2018-08-12 00:00:00+02:00,54.575979610170165
2018-08-12 01:00:00+02:00,52.55073745677033
2018-08-12 02:00:00+02:00,49.55426062259577
2018-08-12 03:00:00+02:00,48.9410021985272
2018-08-12 04:00:00+02:00,47.56138649845445
2018-08-12 05:00:00+02:00,48.204432240044305
2018-08-12 06:00:00+02:00,47.850869898196244
2018-08-12 07:00:00+02:00,48.11124654186951
2018-08-12 08:00:00+02:00,49.38025950394253
2018-08-12 09:00:00+02:00,51.22507782959244
2018-08-12 10:00:00+02:00,53.71683344069143
2018-08-12 11:00:00+02:00,53.96503480232921
2018-08-12 12:00:00+02:00,52.22118983038554
2018-08-12 13:00:00+02:00,52.899814626866025
2018-08-12 14:00:00+02:00,52.64259841920535
2018-08-12 15:00:00+02:00,50.75209752444593
2018-08-12 16:00:00+02:00,48.34275545423361
2018-08-12 17:00:00+02:00,47.1558411266486
2018-08-12 18:00:00+02:00,49.987457708670604
2018-08-12 19:00:00+02:00,52.15348287207783
2018-08-12 20:00:00+02:00,53.71553178447355
2018-08-12 21:00:00+02:00,55.60056053015836
2018-08-12 22:00:00+02:00,59.29257898921563
2018-08-12 23:00:00+02:00,58.526236534475466
2018-08-13 00:00:00+02:00,51.98836490614029
2018-08-13 01:00:00+02:00,50.51504201545529
2018-08-13 02:00:00+02:00,48.17518146056449
2018-08-13 03:00:00+02:00,46.19128667972732
2018-08-13 04:00:00+02:00,45.95526363546385
2018-08-13 05:00:00+02:00,48.33625063285788
2018-08-13 06:00:00+02:00,51.18504125990352
2018-08-13 07:00:00+02:00,54.98688250456672
2018-08-13 08:00:00+02:00,57.501604467126114
2018-08-13 09:00:00+02:00,59.26775244561535
2018-08-13 10:00:00+02:00,60.21239259453874
2018-08-13 11:00:00+02:00,60.311249245048344
2018-08-13 12:00:00+02:00,60.70265110180853
2018-08-13 13:00:00+02:00,60.51428313586603
2018-08-13 14:00:00+02:00,60.19676979828604
2018-08-13 15:00:00+02:00,57.51796883497769
2018-08-13 16:00:00+02:00,57.76301670221134
2018-08-13 17:00:00+02:00,58.34516085197877
2018-08-13 18:00:00+02:00,57.77804911085159
2018-08-13 19:00:00+02:00,57.82208981107788
2018-08-13 20:00:00+02:00,57.38543179154505
2018-08-13 21:00:00+02:00,59.17235114464726
2018-08-13 22:00:00+02:00,60.424113883425846
2018-08-13 23:00:00+02:00,57.084845045513056
2018-08-14 00:00:00+02:00,54.533694918789905
2018-08-14 01:00:00+02:00,51.58933213911382
2018-08-14 02:00:00+02:00,48.59225721984905
2018-08-14 03:00:00+02:00,48.3130992960779
2018-08-14 04:00:00+02:00,47.214787606000975
2018-08-14 05:00:00+02:00,47.59570772492296
2018-08-14 06:00:00+02:00,49.751292349296726
2018-08-14 07:00:00+02:00,54.5988524190972
2018-08-14 08:00:00+02:00,57.00449150703058
2018-08-14 09:00:00+02:00,58.994866324209305
2018-08-14 10:00:00+02:00,58.342326998322974
2018-08-14 11:00:00+02:00,58.68309452357147
2018-08-14 12:00:00+02:00,59.27828650029514
2018-08-14 13:00:00+02:00,59.9927562453548
2018-08-14 14:00:00+02:00,59.02648947386369
2018-08-14 15:00:00+02:00,58.43433838258968
2018-08-14 16:00:00+02:00,57.786469794209424
2018-08-14 17:00:00+02:00,57.761545742794006
2018-08-14 18:00:00+02:00,57.15997874991641
2018-08-14 19:00:00+02:00,56.52880317239937
2018-08-14 20:00:00+02:00,57.70682752695028
2018-08-14 21:00:00+02:00,59.28004169252213
2018-08-14 22:00:00+02:00,57.812750086364886
2018-08-14 23:00:00+02:00,54.28108563144329
2018-08-15 00:00:00+02:00,51.08463476624902
2018-08-15 01:00:00+02:00,49.273400142994966
2018-08-15 02:00:00+02:00,46.441190922915325
2018-08-15 03:00:00+02:00,44.996766624277726
2018-08-15 04:00:00+02:00,44.53785517086717
2018-08-15 05:00:00+02:00,46.79471921602025
2018-08-15 06:00:00+02:00,49.39206076419541
2018-08-15 07:00:00+02:00,53.73797084550779
2018-08-15 08:00:00+02:00,55.70519004930948
2018-08-15 09:00:00+02:00,57.291924451675136
2018-08-15 10:00:00+02:00,58.502536772611855
2018-08-15 11:00:00+02:00,59.38001227930008
2018-08-15 12:00:00+02:00,58.9654419332269
2018-08-15 13:00:00+02:00,58.78447383441439
2018-08-15 14:00:00+02:00,58.27373775477398
2018-08-15 15:00:00+02:00,57.45093909370725
2018-08-15 16:00:00+02:00,57.30354883134961
2018-08-15 17:00:00+02:00,56.9870815561532
2018-08-15 18:00:00+02:00,56.876035107672216
2018-08-15 19:00:00+02:00,57.15850567482137
2018-08-15 20:00:00+02:00,57.330784105190475
2018-08-15 21:00:00+02:00,58.622510402262336
2018-08-15 22:00:00+02:00,58.84676584853512
2018-08-15 23:00:00+02:00,56.54884125294534
2018-08-16 00:00:00+02:00,54.82270551197342
2018-08-16 01:00:00+02:00,51.7695343028598
2018-08-16 02:00:00+02:00,48.410551976851295
2018-08-16 03:00:00+02:00,46.17357842423114
2018-08-16 04:00:00+02:00,48.80867536809134
2018-08-16 05:00:00+02:00,48.93963437948227
2018-08-16 06:00:00+02:00,49.01400627585356
2018-08-16 07:00:00+02:00,53.403949941551666
2018-08-16 08:00:00+02:00,57.50754714662714
2018-08-16 09:00:00+02:00,58.496140075135294
2018-08-16 10:00:00+02:00,59.00644263700054
2018-08-16 11:00:00+02:00,59.33793975827357
2018-08-16 12:00:00+02:00,60.81551315862491
2018-08-16 13:00:00+02:00,60.52153040411358
2018-08-16 14:00:00+02:00,60.557508269792415
2018-08-16 15:00:00+02:00,59.30639380187182
2018-08-16 16:00:00+02:00,58.317442036277235
2018-08-16 17:00:00+02:00,57.55496893940224
2018-08-16 18:00:00+02:00,56.231411150599975
2018-08-16 19:00:00+02:00,57.48547563661157
2018-08-16 20:00:00+02:00,58.32714980833717
2018-08-16 21:00:00+02:00,58.7343891584713
2018-08-16 22:00:00+02:00,58.76293401218351
2018-08-16 23:00:00+02:00,55.52890514827416
2018-08-17 00:00:00+02:00,54.482227546891096
2018-08-17 01:00:00+02:00,51.15800026088802
2018-08-17 02:00:00+02:00,48.0658207543366
2018-08-17 03:00:00+02:00,45.98191966275501
2018-08-17 04:00:00+02:00,47.233480550874056
2018-08-17 05:00:00+02:00,47.11619567073632
2018-08-17 06:00:00+02:00,50.30736994674027
2018-08-17 07:00:00+02:00,51.77227667653342
2018-08-17 08:00:00+02:00,54.78719229998876
2018-08-17 09:00:00+02:00,57.7933028370168
2018-08-17 10:00:00+02:00,56.84872431160328
2018-08-17 11:00:00+02:00,57.40869811721018
2018-08-17 12:00:00+02:00,58.001170141494526
2018-08-17 13:00:00+02:00,56.59499574508429
2018-08-17 14:00:00+02:00,54.73849053642636
2018-08-17 15:00:00+02:00,56.308247866213584
2018-08-17 16:00:00+02:00,55.92030234018218
2018-08-17 17:00:00+02:00,53.8621693128934
2018-08-17 18:00:00+02:00,55.859428982627946
2018-08-17 19:00:00+02:00,55.3542322688733
2018-08-17 20:00:00+02:00,55.42285790762347
2018-08-17 21:00:00+02:00,56.478071590662175
2018-08-17 22:00:00+02:00,53.86218214798557
2018-08-17 23:00:00+02:00,51.01042029927083
2018-08-18 00:00:00+02:00,48.345720031064545
2018-08-18 01:00:00+02:00,42.979844000015994
2018-08-18 02:00:00+02:00,43.49151821191437
2018-08-18 03:00:00+02:00,42.59037757972351
2018-08-18 04:00:00+02:00,41.90949018790977
2018-08-18 05:00:00+02:00,41.636422972277884
2018-08-18 06:00:00+02:00,46.261467127980865
2018-08-18 07:00:00+02:00,47.17252401433193
2018-08-18 08:00:00+02:00,48.5350939224041
2018-08-18 09:00:00+02:00,49.5874064313588
2018-08-18 10:00:00+02:00,49.18436227458903
2018-08-18 11:00:00+02:00,50.526852112576
2018-08-18 12:00:00+02:00,51.819590473885945
2018-08-18 13:00:00+02:00,52.554940882280945
2018-08-18 14:00:00+02:00,52.09177498121274
2018-08-18 15:00:00+02:00,49.995750760834085
2018-08-18 16:00:00+02:00,50.87420604210428
2018-08-18 17:00:00+02:00,50.3353955059382
2018-08-18 18:00:00+02:00,50.09427702394987
2018-08-18 19:00:00+02:00,53.19271437964499
2018-08-18 20:00:00+02:00,55.940704486169196
2018-08-18 21:00:00+02:00,56.932058848052684
2018-08-18 22:00:00+02:00,55.6553348621424
2018-08-18 23:00:00+02:00,49.486490553495635
2018-08-19 00:00:00+02:00,48.308290927362364
2018-08-19 01:00:00+02:00,45.66065977623608
2018-08-19 02:00:00+02:00,44.33687262979599
2018-08-19 03:00:00+02:00,42.52295031846913
2018-08-19 04:00:00+02:00,43.624158510856034
2018-08-19 05:00:00+02:00,44.37276199997559
2018-08-19 06:00:00+02:00,42.25709277561576
2018-08-19 07:00:00+02:00,43.393820039027354
2018-08-19 08:00:00+02:00,45.63912179151261
2018-08-19 09:00:00+02:00,45.25671545558851
2018-08-19 10:00:00+02:00,46.73188651722105
2018-08-19 11:00:00+02:00,48.042819053155945
2018-08-19 12:00:00+02:00,48.714190439255
2018-08-19 13:00:00+02:00,50.58531550990805
2018-08-19 14:00:00+02:00,50.82842914971046
2018-08-19 15:00:00+02:00,47.52510219304407
2018-08-19 16:00:00+02:00,47.52440988054071
2018-08-19 17:00:00+02:00,48.002580195862215
2018-08-19 18:00:00+02:00,47.40664063927154
2018-08-19 19:00:00+02:00,51.01214814265171
2018-08-19 20:00:00+02:00,55.516616743686434
2018-08-19 21:00:00+02:00,58.27965332326023
2018-08-19 22:00:00+02:00,58.796503251397624
2018-08-19 23:00:00+02:00,55.79974933953067
2018-08-20 00:00:00+02:00,50.74404813652891
2018-08-20 01:00:00+02:00,48.512637694550925
2018-08-20 02:00:00+02:00,46.0130577592515
2018-08-20 03:00:00+02:00,44.85357705030018
2018-08-20 04:00:00+02:00,44.72291154322093
2018-08-20 05:00:00+02:00,44.233117969578984
2018-08-20 06:00:00+02:00,49.25116228522914
2018-08-20 07:00:00+02:00,51.98004259141178
2018-08-20 08:00:00+02:00,55.74286903787263
2018-08-20 09:00:00+02:00,55.98039297767525
2018-08-20 10:00:00+02:00,57.010237062254795
2018-08-20 11:00:00+02:00,58.46927034452867
2018-08-20 12:00:00+02:00,58.70404741590522
2018-08-20 13:00:00+02:00,58.74598861943453
2018-08-20 14:00:00+02:00,59.075429351169205
2018-08-20 15:00:00+02:00,58.333742774405856
2018-08-20 16:00:00+02:00,57.21078477579728
2018-08-20 17:00:00+02:00,56.9757897375289
2018-08-20 18:00:00+02:00,57.704504780869115
2018-08-20 19:00:00+02:00,57.604157436378514
2018-08-20 20:00:00+02:00,57.885678825820094
2018-08-20 21:00:00+02:00,58.85976099444628
2018-08-20 22:00:00+02:00,58.54965360714517
2018-08-20 23:00:00+02:00,55.736049876401665
2018-08-21 00:00:00+02:00,52.605828895771104
2018-08-21 01:00:00+02:00,51.19391791998009
2018-08-21 02:00:00+02:00,48.86336762770751
2018-08-21 03:00:00+02:00,48.3638381178108
2018-08-21 04:00:00+02:00,47.62946173441442
2018-08-21 05:00:00+02:00,48.97719095889187
2018-08-21 06:00:00+02:00,51.29623983680193
2018-08-21 07:00:00+02:00,54.48253608253258
2018-08-21 08:00:00+02:00,57.487000486570885
2018-08-21 09:00:00+02:00,57.8572524246015
2018-08-21 10:00:00+02:00,58.19682810460836
2018-08-21 11:00:00+02:00,58.28800578076618
2018-08-21 12:00:00+02:00,58.652306017871524
2018-08-21 13:00:00+02:00,58.86807931347048
2018-08-21 14:00:00+02:00,59.23366973010768
2018-08-21 15:00:00+02:00,56.48735775967158
2018-08-21 16:00:00+02:00,56.65019007345643
2018-08-21 17:00:00+02:00,57.1174653520708
2018-08-21 18:00:00+02:00,57.690279985903786
2018-08-21 19:00:00+02:00,57.735253863237325
2018-08-21 20:00:00+02:00,58.54363489848918
2018-08-21 21:00:00+02:00,57.50673299526231
2018-08-21 22:00:00+02:00,58.396281484919456
2018-08-21 23:00:00+02:00,56.47025160783883
2018-08-22 00:00:00+02:00,54.302895259378076
2018-08-22 01:00:00+02:00,51.76704134463565
2018-08-22 02:00:00+02:00,49.47682662685052
2018-08-22 03:00:00+02:00,48.121689955888165
2018-08-22 04:00:00+02:00,48.077409212619344
2018-08-22 05:00:00+02:00,49.357073567838405
2018-08-22 06:00:00+02:00,52.616624507046595
2018-08-22 07:00:00+02:00,55.06793866690754
2018-08-22 08:00:00+02:00,58.24896672181432
2018-08-22 09:00:00+02:00,58.374347842160816
2018-08-22 10:00:00+02:00,58.717240555196085
2018-08-22 11:00:00+02:00,58.66180349102931
2018-08-22 12:00:00+02:00,59.41510595154486
2018-08-22 13:00:00+02:00,59.51617476031683
2018-08-22 14:00:00+02:00,59.465749977173765
2018-08-22 15:00:00+02:00,57.78512379699752
2018-08-22 16:00:00+02:00,57.862875524084146
2018-08-22 17:00:00+02:00,58.19471183367008
2018-08-22 18:00:00+02:00,57.78532823720359
2018-08-22 19:00:00+02:00,58.179285742406876
2018-08-22 20:00:00+02:00,59.525509609650534
2018-08-22 21:00:00+02:00,60.08731146833212
2018-08-22 22:00:00+02:00,59.93279483708451
2018-08-22 23:00:00+02:00,56.51310180494957
2018-08-23 00:00:00+02:00,55.693519049576906
2018-08-23 01:00:00+02:00,52.08227658592165
2018-08-23 02:00:00+02:00,49.36600939307832
2018-08-23 03:00:00+02:00,48.63971218492775
2018-08-23 04:00:00+02:00,48.38349423926437
2018-08-23 05:00:00+02:00,49.98302682639564
2018-08-23 06:00:00+02:00,54.135503271690176
2018-08-23 07:00:00+02:00,55.10167428872207
2018-08-23 08:00:00+02:00,58.64524503505642
2018-08-23 09:00:00+02:00,59.87914354478152
2018-08-23 10:00:00+02:00,59.856280477056245
2018-08-23 11:00:00+02:00,60.51710117019896
2018-08-23 12:00:00+02:00,60.68777948642222
2018-08-23 13:00:00+02:00,59.739717826135404
2018-08-23 14:00:00+02:00,60.99445498191869
2018-08-23 15:00:00+02:00,58.67350842122558
2018-08-23 16:00:00+02:00,59.2834358953189
2018-08-23 17:00:00+02:00,59.09037503284359
2018-08-23 18:00:00+02:00,59.8940366093975
2018-08-23 19:00:00+02:00,58.41809206698773
2018-08-23 20:00:00+02:00,58.98067839592669
2018-08-23 21:00:00+02:00,60.32861971779009
2018-08-23 22:00:00+02:00,59.89197354481732
2018-08-23 23:00:00+02:00,56.46255799400068
2018-08-24 00:00:00+02:00,55.17545373268028
2018-08-24 01:00:00+02:00,51.06125005668315
2018-08-24 02:00:00+02:00,50.61241809630256
2018-08-24 03:00:00+02:00,49.04658793165801
2018-08-24 04:00:00+02:00,49.1589969383233
2018-08-24 05:00:00+02:00,48.475477033157105
2018-08-24 06:00:00+02:00,54.030431836926375
2018-08-24 07:00:00+02:00,55.487868933938074
2018-08-24 08:00:00+02:00,57.642311449114345
2018-08-24 09:00:00+02:00,60.43312855819712
2018-08-24 10:00:00+02:00,60.19179160351833
2018-08-24 11:00:00+02:00,60.96035594112841
2018-08-24 12:00:00+02:00,60.42546335485226
2018-08-24 13:00:00+02:00,60.43741907544935
2018-08-24 14:00:00+02:00,59.75425724253353
2018-08-24 15:00:00+02:00,58.6346299552051
2018-08-24 16:00:00+02:00,57.03002792759427
2018-08-24 17:00:00+02:00,56.66747996458646
2018-08-24 18:00:00+02:00,56.43187667368646
2018-08-24 19:00:00+02:00,55.420007135117864
2018-08-24 20:00:00+02:00,56.94961005824959
2018-08-24 21:00:00+02:00,58.01726462051543
2018-08-24 22:00:00+02:00,57.74881510911552
2018-08-24 23:00:00+02:00,54.58471537579471
2018-08-25 00:00:00+02:00,51.4196661526935
2018-08-25 01:00:00+02:00,47.310880424608264
2018-08-25 02:00:00+02:00,47.77895085706024
2018-08-25 03:00:00+02:00,46.571963384169344
2018-08-25 04:00:00+02:00,46.48834440451407
2018-08-25 05:00:00+02:00,46.784781092960515
2018-08-25 06:00:00+02:00,45.72809198460693
2018-08-25 07:00:00+02:00,49.20804226308151
2018-08-25 08:00:00+02:00,49.36777198826064
2018-08-25 09:00:00+02:00,51.14291649779335
2018-08-25 10:00:00+02:00,52.72577500835182
2018-08-25 11:00:00+02:00,52.44533021767708
2018-08-25 12:00:00+02:00,54.24771926543231
2018-08-25 13:00:00+02:00,53.619565331420254
2018-08-25 14:00:00+02:00,53.689112916079196
2018-08-25 15:00:00+02:00,51.67384956320882
2018-08-25 16:00:00+02:00,50.73538302165311
2018-08-25 17:00:00+02:00,49.53118387662403
2018-08-25 18:00:00+02:00,50.96054767664337
2018-08-25 19:00:00+02:00,53.72808305579615
2018-08-25 20:00:00+02:00,54.45324809743566
2018-08-25 21:00:00+02:00,56.67600123284036
2018-08-25 22:00:00+02:00,56.67199482942465
2018-08-25 23:00:00+02:00,51.95903923406381
2018-08-26 00:00:00+02:00,52.993736667045134
2018-08-26 01:00:00+02:00,49.3722039481961
2018-08-26 02:00:00+02:00,48.33500476076329
2018-08-26 03:00:00+02:00,46.36541653161389
2018-08-26 04:00:00+02:00,45.51432679497546
2018-08-26 05:00:00+02:00,46.07216489304426
2018-08-26 06:00:00+02:00,43.76148856831885
2018-08-26 07:00:00+02:00,46.36606825026947
2018-08-26 08:00:00+02:00,47.76686109885502
2018-08-26 09:00:00+02:00,49.70210153248257
2018-08-26 10:00:00+02:00,51.78176676829668
2018-08-26 11:00:00+02:00,52.998296608219285
2018-08-26 12:00:00+02:00,52.76972458384593
2018-08-26 13:00:00+02:00,52.883438864885946
2018-08-26 14:00:00+02:00,52.538614885238594
2018-08-26 15:00:00+02:00,51.62686758111023
2018-08-26 16:00:00+02:00,50.532048383779255
2018-08-26 17:00:00+02:00,49.99535846612094
2018-08-26 18:00:00+02:00,50.675716976401695
2018-08-26 19:00:00+02:00,53.2669745308927
2018-08-26 20:00:00+02:00,57.82990868028411
2018-08-26 21:00:00+02:00,59.674357167978435
2018-08-26 22:00:00+02:00,62.165070536034975
2018-08-26 23:00:00+02:00,58.43387080038364
2018-08-27 00:00:00+02:00,54.72291063591101
2018-08-27 01:00:00+02:00,50.71563736888329
2018-08-27 02:00:00+02:00,49.94341118928686
2018-08-27 03:00:00+02:00,48.9349724187642
2018-08-27 04:00:00+02:00,47.92339361110995
2018-08-27 05:00:00+02:00,47.842811416703576
2018-08-27 06:00:00+02:00,51.374379850520256
2018-08-27 07:00:00+02:00,54.96991846819001
2018-08-27 08:00:00+02:00,58.77664708163066
2018-08-27 09:00:00+02:00,58.77936495534566
2018-08-27 10:00:00+02:00,58.94709049613543
2018-08-27 11:00:00+02:00,60.45332279700627
2018-08-27 12:00:00+02:00,60.249853692514506
2018-08-27 13:00:00+02:00,60.16266375831056
2018-08-27 14:00:00+02:00,59.258886294626414
2018-08-27 15:00:00+02:00,58.571338273720535
2018-08-27 16:00:00+02:00,58.71642582802985
2018-08-27 17:00:00+02:00,58.458792444039865
2018-08-27 18:00:00+02:00,59.203610092766276
2018-08-27 19:00:00+02:00,58.91837403005759
2018-08-27 20:00:00+02:00,60.47256361743633
2018-08-27 21:00:00+02:00,61.673316412067855
2018-08-27 22:00:00+02:00,60.976248278462144
2018-08-27 23:00:00+02:00,57.831298879784775
2018-08-28 00:00:00+02:00,55.55071523787651
2018-08-28 01:00:00+02:00,51.74429128369366
2018-08-28 02:00:00+02:00,48.046922895981496
2018-08-28 03:00:00+02:00,48.606369889973834
2018-08-28 04:00:00+02:00,46.20916076619927
2018-08-28 05:00:00+02:00,46.744285545801674
2018-08-28 06:00:00+02:00,51.75404861801541
2018-08-28 07:00:00+02:00,54.68667081754603
2018-08-28 08:00:00+02:00,57.980949499797696
2018-08-28 09:00:00+02:00,59.12659182697473
2018-08-28 10:00:00+02:00,59.895332578419726
2018-08-28 11:00:00+02:00,60.19570532337694
2018-08-28 12:00:00+02:00,59.70881455578149
2018-08-28 13:00:00+02:00,60.08839564919517
2018-08-28 14:00:00+02:00,58.600004076233674
2018-08-28 15:00:00+02:00,56.968395730877056
2018-08-28 16:00:00+02:00,57.006771034443894
2018-08-28 17:00:00+02:00,55.99990042182316
2018-08-28 18:00:00+02:00,57.663928110600274
2018-08-28 19:00:00+02:00,57.3964913174235
2018-08-28 20:00:00+02:00,59.58772299603018
2018-08-28 21:00:00+02:00,60.510352545852044
2018-08-28 22:00:00+02:00,58.81364241441884
2018-08-28 23:00:00+02:00,56.97102918417078
2018-08-29 00:00:00+02:00,54.86631756439478
2018-08-29 01:00:00+02:00,50.752691824857386
2018-08-29 02:00:00+02:00,46.963075374216636
2018-08-29 03:00:00+02:00,47.251116045691816
2018-08-29 04:00:00+02:00,46.17967875971752
2018-08-29 05:00:00+02:00,49.194364331257404
2018-08-29 06:00:00+02:00,53.67247759434282
2018-08-29 07:00:00+02:00,55.79691640102058
2018-08-29 08:00:00+02:00,58.19885932089368
2018-08-29 09:00:00+02:00,58.99097125731522
2018-08-29 10:00:00+02:00,60.952773767771916
2018-08-29 11:00:00+02:00,60.2784103065509
2018-08-29 12:00:00+02:00,60.590661671269366
2018-08-29 13:00:00+02:00,60.19892503701984
2018-08-29 14:00:00+02:00,58.658353227750666
2018-08-29 15:00:00+02:00,57.0271631906567
2018-08-29 16:00:00+02:00,56.44947455774112
2018-08-29 17:00:00+02:00,55.85257910279453
2018-08-29 18:00:00+02:00,56.63596566674267
2018-08-29 19:00:00+02:00,57.36817285116538
2018-08-29 20:00:00+02:00,57.77565265222113
2018-08-29 21:00:00+02:00,59.06200560212488
2018-08-29 22:00:00+02:00,57.53905535071167
2018-08-29 23:00:00+02:00,54.72918265037585
2018-08-30 00:00:00+02:00,52.248745117445715
2018-08-30 01:00:00+02:00,48.43947585376114
2018-08-30 02:00:00+02:00,45.0512367765185
2018-08-30 03:00:00+02:00,45.44229102588767
2018-08-30 04:00:00+02:00,44.165337411432006
2018-08-30 05:00:00+02:00,46.787536098959315
2018-08-30 06:00:00+02:00,50.988737804523396
2018-08-30 07:00:00+02:00,54.9241760609944
2018-08-30 08:00:00+02:00,56.84791431974972
2018-08-30 09:00:00+02:00,58.28775567473216
2018-08-30 10:00:00+02:00,58.66996889238509
2018-08-30 11:00:00+02:00,59.13484962050785
2018-08-30 12:00:00+02:00,59.61842696192263
2018-08-30 13:00:00+02:00,60.39520365906271
2018-08-30 14:00:00+02:00,58.813556005879924
2018-08-30 15:00:00+02:00,58.32430120463029
2018-08-30 16:00:00+02:00,57.53880424170059
2018-08-30 17:00:00+02:00,57.11892964009104
2018-08-30 18:00:00+02:00,56.61548377982782
2018-08-30 19:00:00+02:00,58.079271982727775
2018-08-30 20:00:00+02:00,58.82878992772679
2018-08-30 21:00:00+02:00,58.74616893411281
2018-08-30 22:00:00+02:00,57.909861989615635
2018-08-30 23:00:00+02:00,54.19872001023044
2018-08-31 00:00:00+02:00,52.96683870573406
2018-08-31 01:00:00+02:00,48.9084994775723
2018-08-31 02:00:00+02:00,49.47307133242135
2018-08-31 03:00:00+02:00,48.494030919742954
2018-08-31 04:00:00+02:00,48.773638625752334
2018-08-31 05:00:00+02:00,47.177477526950575
2018-08-31 06:00:00+02:00,51.79109566959173
2018-08-31 07:00:00+02:00,53.79899259626313
2018-08-31 08:00:00+02:00,56.10289438636198
2018-08-31 09:00:00+02:00,58.18481773497791
2018-08-31 10:00:00+02:00,58.060575064516684
2018-08-31 11:00:00+02:00,59.04617119071343
2018-08-31 12:00:00+02:00,59.08876114631557
2018-08-31 13:00:00+02:00,59.35328424391221
2018-08-31 14:00:00+02:00,58.50161162777989
2018-08-31 15:00:00+02:00,56.82947489650647
2018-08-31 16:00:00+02:00,56.73456359720305
2018-08-31 17:00:00+02:00,56.534404032942994
2018-08-31 18:00:00+02:00,57.533544438618016
2018-08-31 19:00:00+02:00,56.872120925337484
2018-08-31 20:00:00+02:00,58.19887829285443
2018-08-31 21:00:00+02:00,59.87741398817832
2018-08-31 22:00:00+02:00,57.54859633943893
2018-08-31 23:00:00+02:00,53.788104631581284
2018-09-01 00:00:00+02:00,53.062193789509465
2018-09-01 01:00:00+02:00,47.560549500531415
2018-09-01 02:00:00+02:00,50.12081320660593
2018-09-01 03:00:00+02:00,48.97059128215663
2018-09-01 04:00:00+02:00,48.15126093642079
2018-09-01 05:00:00+02:00,45.8442251483316
2018-09-01 06:00:00+02:00,48.066162489481655
2018-09-01 07:00:00+02:00,49.87107181792078
2018-09-01 08:00:00+02:00,51.37351249574678
2018-09-01 09:00:00+02:00,53.38346494580457
2018-09-01 10:00:00+02:00,53.22943963946016
2018-09-01 11:00:00+02:00,53.330123292313594
2018-09-01 12:00:00+02:00,54.52264035492756
2018-09-01 13:00:00+02:00,54.34074066486036
2018-09-01 14:00:00+02:00,54.91193622282055
2018-09-01 15:00:00+02:00,53.73083224354362
2018-09-01 16:00:00+02:00,52.23993534694337
2018-09-01 17:00:00+02:00,51.86782585382526
2018-09-01 18:00:00+02:00,52.66273796340593
2018-09-01 19:00:00+02:00,54.572754577209786
2018-09-01 20:00:00+02:00,55.86963895714484
2018-09-01 21:00:00+02:00,59.52981891090296
2018-09-01 22:00:00+02:00,58.837292678788614
2018-09-01 23:00:00+02:00,55.77642221190276
2018-09-02 00:00:00+02:00,55.2268072424087
2018-09-02 01:00:00+02:00,51.657624948705696
2018-09-02 02:00:00+02:00,50.255883293644395
2018-09-02 03:00:00+02:00,49.96696365658026
2018-09-02 04:00:00+02:00,46.809720356969954
2018-09-02 05:00:00+02:00,45.95222216537492
2018-09-02 06:00:00+02:00,47.17090236166638
2018-09-02 07:00:00+02:00,48.16223812499804
2018-09-02 08:00:00+02:00,47.04032157830272
2018-09-02 09:00:00+02:00,49.27790465587655
2018-09-02 10:00:00+02:00,51.67978239555283
2018-09-02 11:00:00+02:00,53.345617077986006
2018-09-02 12:00:00+02:00,53.620475217563104
2018-09-02 13:00:00+02:00,54.41191565820266
2018-09-02 14:00:00+02:00,53.3116447720919
2018-09-02 15:00:00+02:00,51.30158774669168
2018-09-02 16:00:00+02:00,51.37717463860889
2018-09-02 17:00:00+02:00,50.72252905534553
2018-09-02 18:00:00+02:00,52.859641923825826
2018-09-02 19:00:00+02:00,57.219984981521655
2018-09-02 20:00:00+02:00,59.641982197052904
2018-09-02 21:00:00+02:00,61.47931021723466
2018-09-02 22:00:00+02:00,59.81189657956223
2018-09-02 23:00:00+02:00,57.56432526962593
2018-09-03 00:00:00+02:00,59.95252845510092
2018-09-03 01:00:00+02:00,54.426995594289544
2018-09-03 02:00:00+02:00,50.900465879089566
2018-09-03 03:00:00+02:00,48.760531036312
2018-09-03 04:00:00+02:00,47.60433656436281
2018-09-03 05:00:00+02:00,49.05759155173143
2018-09-03 06:00:00+02:00,53.78204772246574
2018-09-03 07:00:00+02:00,58.38185921856944
2018-09-03 08:00:00+02:00,62.91976998315191
2018-09-03 09:00:00+02:00,65.68514854715536
2018-09-03 10:00:00+02:00,63.69702015301536
2018-09-03 11:00:00+02:00,65.06729768836757
2018-09-03 12:00:00+02:00,64.70591120087812
2018-09-03 13:00:00+02:00,65.44789537694028
2018-09-03 14:00:00+02:00,64.28194687542201
2018-09-03 15:00:00+02:00,62.83379760346958
2018-09-03 16:00:00+02:00,62.025099982306
2018-09-03 17:00:00+02:00,64.45179747213626
2018-09-03 18:00:00+02:00,64.52413021575539
2018-09-03 19:00:00+02:00,66.4239668945241
2018-09-03 20:00:00+02:00,65.86310226908428
2018-09-03 21:00:00+02:00,67.32855739777507
2018-09-03 22:00:00+02:00,65.92831980857328
2018-09-03 23:00:00+02:00,59.638415419584774
2018-09-04 00:00:00+02:00,55.396804339570075
2018-09-04 01:00:00+02:00,51.45621452473341
2018-09-04 02:00:00+02:00,48.585571475488756
2018-09-04 03:00:00+02:00,47.03606505953362
2018-09-04 04:00:00+02:00,48.8795915765888
2018-09-04 05:00:00+02:00,49.27546415949071
2018-09-04 06:00:00+02:00,53.04617381257215
2018-09-04 07:00:00+02:00,56.269553399071754
2018-09-04 08:00:00+02:00,58.78816695562604
2018-09-04 09:00:00+02:00,59.85641896854124
2018-09-04 10:00:00+02:00,59.557431019059486
2018-09-04 11:00:00+02:00,60.09177404238675
2018-09-04 12:00:00+02:00,60.79517515878472
2018-09-04 13:00:00+02:00,60.38882433251457
2018-09-04 14:00:00+02:00,60.25937893662174
2018-09-04 15:00:00+02:00,58.474292574679545
2018-09-04 16:00:00+02:00,57.84208679044168
2018-09-04 17:00:00+02:00,58.049013720015154
2018-09-04 18:00:00+02:00,59.91353230460672
2018-09-04 19:00:00+02:00,59.69009387308522
2018-09-04 20:00:00+02:00,60.577055881453155
2018-09-04 21:00:00+02:00,61.76895693755592
2018-09-04 22:00:00+02:00,59.73739313284114
2018-09-04 23:00:00+02:00,57.005809773251066
2018-09-05 00:00:00+02:00,57.179108665366684
2018-09-05 01:00:00+02:00,53.24874555073459
2018-09-05 02:00:00+02:00,49.528736227032695
2018-09-05 03:00:00+02:00,49.102577986768466
2018-09-05 04:00:00+02:00,48.20234431613769
2018-09-05 05:00:00+02:00,50.31388175187775
2018-09-05 06:00:00+02:00,52.45479845494995
2018-09-05 07:00:00+02:00,56.114147715454756
2018-09-05 08:00:00+02:00,59.21439137294812
2018-09-05 09:00:00+02:00,59.91826545248443
2018-09-05 10:00:00+02:00,60.82110242866813
2018-09-05 11:00:00+02:00,60.61647929777029
2018-09-05 12:00:00+02:00,61.55906739096185
2018-09-05 13:00:00+02:00,62.397962562473765
2018-09-05 14:00:00+02:00,61.44978102280004
2018-09-05 15:00:00+02:00,58.84806403891843
2018-09-05 16:00:00+02:00,57.9333823468661
2018-09-05 17:00:00+02:00,58.21075561917417
2018-09-05 18:00:00+02:00,58.877184210821824
2018-09-05 19:00:00+02:00,57.71363551148501
2018-09-05 20:00:00+02:00,57.77867892408074
2018-09-05 21:00:00+02:00,61.334176688424606
2018-09-05 22:00:00+02:00,58.864446213354285
2018-09-05 23:00:00+02:00,56.10942907638181
2018-09-06 00:00:00+02:00,56.60297435287875
2018-09-06 01:00:00+02:00,54.41392675255815
2018-09-06 02:00:00+02:00,51.41708401324199
2018-09-06 03:00:00+02:00,50.554603120961524
2018-09-06 04:00:00+02:00,50.595092073846416
2018-09-06 05:00:00+02:00,51.15865868399887
2018-09-06 06:00:00+02:00,55.47853251551397
2018-09-06 07:00:00+02:00,56.88485386511235
2018-09-06 08:00:00+02:00,58.769826945803715
2018-09-06 09:00:00+02:00,59.75352219405332
2018-09-06 10:00:00+02:00,60.40074933728801
2018-09-06 11:00:00+02:00,58.948284634263246
2018-09-06 12:00:00+02:00,60.02964128692875
2018-09-06 13:00:00+02:00,59.93103237658658
2018-09-06 14:00:00+02:00,59.03958785683853
2018-09-06 15:00:00+02:00,57.30307290281924
2018-09-06 16:00:00+02:00,56.33311264689368
2018-09-06 17:00:00+02:00,56.98120448146393
2018-09-06 18:00:00+02:00,56.47484780142746
2018-09-06 19:00:00+02:00,56.46111649752782
2018-09-06 20:00:00+02:00,59.3654769379609
2018-09-06 21:00:00+02:00,61.5035169659414
2018-09-06 22:00:00+02:00,58.965520065953086
2018-09-06 23:00:00+02:00,54.08301821534735
2018-09-07 00:00:00+02:00,56.74345313163175
2018-09-07 01:00:00+02:00,52.084366040198866
2018-09-07 02:00:00+02:00,50.58218640991204
2018-09-07 03:00:00+02:00,49.9121199620893
2018-09-07 04:00:00+02:00,49.2057487873571
2018-09-07 05:00:00+02:00,49.20271276613437
2018-09-07 06:00:00+02:00,52.7943669350698
2018-09-07 07:00:00+02:00,55.29274965642565
2018-09-07 08:00:00+02:00,57.262387471387996
2018-09-07 09:00:00+02:00,57.81957689201605
2018-09-07 10:00:00+02:00,58.40618351120715
2018-09-07 11:00:00+02:00,59.981340211095315
2018-09-07 12:00:00+02:00,60.13824447525003
2018-09-07 13:00:00+02:00,60.78540608613893
2018-09-07 14:00:00+02:00,58.65352424043566
2018-09-07 15:00:00+02:00,57.04091879837385
2018-09-07 16:00:00+02:00,56.863065405288424
2018-09-07 17:00:00+02:00,57.95386689151769
2018-09-07 18:00:00+02:00,58.129949888784324
2018-09-07 19:00:00+02:00,57.1256893907798
2018-09-07 20:00:00+02:00,59.535645022300955
2018-09-07 21:00:00+02:00,61.95075866766152
2018-09-07 22:00:00+02:00,58.87143924596154
2018-09-07 23:00:00+02:00,53.45267932609731
2018-09-08 00:00:00+02:00,57.309628796791415
2018-09-08 01:00:00+02:00,55.226202083425974
2018-09-08 02:00:00+02:00,53.71066767936137
2018-09-08 03:00:00+02:00,52.280845225628035
2018-09-08 04:00:00+02:00,51.79576786267984
2018-09-08 05:00:00+02:00,52.94690990567794
2018-09-08 06:00:00+02:00,54.07848568827818
2018-09-08 07:00:00+02:00,54.75571967984184
2018-09-08 08:00:00+02:00,55.34537880934823
2018-09-08 09:00:00+02:00,55.199601179723665
2018-09-08 10:00:00+02:00,57.7108590063175
2018-09-08 11:00:00+02:00,58.36256863147917
2018-09-08 12:00:00+02:00,57.37395013215578
2018-09-08 13:00:00+02:00,58.290930589292614
2018-09-08 14:00:00+02:00,56.88015981150177
2018-09-08 15:00:00+02:00,54.601007742534684
2018-09-08 16:00:00+02:00,54.19337865159461
2018-09-08 17:00:00+02:00,55.12800234395693
2018-09-08 18:00:00+02:00,55.90821714521612
2018-09-08 19:00:00+02:00,59.939472436881864
2018-09-08 20:00:00+02:00,61.449597056014596
2018-09-08 21:00:00+02:00,63.82959467523874
2018-09-08 22:00:00+02:00,60.66522937239743
2018-09-08 23:00:00+02:00,58.58806732208993
2018-09-09 00:00:00+02:00,56.42409835586133
2018-09-09 01:00:00+02:00,52.911253544660504
2018-09-09 02:00:00+02:00,51.74225682909698
2018-09-09 03:00:00+02:00,51.27787870095467
2018-09-09 04:00:00+02:00,50.89705605956003
2018-09-09 05:00:00+02:00,50.8755342776673
2018-09-09 06:00:00+02:00,51.84414653434099
2018-09-09 07:00:00+02:00,52.663352083590446
2018-09-09 08:00:00+02:00,53.672680397429986
2018-09-09 09:00:00+02:00,55.04398389193456
2018-09-09 10:00:00+02:00,56.66060357385707
2018-09-09 11:00:00+02:00,56.73800532470027
2018-09-09 12:00:00+02:00,56.733109814082916
2018-09-09 13:00:00+02:00,54.54230225207237
2018-09-09 14:00:00+02:00,55.40504942358426
2018-09-09 15:00:00+02:00,53.629694465226855
2018-09-09 16:00:00+02:00,54.03453562865043
2018-09-09 17:00:00+02:00,54.112864177634385
2018-09-09 18:00:00+02:00,54.25372970823413
2018-09-09 19:00:00+02:00,56.918031383217084
2018-09-09 20:00:00+02:00,58.95897851193033
2018-09-09 21:00:00+02:00,62.90605108553997
2018-09-09 22:00:00+02:00,59.230449714791256
2018-09-09 23:00:00+02:00,59.218553769346634
2018-09-10 00:00:00+02:00,55.58201976460109
2018-09-10 01:00:00+02:00,52.62663010404493
2018-09-10 02:00:00+02:00,48.62989903137896
2018-09-10 03:00:00+02:00,49.09081593493283
2018-09-10 04:00:00+02:00,47.77452513559421
2018-09-10 05:00:00+02:00,48.81653914133816
2018-09-10 06:00:00+02:00,52.941745375603844
2018-09-10 07:00:00+02:00,58.27592653541706
2018-09-10 08:00:00+02:00,62.395766694654235
2018-09-10 09:00:00+02:00,63.65187709976935
2018-09-10 10:00:00+02:00,63.63991367376515
2018-09-10 11:00:00+02:00,63.301497916723164
2018-09-10 12:00:00+02:00,62.499972147668124
2018-09-10 13:00:00+02:00,61.52503584825107
2018-09-10 14:00:00+02:00,60.611527851017726
2018-09-10 15:00:00+02:00,59.66049755007361
2018-09-10 16:00:00+02:00,59.217028326843625
2018-09-10 17:00:00+02:00,59.63884409807468
2018-09-10 18:00:00+02:00,60.827242684893534
2018-09-10 19:00:00+02:00,62.75809540084602
2018-09-10 20:00:00+02:00,63.80450150026113
2018-09-10 21:00:00+02:00,64.20815088433632
2018-09-10 22:00:00+02:00,62.03818339020378
2018-09-10 23:00:00+02:00,57.328349923821854
2018-09-11 00:00:00+02:00,55.652211515431574
2018-09-11 01:00:00+02:00,53.02802203283566
2018-09-11 02:00:00+02:00,51.25444154531613
2018-09-11 03:00:00+02:00,51.57418226222854
2018-09-11 04:00:00+02:00,50.185960063904425
2018-09-11 05:00:00+02:00,51.61276833377435
2018-09-11 06:00:00+02:00,56.652743459113914
2018-09-11 07:00:00+02:00,56.65854963459215
2018-09-11 08:00:00+02:00,59.50853471151288
2018-09-11 09:00:00+02:00,60.25909796277537
2018-09-11 10:00:00+02:00,59.43686488241783
2018-09-11 11:00:00+02:00,60.114288700042586
2018-09-11 12:00:00+02:00,58.90692159411692
2018-09-11 13:00:00+02:00,58.23321166004102
2018-09-11 14:00:00+02:00,58.3157697786365
2018-09-11 15:00:00+02:00,58.96411565057426
2018-09-11 16:00:00+02:00,58.968188861595245
2018-09-11 17:00:00+02:00,58.700596147238805
2018-09-11 18:00:00+02:00,59.71527829825475
2018-09-11 19:00:00+02:00,62.55123943465069
2018-09-11 20:00:00+02:00,63.284377396815856
2018-09-11 21:00:00+02:00,63.33899973901601
2018-09-11 22:00:00+02:00,59.451807511123256
2018-09-11 23:00:00+02:00,57.32523210974684
2018-09-12 00:00:00+02:00,54.448721289627734
2018-09-12 01:00:00+02:00,50.950100311295145
2018-09-12 02:00:00+02:00,49.77610841227057
2018-09-12 03:00:00+02:00,48.38982583467925
2018-09-12 04:00:00+02:00,51.043823710476396
2018-09-12 05:00:00+02:00,51.02633320337003
2018-09-12 06:00:00+02:00,54.60010283150601
2018-09-12 07:00:00+02:00,58.14370766365998
2018-09-12 08:00:00+02:00,61.24641670878744
2018-09-12 09:00:00+02:00,61.593513220418586
2018-09-12 10:00:00+02:00,61.45090772653255
2018-09-12 11:00:00+02:00,61.11132126975991
2018-09-12 12:00:00+02:00,61.46146672234119
2018-09-12 13:00:00+02:00,60.657721741258406
2018-09-12 14:00:00+02:00,60.19269915718079
2018-09-12 15:00:00+02:00,58.533282673106385
2018-09-12 16:00:00+02:00,58.80090724767387
2018-09-12 17:00:00+02:00,58.50653012607938
2018-09-12 18:00:00+02:00,59.65332764366055
2018-09-12 19:00:00+02:00,58.74461051408569
2018-09-12 20:00:00+02:00,60.2347882056185
2018-09-12 21:00:00+02:00,61.584988442741604
2018-09-12 22:00:00+02:00,59.57522369171961
2018-09-12 23:00:00+02:00,56.49651652562165
2018-09-13 00:00:00+02:00,55.06510327882323
2018-09-13 01:00:00+02:00,53.714482033054104
2018-09-13 02:00:00+02:00,51.75396582461505
2018-09-13 03:00:00+02:00,51.442037695034884
2018-09-13 04:00:00+02:00,52.05295782502912
2018-09-13 05:00:00+02:00,52.196540349885424
2018-09-13 06:00:00+02:00,54.76663232397301
2018-09-13 07:00:00+02:00,57.56319748777629
2018-09-13 08:00:00+02:00,61.384571413351814
2018-09-13 09:00:00+02:00,61.4357840582369
2018-09-13 10:00:00+02:00,61.761437032613514
2018-09-13 11:00:00+02:00,61.58746742150835
2018-09-13 12:00:00+02:00,61.301300877371425
2018-09-13 13:00:00+02:00,60.667170445057195
2018-09-13 14:00:00+02:00,60.20264428729022
2018-09-13 15:00:00+02:00,58.92001185335266
2018-09-13 16:00:00+02:00,58.9457317949764
2018-09-13 17:00:00+02:00,59.03492827078707
2018-09-13 18:00:00+02:00,59.838996941521636
2018-09-13 19:00:00+02:00,60.06389545756959
2018-09-13 20:00:00+02:00,62.17479985444485
2018-09-13 21:00:00+02:00,62.378067533487375
2018-09-13 22:00:00+02:00,59.86259369664415
2018-09-13 23:00:00+02:00,55.700911331159254
2018-09-14 00:00:00+02:00,55.365092058721594
2018-09-14 01:00:00+02:00,50.85911641803968
2018-09-14 02:00:00+02:00,48.52823856613417
2018-09-14 03:00:00+02:00,47.82298012772005
2018-09-14 04:00:00+02:00,47.888290366802885
2018-09-14 05:00:00+02:00,48.59787415363358
2018-09-14 06:00:00+02:00,52.849936418728575
2018-09-14 07:00:00+02:00,53.98618899997876
2018-09-14 08:00:00+02:00,58.36774440655269
2018-09-14 09:00:00+02:00,58.789989822596326
2018-09-14 10:00:00+02:00,60.28479380152731
2018-09-14 11:00:00+02:00,59.75195915311669
2018-09-14 12:00:00+02:00,59.764024533837464
2018-09-14 13:00:00+02:00,59.048128243402466
2018-09-14 14:00:00+02:00,58.40887952337688
2018-09-14 15:00:00+02:00,57.579324311594426
2018-09-14 16:00:00+02:00,57.00124489277507
2018-09-14 17:00:00+02:00,57.15756275749467
2018-09-14 18:00:00+02:00,58.25571371060964
2018-09-14 19:00:00+02:00,59.47405525216159
2018-09-14 20:00:00+02:00,61.131272310038966
2018-09-14 21:00:00+02:00,60.26873988998834
2018-09-14 22:00:00+02:00,58.22868004472261
2018-09-14 23:00:00+02:00,55.2358416564892
2018-09-15 00:00:00+02:00,56.5399111502788
2018-09-15 01:00:00+02:00,51.12290240493597
2018-09-15 02:00:00+02:00,49.3118410102783
2018-09-15 03:00:00+02:00,48.853960198148926
2018-09-15 04:00:00+02:00,47.94128338574239
2018-09-15 05:00:00+02:00,47.90503479494723
2018-09-15 06:00:00+02:00,49.47343877139239
2018-09-15 07:00:00+02:00,48.86882991080093
2018-09-15 08:00:00+02:00,53.01811179564646
2018-09-15 09:00:00+02:00,54.98056573415258
2018-09-15 10:00:00+02:00,55.43908975365724
2018-09-15 11:00:00+02:00,56.179680984373235
2018-09-15 12:00:00+02:00,56.872949715408836
2018-09-15 13:00:00+02:00,57.887395550992
2018-09-15 14:00:00+02:00,57.33344107144133
2018-09-15 15:00:00+02:00,55.9122993683083
2018-09-15 16:00:00+02:00,53.375191344857484
2018-09-15 17:00:00+02:00,54.77073762753265
2018-09-15 18:00:00+02:00,54.873469329495244
2018-09-15 19:00:00+02:00,58.077148276399136
2018-09-15 20:00:00+02:00,60.72581741583148
2018-09-15 21:00:00+02:00,62.237974086387155
2018-09-15 22:00:00+02:00,60.512136473034175
2018-09-15 23:00:00+02:00,57.46297481921999
2018-09-16 00:00:00+02:00,56.09858873807018
2018-09-16 01:00:00+02:00,54.10413740717094
2018-09-16 02:00:00+02:00,53.05743874002226
2018-09-16 03:00:00+02:00,53.855142122282196
2018-09-16 04:00:00+02:00,52.46780789575022
2018-09-16 05:00:00+02:00,52.36498629165034
2018-09-16 06:00:00+02:00,50.842621463245884
2018-09-16 07:00:00+02:00,53.521597793062014
2018-09-16 08:00:00+02:00,53.345431627241005
2018-09-16 09:00:00+02:00,54.60324601224353
2018-09-16 10:00:00+02:00,55.19338543599724
2018-09-16 11:00:00+02:00,54.801744257025476
2018-09-16 12:00:00+02:00,53.4149706618084
2018-09-16 13:00:00+02:00,53.466859342045524
2018-09-16 14:00:00+02:00,52.830355875133485
2018-09-16 15:00:00+02:00,50.801260520640135
2018-09-16 16:00:00+02:00,50.28792591131072
2018-09-16 17:00:00+02:00,51.35331697727813
2018-09-16 18:00:00+02:00,52.97299491319756
2018-09-16 19:00:00+02:00,57.46112969829711
2018-09-16 20:00:00+02:00,60.11810733881627
2018-09-16 21:00:00+02:00,64.57445096525005
2018-09-16 22:00:00+02:00,63.377108382084984
2018-09-16 23:00:00+02:00,60.80709672709698
2018-09-17 00:00:00+02:00,56.54625823842845
2018-09-17 01:00:00+02:00,53.24244539564112
2018-09-17 02:00:00+02:00,51.46170033171486
2018-09-17 03:00:00+02:00,50.12076377769402
2018-09-17 04:00:00+02:00,48.15500010668033
2018-09-17 05:00:00+02:00,49.05961149029697
2018-09-17 06:00:00+02:00,53.51605733730471
2018-09-17 07:00:00+02:00,55.59075814186602
2018-09-17 08:00:00+02:00,60.0895266999058
2018-09-17 09:00:00+02:00,59.24722442627851
2018-09-17 10:00:00+02:00,61.170656939978684
2018-09-17 11:00:00+02:00,60.81167888762374
2018-09-17 12:00:00+02:00,60.75636459475096
2018-09-17 13:00:00+02:00,60.978682208677995
2018-09-17 14:00:00+02:00,59.57190352526841
2018-09-17 15:00:00+02:00,58.393941292347115
2018-09-17 16:00:00+02:00,58.51863463429909
2018-09-17 17:00:00+02:00,57.410155639916276
2018-09-17 18:00:00+02:00,57.32560516615143
2018-09-17 19:00:00+02:00,58.458746683943694
2018-09-17 20:00:00+02:00,61.02028576441251
2018-09-17 21:00:00+02:00,62.55659144806253
2018-09-17 22:00:00+02:00,60.762771150797974
2018-09-17 23:00:00+02:00,57.97195835050958
2018-09-18 00:00:00+02:00,55.82352881213472
2018-09-18 01:00:00+02:00,50.235683384274395
2018-09-18 02:00:00+02:00,48.23725348110338
2018-09-18 03:00:00+02:00,49.42589752431649
2018-09-18 04:00:00+02:00,50.497461926479396
2018-09-18 05:00:00+02:00,50.32260857823877
2018-09-18 06:00:00+02:00,55.41540261654225
2018-09-18 07:00:00+02:00,57.18394490871426
2018-09-18 08:00:00+02:00,59.11203922818942
2018-09-18 09:00:00+02:00,60.631318816270635
2018-09-18 10:00:00+02:00,61.24624795228583
2018-09-18 11:00:00+02:00,60.92532324279696
2018-09-18 12:00:00+02:00,61.750378107881296
2018-09-18 13:00:00+02:00,60.574732133487025
2018-09-18 14:00:00+02:00,60.60244207084688
2018-09-18 15:00:00+02:00,59.4059576669752
2018-09-18 16:00:00+02:00,58.57145750055685
2018-09-18 17:00:00+02:00,58.92685481312521
2018-09-18 18:00:00+02:00,59.03909470290994
2018-09-18 19:00:00+02:00,61.16691847586843
2018-09-18 20:00:00+02:00,62.61355680630717
2018-09-18 21:00:00+02:00,62.658783561135316
2018-09-18 22:00:00+02:00,58.89206594902276
2018-09-18 23:00:00+02:00,55.82566629781707
2018-09-19 00:00:00+02:00,58.402871369190386
2018-09-19 01:00:00+02:00,54.13742209856441
2018-09-19 02:00:00+02:00,52.39882081938148
2018-09-19 03:00:00+02:00,52.74858162797108
2018-09-19 04:00:00+02:00,52.51997659845699
2018-09-19 05:00:00+02:00,52.96957143693604
2018-09-19 06:00:00+02:00,55.80877087710205
2018-09-19 07:00:00+02:00,58.63652902346648
2018-09-19 08:00:00+02:00,62.34364649710153
2018-09-19 09:00:00+02:00,62.68872297488176
2018-09-19 10:00:00+02:00,61.284458982614574
2018-09-19 11:00:00+02:00,60.53989833259103
2018-09-19 12:00:00+02:00,61.312859524799556
2018-09-19 13:00:00+02:00,61.34476989737964
2018-09-19 14:00:00+02:00,61.5004379964966
2018-09-19 15:00:00+02:00,59.841273342160775
2018-09-19 16:00:00+02:00,59.64601941969779
2018-09-19 17:00:00+02:00,59.3415300150424
2018-09-19 18:00:00+02:00,59.79068935985937
2018-09-19 19:00:00+02:00,60.48786127015437
2018-09-19 20:00:00+02:00,61.332233633500046
2018-09-19 21:00:00+02:00,62.95387432785505
2018-09-19 22:00:00+02:00,60.319376393163395
2018-09-19 23:00:00+02:00,56.743788969989446
2018-09-20 00:00:00+02:00,58.05255600464718
2018-09-20 01:00:00+02:00,55.403628468703936
2018-09-20 02:00:00+02:00,53.07199986753087
2018-09-20 03:00:00+02:00,52.67153660310742
2018-09-20 04:00:00+02:00,52.05820277460159
2018-09-20 05:00:00+02:00,52.567611699461395
2018-09-20 06:00:00+02:00,55.03860757782219
2018-09-20 07:00:00+02:00,57.69875098526563
2018-09-20 08:00:00+02:00,60.8052885218974
2018-09-20 09:00:00+02:00,60.94670348795336
2018-09-20 10:00:00+02:00,60.76956987445877
2018-09-20 11:00:00+02:00,60.71978324150938
2018-09-20 12:00:00+02:00,60.676580369286775
2018-09-20 13:00:00+02:00,60.61498293828125
2018-09-20 14:00:00+02:00,59.2252268538586
2018-09-20 15:00:00+02:00,60.53028247267514
2018-09-20 16:00:00+02:00,60.62851328640581
2018-09-20 17:00:00+02:00,60.559082788771555
2018-09-20 18:00:00+02:00,60.84467577667336
2018-09-20 19:00:00+02:00,61.288891831760104
2018-09-20 20:00:00+02:00,63.93246621302889
2018-09-20 21:00:00+02:00,64.54557618792357
2018-09-20 22:00:00+02:00,60.54889394157457
2018-09-20 23:00:00+02:00,57.02160809625246
2018-09-21 00:00:00+02:00,59.21979311006766
2018-09-21 01:00:00+02:00,55.31944955679739
2018-09-21 02:00:00+02:00,53.944401126214906
2018-09-21 03:00:00+02:00,50.07166808216877
2018-09-21 04:00:00+02:00,53.1692560531125
2018-09-21 05:00:00+02:00,52.16149921839538
2018-09-21 06:00:00+02:00,55.07036919984421
2018-09-21 07:00:00+02:00,56.57519049521122
2018-09-21 08:00:00+02:00,62.42667888115628
2018-09-21 09:00:00+02:00,61.64737988851337
2018-09-21 10:00:00+02:00,61.39649433632928
2018-09-21 11:00:00+02:00,60.99072128396994
2018-09-21 12:00:00+02:00,61.58220681615432
2018-09-21 13:00:00+02:00,61.55054602816428
2018-09-21 14:00:00+02:00,60.49609386597192
2018-09-21 15:00:00+02:00,59.70644889223198
2018-09-21 16:00:00+02:00,60.970650257678095
2018-09-21 17:00:00+02:00,60.67868992767454
2018-09-21 18:00:00+02:00,60.801132120594474
2018-09-21 19:00:00+02:00,62.37810494651818
2018-09-21 20:00:00+02:00,62.3134516428375
2018-09-21 21:00:00+02:00,64.10068010058781
2018-09-21 22:00:00+02:00,59.52888252853891
2018-09-21 23:00:00+02:00,55.740415435031764
2018-09-22 00:00:00+02:00,58.263241932726885
2018-09-22 01:00:00+02:00,52.400899312311
2018-09-22 02:00:00+02:00,50.594144133101544
2018-09-22 03:00:00+02:00,48.72245829798669
2018-09-22 04:00:00+02:00,47.9353157209076
2018-09-22 05:00:00+02:00,48.143644687189806
2018-09-22 06:00:00+02:00,50.977250182460466
2018-09-22 07:00:00+02:00,53.230711934989166
2018-09-22 08:00:00+02:00,55.053506214259784
2018-09-22 09:00:00+02:00,56.18687423603054
2018-09-22 10:00:00+02:00,57.27499149160617
2018-09-22 11:00:00+02:00,57.18665914349663
2018-09-22 12:00:00+02:00,57.20274627682132
2018-09-22 13:00:00+02:00,57.63005792943234
2018-09-22 14:00:00+02:00,56.59089349195625
2018-09-22 15:00:00+02:00,56.772416417231085
2018-09-22 16:00:00+02:00,55.50857833658753
2018-09-22 17:00:00+02:00,55.460941617136086
2018-09-22 18:00:00+02:00,56.65297593588387
2018-09-22 19:00:00+02:00,58.91508490627881
2018-09-22 20:00:00+02:00,60.8730696009083
2018-09-22 21:00:00+02:00,62.99914246298725
2018-09-22 22:00:00+02:00,58.94918577796138
2018-09-22 23:00:00+02:00,56.66574293352518
2018-09-23 00:00:00+02:00,57.51917079546988
2018-09-23 01:00:00+02:00,54.50394674838683
2018-09-23 02:00:00+02:00,52.03459404949198
2018-09-23 03:00:00+02:00,51.10585619959432
2018-09-23 04:00:00+02:00,49.95816881381282
2018-09-23 05:00:00+02:00,50.066324891624795
2018-09-23 06:00:00+02:00,50.451497492784505
2018-09-23 07:00:00+02:00,50.93281894667861
2018-09-23 08:00:00+02:00,50.71594083676319
2018-09-23 09:00:00+02:00,52.23040154093789
2018-09-23 10:00:00+02:00,53.1646953820186
2018-09-23 11:00:00+02:00,54.36998763092209
2018-09-23 12:00:00+02:00,54.940211814029915
2018-09-23 13:00:00+02:00,55.752296117641414
2018-09-23 14:00:00+02:00,54.24718961916104
2018-09-23 15:00:00+02:00,52.529491154737364
2018-09-23 16:00:00+02:00,50.827956870214464
2018-09-23 17:00:00+02:00,50.888282659485945
2018-09-23 18:00:00+02:00,51.19487410756981
2018-09-23 19:00:00+02:00,57.33518619148156
2018-09-23 20:00:00+02:00,60.894961020383406
2018-09-23 21:00:00+02:00,63.89311314359859
2018-09-23 22:00:00+02:00,61.94327753827923
2018-09-23 23:00:00+02:00,60.3994055528796
2018-09-24 00:00:00+02:00,57.097597822116995
2018-09-24 01:00:00+02:00,53.64266125093836
2018-09-24 02:00:00+02:00,49.756031155354975
2018-09-24 03:00:00+02:00,49.35726236592629
2018-09-24 04:00:00+02:00,47.658686250962035
2018-09-24 05:00:00+02:00,48.59525483786857
2018-09-24 06:00:00+02:00,52.82984309259993
2018-09-24 07:00:00+02:00,54.70775347261516
2018-09-24 08:00:00+02:00,58.06672957007377
2018-09-24 09:00:00+02:00,59.31966049071396
2018-09-24 10:00:00+02:00,59.48425464815749
2018-09-24 11:00:00+02:00,59.278436007883435
2018-09-24 12:00:00+02:00,59.06979107261268
2018-09-24 13:00:00+02:00,59.93071428951551
2018-09-24 14:00:00+02:00,60.32207728535312
2018-09-24 15:00:00+02:00,59.67249592272871
2018-09-24 16:00:00+02:00,59.53703518458011
2018-09-24 17:00:00+02:00,58.86643090174579
2018-09-24 18:00:00+02:00,59.24154675864692
2018-09-24 19:00:00+02:00,58.275210340267336
2018-09-24 20:00:00+02:00,60.262771890956955
2018-09-24 21:00:00+02:00,60.75890567623056
2018-09-24 22:00:00+02:00,58.341030643525855
2018-09-24 23:00:00+02:00,53.59244660974158
2018-09-25 00:00:00+02:00,52.06260752590906
2018-09-25 01:00:00+02:00,51.243802533623125
2018-09-25 02:00:00+02:00,48.7185891819848
2018-09-25 03:00:00+02:00,47.70153402280348
2018-09-25 04:00:00+02:00,47.85073057070569
2018-09-25 05:00:00+02:00,50.07083481674026
2018-09-25 06:00:00+02:00,53.11599481459081
2018-09-25 07:00:00+02:00,55.607100616837805
2018-09-25 08:00:00+02:00,60.736113610161105
2018-09-25 09:00:00+02:00,60.186488081546365
2018-09-25 10:00:00+02:00,60.34770064346149
2018-09-25 11:00:00+02:00,60.77708009097592
2018-09-25 12:00:00+02:00,61.90413210970602
2018-09-25 13:00:00+02:00,60.10276501033058
2018-09-25 14:00:00+02:00,60.064729853296576
2018-09-25 15:00:00+02:00,59.70644421864339
2018-09-25 16:00:00+02:00,59.76390768242847
2018-09-25 17:00:00+02:00,59.89808043385346
2018-09-25 18:00:00+02:00,60.59885952757504
2018-09-25 19:00:00+02:00,60.657248822084064
2018-09-25 20:00:00+02:00,61.23921585812331
2018-09-25 21:00:00+02:00,64.31959801698174
2018-09-25 22:00:00+02:00,59.250402577256125
2018-09-25 23:00:00+02:00,56.135133782954206
2018-09-26 00:00:00+02:00,54.511377202784566
2018-09-26 01:00:00+02:00,49.02795192686446
2018-09-26 02:00:00+02:00,47.48207234010196
2018-09-26 03:00:00+02:00,48.65967248625009
2018-09-26 04:00:00+02:00,52.02708202466086
2018-09-26 05:00:00+02:00,52.666091504856006
2018-09-26 06:00:00+02:00,54.218349403103026
2018-09-26 07:00:00+02:00,60.67948982816602
2018-09-26 08:00:00+02:00,62.76689415843482
2018-09-26 09:00:00+02:00,61.16900286507015
2018-09-26 10:00:00+02:00,61.45742474705691
2018-09-26 11:00:00+02:00,62.037956818961575
2018-09-26 12:00:00+02:00,62.55455832982667
2018-09-26 13:00:00+02:00,63.40769621024405
2018-09-26 14:00:00+02:00,61.77601753470807
2018-09-26 15:00:00+02:00,59.57601993290417
2018-09-26 16:00:00+02:00,59.36706618349964
2018-09-26 17:00:00+02:00,59.11091351457572
2018-09-26 18:00:00+02:00,59.8016043424522
2018-09-26 19:00:00+02:00,61.55888415312746
2018-09-26 20:00:00+02:00,63.05740679045517
2018-09-26 21:00:00+02:00,62.27470409023877
2018-09-26 22:00:00+02:00,61.415363515447616
2018-09-26 23:00:00+02:00,57.16732361015811
2018-09-27 00:00:00+02:00,53.67368456545939
2018-09-27 01:00:00+02:00,52.89598773847936
2018-09-27 02:00:00+02:00,51.79817835202606
2018-09-27 03:00:00+02:00,50.39635266074212
2018-09-27 04:00:00+02:00,49.40416533453347
2018-09-27 05:00:00+02:00,50.24626222946146
2018-09-27 06:00:00+02:00,54.258597199770314
2018-09-27 07:00:00+02:00,59.32190285253594
2018-09-27 08:00:00+02:00,63.07297141431569
2018-09-27 09:00:00+02:00,62.27417263610063
2018-09-27 10:00:00+02:00,61.83442172011283
2018-09-27 11:00:00+02:00,61.67925330812312
2018-09-27 12:00:00+02:00,62.83771755166746
2018-09-27 13:00:00+02:00,61.44676308213017
2018-09-27 14:00:00+02:00,62.18761715183045
2018-09-27 15:00:00+02:00,61.063247858017945
2018-09-27 16:00:00+02:00,60.739062991906025
2018-09-27 17:00:00+02:00,60.722536962555196
2018-09-27 18:00:00+02:00,61.483154239228696
2018-09-27 19:00:00+02:00,61.90205320040994
2018-09-27 20:00:00+02:00,63.6090877397001
2018-09-27 21:00:00+02:00,65.19748185186876
2018-09-27 22:00:00+02:00,61.77926515050488
2018-09-27 23:00:00+02:00,57.35806203127438
2018-09-28 00:00:00+02:00,57.98230782518141
2018-09-28 01:00:00+02:00,55.58077638505157
2018-09-28 02:00:00+02:00,52.86524556319163
2018-09-28 03:00:00+02:00,52.74008647073092
2018-09-28 04:00:00+02:00,53.218940803624925
2018-09-28 05:00:00+02:00,54.992768184583745
2018-09-28 06:00:00+02:00,56.77614301692519
2018-09-28 07:00:00+02:00,60.51316871133015
2018-09-28 08:00:00+02:00,63.17401942917979
2018-09-28 09:00:00+02:00,62.71790337579669
2018-09-28 10:00:00+02:00,62.45408460648762
2018-09-28 11:00:00+02:00,62.84383127150214
2018-09-28 12:00:00+02:00,62.99806406324422
2018-09-28 13:00:00+02:00,62.44075729238811
2018-09-28 14:00:00+02:00,61.554340772626354
2018-09-28 15:00:00+02:00,59.24214484141363
2018-09-28 16:00:00+02:00,59.777556907574116
2018-09-28 17:00:00+02:00,60.10012257290429
2018-09-28 18:00:00+02:00,60.66587967138771
2018-09-28 19:00:00+02:00,62.03682256714589
2018-09-28 20:00:00+02:00,63.82937458319306
2018-09-28 21:00:00+02:00,64.4284481890714
2018-09-28 22:00:00+02:00,62.078370664103765
2018-09-28 23:00:00+02:00,57.286803567058115
2018-09-29 00:00:00+02:00,57.789307093032285
2018-09-29 01:00:00+02:00,56.313943472631834
2018-09-29 02:00:00+02:00,54.88557256678358
2018-09-29 03:00:00+02:00,53.77575960628211
2018-09-29 04:00:00+02:00,53.30109390674127
2018-09-29 05:00:00+02:00,54.365801828086255
2018-09-29 06:00:00+02:00,56.0653091036161
2018-09-29 07:00:00+02:00,57.16069191982201
2018-09-29 08:00:00+02:00,57.9663693837468
2018-09-29 09:00:00+02:00,58.77797666723045
2018-09-29 10:00:00+02:00,58.586047833577446
2018-09-29 11:00:00+02:00,57.93446368337597
2018-09-29 12:00:00+02:00,58.512500155028086
2018-09-29 13:00:00+02:00,58.43821601127633
2018-09-29 14:00:00+02:00,57.05556103598215
2018-09-29 15:00:00+02:00,54.21532737553124
2018-09-29 16:00:00+02:00,53.241968313420294
2018-09-29 17:00:00+02:00,54.02178539627294
2018-09-29 18:00:00+02:00,55.24780281885426
2018-09-29 19:00:00+02:00,57.62399126111606
2018-09-29 20:00:00+02:00,60.86964330439583
2018-09-29 21:00:00+02:00,62.738490306949394
2018-09-29 22:00:00+02:00,59.19201106328741
2018-09-29 23:00:00+02:00,55.46027290957525
2018-09-30 00:00:00+02:00,57.07332691123669
2018-09-30 01:00:00+02:00,54.95820872000405
2018-09-30 02:00:00+02:00,50.91555700281999
2018-09-30 03:00:00+02:00,51.43127433465434
2018-09-30 04:00:00+02:00,49.38852713210311
2018-09-30 05:00:00+02:00,49.21790172898272
2018-09-30 06:00:00+02:00,49.42829842029677
2018-09-30 07:00:00+02:00,50.794475074205856
2018-09-30 08:00:00+02:00,51.875599127227325
2018-09-30 09:00:00+02:00,53.00088288763477
2018-09-30 10:00:00+02:00,54.19523717837353
2018-09-30 11:00:00+02:00,54.84370159450162
2018-09-30 12:00:00+02:00,55.133094158400084
2018-09-30 13:00:00+02:00,54.80012138811656
2018-09-30 14:00:00+02:00,54.177433410095716
2018-09-30 15:00:00+02:00,52.67841331469729
2018-09-30 16:00:00+02:00,52.05970932571633
2018-09-30 17:00:00+02:00,50.41001846057456
2018-09-30 18:00:00+02:00,52.592626214093606
2018-09-30 19:00:00+02:00,56.644974087112395
2018-09-30 20:00:00+02:00,60.793629770242745
2018-09-30 21:00:00+02:00,63.03195658627394
2018-09-30 22:00:00+02:00,61.03639749274432
2018-09-30 23:00:00+02:00,56.58289447711658
2018-10-01 00:00:00+02:00,53.46409360414361
2018-10-01 01:00:00+02:00,51.761955890398674
2018-10-01 02:00:00+02:00,49.89602555930393
2018-10-01 03:00:00+02:00,47.83774869285183
2018-10-01 04:00:00+02:00,47.0069437587769
2018-10-01 05:00:00+02:00,48.05583753904455
2018-10-01 06:00:00+02:00,50.27101246234576
2018-10-01 07:00:00+02:00,55.3209305661989
2018-10-01 08:00:00+02:00,61.16642957895703
2018-10-01 09:00:00+02:00,62.25927077736749
2018-10-01 10:00:00+02:00,62.883032447261705
2018-10-01 11:00:00+02:00,63.469647635253146
2018-10-01 12:00:00+02:00,64.19929479557481
2018-10-01 13:00:00+02:00,64.04540020897163
2018-10-01 14:00:00+02:00,65.40949913712466
2018-10-01 15:00:00+02:00,63.57744642415201
2018-10-01 16:00:00+02:00,62.05716342101144
2018-10-01 17:00:00+02:00,62.03527630005935
2018-10-01 18:00:00+02:00,63.54709344615922
2018-10-01 19:00:00+02:00,63.77895667629255
2018-10-01 20:00:00+02:00,66.78823814996093
2018-10-01 21:00:00+02:00,69.09030815175724
2018-10-01 22:00:00+02:00,65.41345124026729
2018-10-01 23:00:00+02:00,61.186160854239475
2018-10-02 00:00:00+02:00,56.03979114811734
2018-10-02 01:00:00+02:00,51.578430067130526
2018-10-02 02:00:00+02:00,48.38025204978267
2018-10-02 03:00:00+02:00,50.30006224705659
2018-10-02 04:00:00+02:00,50.00636942398769
2018-10-02 05:00:00+02:00,52.41161548224915
2018-10-02 06:00:00+02:00,58.01364248342573
2018-10-02 07:00:00+02:00,62.57220615942398
2018-10-02 08:00:00+02:00,65.28304553299445
2018-10-02 09:00:00+02:00,66.55817387114621
2018-10-02 10:00:00+02:00,68.51999335302297
2018-10-02 11:00:00+02:00,66.19916637373639
2018-10-02 12:00:00+02:00,64.51152579921224
2018-10-02 13:00:00+02:00,65.01867691714038
2018-10-02 14:00:00+02:00,64.68284353201781
2018-10-02 15:00:00+02:00,63.92391008105302
2018-10-02 16:00:00+02:00,62.72545249028446
2018-10-02 17:00:00+02:00,63.9901287844661
2018-10-02 18:00:00+02:00,64.76565221515119
2018-10-02 19:00:00+02:00,65.91846593603424
2018-10-02 20:00:00+02:00,67.67071090541296
2018-10-02 21:00:00+02:00,67.67770690662793
2018-10-02 22:00:00+02:00,65.96978441782831
2018-10-02 23:00:00+02:00,63.19131445595456
2018-10-03 00:00:00+02:00,60.275039122875405
2018-10-03 01:00:00+02:00,55.08462944149884
2018-10-03 02:00:00+02:00,54.00514736995491
2018-10-03 03:00:00+02:00,53.437743188313
2018-10-03 04:00:00+02:00,52.6444027930741
2018-10-03 05:00:00+02:00,54.61094327237359
2018-10-03 06:00:00+02:00,59.78353161738795
2018-10-03 07:00:00+02:00,65.19171129582865
2018-10-03 08:00:00+02:00,69.84543654095283
2018-10-03 09:00:00+02:00,67.32303241243743
2018-10-03 10:00:00+02:00,67.49157806331745
2018-10-03 11:00:00+02:00,67.00807684852495
2018-10-03 12:00:00+02:00,66.29455430316524
2018-10-03 13:00:00+02:00,65.42299053103987
2018-10-03 14:00:00+02:00,64.44498603877005
2018-10-03 15:00:00+02:00,64.17654994636332
2018-10-03 16:00:00+02:00,64.47120898532914
2018-10-03 17:00:00+02:00,64.6259707313383
2018-10-03 18:00:00+02:00,67.15333814475933
2018-10-03 19:00:00+02:00,67.92377350408478
2018-10-03 20:00:00+02:00,69.77836005723957
2018-10-03 21:00:00+02:00,68.75332871520408
2018-10-03 22:00:00+02:00,64.9920664878109
2018-10-03 23:00:00+02:00,62.36748610077896
2018-10-04 00:00:00+02:00,62.42130421978058
2018-10-04 01:00:00+02:00,56.786477059447776
2018-10-04 02:00:00+02:00,52.354146229934045
2018-10-04 03:00:00+02:00,53.293337933804715
2018-10-04 04:00:00+02:00,53.303666160977414
2018-10-04 05:00:00+02:00,54.09413906618068
2018-10-04 06:00:00+02:00,60.00142283733074
2018-10-04 07:00:00+02:00,66.92301345591551
2018-10-04 08:00:00+02:00,68.507956509454
2018-10-04 09:00:00+02:00,69.10778600001942
2018-10-04 10:00:00+02:00,68.74066373007976
2018-10-04 11:00:00+02:00,67.89336276075475
2018-10-04 12:00:00+02:00,67.74153627223578
2018-10-04 13:00:00+02:00,67.7573892593263
2018-10-04 14:00:00+02:00,66.96741729431092
2018-10-04 15:00:00+02:00,65.15780522204135
2018-10-04 16:00:00+02:00,65.74850635031027
2018-10-04 17:00:00+02:00,65.37188682203914
2018-10-04 18:00:00+02:00,68.13149116521731
2018-10-04 19:00:00+02:00,68.51856832305208
2018-10-04 20:00:00+02:00,70.21771410528238
2018-10-04 21:00:00+02:00,70.9677461604911
2018-10-04 22:00:00+02:00,67.71643803659603
2018-10-04 23:00:00+02:00,63.7156010085793
2018-10-05 00:00:00+02:00,61.182467371785556
2018-10-05 01:00:00+02:00,57.98383029780917
2018-10-05 02:00:00+02:00,53.14118045615089
2018-10-05 03:00:00+02:00,53.12779941491526
2018-10-05 04:00:00+02:00,53.18414919135757
2018-10-05 05:00:00+02:00,55.09393855341501
2018-10-05 06:00:00+02:00,59.40242505056923
2018-10-05 07:00:00+02:00,66.72051823933963
2018-10-05 08:00:00+02:00,67.82581030094686
2018-10-05 09:00:00+02:00,67.10550907383968
2018-10-05 10:00:00+02:00,67.08919119974148
2018-10-05 11:00:00+02:00,66.56796396289378
2018-10-05 12:00:00+02:00,65.05019359474127
2018-10-05 13:00:00+02:00,65.35594176670068
2018-10-05 14:00:00+02:00,64.40856431206765
2018-10-05 15:00:00+02:00,63.93386781644238
2018-10-05 16:00:00+02:00,63.42667730482082
2018-10-05 17:00:00+02:00,64.05010801644843
2018-10-05 18:00:00+02:00,66.8924130378331
2018-10-05 19:00:00+02:00,67.57712655075717
2018-10-05 20:00:00+02:00,68.84699698761953
2018-10-05 21:00:00+02:00,69.42038451657288
2018-10-05 22:00:00+02:00,66.03368223413585
2018-10-05 23:00:00+02:00,63.7280015603024
2018-10-06 00:00:00+02:00,62.49390370957625
2018-10-06 01:00:00+02:00,59.69146914750797
2018-10-06 02:00:00+02:00,57.42289373662295
2018-10-06 03:00:00+02:00,56.250304960392135
2018-10-06 04:00:00+02:00,55.63703955262868
2018-10-06 05:00:00+02:00,55.70289770233506
2018-10-06 06:00:00+02:00,57.14383193640931
2018-10-06 07:00:00+02:00,59.19130745399845
2018-10-06 08:00:00+02:00,58.172352294258545
2018-10-06 09:00:00+02:00,58.836284143554465
2018-10-06 10:00:00+02:00,59.451703064945
2018-10-06 11:00:00+02:00,58.137796945925146
2018-10-06 12:00:00+02:00,58.19466379062695
2018-10-06 13:00:00+02:00,56.77522420807205
2018-10-06 14:00:00+02:00,55.893231680219486
2018-10-06 15:00:00+02:00,54.20844476795117
2018-10-06 16:00:00+02:00,52.57254307560574
2018-10-06 17:00:00+02:00,51.27776067804596
2018-10-06 18:00:00+02:00,53.98791501587152
2018-10-06 19:00:00+02:00,57.72063639751553
2018-10-06 20:00:00+02:00,62.29457592676586
2018-10-06 21:00:00+02:00,61.183177480810166
2018-10-06 22:00:00+02:00,55.59506425805827
2018-10-06 23:00:00+02:00,53.41126244422232
2018-10-07 00:00:00+02:00,53.9399347375114
2018-10-07 01:00:00+02:00,52.740734795750335
2018-10-07 02:00:00+02:00,50.210325071273864
2018-10-07 03:00:00+02:00,49.77750968164766
2018-10-07 04:00:00+02:00,49.073528367065784
2018-10-07 05:00:00+02:00,46.03477117656254
2018-10-07 06:00:00+02:00,48.358699105618456
2018-10-07 07:00:00+02:00,50.18923116188046
2018-10-07 08:00:00+02:00,51.8230988976963
2018-10-07 09:00:00+02:00,54.69411886829451
2018-10-07 10:00:00+02:00,57.12325380467922
2018-10-07 11:00:00+02:00,57.588624261857596
2018-10-07 12:00:00+02:00,54.28597558421447
2018-10-07 13:00:00+02:00,56.17227897452125
2018-10-07 14:00:00+02:00,54.076801173921
2018-10-07 15:00:00+02:00,50.95548415848832
2018-10-07 16:00:00+02:00,53.0072808091553
2018-10-07 17:00:00+02:00,51.1573335819671
2018-10-07 18:00:00+02:00,54.17087744106756
2018-10-07 19:00:00+02:00,58.04799361185944
2018-10-07 20:00:00+02:00,60.37938208290367
2018-10-07 21:00:00+02:00,62.249103603496316
2018-10-07 22:00:00+02:00,60.019329895587795
2018-10-07 23:00:00+02:00,56.71033903213645
2018-10-08 00:00:00+02:00,51.756977319792576
2018-10-08 01:00:00+02:00,52.09820313444429
2018-10-08 02:00:00+02:00,50.167336915812285
2018-10-08 03:00:00+02:00,49.03576095552113
2018-10-08 04:00:00+02:00,49.95708155110873
2018-10-08 05:00:00+02:00,50.148093420617265
2018-10-08 06:00:00+02:00,56.02307100088325
2018-10-08 07:00:00+02:00,60.223956763590586
2018-10-08 08:00:00+02:00,65.6394323147499
2018-10-08 09:00:00+02:00,65.45748818512247
2018-10-08 10:00:00+02:00,66.52866043747352
2018-10-08 11:00:00+02:00,66.46604645687461
2018-10-08 12:00:00+02:00,67.42987858290708
2018-10-08 13:00:00+02:00,66.98253853950264
2018-10-08 14:00:00+02:00,66.91106872821794
2018-10-08 15:00:00+02:00,63.8899324250883
2018-10-08 16:00:00+02:00,64.19008598776868
2018-10-08 17:00:00+02:00,62.67494507673993
2018-10-08 18:00:00+02:00,67.27118703397706
2018-10-08 19:00:00+02:00,68.88193514439254
2018-10-08 20:00:00+02:00,70.58668192769723
2018-10-08 21:00:00+02:00,70.30184519914876
2018-10-08 22:00:00+02:00,66.19595030595131
2018-10-08 23:00:00+02:00,62.68105169738275
2018-10-09 00:00:00+02:00,63.3772674261579
2018-10-09 01:00:00+02:00,58.29081141942515
2018-10-09 02:00:00+02:00,56.47390553447633
2018-10-09 03:00:00+02:00,54.953296825660935
2018-10-09 04:00:00+02:00,55.297173406092476
2018-10-09 05:00:00+02:00,53.89529904303962
2018-10-09 06:00:00+02:00,60.090369657240025
2018-10-09 07:00:00+02:00,64.66871772151218
2018-10-09 08:00:00+02:00,70.1784083125806
2018-10-09 09:00:00+02:00,70.38166843013316
2018-10-09 10:00:00+02:00,69.96412285584441
2018-10-09 11:00:00+02:00,68.96056270179
2018-10-09 12:00:00+02:00,69.7589767976643
2018-10-09 13:00:00+02:00,69.8260809386574
2018-10-09 14:00:00+02:00,66.75221215093477
2018-10-09 15:00:00+02:00,66.47398016378713
2018-10-09 16:00:00+02:00,65.61000578688974
2018-10-09 17:00:00+02:00,66.13833649514223
2018-10-09 18:00:00+02:00,68.65001345075436
2018-10-09 19:00:00+02:00,69.31322745717087
2018-10-09 20:00:00+02:00,69.66931028138679
2018-10-09 21:00:00+02:00,69.9512115525364
2018-10-09 22:00:00+02:00,65.62930641906742
2018-10-09 23:00:00+02:00,60.51448525721989
2018-10-10 00:00:00+02:00,54.780200164091845
2018-10-10 01:00:00+02:00,51.05183824958762
2018-10-10 02:00:00+02:00,52.6481446739019
2018-10-10 03:00:00+02:00,51.00948013253437
2018-10-10 04:00:00+02:00,46.425824624205475
2018-10-10 05:00:00+02:00,53.167442173210354
2018-10-10 06:00:00+02:00,54.50182051028555
2018-10-10 07:00:00+02:00,60.08473714217435
2018-10-10 08:00:00+02:00,67.12701541187249
2018-10-10 09:00:00+02:00,67.4612656786496
2018-10-10 10:00:00+02:00,66.86558351115514
2018-10-10 11:00:00+02:00,67.58461492780378
2018-10-10 12:00:00+02:00,66.62172889623882
2018-10-10 13:00:00+02:00,66.39612164107407
2018-10-10 14:00:00+02:00,65.54543347247514
2018-10-10 15:00:00+02:00,64.57060442900074
2018-10-10 16:00:00+02:00,63.58838166681756
2018-10-10 17:00:00+02:00,64.13346592011762
2018-10-10 18:00:00+02:00,68.36988889096685
2018-10-10 19:00:00+02:00,68.799374103063
2018-10-10 20:00:00+02:00,70.62097089615996
2018-10-10 21:00:00+02:00,71.85902339643289
2018-10-10 22:00:00+02:00,65.09307708422794
2018-10-10 23:00:00+02:00,62.86694170196061
2018-10-11 00:00:00+02:00,57.133127986790505
2018-10-11 01:00:00+02:00,52.45487961890462
2018-10-11 02:00:00+02:00,49.07665232908588
2018-10-11 03:00:00+02:00,49.795706830023484
2018-10-11 04:00:00+02:00,47.884547234291546
2018-10-11 05:00:00+02:00,47.92889937900948
2018-10-11 06:00:00+02:00,54.70555564152034
2018-10-11 07:00:00+02:00,58.53855220640103
2018-10-11 08:00:00+02:00,64.7673437835001
2018-10-11 09:00:00+02:00,65.5702264187028
2018-10-11 10:00:00+02:00,67.43196491409088
2018-10-11 11:00:00+02:00,68.42380519549727
2018-10-11 12:00:00+02:00,67.72973592054329
2018-10-11 13:00:00+02:00,67.6041053624943
2018-10-11 14:00:00+02:00,63.92763970717804
2018-10-11 15:00:00+02:00,62.85763420491148
2018-10-11 16:00:00+02:00,62.85173420093751
2018-10-11 17:00:00+02:00,63.28060100921634
2018-10-11 18:00:00+02:00,67.2640490048647
2018-10-11 19:00:00+02:00,67.64851893905507
2018-10-11 20:00:00+02:00,71.98779028706048
2018-10-11 21:00:00+02:00,71.36749555509543
2018-10-11 22:00:00+02:00,67.1977048343765
2018-10-11 23:00:00+02:00,62.63543467350667
2018-10-12 00:00:00+02:00,61.97073871322215
2018-10-12 01:00:00+02:00,58.02952201914951
2018-10-12 02:00:00+02:00,55.31508511616339
2018-10-12 03:00:00+02:00,54.98330290823035
2018-10-12 04:00:00+02:00,55.00316818686509
2018-10-12 05:00:00+02:00,52.68171890968638
2018-10-12 06:00:00+02:00,59.95536401248492
2018-10-12 07:00:00+02:00,67.5846294209779
2018-10-12 08:00:00+02:00,70.99648973254482
2018-10-12 09:00:00+02:00,70.07276818426388
2018-10-12 10:00:00+02:00,70.11474423917288
2018-10-12 11:00:00+02:00,71.19744793696667
2018-10-12 12:00:00+02:00,69.30426447965543
2018-10-12 13:00:00+02:00,69.20966513184533
2018-10-12 14:00:00+02:00,69.60851239970324
2018-10-12 15:00:00+02:00,67.25464338953938
2018-10-12 16:00:00+02:00,66.50519310633214
2018-10-12 17:00:00+02:00,67.37001482790598
2018-10-12 18:00:00+02:00,68.54335893677981
2018-10-12 19:00:00+02:00,70.55412901021148
2018-10-12 20:00:00+02:00,73.03459663000129
2018-10-12 21:00:00+02:00,73.40172656959479
2018-10-12 22:00:00+02:00,68.26868423318612
2018-10-12 23:00:00+02:00,65.89697119154827
2018-10-13 00:00:00+02:00,57.55317533509904
2018-10-13 01:00:00+02:00,56.643808439059605
2018-10-13 02:00:00+02:00,52.92251217109569
2018-10-13 03:00:00+02:00,52.816340744803895
2018-10-13 04:00:00+02:00,51.13131474291166
2018-10-13 05:00:00+02:00,50.92051596689448
2018-10-13 06:00:00+02:00,50.96568046203749
2018-10-13 07:00:00+02:00,54.508482340677084
2018-10-13 08:00:00+02:00,56.46694841051914
2018-10-13 09:00:00+02:00,58.270729296762305
2018-10-13 10:00:00+02:00,58.644106280265774
2018-10-13 11:00:00+02:00,58.75683029783334
2018-10-13 12:00:00+02:00,59.29049993344219
2018-10-13 13:00:00+02:00,59.337862110519495
2018-10-13 14:00:00+02:00,58.497271095309614
2018-10-13 15:00:00+02:00,57.1424294450201
2018-10-13 16:00:00+02:00,56.05583430172173
2018-10-13 17:00:00+02:00,57.39628803806718
2018-10-13 18:00:00+02:00,61.32152461815848
2018-10-13 19:00:00+02:00,62.37162997332655
2018-10-13 20:00:00+02:00,63.88832430945971
2018-10-13 21:00:00+02:00,65.24754678097469
2018-10-13 22:00:00+02:00,60.053851168070764
2018-10-13 23:00:00+02:00,57.71364779763471
2018-10-14 00:00:00+02:00,50.36748473823681
2018-10-14 01:00:00+02:00,49.18092499468441
2018-10-14 02:00:00+02:00,44.90100946466293
2018-10-14 03:00:00+02:00,39.316646548196424
2018-10-14 04:00:00+02:00,37.49482632469187
2018-10-14 05:00:00+02:00,37.304945650260386
2018-10-14 06:00:00+02:00,46.569315728298065
2018-10-14 07:00:00+02:00,44.55802680100642
2018-10-14 08:00:00+02:00,43.66248332518493
2018-10-14 09:00:00+02:00,48.70725643924707
2018-10-14 10:00:00+02:00,46.99303917732994
2018-10-14 11:00:00+02:00,47.598237586363005
2018-10-14 12:00:00+02:00,49.37408456659293
2018-10-14 13:00:00+02:00,50.080572415777254
2018-10-14 14:00:00+02:00,50.6942184668402
2018-10-14 15:00:00+02:00,49.019525285157464
2018-10-14 16:00:00+02:00,48.64526679139796
2018-10-14 17:00:00+02:00,51.88561143090991
2018-10-14 18:00:00+02:00,53.509333172880766
2018-10-14 19:00:00+02:00,58.83212828877863
2018-10-14 20:00:00+02:00,61.23004962436687
2018-10-14 21:00:00+02:00,63.118308633643615
2018-10-14 22:00:00+02:00,61.69793204685542
2018-10-14 23:00:00+02:00,57.77323700808706
2018-10-15 00:00:00+02:00,53.46673253439942
2018-10-15 01:00:00+02:00,48.30077416183595
2018-10-15 02:00:00+02:00,46.15758103309274
2018-10-15 03:00:00+02:00,46.550130889701066
2018-10-15 04:00:00+02:00,45.04106471888502
2018-10-15 05:00:00+02:00,47.05360197383584
2018-10-15 06:00:00+02:00,52.0535504260075
2018-10-15 07:00:00+02:00,62.06165321387876
2018-10-15 08:00:00+02:00,68.98899392049806
2018-10-15 09:00:00+02:00,70.18029456675035
2018-10-15 10:00:00+02:00,67.174963487725
2018-10-15 11:00:00+02:00,67.47880403452251
2018-10-15 12:00:00+02:00,68.54544451704636
2018-10-15 13:00:00+02:00,68.2129094753145
2018-10-15 14:00:00+02:00,64.82234602118783
2018-10-15 15:00:00+02:00,64.03757655485043
2018-10-15 16:00:00+02:00,64.33184650058706
2018-10-15 17:00:00+02:00,65.0247837472503
2018-10-15 18:00:00+02:00,68.7307762224622
2018-10-15 19:00:00+02:00,69.44173234973239
2018-10-15 20:00:00+02:00,72.90704273506643
2018-10-15 21:00:00+02:00,71.16013339966126
2018-10-15 22:00:00+02:00,67.91551603859665
2018-10-15 23:00:00+02:00,64.25290939679249
2018-10-16 00:00:00+02:00,61.281527606583516
2018-10-16 01:00:00+02:00,56.067237380329736
2018-10-16 02:00:00+02:00,53.015064949678056
2018-10-16 03:00:00+02:00,51.15893921877301
2018-10-16 04:00:00+02:00,50.391802363819686
2018-10-16 05:00:00+02:00,52.64780996341744
2018-10-16 06:00:00+02:00,59.07233170973095
2018-10-16 07:00:00+02:00,63.472107395428395
2018-10-16 08:00:00+02:00,67.10938559870425
2018-10-16 09:00:00+02:00,69.64942728787337
2018-10-16 10:00:00+02:00,68.22444060916263
2018-10-16 11:00:00+02:00,69.08708558988454
2018-10-16 12:00:00+02:00,68.4206911756205
2018-10-16 13:00:00+02:00,68.02634851560185
2018-10-16 14:00:00+02:00,67.56464303432186
2018-10-16 15:00:00+02:00,65.31096598367178
2018-10-16 16:00:00+02:00,66.917095305398
2018-10-16 17:00:00+02:00,67.80139985621486
2018-10-16 18:00:00+02:00,70.98151013146001
2018-10-16 19:00:00+02:00,72.53212435928256
2018-10-16 20:00:00+02:00,74.46744647638091
2018-10-16 21:00:00+02:00,72.64173104785945
2018-10-16 22:00:00+02:00,69.11592397304481
2018-10-16 23:00:00+02:00,63.978532500063594
2018-10-17 00:00:00+02:00,59.3850350853242
2018-10-17 01:00:00+02:00,57.28742202719179
2018-10-17 02:00:00+02:00,54.649220529145815
2018-10-17 03:00:00+02:00,54.08055299171412
2018-10-17 04:00:00+02:00,53.950003739684696
2018-10-17 05:00:00+02:00,53.7490750756397
2018-10-17 06:00:00+02:00,58.61795206108954
2018-10-17 07:00:00+02:00,64.70848195772646
2018-10-17 08:00:00+02:00,70.83626244768719
2018-10-17 09:00:00+02:00,71.27309411565642
2018-10-17 10:00:00+02:00,71.28557758545666
2018-10-17 11:00:00+02:00,70.6696192179746
2018-10-17 12:00:00+02:00,70.9238498289221
2018-10-17 13:00:00+02:00,70.58529652995796
2018-10-17 14:00:00+02:00,70.00314801266279
2018-10-17 15:00:00+02:00,69.03271597725251
2018-10-17 16:00:00+02:00,67.47878304996595
2018-10-17 17:00:00+02:00,66.8345587244226
2018-10-17 18:00:00+02:00,70.22127546482473
2018-10-17 19:00:00+02:00,71.9245862214853
2018-10-17 20:00:00+02:00,72.65680381046647
2018-10-17 21:00:00+02:00,73.74688946333636
2018-10-17 22:00:00+02:00,68.32017771406643
2018-10-17 23:00:00+02:00,60.839273362358576
2018-10-18 00:00:00+02:00,59.30455343842189
2018-10-18 01:00:00+02:00,56.60582010459507
2018-10-18 02:00:00+02:00,54.33415932267202
2018-10-18 03:00:00+02:00,52.75922215720931
2018-10-18 04:00:00+02:00,52.9259722971553
2018-10-18 05:00:00+02:00,54.10628268930313
2018-10-18 06:00:00+02:00,57.05916733389495
2018-10-18 07:00:00+02:00,64.06789746393747
2018-10-18 08:00:00+02:00,71.0056528937184
2018-10-18 09:00:00+02:00,70.67501919437356
2018-10-18 10:00:00+02:00,70.79784643993031
2018-10-18 11:00:00+02:00,69.84092563133495
2018-10-18 12:00:00+02:00,70.47531683241108
2018-10-18 13:00:00+02:00,68.31052179243025
2018-10-18 14:00:00+02:00,67.99189387674252
2018-10-18 15:00:00+02:00,68.29454193532541
2018-10-18 16:00:00+02:00,66.82079239420732
2018-10-18 17:00:00+02:00,69.06060821171168
2018-10-18 18:00:00+02:00,71.63115383374931
2018-10-18 19:00:00+02:00,75.44025236777169
2018-10-18 20:00:00+02:00,73.9641281972522
2018-10-18 21:00:00+02:00,73.67703814067096
2018-10-18 22:00:00+02:00,65.69862325688013
2018-10-18 23:00:00+02:00,57.86235704309917
2018-10-19 00:00:00+02:00,54.57879752244836
2018-10-19 01:00:00+02:00,50.98833644379877
2018-10-19 02:00:00+02:00,48.62399240903711
2018-10-19 03:00:00+02:00,46.120068860190926
2018-10-19 04:00:00+02:00,46.228236817376946
2018-10-19 05:00:00+02:00,47.76277186510778
2018-10-19 06:00:00+02:00,54.40358832424658
2018-10-19 07:00:00+02:00,57.89366626033745
2018-10-19 08:00:00+02:00,64.84612618884371
2018-10-19 09:00:00+02:00,68.3555259652436
2018-10-19 10:00:00+02:00,67.11996729785915
2018-10-19 11:00:00+02:00,66.19763529203068
2018-10-19 12:00:00+02:00,67.58053661611638
2018-10-19 13:00:00+02:00,66.18690529076403
2018-10-19 14:00:00+02:00,64.33994702350165
2018-10-19 15:00:00+02:00,64.08788633170592
2018-10-19 16:00:00+02:00,64.36097700500399
2018-10-19 17:00:00+02:00,66.30891011766236
2018-10-19 18:00:00+02:00,67.72781299255016
2018-10-19 19:00:00+02:00,69.19625791132763
2018-10-19 20:00:00+02:00,69.8044872872146
2018-10-19 21:00:00+02:00,67.80236821402431
2018-10-19 22:00:00+02:00,64.5994660337611
2018-10-19 23:00:00+02:00,59.697948920355856
2018-10-20 00:00:00+02:00,55.587616830802865
2018-10-20 01:00:00+02:00,53.40647141521587
2018-10-20 02:00:00+02:00,50.552058294807
2018-10-20 03:00:00+02:00,51.96729899701297
2018-10-20 04:00:00+02:00,51.695315070718486
2018-10-20 05:00:00+02:00,51.80626165684178
2018-10-20 06:00:00+02:00,52.4990405752413
2018-10-20 07:00:00+02:00,55.5074462220795
2018-10-20 08:00:00+02:00,57.696371885610496
2018-10-20 09:00:00+02:00,59.38069199943942
2018-10-20 10:00:00+02:00,60.32614518151445
2018-10-20 11:00:00+02:00,59.36036912702436
2018-10-20 12:00:00+02:00,60.509277793836944
2018-10-20 13:00:00+02:00,58.59082678520579
2018-10-20 14:00:00+02:00,59.292042259495055
2018-10-20 15:00:00+02:00,57.263117844464446
2018-10-20 16:00:00+02:00,58.515184711182826
2018-10-20 17:00:00+02:00,58.98158736816566
2018-10-20 18:00:00+02:00,62.41105135202738
2018-10-20 19:00:00+02:00,66.68166346542763
2018-10-20 20:00:00+02:00,68.31166889999874
2018-10-20 21:00:00+02:00,66.89876336320317
2018-10-20 22:00:00+02:00,61.659841565470906
2018-10-20 23:00:00+02:00,57.79226793330424
2018-10-21 00:00:00+02:00,57.42968554633642
2018-10-21 01:00:00+02:00,54.90451204335684
2018-10-21 02:00:00+02:00,52.7768325054946
2018-10-21 03:00:00+02:00,49.43449756472123
2018-10-21 04:00:00+02:00,49.57766964329096
2018-10-21 05:00:00+02:00,52.1909303149471
2018-10-21 06:00:00+02:00,52.734498183331254
2018-10-21 07:00:00+02:00,54.077387661174185
2018-10-21 08:00:00+02:00,55.68369099375703
2018-10-21 09:00:00+02:00,57.395619529244264
2018-10-21 10:00:00+02:00,56.78557012202324
2018-10-21 11:00:00+02:00,59.5973604499996
2018-10-21 12:00:00+02:00,58.58061556061637
2018-10-21 13:00:00+02:00,59.04337471336225
2018-10-21 14:00:00+02:00,58.664460947282
2018-10-21 15:00:00+02:00,56.943316203619645
2018-10-21 16:00:00+02:00,58.321276870455264
2018-10-21 17:00:00+02:00,56.797789677512036
2018-10-21 18:00:00+02:00,58.403940747342496
2018-10-21 19:00:00+02:00,62.72088736062662
2018-10-21 20:00:00+02:00,69.44378433122569
2018-10-21 21:00:00+02:00,70.09199353861489
2018-10-21 22:00:00+02:00,66.25895245274334
2018-10-21 23:00:00+02:00,62.08825736202018
2018-10-22 00:00:00+02:00,58.89634057372508
2018-10-22 01:00:00+02:00,56.767270933768664
2018-10-22 02:00:00+02:00,52.98829197675476
2018-10-22 03:00:00+02:00,51.85483646152196
2018-10-22 04:00:00+02:00,52.05782413408952
2018-10-22 05:00:00+02:00,52.345461532973694
2018-10-22 06:00:00+02:00,56.089486894459
2018-10-22 07:00:00+02:00,60.83987605024055
2018-10-22 08:00:00+02:00,66.22627602001327
2018-10-22 09:00:00+02:00,65.68209589440742
2018-10-22 10:00:00+02:00,66.31420859561827
2018-10-22 11:00:00+02:00,65.33442231437972
2018-10-22 12:00:00+02:00,64.97223592742995
2018-10-22 13:00:00+02:00,65.10063265888222
2018-10-22 14:00:00+02:00,64.05585889333982
2018-10-22 15:00:00+02:00,64.04536236510545
2018-10-22 16:00:00+02:00,63.78302233336984
2018-10-22 17:00:00+02:00,64.66698369761701
2018-10-22 18:00:00+02:00,67.265196292718
2018-10-22 19:00:00+02:00,68.63989665642895
2018-10-22 20:00:00+02:00,70.92433110132815
2018-10-22 21:00:00+02:00,69.80701910711952
2018-10-22 22:00:00+02:00,64.66515923229487
2018-10-22 23:00:00+02:00,60.5045986292499
2018-10-23 00:00:00+02:00,54.18554530584839
2018-10-23 01:00:00+02:00,56.56049849921825
2018-10-23 02:00:00+02:00,54.62977670339085
2018-10-23 03:00:00+02:00,53.121205608036625
2018-10-23 04:00:00+02:00,53.51369878875616
2018-10-23 05:00:00+02:00,54.46464156337995
2018-10-23 06:00:00+02:00,58.23518711610869
2018-10-23 07:00:00+02:00,65.52505690224032
2018-10-23 08:00:00+02:00,68.89463898416066
2018-10-23 09:00:00+02:00,69.96640107589579
2018-10-23 10:00:00+02:00,69.82723272900415
2018-10-23 11:00:00+02:00,70.09582719266466
2018-10-23 12:00:00+02:00,68.7818475376081
2018-10-23 13:00:00+02:00,68.57436740256165
2018-10-23 14:00:00+02:00,67.30961555289299
2018-10-23 15:00:00+02:00,64.89973342448388
2018-10-23 16:00:00+02:00,65.53843169959403
2018-10-23 17:00:00+02:00,66.2391491281279
2018-10-23 18:00:00+02:00,71.04941606280892
2018-10-23 19:00:00+02:00,72.73964619000908
2018-10-23 20:00:00+02:00,74.83673861419366
2018-10-23 21:00:00+02:00,72.25446803964007
2018-10-23 22:00:00+02:00,66.85916146636994
2018-10-23 23:00:00+02:00,62.649282458468264
2018-10-24 00:00:00+02:00,59.54609293464164
2018-10-24 01:00:00+02:00,57.693368107143264
2018-10-24 02:00:00+02:00,55.644867492984254
2018-10-24 03:00:00+02:00,54.3871489468694
2018-10-24 04:00:00+02:00,54.65773259985594
2018-10-24 05:00:00+02:00,54.240641982185295
2018-10-24 06:00:00+02:00,59.61387970536885
2018-10-24 07:00:00+02:00,65.16968280230763
2018-10-24 08:00:00+02:00,70.49572611923304
2018-10-24 09:00:00+02:00,70.38445006858176
2018-10-24 10:00:00+02:00,71.220329782053
2018-10-24 11:00:00+02:00,69.8927050989524
2018-10-24 12:00:00+02:00,68.7426337673299
2018-10-24 13:00:00+02:00,67.3617822044903
2018-10-24 14:00:00+02:00,67.22444454972248
2018-10-24 15:00:00+02:00,66.1474581337916
2018-10-24 16:00:00+02:00,65.76360325648636
2018-10-24 17:00:00+02:00,67.86359446124781
2018-10-24 18:00:00+02:00,70.93927116586444
2018-10-24 19:00:00+02:00,73.08792879091457
2018-10-24 20:00:00+02:00,75.91825428402254
2018-10-24 21:00:00+02:00,75.27210666671559
2018-10-24 22:00:00+02:00,70.53684918142747
2018-10-24 23:00:00+02:00,64.75162816597593
2018-10-25 00:00:00+02:00,60.68207204025087
2018-10-25 01:00:00+02:00,58.03496068799543
2018-10-25 02:00:00+02:00,56.5260430202453
2018-10-25 03:00:00+02:00,54.91860435565259
2018-10-25 04:00:00+02:00,54.70781635983237
2018-10-25 05:00:00+02:00,55.581799661815126
2018-10-25 06:00:00+02:00,60.003103168206806
2018-10-25 07:00:00+02:00,67.9665717498894
2018-10-25 08:00:00+02:00,73.5724664012326
2018-10-25 09:00:00+02:00,73.52757832132419
2018-10-25 10:00:00+02:00,72.21316657690332
2018-10-25 11:00:00+02:00,70.8924127116202
2018-10-25 12:00:00+02:00,70.06381108847516
2018-10-25 13:00:00+02:00,69.48377595060668
2018-10-25 14:00:00+02:00,68.77504315080343
2018-10-25 15:00:00+02:00,68.56334082876158
2018-10-25 16:00:00+02:00,66.46117407582355
2018-10-25 17:00:00+02:00,67.2041035447275
2018-10-25 18:00:00+02:00,71.57053794942733
2018-10-25 19:00:00+02:00,72.85480810944959
2018-10-25 20:00:00+02:00,75.47222103134685
2018-10-25 21:00:00+02:00,74.96855495982149
2018-10-25 22:00:00+02:00,68.94171284367316
2018-10-25 23:00:00+02:00,64.15759149161285
2018-10-26 00:00:00+02:00,61.39085668129364
2018-10-26 01:00:00+02:00,58.5323218350485
2018-10-26 02:00:00+02:00,55.86873347038585
2018-10-26 03:00:00+02:00,55.2196970387171
2018-10-26 04:00:00+02:00,54.242355174480366
2018-10-26 05:00:00+02:00,55.345227137594975
2018-10-26 06:00:00+02:00,59.944987875783426
2018-10-26 07:00:00+02:00,64.22726086554482
2018-10-26 08:00:00+02:00,72.60796861305568
2018-10-26 09:00:00+02:00,72.83380809956867
2018-10-26 10:00:00+02:00,71.80633549098131
2018-10-26 11:00:00+02:00,71.12451228582768
2018-10-26 12:00:00+02:00,70.83904473892227
2018-10-26 13:00:00+02:00,70.47022233818976
2018-10-26 14:00:00+02:00,69.49824486941148
2018-10-26 15:00:00+02:00,65.6160625368751
2018-10-26 16:00:00+02:00,64.27391565880811
2018-10-26 17:00:00+02:00,66.99956859137711
2018-10-26 18:00:00+02:00,71.55001286163363
2018-10-26 19:00:00+02:00,73.63610404544181
2018-10-26 20:00:00+02:00,74.2415150916604
2018-10-26 21:00:00+02:00,72.57638736913844
2018-10-26 22:00:00+02:00,66.55746679858967
2018-10-26 23:00:00+02:00,62.27276156397816
2018-10-27 00:00:00+02:00,58.73460732122915
2018-10-27 01:00:00+02:00,55.447214696570015
2018-10-27 02:00:00+02:00,53.77648211216014
2018-10-27 03:00:00+02:00,51.12748336361897
2018-10-27 04:00:00+02:00,50.86773561445252
2018-10-27 05:00:00+02:00,50.1381940509799
2018-10-27 06:00:00+02:00,51.92015685655358
2018-10-27 07:00:00+02:00,57.10534044060046
2018-10-27 08:00:00+02:00,61.11926798537492
2018-10-27 09:00:00+02:00,62.71681338954828
2018-10-27 10:00:00+02:00,63.78762555808314
2018-10-27 11:00:00+02:00,64.02146488027545
2018-10-27 12:00:00+02:00,62.59273541046326
2018-10-27 13:00:00+02:00,61.228828439613636
2018-10-27 14:00:00+02:00,60.21688792719895
2018-10-27 15:00:00+02:00,60.655669339810196
2018-10-27 16:00:00+02:00,58.17616707516504
2018-10-27 17:00:00+02:00,61.29748279703053
2018-10-27 18:00:00+02:00,64.77435678864157
2018-10-27 19:00:00+02:00,66.04922098763019
2018-10-27 20:00:00+02:00,70.50530719568701
2018-10-27 21:00:00+02:00,64.01267591011504
2018-10-27 22:00:00+02:00,62.42801561842766
2018-10-27 23:00:00+02:00,55.76994719133594
2018-10-28 00:00:00+02:00,53.54355680108791
2018-10-28 01:00:00+02:00,51.957870396266614
2018-10-28 02:00:00+02:00,51.85423827411335
2018-10-28 02:00:00+01:00,47.96972789791635
2018-10-28 03:00:00+01:00,47.23911297714243
2018-10-28 04:00:00+01:00,47.02298894371778
2018-10-28 05:00:00+01:00,47.56392987075667
2018-10-28 06:00:00+01:00,46.31440149308751
2018-10-28 07:00:00+01:00,49.85268127797986
2018-10-28 08:00:00+01:00,52.12622773350753
2018-10-28 09:00:00+01:00,55.631139080508
2018-10-28 10:00:00+01:00,56.62928979224951
2018-10-28 11:00:00+01:00,57.288152501825955
2018-10-28 12:00:00+01:00,57.20276945888431
2018-10-28 13:00:00+01:00,59.508865870587954
2018-10-28 14:00:00+01:00,57.57155643845365
2018-10-28 15:00:00+01:00,57.05885130965364
2018-10-28 16:00:00+01:00,49.846038755741965
2018-10-28 17:00:00+01:00,52.22080236678288
2018-10-28 18:00:00+01:00,61.25018485268002
2018-10-28 19:00:00+01:00,69.37857574070291
2018-10-28 20:00:00+01:00,64.68787779602734
2018-10-28 21:00:00+01:00,68.08206589464874
2018-10-28 22:00:00+01:00,63.660888408424086
2018-10-28 23:00:00+01:00,59.05221897286292
2018-10-29 00:00:00+01:00,56.77691591251212
2018-10-29 01:00:00+01:00,52.54404709562518
2018-10-29 02:00:00+01:00,49.74543002466648
2018-10-29 03:00:00+01:00,47.140759427209325
2018-10-29 04:00:00+01:00,46.52481712354848
2018-10-29 05:00:00+01:00,47.730406870980325
2018-10-29 06:00:00+01:00,47.20087953508182
2018-10-29 07:00:00+01:00,54.405049889636466
2018-10-29 08:00:00+01:00,60.862345321373546
2018-10-29 09:00:00+01:00,61.742679221414676
2018-10-29 10:00:00+01:00,62.010850594097086
2018-10-29 11:00:00+01:00,59.97441819919411
2018-10-29 12:00:00+01:00,58.62563605214525
2018-10-29 13:00:00+01:00,58.07295125085232
2018-10-29 14:00:00+01:00,59.347966834158704
2018-10-29 15:00:00+01:00,56.02681500172181
2018-10-29 16:00:00+01:00,55.17843973664584
2018-10-29 17:00:00+01:00,60.28919772030656
2018-10-29 18:00:00+01:00,65.2257713793007
2018-10-29 19:00:00+01:00,71.89837061948633
2018-10-29 20:00:00+01:00,70.84500323870807
2018-10-29 21:00:00+01:00,66.06437446208955
2018-10-29 22:00:00+01:00,59.90281286114016
2018-10-29 23:00:00+01:00,59.887297354079344
2018-10-30 00:00:00+01:00,50.676825987198306
2018-10-30 01:00:00+01:00,46.69405028673473
2018-10-30 02:00:00+01:00,44.73031580344314
2018-10-30 03:00:00+01:00,42.90251105129989
2018-10-30 04:00:00+01:00,42.28338086758762
2018-10-30 05:00:00+01:00,44.47255619431767
2018-10-30 06:00:00+01:00,50.50290821169774
2018-10-30 07:00:00+01:00,60.63249187908636
2018-10-30 08:00:00+01:00,65.88408465543748
2018-10-30 09:00:00+01:00,61.21195068857048
2018-10-30 10:00:00+01:00,66.45017479941622
2018-10-30 11:00:00+01:00,68.00715102436962
2018-10-30 12:00:00+01:00,66.53788299367626
2018-10-30 13:00:00+01:00,61.58286380108262
2018-10-30 14:00:00+01:00,61.35809542684278
2018-10-30 15:00:00+01:00,60.72758076450888
2018-10-30 16:00:00+01:00,65.77069875274881
2018-10-30 17:00:00+01:00,67.24025284663111
2018-10-30 18:00:00+01:00,69.88644096309402
2018-10-30 19:00:00+01:00,73.98179695439077
2018-10-30 20:00:00+01:00,71.78751256196819
2018-10-30 21:00:00+01:00,71.52299951821996
2018-10-30 22:00:00+01:00,63.259871302546166
2018-10-30 23:00:00+01:00,57.860004348410634
2018-10-31 00:00:00+01:00,57.1525708234613
2018-10-31 01:00:00+01:00,53.207808387516764
2018-10-31 02:00:00+01:00,51.647045088759896
2018-10-31 03:00:00+01:00,50.37980954893915
2018-10-31 04:00:00+01:00,48.206680801042594
2018-10-31 05:00:00+01:00,52.008462413815664
2018-10-31 06:00:00+01:00,57.269240335916685
2018-10-31 07:00:00+01:00,61.54295638803919
2018-10-31 08:00:00+01:00,67.0351442708521
2018-10-31 09:00:00+01:00,67.42393786081274
2018-10-31 10:00:00+01:00,67.1631188182184
2018-10-31 11:00:00+01:00,67.13353846632192
2018-10-31 12:00:00+01:00,64.22488932361436
2018-10-31 13:00:00+01:00,65.83928513790039
2018-10-31 14:00:00+01:00,63.38573628752579
2018-10-31 15:00:00+01:00,62.67879439844593
2018-10-31 16:00:00+01:00,63.24724221353654
2018-10-31 17:00:00+01:00,65.4548294227276
2018-10-31 18:00:00+01:00,71.56275371507182
2018-10-31 19:00:00+01:00,71.97894462535875
2018-10-31 20:00:00+01:00,72.39995320177086
2018-10-31 21:00:00+01:00,72.89756669773996
2018-10-31 22:00:00+01:00,66.77785982099941
2018-10-31 23:00:00+01:00,60.64052887997351
2018-11-01 00:00:00+01:00,57.299906827626415
2018-11-01 01:00:00+01:00,50.77895091984612
2018-11-01 02:00:00+01:00,49.32103733473139
2018-11-01 03:00:00+01:00,50.6185911024894
2018-11-01 04:00:00+01:00,51.156603244911885
2018-11-01 05:00:00+01:00,53.649477773282676
2018-11-01 06:00:00+01:00,61.16057754266479
2018-11-01 07:00:00+01:00,65.69623671443895
2018-11-01 08:00:00+01:00,71.88122661582003
2018-11-01 09:00:00+01:00,72.26485206803923
2018-11-01 10:00:00+01:00,72.59220241449896
2018-11-01 11:00:00+01:00,70.70944441622161
2018-11-01 12:00:00+01:00,69.92159752903244
2018-11-01 13:00:00+01:00,68.79472654508626
2018-11-01 14:00:00+01:00,68.79663754693296
2018-11-01 15:00:00+01:00,67.41096884199199
2018-11-01 16:00:00+01:00,67.70469423769313
2018-11-01 17:00:00+01:00,69.6436255782354
2018-11-01 18:00:00+01:00,72.85940109200985
2018-11-01 19:00:00+01:00,74.70703750471431
2018-11-01 20:00:00+01:00,73.45365814466722
2018-11-01 21:00:00+01:00,71.48909204423389
2018-11-01 22:00:00+01:00,65.37799081078057
2018-11-01 23:00:00+01:00,58.53015346665679
2018-11-02 00:00:00+01:00,60.43335550992712
2018-11-02 01:00:00+01:00,50.857758896989665
2018-11-02 02:00:00+01:00,49.47792001831304
2018-11-02 03:00:00+01:00,49.81746794853843
2018-11-02 04:00:00+01:00,51.387140087141916
2018-11-02 05:00:00+01:00,52.44895843449907
2018-11-02 06:00:00+01:00,60.15829464902038
2018-11-02 07:00:00+01:00,64.59758287684785
2018-11-02 08:00:00+01:00,69.15419743898273
2018-11-02 09:00:00+01:00,68.82260208812924
2018-11-02 10:00:00+01:00,67.74500532118577
2018-11-02 11:00:00+01:00,67.1959345761239
2018-11-02 12:00:00+01:00,65.9635690596373
2018-11-02 13:00:00+01:00,68.09554792391572
2018-11-02 14:00:00+01:00,65.7951523216891
2018-11-02 15:00:00+01:00,65.0312164859728
2018-11-02 16:00:00+01:00,66.71289940959387
2018-11-02 17:00:00+01:00,68.78028156435703
2018-11-02 18:00:00+01:00,72.49179657323033
2018-11-02 19:00:00+01:00,74.05063644552456
2018-11-02 20:00:00+01:00,75.09924016765581
2018-11-02 21:00:00+01:00,71.39382176516315
2018-11-02 22:00:00+01:00,66.79937387231473
2018-11-02 23:00:00+01:00,62.05382005909339
2018-11-03 00:00:00+01:00,59.61841489277516
2018-11-03 01:00:00+01:00,55.944234517795294
2018-11-03 02:00:00+01:00,54.01695223727386
2018-11-03 03:00:00+01:00,54.54894470850013
2018-11-03 04:00:00+01:00,53.45713784075331
2018-11-03 05:00:00+01:00,52.79129197018596
2018-11-03 06:00:00+01:00,55.361798883464886
2018-11-03 07:00:00+01:00,59.23683847914943
2018-11-03 08:00:00+01:00,60.86564316602934
2018-11-03 09:00:00+01:00,61.06517342710036
2018-11-03 10:00:00+01:00,63.35537474777875
2018-11-03 11:00:00+01:00,61.6848546115895
2018-11-03 12:00:00+01:00,60.335785001772564
2018-11-03 13:00:00+01:00,59.03278910375653
2018-11-03 14:00:00+01:00,57.908980218773614
2018-11-03 15:00:00+01:00,56.13352677898278
2018-11-03 16:00:00+01:00,55.60194029377807
2018-11-03 17:00:00+01:00,59.0645068395781
2018-11-03 18:00:00+01:00,65.6943322628287
2018-11-03 19:00:00+01:00,70.7952814060331
2018-11-03 20:00:00+01:00,70.92839512760585
2018-11-03 21:00:00+01:00,68.36929432781997
2018-11-03 22:00:00+01:00,62.63903591739877
2018-11-03 23:00:00+01:00,60.32668954488571
2018-11-04 00:00:00+01:00,58.003833161993306
2018-11-04 01:00:00+01:00,53.15694529569981
2018-11-04 02:00:00+01:00,51.19535852703515
2018-11-04 03:00:00+01:00,47.84055658739513
2018-11-04 04:00:00+01:00,46.243783739787354
2018-11-04 05:00:00+01:00,46.91248573473457
2018-11-04 06:00:00+01:00,46.02687311400679
2018-11-04 07:00:00+01:00,49.321552952714924
2018-11-04 08:00:00+01:00,51.99770190295939
2018-11-04 09:00:00+01:00,53.69647343550548
2018-11-04 10:00:00+01:00,57.14585878777588
2018-11-04 11:00:00+01:00,55.46325281488111
2018-11-04 12:00:00+01:00,50.83755228086435
2018-11-04 13:00:00+01:00,49.547214701055104
2018-11-04 14:00:00+01:00,48.34168868277777
2018-11-04 15:00:00+01:00,45.378193933824285
2018-11-04 16:00:00+01:00,39.173021711121834
2018-11-04 17:00:00+01:00,39.834421283152295
2018-11-04 18:00:00+01:00,46.9562807744288
2018-11-04 19:00:00+01:00,52.57261527473994
2018-11-04 20:00:00+01:00,56.75406247030321
2018-11-04 21:00:00+01:00,58.35463640463692
2018-11-04 22:00:00+01:00,56.60434573223935
2018-11-04 23:00:00+01:00,53.798675071646265
2018-11-05 00:00:00+01:00,48.83317928134866
2018-11-05 01:00:00+01:00,46.1998473274405
2018-11-05 02:00:00+01:00,42.50531677339408
2018-11-05 03:00:00+01:00,46.29429587551852
2018-11-05 04:00:00+01:00,45.13445983416023
2018-11-05 05:00:00+01:00,45.710455354670295
2018-11-05 06:00:00+01:00,50.26053190834903
2018-11-05 07:00:00+01:00,54.30931656762736
2018-11-05 08:00:00+01:00,59.14079031134237
2018-11-05 09:00:00+01:00,63.00534527577058
2018-11-05 10:00:00+01:00,61.09783995566258
2018-11-05 11:00:00+01:00,61.93715313269784
2018-11-05 12:00:00+01:00,61.723930336105276
2018-11-05 13:00:00+01:00,57.78628405406837
2018-11-05 14:00:00+01:00,57.05092653323097
2018-11-05 15:00:00+01:00,58.1631366930939
2018-11-05 16:00:00+01:00,55.831414541182006
2018-11-05 17:00:00+01:00,59.05723643125534
2018-11-05 18:00:00+01:00,65.30233625890605
2018-11-05 19:00:00+01:00,68.8683188136285
2018-11-05 20:00:00+01:00,70.98644540647301
2018-11-05 21:00:00+01:00,66.0289471112238
2018-11-05 22:00:00+01:00,61.740935068240184
2018-11-05 23:00:00+01:00,56.84203997178306
2018-11-06 00:00:00+01:00,49.95516147494305
2018-11-06 01:00:00+01:00,45.506141168204685
2018-11-06 02:00:00+01:00,43.54731582275515
2018-11-06 03:00:00+01:00,43.66512798981096
2018-11-06 04:00:00+01:00,42.280050970699726
2018-11-06 05:00:00+01:00,42.0800050855987
2018-11-06 06:00:00+01:00,45.79607445167213
2018-11-06 07:00:00+01:00,57.77343257554132
2018-11-06 08:00:00+01:00,64.18039505711693
2018-11-06 09:00:00+01:00,63.252932885574104
2018-11-06 10:00:00+01:00,63.51249883496569
2018-11-06 11:00:00+01:00,61.11090777898666
2018-11-06 12:00:00+01:00,60.8349239144543
2018-11-06 13:00:00+01:00,62.166039824826626
2018-11-06 14:00:00+01:00,62.52666324553854
2018-11-06 15:00:00+01:00,61.27342931876841
2018-11-06 16:00:00+01:00,58.81295159071678
2018-11-06 17:00:00+01:00,62.575989185029435
2018-11-06 18:00:00+01:00,66.64753820346587
2018-11-06 19:00:00+01:00,70.8155500596014
2018-11-06 20:00:00+01:00,67.46956311792069
2018-11-06 21:00:00+01:00,66.04887233205082
2018-11-06 22:00:00+01:00,62.092220964509444
2018-11-06 23:00:00+01:00,59.20632593261026
2018-11-07 00:00:00+01:00,52.9161886292036
2018-11-07 01:00:00+01:00,48.11687239440123
2018-11-07 02:00:00+01:00,47.42930905803623
2018-11-07 03:00:00+01:00,46.26938779908032
2018-11-07 04:00:00+01:00,43.81733898747898
2018-11-07 05:00:00+01:00,44.82571548423403
2018-11-07 06:00:00+01:00,51.521535436848595
2018-11-07 07:00:00+01:00,57.74320470344105
2018-11-07 08:00:00+01:00,61.175349390207614
2018-11-07 09:00:00+01:00,63.407605226858294
2018-11-07 10:00:00+01:00,67.95605690364341
2018-11-07 11:00:00+01:00,66.10642250735584
2018-11-07 12:00:00+01:00,64.35676976301289
2018-11-07 13:00:00+01:00,63.88153213308776
2018-11-07 14:00:00+01:00,62.78707785419087
2018-11-07 15:00:00+01:00,63.16968620533119
2018-11-07 16:00:00+01:00,63.87315926562969
2018-11-07 17:00:00+01:00,69.41671345320138
2018-11-07 18:00:00+01:00,74.40796746138317
2018-11-07 19:00:00+01:00,75.54500258913865
2018-11-07 20:00:00+01:00,73.07020732240336
2018-11-07 21:00:00+01:00,71.8423886715734
2018-11-07 22:00:00+01:00,66.7538879555627
2018-11-07 23:00:00+01:00,64.28271948039583
2018-11-08 00:00:00+01:00,62.582042223773186
2018-11-08 01:00:00+01:00,54.60304211999089
2018-11-08 02:00:00+01:00,54.02363442700747
2018-11-08 03:00:00+01:00,55.15631858465407
2018-11-08 04:00:00+01:00,54.33939036810643
2018-11-08 05:00:00+01:00,53.960419986020646
2018-11-08 06:00:00+01:00,60.562443187921524
2018-11-08 07:00:00+01:00,65.39670038023125
2018-11-08 08:00:00+01:00,69.69536283302448
2018-11-08 09:00:00+01:00,68.53897821127185
2018-11-08 10:00:00+01:00,69.5658436055966
2018-11-08 11:00:00+01:00,69.85232829833883
2018-11-08 12:00:00+01:00,68.78542965328099
2018-11-08 13:00:00+01:00,67.59750633368871
2018-11-08 14:00:00+01:00,67.02420271667044
2018-11-08 15:00:00+01:00,65.36778114691514
2018-11-08 16:00:00+01:00,66.69306584467661
2018-11-08 17:00:00+01:00,66.48211008329102
2018-11-08 18:00:00+01:00,71.74163904613248
2018-11-08 19:00:00+01:00,71.2032864811357
2018-11-08 20:00:00+01:00,71.19226317015006
2018-11-08 21:00:00+01:00,67.51135371110874
2018-11-08 22:00:00+01:00,64.38842261278346
2018-11-08 23:00:00+01:00,59.38866313083736
2018-11-09 00:00:00+01:00,56.83252041940091
2018-11-09 01:00:00+01:00,52.73176680969073
2018-11-09 02:00:00+01:00,50.31277174285431
2018-11-09 03:00:00+01:00,49.15919061929746
2018-11-09 04:00:00+01:00,48.63911947395027
2018-11-09 05:00:00+01:00,48.81416043652794
2018-11-09 06:00:00+01:00,55.56454771919195
2018-11-09 07:00:00+01:00,60.06960454681117
2018-11-09 08:00:00+01:00,69.92806165248297
2018-11-09 09:00:00+01:00,72.05194016043787
2018-11-09 10:00:00+01:00,69.3967695671804
2018-11-09 11:00:00+01:00,66.35137862369605
2018-11-09 12:00:00+01:00,65.36376229984988
2018-11-09 13:00:00+01:00,66.33895922627183
2018-11-09 14:00:00+01:00,64.39918543362454
2018-11-09 15:00:00+01:00,64.0279553023689
2018-11-09 16:00:00+01:00,62.25665379897228
2018-11-09 17:00:00+01:00,64.08384693106473
2018-11-09 18:00:00+01:00,70.28923306514692
2018-11-09 19:00:00+01:00,71.61492262707122
2018-11-09 20:00:00+01:00,71.69631526291575
2018-11-09 21:00:00+01:00,69.70753798716302
2018-11-09 22:00:00+01:00,64.5398154167391
2018-11-09 23:00:00+01:00,61.684277651000606
2018-11-10 00:00:00+01:00,49.553600277243966
2018-11-10 01:00:00+01:00,45.14492278832354
2018-11-10 02:00:00+01:00,46.47139550661854
2018-11-10 03:00:00+01:00,41.13135713024879
2018-11-10 04:00:00+01:00,39.753751070875566
2018-11-10 05:00:00+01:00,40.938048378150874
2018-11-10 06:00:00+01:00,42.26332241677535
2018-11-10 07:00:00+01:00,47.58646700496233
2018-11-10 08:00:00+01:00,49.470724384273296
2018-11-10 09:00:00+01:00,54.41592374155636
2018-11-10 10:00:00+01:00,52.14982710240128
2018-11-10 11:00:00+01:00,52.042671283833535
2018-11-10 12:00:00+01:00,57.38258077717597
2018-11-10 13:00:00+01:00,57.037149947872166
2018-11-10 14:00:00+01:00,55.13047754456457
2018-11-10 15:00:00+01:00,50.921262369388955
2018-11-10 16:00:00+01:00,54.363740644095444
2018-11-10 17:00:00+01:00,55.46279717292917
2018-11-10 18:00:00+01:00,58.45194616330794
2018-11-10 19:00:00+01:00,68.8720813577435
2018-11-10 20:00:00+01:00,67.80463536733245
2018-11-10 21:00:00+01:00,63.02942662841447
2018-11-10 22:00:00+01:00,62.9958851763452
2018-11-10 23:00:00+01:00,55.34236851977349
2018-11-11 00:00:00+01:00,49.290052038523356
2018-11-11 01:00:00+01:00,47.50970064822589
2018-11-11 02:00:00+01:00,42.48224840388591
2018-11-11 03:00:00+01:00,44.07759600414221
2018-11-11 04:00:00+01:00,42.413750680919115
2018-11-11 05:00:00+01:00,43.08701787121415
2018-11-11 06:00:00+01:00,42.44483534964756
2018-11-11 07:00:00+01:00,48.274628803803225
2018-11-11 08:00:00+01:00,47.83185359384346
2018-11-11 09:00:00+01:00,48.73353378098442
2018-11-11 10:00:00+01:00,55.62638785294791
2018-11-11 11:00:00+01:00,56.93103684617021
2018-11-11 12:00:00+01:00,53.47823961720289
2018-11-11 13:00:00+01:00,57.4061938876553
2018-11-11 14:00:00+01:00,55.46723608234325
2018-11-11 15:00:00+01:00,56.75082245682866
2018-11-11 16:00:00+01:00,53.325528972153144
2018-11-11 17:00:00+01:00,57.162311144647575
2018-11-11 18:00:00+01:00,61.00358322826961
2018-11-11 19:00:00+01:00,69.83757034684001
2018-11-11 20:00:00+01:00,70.50594920813337
2018-11-11 21:00:00+01:00,71.10439416571371
2018-11-11 22:00:00+01:00,66.88565517491114
2018-11-11 23:00:00+01:00,61.76316132384518
2018-11-12 00:00:00+01:00,60.009280658565885
2018-11-12 01:00:00+01:00,51.54217245546491
2018-11-12 02:00:00+01:00,48.810517581656015
2018-11-12 03:00:00+01:00,50.32059386577933
2018-11-12 04:00:00+01:00,49.96487445978125
2018-11-12 05:00:00+01:00,52.55538525293862
2018-11-12 06:00:00+01:00,56.04771699001871
2018-11-12 07:00:00+01:00,63.50276000392028
2018-11-12 08:00:00+01:00,70.86165068936793
2018-11-12 09:00:00+01:00,71.84657318307924
2018-11-12 10:00:00+01:00,71.90401172244611
2018-11-12 11:00:00+01:00,72.15001649996852
2018-11-12 12:00:00+01:00,73.54466740005472
2018-11-12 13:00:00+01:00,72.49385694580478
2018-11-12 14:00:00+01:00,71.18350987902369
2018-11-12 15:00:00+01:00,70.57698074563085
2018-11-12 16:00:00+01:00,69.31083012911607
2018-11-12 17:00:00+01:00,71.3189387775885
2018-11-12 18:00:00+01:00,76.24294789749598
2018-11-12 19:00:00+01:00,76.36350861860218
2018-11-12 20:00:00+01:00,73.879875072206
2018-11-12 21:00:00+01:00,72.34000265393796
2018-11-12 22:00:00+01:00,66.68457439162772
2018-11-12 23:00:00+01:00,62.90889412412427
2018-11-13 00:00:00+01:00,61.87950816959768
2018-11-13 01:00:00+01:00,56.01656559646719
2018-11-13 02:00:00+01:00,53.417506017282214
2018-11-13 03:00:00+01:00,53.188097276829474
2018-11-13 04:00:00+01:00,52.65204493240338
2018-11-13 05:00:00+01:00,53.524479874276714
2018-11-13 06:00:00+01:00,58.557248101090465
2018-11-13 07:00:00+01:00,65.8320725813306
2018-11-13 08:00:00+01:00,69.45117567631597
2018-11-13 09:00:00+01:00,70.79408559975755
2018-11-13 10:00:00+01:00,70.10276610938254
2018-11-13 11:00:00+01:00,70.58538383366015
2018-11-13 12:00:00+01:00,69.69475262992484
2018-11-13 13:00:00+01:00,68.8238092940916
2018-11-13 14:00:00+01:00,69.84674672727
2018-11-13 15:00:00+01:00,68.67344698798219
2018-11-13 16:00:00+01:00,68.49954354290905
2018-11-13 17:00:00+01:00,70.4833500834513
2018-11-13 18:00:00+01:00,73.33914690071838
2018-11-13 19:00:00+01:00,75.294724080366
2018-11-13 20:00:00+01:00,73.2472531004221
2018-11-13 21:00:00+01:00,72.02732908308067
2018-11-13 22:00:00+01:00,67.29483200170995
2018-11-13 23:00:00+01:00,63.33315261232041
2018-11-14 00:00:00+01:00,60.422738231373195
2018-11-14 01:00:00+01:00,57.67401125784763
2018-11-14 02:00:00+01:00,53.44566850294118
2018-11-14 03:00:00+01:00,54.46237269179396
2018-11-14 04:00:00+01:00,53.196892823571055
2018-11-14 05:00:00+01:00,53.727951616650934
2018-11-14 06:00:00+01:00,57.4821494193497
2018-11-14 07:00:00+01:00,62.40472866042465
2018-11-14 08:00:00+01:00,70.15534027796164
2018-11-14 09:00:00+01:00,69.50777933198823
2018-11-14 10:00:00+01:00,68.14699600191597
2018-11-14 11:00:00+01:00,67.89825303663378
2018-11-14 12:00:00+01:00,67.80157988146371
2018-11-14 13:00:00+01:00,68.47892408114025
2018-11-14 14:00:00+01:00,68.70132416371051
2018-11-14 15:00:00+01:00,67.99639692231221
2018-11-14 16:00:00+01:00,67.52013666929643
2018-11-14 17:00:00+01:00,71.57887303208462
2018-11-14 18:00:00+01:00,74.94110898408645
2018-11-14 19:00:00+01:00,74.51863044372624
2018-11-14 20:00:00+01:00,71.3188408952748
2018-11-14 21:00:00+01:00,69.83336551827188
2018-11-14 22:00:00+01:00,66.44287242180914
2018-11-14 23:00:00+01:00,61.38587886492614
2018-11-15 00:00:00+01:00,60.74058213632821
2018-11-15 01:00:00+01:00,57.33221083931461
2018-11-15 02:00:00+01:00,54.13152408919831
2018-11-15 03:00:00+01:00,52.00263300031639
2018-11-15 04:00:00+01:00,52.826264920403084
2018-11-15 05:00:00+01:00,54.3182307254157
2018-11-15 06:00:00+01:00,60.49923826113122
2018-11-15 07:00:00+01:00,62.41085099022567
2018-11-15 08:00:00+01:00,69.48558904858952
2018-11-15 09:00:00+01:00,70.47692184028799
2018-11-15 10:00:00+01:00,71.56375449295886
2018-11-15 11:00:00+01:00,72.16033788568524
2018-11-15 12:00:00+01:00,73.62015665984732
2018-11-15 13:00:00+01:00,72.01474699509465
2018-11-15 14:00:00+01:00,71.45918439520861
2018-11-15 15:00:00+01:00,70.78441570226819
2018-11-15 16:00:00+01:00,69.85942815017583
2018-11-15 17:00:00+01:00,74.83737751263892
2018-11-15 18:00:00+01:00,76.74226222934979
2018-11-15 19:00:00+01:00,77.38312447899855
2018-11-15 20:00:00+01:00,74.45790219622815
2018-11-15 21:00:00+01:00,73.44544711168813
2018-11-15 22:00:00+01:00,68.89619880655405
2018-11-15 23:00:00+01:00,63.414336842730236
2018-11-16 00:00:00+01:00,62.00559997028126
2018-11-16 01:00:00+01:00,56.80807800286103
2018-11-16 02:00:00+01:00,52.51859265426754
2018-11-16 03:00:00+01:00,52.09528320406287
2018-11-16 04:00:00+01:00,50.87102958580716
2018-11-16 05:00:00+01:00,54.44368031639727
2018-11-16 06:00:00+01:00,59.42007425816051
2018-11-16 07:00:00+01:00,62.649936291099166
2018-11-16 08:00:00+01:00,70.88508098622859
2018-11-16 09:00:00+01:00,70.58381040749373
2018-11-16 10:00:00+01:00,71.06554272912034
2018-11-16 11:00:00+01:00,71.71218405311336
2018-11-16 12:00:00+01:00,70.02021796306806
2018-11-16 13:00:00+01:00,69.75555758441507
2018-11-16 14:00:00+01:00,69.42369873952902
2018-11-16 15:00:00+01:00,70.23450488504567
2018-11-16 16:00:00+01:00,69.82943133325148
2018-11-16 17:00:00+01:00,71.90719199277305
2018-11-16 18:00:00+01:00,74.5383823762313
2018-11-16 19:00:00+01:00,75.18263003983046
2018-11-16 20:00:00+01:00,74.89816891418265
2018-11-16 21:00:00+01:00,73.32433915079196
2018-11-16 22:00:00+01:00,68.23583252235989
2018-11-16 23:00:00+01:00,62.081053519669695
2018-11-17 00:00:00+01:00,60.51209600548962
2018-11-17 01:00:00+01:00,56.880034384932465
2018-11-17 02:00:00+01:00,54.7487890758837
2018-11-17 03:00:00+01:00,54.11823017153212
2018-11-17 04:00:00+01:00,52.885271726338416
2018-11-17 05:00:00+01:00,53.9667877922587
2018-11-17 06:00:00+01:00,55.51798046629839
2018-11-17 07:00:00+01:00,57.13546915338557
2018-11-17 08:00:00+01:00,59.02572731116765
2018-11-17 09:00:00+01:00,61.97480155819822
2018-11-17 10:00:00+01:00,62.10740236454467
2018-11-17 11:00:00+01:00,59.54395035839694
2018-11-17 12:00:00+01:00,58.73467777650163
2018-11-17 13:00:00+01:00,59.73614649383402
2018-11-17 14:00:00+01:00,58.715406001028455
2018-11-17 15:00:00+01:00,58.911793616444996
2018-11-17 16:00:00+01:00,59.490964626551005
2018-11-17 17:00:00+01:00,63.33473782558762
2018-11-17 18:00:00+01:00,68.78284709156976
2018-11-17 19:00:00+01:00,71.35640817942696
2018-11-17 20:00:00+01:00,71.19751596963157
2018-11-17 21:00:00+01:00,70.82815536194786
2018-11-17 22:00:00+01:00,65.98269792863522
2018-11-17 23:00:00+01:00,62.32616025960871
2018-11-18 00:00:00+01:00,58.334402702490316
2018-11-18 01:00:00+01:00,56.338090521198986
2018-11-18 02:00:00+01:00,49.43630151763205
2018-11-18 03:00:00+01:00,51.603072707395
2018-11-18 04:00:00+01:00,50.42525292141989
2018-11-18 05:00:00+01:00,48.48889007186162
2018-11-18 06:00:00+01:00,48.638989581498244
2018-11-18 07:00:00+01:00,52.640086046714444
2018-11-18 08:00:00+01:00,52.1944975897706
2018-11-18 09:00:00+01:00,57.47009236180485
2018-11-18 10:00:00+01:00,58.49554432741749
2018-11-18 11:00:00+01:00,58.29773827509099
2018-11-18 12:00:00+01:00,55.54378110964891
2018-11-18 13:00:00+01:00,55.94477168971967
2018-11-18 14:00:00+01:00,56.804021859110335
2018-11-18 15:00:00+01:00,52.13819877774482
2018-11-18 16:00:00+01:00,52.086481816497574
2018-11-18 17:00:00+01:00,58.29285439788655
2018-11-18 18:00:00+01:00,61.53483924358242
2018-11-18 19:00:00+01:00,63.77204560571781
2018-11-18 20:00:00+01:00,64.65856947655769
2018-11-18 21:00:00+01:00,64.51638444324509
2018-11-18 22:00:00+01:00,58.87349687439568
2018-11-18 23:00:00+01:00,54.084761032763005
2018-11-19 00:00:00+01:00,51.752452948393625
2018-11-19 01:00:00+01:00,47.63624262576675
2018-11-19 02:00:00+01:00,45.15104554154455
2018-11-19 03:00:00+01:00,42.47993280930572
2018-11-19 04:00:00+01:00,41.740463739366376
2018-11-19 05:00:00+01:00,43.98040689469717
2018-11-19 06:00:00+01:00,48.44008249666503
2018-11-19 07:00:00+01:00,56.399219011243716
2018-11-19 08:00:00+01:00,63.05174284197184
2018-11-19 09:00:00+01:00,63.800223576957166
2018-11-19 10:00:00+01:00,66.03932511992446
2018-11-19 11:00:00+01:00,69.44285985854874
2018-11-19 12:00:00+01:00,69.56812017307897
2018-11-19 13:00:00+01:00,67.20983499022867
2018-11-19 14:00:00+01:00,66.45657045850747
2018-11-19 15:00:00+01:00,68.42528579698435
2018-11-19 16:00:00+01:00,69.10888407817052
2018-11-19 17:00:00+01:00,71.72477859001515
2018-11-19 18:00:00+01:00,72.61869112489518
2018-11-19 19:00:00+01:00,74.87381894288512
2018-11-19 20:00:00+01:00,71.78559916046508
2018-11-19 21:00:00+01:00,70.45781662442789
2018-11-19 22:00:00+01:00,68.57427205905172
2018-11-19 23:00:00+01:00,61.39460516510611
2018-11-20 00:00:00+01:00,58.67602308654272
2018-11-20 01:00:00+01:00,50.89995743329925
2018-11-20 02:00:00+01:00,52.336111400012676
2018-11-20 03:00:00+01:00,50.824521211867946
2018-11-20 04:00:00+01:00,46.63526655390713
2018-11-20 05:00:00+01:00,45.89139415759477
2018-11-20 06:00:00+01:00,55.45419712004818
2018-11-20 07:00:00+01:00,58.417508678813434
2018-11-20 08:00:00+01:00,66.00271956253901
2018-11-20 09:00:00+01:00,65.80844156510493
2018-11-20 10:00:00+01:00,67.51410107347921
2018-11-20 11:00:00+01:00,64.62594564913222
2018-11-20 12:00:00+01:00,67.104020951061
2018-11-20 13:00:00+01:00,68.88507723378689
2018-11-20 14:00:00+01:00,67.18524670869307
2018-11-20 15:00:00+01:00,64.58585660047113
2018-11-20 16:00:00+01:00,63.97788943197789
2018-11-20 17:00:00+01:00,67.26484210887938
2018-11-20 18:00:00+01:00,72.90752562761155
2018-11-20 19:00:00+01:00,73.637205234203
2018-11-20 20:00:00+01:00,73.63057114893473
2018-11-20 21:00:00+01:00,69.96922781299003
2018-11-20 22:00:00+01:00,68.35411100159858
2018-11-20 23:00:00+01:00,61.32017559722591
2018-11-21 00:00:00+01:00,56.161822807030646
2018-11-21 01:00:00+01:00,49.22482659510655
2018-11-21 02:00:00+01:00,48.38271146468813
2018-11-21 03:00:00+01:00,49.246894455351324
2018-11-21 04:00:00+01:00,45.650257032147785
2018-11-21 05:00:00+01:00,47.669455600573976
2018-11-21 06:00:00+01:00,57.284603756885765
2018-11-21 07:00:00+01:00,62.74526640533738
2018-11-21 08:00:00+01:00,68.7356654594667
2018-11-21 09:00:00+01:00,69.2483193952219
2018-11-21 10:00:00+01:00,70.27877493648819
2018-11-21 11:00:00+01:00,70.62103114814698
2018-11-21 12:00:00+01:00,68.59959044774665
2018-11-21 13:00:00+01:00,67.56524628786138
2018-11-21 14:00:00+01:00,64.91585142813469
2018-11-21 15:00:00+01:00,63.06172354173071
2018-11-21 16:00:00+01:00,65.14398889722264
2018-11-21 17:00:00+01:00,68.15830420592448
2018-11-21 18:00:00+01:00,71.18127393661857
2018-11-21 19:00:00+01:00,74.36757073134902
2018-11-21 20:00:00+01:00,73.92679251475579
2018-11-21 21:00:00+01:00,71.14907195747162
2018-11-21 22:00:00+01:00,66.61136231820942
2018-11-21 23:00:00+01:00,61.05050598504069
2018-11-22 00:00:00+01:00,60.2065203262844
2018-11-22 01:00:00+01:00,54.44788973394615
2018-11-22 02:00:00+01:00,51.97174546155956
2018-11-22 03:00:00+01:00,52.02498854111982
2018-11-22 04:00:00+01:00,51.0687621155013
2018-11-22 05:00:00+01:00,48.82784708857868
2018-11-22 06:00:00+01:00,59.07022790688863
2018-11-22 07:00:00+01:00,65.98168396334549
2018-11-22 08:00:00+01:00,71.00475416825788
2018-11-22 09:00:00+01:00,72.93472854815955
2018-11-22 10:00:00+01:00,72.13643733754377
2018-11-22 11:00:00+01:00,71.72620417014076
2018-11-22 12:00:00+01:00,70.20432271103476
2018-11-22 13:00:00+01:00,70.5137509460483
2018-11-22 14:00:00+01:00,68.7654582735879
2018-11-22 15:00:00+01:00,68.67319875163332
2018-11-22 16:00:00+01:00,70.20072801930641
2018-11-22 17:00:00+01:00,73.88169588113655
2018-11-22 18:00:00+01:00,78.37165759565582
2018-11-22 19:00:00+01:00,77.95019122455538
2018-11-22 20:00:00+01:00,74.37826036592186
2018-11-22 21:00:00+01:00,72.15537131841194
2018-11-22 22:00:00+01:00,68.47269638617178
2018-11-22 23:00:00+01:00,64.83080580200927
2018-11-23 00:00:00+01:00,60.52143581055225
2018-11-23 01:00:00+01:00,57.62601268636342
2018-11-23 02:00:00+01:00,53.000207483975906
2018-11-23 03:00:00+01:00,52.520156368206706
2018-11-23 04:00:00+01:00,51.402817158786206
2018-11-23 05:00:00+01:00,52.59863382488933
2018-11-23 06:00:00+01:00,57.91183958134605
2018-11-23 07:00:00+01:00,63.02846543043149
2018-11-23 08:00:00+01:00,71.1170314950752
2018-11-23 09:00:00+01:00,71.39891679262757
2018-11-23 10:00:00+01:00,71.71128039666989
2018-11-23 11:00:00+01:00,72.87348967329562
2018-11-23 12:00:00+01:00,72.03224977447424
2018-11-23 13:00:00+01:00,70.12054008995618
2018-11-23 14:00:00+01:00,70.12855721275072
2018-11-23 15:00:00+01:00,69.82549667495944
2018-11-23 16:00:00+01:00,69.25319953258673
2018-11-23 17:00:00+01:00,70.13321708165935
2018-11-23 18:00:00+01:00,73.14226191822236
2018-11-23 19:00:00+01:00,78.49909555158519
2018-11-23 20:00:00+01:00,75.88871000698748
2018-11-23 21:00:00+01:00,75.75606856520184
2018-11-23 22:00:00+01:00,72.20350458579492
2018-11-23 23:00:00+01:00,66.56568242212886
2018-11-24 00:00:00+01:00,62.23962348405341
2018-11-24 01:00:00+01:00,58.315460595121685
2018-11-24 02:00:00+01:00,56.85931761570044
2018-11-24 03:00:00+01:00,55.08544264138047
2018-11-24 04:00:00+01:00,54.71024489409719
2018-11-24 05:00:00+01:00,55.870659271882616
2018-11-24 06:00:00+01:00,57.75040647365137
2018-11-24 07:00:00+01:00,59.06030049145487
2018-11-24 08:00:00+01:00,67.50238486500243
2018-11-24 09:00:00+01:00,69.87383667591331
2018-11-24 10:00:00+01:00,68.60260109026997
2018-11-24 11:00:00+01:00,65.28898216886674
2018-11-24 12:00:00+01:00,63.81415820063933
2018-11-24 13:00:00+01:00,62.14595353398934
2018-11-24 14:00:00+01:00,58.46078266389942
2018-11-24 15:00:00+01:00,57.03631325778319
2018-11-24 16:00:00+01:00,56.06834749151651
2018-11-24 17:00:00+01:00,59.020554548393754
2018-11-24 18:00:00+01:00,63.8664352542104
2018-11-24 19:00:00+01:00,66.92666563451016
2018-11-24 20:00:00+01:00,66.37675616514616
2018-11-24 21:00:00+01:00,62.54040469406966
2018-11-24 22:00:00+01:00,59.60836924092501
2018-11-24 23:00:00+01:00,56.2414404704256
2018-11-25 00:00:00+01:00,52.31099056125593
2018-11-25 01:00:00+01:00,52.272686056137246
2018-11-25 02:00:00+01:00,44.4947193155061
2018-11-25 03:00:00+01:00,45.855135531820025
2018-11-25 04:00:00+01:00,42.85975828552507
2018-11-25 05:00:00+01:00,44.382235039297434
2018-11-25 06:00:00+01:00,44.518455066040836
2018-11-25 07:00:00+01:00,43.56016557621079
2018-11-25 08:00:00+01:00,46.46679078686333
2018-11-25 09:00:00+01:00,54.19520173450334
2018-11-25 10:00:00+01:00,57.248852036154226
2018-11-25 11:00:00+01:00,55.868227995581684
2018-11-25 12:00:00+01:00,54.681279757173876
2018-11-25 13:00:00+01:00,52.80971675886459
2018-11-25 14:00:00+01:00,53.78327278381786
2018-11-25 15:00:00+01:00,48.12372622618898
2018-11-25 16:00:00+01:00,48.99504842832075
2018-11-25 17:00:00+01:00,54.595135670048066
2018-11-25 18:00:00+01:00,61.51307884321011
2018-11-25 19:00:00+01:00,65.4129835960165
2018-11-25 20:00:00+01:00,70.15307335070845
2018-11-25 21:00:00+01:00,65.78506096764394
2018-11-25 22:00:00+01:00,64.2857148259848
2018-11-25 23:00:00+01:00,59.79212856160613
2018-11-26 00:00:00+01:00,57.6081421762917
2018-11-26 01:00:00+01:00,48.82079494877835
2018-11-26 02:00:00+01:00,44.14537077028517
2018-11-26 03:00:00+01:00,44.235815092812466
2018-11-26 04:00:00+01:00,45.7877640818801
2018-11-26 05:00:00+01:00,44.004417837769374
2018-11-26 06:00:00+01:00,47.84449231951072
2018-11-26 07:00:00+01:00,57.34296323079152
2018-11-26 08:00:00+01:00,63.625977128274805
2018-11-26 09:00:00+01:00,64.5474411561634
2018-11-26 10:00:00+01:00,66.37613551621448
2018-11-26 11:00:00+01:00,67.17506214804398
2018-11-26 12:00:00+01:00,65.29828175231499
2018-11-26 13:00:00+01:00,65.63792423387424
2018-11-26 14:00:00+01:00,66.86887457606768
2018-11-26 15:00:00+01:00,64.69482382180483
2018-11-26 16:00:00+01:00,64.22264989205455
2018-11-26 17:00:00+01:00,69.2740037322866
2018-11-26 18:00:00+01:00,78.21913089426351
2018-11-26 19:00:00+01:00,78.44123908656265
2018-11-26 20:00:00+01:00,75.3683881194725
2018-11-26 21:00:00+01:00,77.57337177223908
2018-11-26 22:00:00+01:00,72.61049793620349
2018-11-26 23:00:00+01:00,64.39458349371633
2018-11-27 00:00:00+01:00,58.605423223707994
2018-11-27 01:00:00+01:00,56.7303842348851
2018-11-27 02:00:00+01:00,51.354302645061374
2018-11-27 03:00:00+01:00,53.50912084046275
2018-11-27 04:00:00+01:00,53.48963871951468
2018-11-27 05:00:00+01:00,54.730703657066634
2018-11-27 06:00:00+01:00,61.348602199923064
2018-11-27 07:00:00+01:00,68.92795342149397
2018-11-27 08:00:00+01:00,77.48041954856647
2018-11-27 09:00:00+01:00,78.44217207629472
2018-11-27 10:00:00+01:00,77.52886698017265
2018-11-27 11:00:00+01:00,75.84284800806515
2018-11-27 12:00:00+01:00,73.06679115122637
2018-11-27 13:00:00+01:00,69.02772996279829
2018-11-27 14:00:00+01:00,68.7559494943355
2018-11-27 15:00:00+01:00,67.55585643132227
2018-11-27 16:00:00+01:00,67.42796256706681
2018-11-27 17:00:00+01:00,71.16837893548553
2018-11-27 18:00:00+01:00,76.97076947936513
2018-11-27 19:00:00+01:00,78.70480982443935
2018-11-27 20:00:00+01:00,76.02825502566144
2018-11-27 21:00:00+01:00,74.20748237879249
2018-11-27 22:00:00+01:00,69.29231070662578
2018-11-27 23:00:00+01:00,63.25646406927827
2018-11-28 00:00:00+01:00,58.91032069024968
2018-11-28 01:00:00+01:00,55.167840937700014
2018-11-28 02:00:00+01:00,52.60659248494478
2018-11-28 03:00:00+01:00,49.61315473341314
2018-11-28 04:00:00+01:00,51.563570787662556
2018-11-28 05:00:00+01:00,52.082745750467325
2018-11-28 06:00:00+01:00,58.830546698760244
2018-11-28 07:00:00+01:00,69.13103180960718
2018-11-28 08:00:00+01:00,73.74749845482394
2018-11-28 09:00:00+01:00,72.40127896344424
2018-11-28 10:00:00+01:00,72.34413329705835
2018-11-28 11:00:00+01:00,73.46778822612619
2018-11-28 12:00:00+01:00,71.17796167619498
2018-11-28 13:00:00+01:00,68.70967367186581
2018-11-28 14:00:00+01:00,70.0330691477749
2018-11-28 15:00:00+01:00,70.5883264939734
2018-11-28 16:00:00+01:00,69.60515748930175
2018-11-28 17:00:00+01:00,73.95177218400573
2018-11-28 18:00:00+01:00,79.44914461188277
2018-11-28 19:00:00+01:00,79.04404687592061
2018-11-28 20:00:00+01:00,76.64838612256013
2018-11-28 21:00:00+01:00,74.40987217776136
2018-11-28 22:00:00+01:00,69.68316946900546
2018-11-28 23:00:00+01:00,65.09476886789274
2018-11-29 00:00:00+01:00,60.87213471888386
2018-11-29 01:00:00+01:00,54.34091630614209
2018-11-29 02:00:00+01:00,52.80418766405533
2018-11-29 03:00:00+01:00,51.49956910738622
2018-11-29 04:00:00+01:00,50.821414190414565
2018-11-29 05:00:00+01:00,53.41571272220088
2018-11-29 06:00:00+01:00,62.576511113865465
2018-11-29 07:00:00+01:00,66.5541995226558
2018-11-29 08:00:00+01:00,72.0857228956664
2018-11-29 09:00:00+01:00,74.28252614592397
2018-11-29 10:00:00+01:00,72.22290539238763
2018-11-29 11:00:00+01:00,73.35994099784085
2018-11-29 12:00:00+01:00,70.85762600125759
2018-11-29 13:00:00+01:00,69.34461066343029
2018-11-29 14:00:00+01:00,70.40747696603063
2018-11-29 15:00:00+01:00,69.2722433830719
2018-11-29 16:00:00+01:00,69.32051875843544
2018-11-29 17:00:00+01:00,74.03118424828334
2018-11-29 18:00:00+01:00,80.3417470540611
2018-11-29 19:00:00+01:00,82.60950354662673
2018-11-29 20:00:00+01:00,79.86391060537774
2018-11-29 21:00:00+01:00,73.46769634371338
2018-11-29 22:00:00+01:00,68.67014281945804
2018-11-29 23:00:00+01:00,62.22520059611312
2018-11-30 00:00:00+01:00,61.36351116123149
2018-11-30 01:00:00+01:00,57.51739265489593
2018-11-30 02:00:00+01:00,53.63577861111929
2018-11-30 03:00:00+01:00,52.39599463056944
2018-11-30 04:00:00+01:00,51.50252704622631
2018-11-30 05:00:00+01:00,53.13634486911883
2018-11-30 06:00:00+01:00,60.17672784703543
2018-11-30 07:00:00+01:00,68.23312062181895
2018-11-30 08:00:00+01:00,72.6305127803644
2018-11-30 09:00:00+01:00,70.14434906431661
2018-11-30 10:00:00+01:00,72.62734746887023
2018-11-30 11:00:00+01:00,70.90093150519058
2018-11-30 12:00:00+01:00,69.71658947184036
2018-11-30 13:00:00+01:00,68.50795293677723
2018-11-30 14:00:00+01:00,66.15975931676736
2018-11-30 15:00:00+01:00,66.06674386003877
2018-11-30 16:00:00+01:00,65.94672527862768
2018-11-30 17:00:00+01:00,68.18061644671413
2018-11-30 18:00:00+01:00,76.67024732098803
2018-11-30 19:00:00+01:00,78.08774269053907
2018-11-30 20:00:00+01:00,77.22860742106526
2018-11-30 21:00:00+01:00,75.00011033823708
2018-11-30 22:00:00+01:00,67.259668883003
2018-11-30 23:00:00+01:00,63.557247533347585
2018-12-01 00:00:00+01:00,63.84140545896534
2018-12-01 01:00:00+01:00,59.11134439624749
2018-12-01 02:00:00+01:00,54.72342520223672
2018-12-01 03:00:00+01:00,52.562928020868014
2018-12-01 04:00:00+01:00,51.812050766846646
2018-12-01 05:00:00+01:00,54.23323994135537
2018-12-01 06:00:00+01:00,57.31168504874515
2018-12-01 07:00:00+01:00,57.63979778133741
2018-12-01 08:00:00+01:00,60.332929939141096
2018-12-01 09:00:00+01:00,63.143267518477465
2018-12-01 10:00:00+01:00,65.36801445056345
2018-12-01 11:00:00+01:00,64.42995715377003
2018-12-01 12:00:00+01:00,62.15524927283151
2018-12-01 13:00:00+01:00,63.01257094582167
2018-12-01 14:00:00+01:00,62.000092427863756
2018-12-01 15:00:00+01:00,60.44099773986464
2018-12-01 16:00:00+01:00,60.98484705961471
2018-12-01 17:00:00+01:00,64.9328512026742
2018-12-01 18:00:00+01:00,71.57153097576943
2018-12-01 19:00:00+01:00,74.49412058587463
2018-12-01 20:00:00+01:00,69.80614233638742
2018-12-01 21:00:00+01:00,70.41834996160757
2018-12-01 22:00:00+01:00,64.96678550241624
2018-12-01 23:00:00+01:00,60.13496381476477
2018-12-02 00:00:00+01:00,59.22889865048755
2018-12-02 01:00:00+01:00,55.330035714147016
2018-12-02 02:00:00+01:00,50.15231957780499
2018-12-02 03:00:00+01:00,48.80494102944517
2018-12-02 04:00:00+01:00,49.97918364870815
2018-12-02 05:00:00+01:00,50.234607657478456
2018-12-02 06:00:00+01:00,48.80982404185002
2018-12-02 07:00:00+01:00,54.69683236495608
2018-12-02 08:00:00+01:00,59.02469351901835
2018-12-02 09:00:00+01:00,61.6948275979139
2018-12-02 10:00:00+01:00,62.70945365893369
2018-12-02 11:00:00+01:00,60.56118015233185
2018-12-02 12:00:00+01:00,61.66378536202818
2018-12-02 13:00:00+01:00,60.74904477306999
2018-12-02 14:00:00+01:00,59.53063302008351
2018-12-02 15:00:00+01:00,58.43544507302355
2018-12-02 16:00:00+01:00,60.810151829115064
2018-12-02 17:00:00+01:00,65.27667538710152
2018-12-02 18:00:00+01:00,71.35367051998438
2018-12-02 19:00:00+01:00,75.65606855570819
2018-12-02 20:00:00+01:00,75.85452370451844
2018-12-02 21:00:00+01:00,73.33405250601726
2018-12-02 22:00:00+01:00,67.22929323163432
2018-12-02 23:00:00+01:00,66.89292257642082
2018-12-03 00:00:00+01:00,57.32094010786833
2018-12-03 01:00:00+01:00,53.5497282936626
2018-12-03 02:00:00+01:00,49.476471016452955
2018-12-03 03:00:00+01:00,46.43888375597421
2018-12-03 04:00:00+01:00,47.37867777129211
2018-12-03 05:00:00+01:00,52.085961795501724
2018-12-03 06:00:00+01:00,56.51554263477693
2018-12-03 07:00:00+01:00,62.51264657126285
2018-12-03 08:00:00+01:00,70.02610915334215
2018-12-03 09:00:00+01:00,71.82320763448303
2018-12-03 10:00:00+01:00,71.66087206133672
2018-12-03 11:00:00+01:00,73.5620192445801
2018-12-03 12:00:00+01:00,70.89921924923966
2018-12-03 13:00:00+01:00,69.93618463008399
2018-12-03 14:00:00+01:00,69.53190917081176
2018-12-03 15:00:00+01:00,69.87879893657788
2018-12-03 16:00:00+01:00,71.06870699898869
2018-12-03 17:00:00+01:00,74.04529975972757
2018-12-03 18:00:00+01:00,77.21231266768206
2018-12-03 19:00:00+01:00,78.52988852929523
2018-12-03 20:00:00+01:00,76.71202636210877
2018-12-03 21:00:00+01:00,75.33962352597288
2018-12-03 22:00:00+01:00,70.63538921017101
2018-12-03 23:00:00+01:00,65.57490160920375
2018-12-04 00:00:00+01:00,59.238195315855194
2018-12-04 01:00:00+01:00,53.989276763461795
2018-12-04 02:00:00+01:00,48.58712587826432
2018-12-04 03:00:00+01:00,48.81053515161383
2018-12-04 04:00:00+01:00,49.687705195633924
2018-12-04 05:00:00+01:00,52.512628398573526
2018-12-04 06:00:00+01:00,59.931066357214554
2018-12-04 07:00:00+01:00,69.75957682047127
2018-12-04 08:00:00+01:00,74.62323337694367
2018-12-04 09:00:00+01:00,75.43243969233085
2018-12-04 10:00:00+01:00,76.0030159442423
2018-12-04 11:00:00+01:00,71.78239431658957
2018-12-04 12:00:00+01:00,71.75161901035952
2018-12-04 13:00:00+01:00,69.75658350834055
2018-12-04 14:00:00+01:00,69.21140611509387
2018-12-04 15:00:00+01:00,70.0213014852899
2018-12-04 16:00:00+01:00,71.4375143939737
2018-12-04 17:00:00+01:00,73.99907780187127
2018-12-04 18:00:00+01:00,77.86009062551318
2018-12-04 19:00:00+01:00,78.62658932901849
2018-12-04 20:00:00+01:00,76.22184795117887
2018-12-04 21:00:00+01:00,74.57323035418439
2018-12-04 22:00:00+01:00,69.30613082671681
2018-12-04 23:00:00+01:00,65.68776433131033
2018-12-05 00:00:00+01:00,64.92750988974105
2018-12-05 01:00:00+01:00,59.312392360945346
2018-12-05 02:00:00+01:00,54.51407756900291
2018-12-05 03:00:00+01:00,56.075796210728804
2018-12-05 04:00:00+01:00,54.621930144109406
2018-12-05 05:00:00+01:00,55.88614589590919
2018-12-05 06:00:00+01:00,65.01422699107152
2018-12-05 07:00:00+01:00,69.52692328348665
2018-12-05 08:00:00+01:00,73.1259648729322
2018-12-05 09:00:00+01:00,73.19648806780773
2018-12-05 10:00:00+01:00,73.32727707488714
2018-12-05 11:00:00+01:00,70.5998499597653
2018-12-05 12:00:00+01:00,69.83256052649156
2018-12-05 13:00:00+01:00,71.27853442340013
2018-12-05 14:00:00+01:00,70.93098205937997
2018-12-05 15:00:00+01:00,70.34482441186394
2018-12-05 16:00:00+01:00,70.68502445509014
2018-12-05 17:00:00+01:00,72.47395348447692
2018-12-05 18:00:00+01:00,77.65028985545106
2018-12-05 19:00:00+01:00,78.56970419673989
2018-12-05 20:00:00+01:00,76.54193818880525
2018-12-05 21:00:00+01:00,74.53966502777924
2018-12-05 22:00:00+01:00,69.56509066092819
2018-12-05 23:00:00+01:00,67.01207028400783
2018-12-06 00:00:00+01:00,65.53423292264937
2018-12-06 01:00:00+01:00,60.41832619081468
2018-12-06 02:00:00+01:00,58.08639885994323
2018-12-06 03:00:00+01:00,56.78933446237387
2018-12-06 04:00:00+01:00,55.608100344262084
2018-12-06 05:00:00+01:00,56.860318712000996
2018-12-06 06:00:00+01:00,62.15391991968907
2018-12-06 07:00:00+01:00,67.93620280142632
2018-12-06 08:00:00+01:00,72.13063931756152
2018-12-06 09:00:00+01:00,72.56985166821725
2018-12-06 10:00:00+01:00,71.91080879699705
2018-12-06 11:00:00+01:00,70.17307615351227
2018-12-06 12:00:00+01:00,69.62925721037833
2018-12-06 13:00:00+01:00,69.42810553154804
2018-12-06 14:00:00+01:00,69.27185203949672
2018-12-06 15:00:00+01:00,67.63484040162386
2018-12-06 16:00:00+01:00,69.15465205867409
2018-12-06 17:00:00+01:00,71.79274349729994
2018-12-06 18:00:00+01:00,78.06979139535329
2018-12-06 19:00:00+01:00,81.40431986036133
2018-12-06 20:00:00+01:00,80.201083326488
2018-12-06 21:00:00+01:00,77.59240476332833
2018-12-06 22:00:00+01:00,71.60090557761573
2018-12-06 23:00:00+01:00,67.2450691112526
2018-12-07 00:00:00+01:00,65.99988335832644
2018-12-07 01:00:00+01:00,59.07740627115122
2018-12-07 02:00:00+01:00,56.83499312944711
2018-12-07 03:00:00+01:00,57.275824635178374
2018-12-07 04:00:00+01:00,57.07154736831008
2018-12-07 05:00:00+01:00,56.86601928719546
2018-12-07 06:00:00+01:00,64.18841421927995
2018-12-07 07:00:00+01:00,70.66362846019099
2018-12-07 08:00:00+01:00,76.21540825436875
2018-12-07 09:00:00+01:00,76.24700106681433
2018-12-07 10:00:00+01:00,75.9914028003281
2018-12-07 11:00:00+01:00,75.56802212914643
2018-12-07 12:00:00+01:00,73.29383777918967
2018-12-07 13:00:00+01:00,72.43906465217479
2018-12-07 14:00:00+01:00,73.12446444849513
2018-12-07 15:00:00+01:00,69.31642458027396
2018-12-07 16:00:00+01:00,71.39867760457199
2018-12-07 17:00:00+01:00,77.6123546214998
2018-12-07 18:00:00+01:00,81.3204362946763
2018-12-07 19:00:00+01:00,83.40570594124097
2018-12-07 20:00:00+01:00,81.89762706981077
2018-12-07 21:00:00+01:00,77.99850882476542
2018-12-07 22:00:00+01:00,74.2539102442806
2018-12-07 23:00:00+01:00,70.87193589329252
2018-12-08 00:00:00+01:00,65.92134135799023
2018-12-08 01:00:00+01:00,61.78490954460002
2018-12-08 02:00:00+01:00,58.32603041075841
2018-12-08 03:00:00+01:00,57.85465904637476
2018-12-08 04:00:00+01:00,57.789890591526586
2018-12-08 05:00:00+01:00,57.51508245010751
2018-12-08 06:00:00+01:00,61.50405275627848
2018-12-08 07:00:00+01:00,63.22091387528613
2018-12-08 08:00:00+01:00,66.6995308059854
2018-12-08 09:00:00+01:00,69.51195440028911
2018-12-08 10:00:00+01:00,71.51896953490795
2018-12-08 11:00:00+01:00,70.78317222860646
2018-12-08 12:00:00+01:00,70.10353635378338
2018-12-08 13:00:00+01:00,67.52344538216548
2018-12-08 14:00:00+01:00,65.47473756043989
2018-12-08 15:00:00+01:00,63.55480404874743
2018-12-08 16:00:00+01:00,64.24274186941508
2018-12-08 17:00:00+01:00,67.50428731633886
2018-12-08 18:00:00+01:00,75.59646232092491
2018-12-08 19:00:00+01:00,77.33381051896237
2018-12-08 20:00:00+01:00,76.1835341664301
2018-12-08 21:00:00+01:00,74.87970640820454
2018-12-08 22:00:00+01:00,68.48057155461532
2018-12-08 23:00:00+01:00,66.23831423462792
2018-12-09 00:00:00+01:00,62.74548273950228
2018-12-09 01:00:00+01:00,60.10743674384033
2018-12-09 02:00:00+01:00,56.46869476822559
2018-12-09 03:00:00+01:00,54.27636156628789
2018-12-09 04:00:00+01:00,53.23857235198089
2018-12-09 05:00:00+01:00,51.837405913644155
2018-12-09 06:00:00+01:00,54.47180054099415
2018-12-09 07:00:00+01:00,54.62613750174377
2018-12-09 08:00:00+01:00,59.16601271388771
2018-12-09 09:00:00+01:00,61.23637804363265
2018-12-09 10:00:00+01:00,59.549748389931274
2018-12-09 11:00:00+01:00,59.44778046200689
2018-12-09 12:00:00+01:00,58.32117594681884
2018-12-09 13:00:00+01:00,58.023320382808016
2018-12-09 14:00:00+01:00,58.54484866163611
2018-12-09 15:00:00+01:00,57.62973630267707
2018-12-09 16:00:00+01:00,57.912254224723284
2018-12-09 17:00:00+01:00,60.55417463794423
2018-12-09 18:00:00+01:00,67.02085900749059
2018-12-09 19:00:00+01:00,72.68767547890214
2018-12-09 20:00:00+01:00,73.47342743203755
2018-12-09 21:00:00+01:00,77.34215312591981
2018-12-09 22:00:00+01:00,74.10360940787649
2018-12-09 23:00:00+01:00,68.51344788617641
2018-12-10 00:00:00+01:00,55.89980718097356
2018-12-10 01:00:00+01:00,54.203504274954604
2018-12-10 02:00:00+01:00,51.27733098510874
2018-12-10 03:00:00+01:00,51.20371859139009
2018-12-10 04:00:00+01:00,50.80663843713342
2018-12-10 05:00:00+01:00,53.59783690601976
2018-12-10 06:00:00+01:00,62.14492759747969
2018-12-10 07:00:00+01:00,69.0196869223052
2018-12-10 08:00:00+01:00,75.42543904109063
2018-12-10 09:00:00+01:00,76.30976622932457
2018-12-10 10:00:00+01:00,75.94006531360195
2018-12-10 11:00:00+01:00,74.2253139155283
2018-12-10 12:00:00+01:00,74.0590243128469
2018-12-10 13:00:00+01:00,74.6884496790675
2018-12-10 14:00:00+01:00,74.53897605083046
2018-12-10 15:00:00+01:00,74.07900032631616
2018-12-10 16:00:00+01:00,73.20062913505512
2018-12-10 17:00:00+01:00,75.41424672864711
2018-12-10 18:00:00+01:00,83.38417278423721
2018-12-10 19:00:00+01:00,87.01353384708875
2018-12-10 20:00:00+01:00,84.66156787905122
2018-12-10 21:00:00+01:00,81.13546341500661
2018-12-10 22:00:00+01:00,75.67094788924392
2018-12-10 23:00:00+01:00,71.06270902756103
2018-12-11 00:00:00+01:00,64.92943267866325
2018-12-11 01:00:00+01:00,60.16830125465812
2018-12-11 02:00:00+01:00,56.715604189399166
2018-12-11 03:00:00+01:00,55.315755940286316
2018-12-11 04:00:00+01:00,57.26120284256977
2018-12-11 05:00:00+01:00,56.95731096584259
2018-12-11 06:00:00+01:00,61.60787463363139
2018-12-11 07:00:00+01:00,71.3916118640501
2018-12-11 08:00:00+01:00,78.91799888247873
2018-12-11 09:00:00+01:00,79.86657786830675
2018-12-11 10:00:00+01:00,77.51744666342873
2018-12-11 11:00:00+01:00,77.15847264744072
2018-12-11 12:00:00+01:00,77.98755702300082
2018-12-11 13:00:00+01:00,77.95987882500688
2018-12-11 14:00:00+01:00,76.76440600103933
2018-12-11 15:00:00+01:00,75.44407521583969
2018-12-11 16:00:00+01:00,76.5307126962654
2018-12-11 17:00:00+01:00,80.87604596642097
2018-12-11 18:00:00+01:00,85.72628444737103
2018-12-11 19:00:00+01:00,85.72400183898982
2018-12-11 20:00:00+01:00,84.08835211605675
2018-12-11 21:00:00+01:00,81.74446315594635
2018-12-11 22:00:00+01:00,75.39650088749916
2018-12-11 23:00:00+01:00,71.3821499225656
2018-12-12 00:00:00+01:00,65.43671418721205
2018-12-12 01:00:00+01:00,58.3046320773374
2018-12-12 02:00:00+01:00,56.20485044030984
2018-12-12 03:00:00+01:00,56.3193071494035
2018-12-12 04:00:00+01:00,53.999159390781884
2018-12-12 05:00:00+01:00,52.627271270433766
2018-12-12 06:00:00+01:00,63.72362090418815
2018-12-12 07:00:00+01:00,71.51999280867462
2018-12-12 08:00:00+01:00,79.07879403562141
2018-12-12 09:00:00+01:00,78.83742758693563
2018-12-12 10:00:00+01:00,78.94883059109529
2018-12-12 11:00:00+01:00,78.07658067506378
2018-12-12 12:00:00+01:00,77.1998663428539
2018-12-12 13:00:00+01:00,76.31558648353216
2018-12-12 14:00:00+01:00,76.36881839972425
2018-12-12 15:00:00+01:00,75.27646702267734
2018-12-12 16:00:00+01:00,76.0876213428466
2018-12-12 17:00:00+01:00,78.01179025959884
2018-12-12 18:00:00+01:00,83.19181049461857
2018-12-12 19:00:00+01:00,82.89677318746392
2018-12-12 20:00:00+01:00,76.64059995383928
2018-12-12 21:00:00+01:00,75.81845596299834
2018-12-12 22:00:00+01:00,71.90095183376386
2018-12-12 23:00:00+01:00,65.31967195952406
2018-12-13 00:00:00+01:00,60.548170514502615
2018-12-13 01:00:00+01:00,52.96643151036996
2018-12-13 02:00:00+01:00,47.324151475880214
2018-12-13 03:00:00+01:00,41.732256195015204
2018-12-13 04:00:00+01:00,40.0381235243116
2018-12-13 05:00:00+01:00,42.731105330649896
2018-12-13 06:00:00+01:00,49.785911957863796
2018-12-13 07:00:00+01:00,63.32994183762758
2018-12-13 08:00:00+01:00,69.13021222846832
2018-12-13 09:00:00+01:00,70.25520594343351
2018-12-13 10:00:00+01:00,69.29605138353335
2018-12-13 11:00:00+01:00,68.15422903132631
2018-12-13 12:00:00+01:00,65.58041904024279
2018-12-13 13:00:00+01:00,67.90689934427743
2018-12-13 14:00:00+01:00,66.5072412537829
2018-12-13 15:00:00+01:00,67.4948129691432
2018-12-13 16:00:00+01:00,66.77345518555772
2018-12-13 17:00:00+01:00,69.65556794958921
2018-12-13 18:00:00+01:00,77.34706383590697
2018-12-13 19:00:00+01:00,76.8117087022273
2018-12-13 20:00:00+01:00,74.67724025738802
2018-12-13 21:00:00+01:00,73.64997741461961
2018-12-13 22:00:00+01:00,69.58751057580521
2018-12-13 23:00:00+01:00,63.613668199684184
2018-12-14 00:00:00+01:00,57.20629450974358
2018-12-14 01:00:00+01:00,49.86549464095345
2018-12-14 02:00:00+01:00,46.75796623914257
2018-12-14 03:00:00+01:00,45.45769042259781
2018-12-14 04:00:00+01:00,49.218261431289854
2018-12-14 05:00:00+01:00,49.72365599281749
2018-12-14 06:00:00+01:00,58.219917002858416
2018-12-14 07:00:00+01:00,64.97239566438832
2018-12-14 08:00:00+01:00,71.44174103431435
2018-12-14 09:00:00+01:00,75.55022769121925
2018-12-14 10:00:00+01:00,73.58746271757755
2018-12-14 11:00:00+01:00,74.74373155867201
2018-12-14 12:00:00+01:00,72.18426215323797
2018-12-14 13:00:00+01:00,73.48920883733263
2018-12-14 14:00:00+01:00,74.14317711576817
2018-12-14 15:00:00+01:00,71.36215562271097
2018-12-14 16:00:00+01:00,71.77906271695137
2018-12-14 17:00:00+01:00,75.86875689697608
2018-12-14 18:00:00+01:00,83.30402943971832
2018-12-14 19:00:00+01:00,82.74087868483424
2018-12-14 20:00:00+01:00,81.21458743030782
2018-12-14 21:00:00+01:00,80.72224858001368
2018-12-14 22:00:00+01:00,75.96551887384852
2018-12-14 23:00:00+01:00,69.51559671022517
2018-12-15 00:00:00+01:00,65.88798083114254
2018-12-15 01:00:00+01:00,59.770197112286546
2018-12-15 02:00:00+01:00,55.48098839908966
2018-12-15 03:00:00+01:00,53.23585209025624
2018-12-15 04:00:00+01:00,52.47985150163592
2018-12-15 05:00:00+01:00,52.87970620801352
2018-12-15 06:00:00+01:00,53.739228587243296
2018-12-15 07:00:00+01:00,60.145260824456
2018-12-15 08:00:00+01:00,67.29771429348604
2018-12-15 09:00:00+01:00,68.42397392244173
2018-12-15 10:00:00+01:00,71.86054518680932
2018-12-15 11:00:00+01:00,69.32248715070862
2018-12-15 12:00:00+01:00,71.1921069047629
2018-12-15 13:00:00+01:00,66.36585311603211
2018-12-15 14:00:00+01:00,66.0622245109998
2018-12-15 15:00:00+01:00,65.59194611022295
2018-12-15 16:00:00+01:00,64.22639709659832
2018-12-15 17:00:00+01:00,68.0816969250729
2018-12-15 18:00:00+01:00,73.04118063873304
2018-12-15 19:00:00+01:00,74.82374323496661
2018-12-15 20:00:00+01:00,70.84067782501515
2018-12-15 21:00:00+01:00,68.75839889826626
2018-12-15 22:00:00+01:00,65.34526399423346
2018-12-15 23:00:00+01:00,60.971129783734064
2018-12-16 00:00:00+01:00,58.52629970813312
2018-12-16 01:00:00+01:00,52.48251322264953
2018-12-16 02:00:00+01:00,48.24484701651094
2018-12-16 03:00:00+01:00,46.765628442492904
2018-12-16 04:00:00+01:00,45.209342655032486
2018-12-16 05:00:00+01:00,44.06307291242526
2018-12-16 06:00:00+01:00,47.65796184367604
2018-12-16 07:00:00+01:00,52.33236139978823
2018-12-16 08:00:00+01:00,55.33301234250329
2018-12-16 09:00:00+01:00,58.748523707885546
2018-12-16 10:00:00+01:00,60.75389412769392
2018-12-16 11:00:00+01:00,64.1462636184739
2018-12-16 12:00:00+01:00,64.02779946406838
2018-12-16 13:00:00+01:00,59.74916078752439
2018-12-16 14:00:00+01:00,62.526212087991894
2018-12-16 15:00:00+01:00,60.30565753619249
2018-12-16 16:00:00+01:00,58.511965280263816
2018-12-16 17:00:00+01:00,62.10656446765815
2018-12-16 18:00:00+01:00,66.12836434814864
2018-12-16 19:00:00+01:00,69.87701682257868
2018-12-16 20:00:00+01:00,68.45858767740523
2018-12-16 21:00:00+01:00,70.97062004815689
2018-12-16 22:00:00+01:00,65.42620335975955
2018-12-16 23:00:00+01:00,65.40058558479541
2018-12-17 00:00:00+01:00,55.22501931240148
2018-12-17 01:00:00+01:00,50.80201593963869
2018-12-17 02:00:00+01:00,52.90090130724214
2018-12-17 03:00:00+01:00,50.776789638908284
2018-12-17 04:00:00+01:00,49.55255833524368
2018-12-17 05:00:00+01:00,50.33284317783872
2018-12-17 06:00:00+01:00,58.58071020482018
2018-12-17 07:00:00+01:00,67.54029005592146
2018-12-17 08:00:00+01:00,75.35661274524088
2018-12-17 09:00:00+01:00,75.59197829194765
2018-12-17 10:00:00+01:00,77.15824122773097
2018-12-17 11:00:00+01:00,75.86190269499168
2018-12-17 12:00:00+01:00,75.00801080605979
2018-12-17 13:00:00+01:00,73.68642257905543
2018-12-17 14:00:00+01:00,73.50169089216377
2018-12-17 15:00:00+01:00,71.10972444683073
2018-12-17 16:00:00+01:00,69.91568401245632
2018-12-17 17:00:00+01:00,73.02971877992229
2018-12-17 18:00:00+01:00,77.85791858430404
2018-12-17 19:00:00+01:00,80.94938406780102
2018-12-17 20:00:00+01:00,75.92214893581067
2018-12-17 21:00:00+01:00,73.14766938480403
2018-12-17 22:00:00+01:00,68.66751880934707
2018-12-17 23:00:00+01:00,63.77301635195236
2018-12-18 00:00:00+01:00,54.08378259718876
2018-12-18 01:00:00+01:00,49.39186461539188
2018-12-18 02:00:00+01:00,48.550769121910875
2018-12-18 03:00:00+01:00,46.91825790502109
2018-12-18 04:00:00+01:00,47.25353800024037
2018-12-18 05:00:00+01:00,48.49528860241648
2018-12-18 06:00:00+01:00,55.50490986804707
2018-12-18 07:00:00+01:00,63.83957787867994
2018-12-18 08:00:00+01:00,69.7981734916312
2018-12-18 09:00:00+01:00,71.73637559321601
2018-12-18 10:00:00+01:00,71.96208327581166
2018-12-18 11:00:00+01:00,71.90464672440245
2018-12-18 12:00:00+01:00,71.5375119147743
2018-12-18 13:00:00+01:00,72.72598254239323
2018-12-18 14:00:00+01:00,71.84538678731136
2018-12-18 15:00:00+01:00,71.40898566287717
2018-12-18 16:00:00+01:00,70.65808230218072
2018-12-18 17:00:00+01:00,75.0693965500993
2018-12-18 18:00:00+01:00,80.2714649874448
2018-12-18 19:00:00+01:00,81.15038436460793
2018-12-18 20:00:00+01:00,81.41829431900415
2018-12-18 21:00:00+01:00,79.82854763611614
2018-12-18 22:00:00+01:00,73.5620116452787
2018-12-18 23:00:00+01:00,67.9950059737451
2018-12-19 00:00:00+01:00,57.44722270023556
2018-12-19 01:00:00+01:00,52.3825573151224
2018-12-19 02:00:00+01:00,51.099390753573886
2018-12-19 03:00:00+01:00,50.302999202458565
2018-12-19 04:00:00+01:00,48.52235381923543
2018-12-19 05:00:00+01:00,47.613115334592145
2018-12-19 06:00:00+01:00,58.256999013775385
2018-12-19 07:00:00+01:00,67.50035757709206
2018-12-19 08:00:00+01:00,73.48550310740339
2018-12-19 09:00:00+01:00,74.39904074659809
2018-12-19 10:00:00+01:00,72.93310713360906
2018-12-19 11:00:00+01:00,72.67538926817831
2018-12-19 12:00:00+01:00,67.46119499964689
2018-12-19 13:00:00+01:00,65.10616923450732
2018-12-19 14:00:00+01:00,66.84292619937308
2018-12-19 15:00:00+01:00,68.46464689704713
2018-12-19 16:00:00+01:00,66.0691935386515
2018-12-19 17:00:00+01:00,72.26902940431586
2018-12-19 18:00:00+01:00,76.10033532122901
2018-12-19 19:00:00+01:00,79.53575165193203
2018-12-19 20:00:00+01:00,77.08507807292598
2018-12-19 21:00:00+01:00,75.41666009710642
2018-12-19 22:00:00+01:00,70.30224355535648
2018-12-19 23:00:00+01:00,63.82602256894407
2018-12-20 00:00:00+01:00,60.75939527843798
2018-12-20 01:00:00+01:00,54.29127328236723
2018-12-20 02:00:00+01:00,51.045500231205175
2018-12-20 03:00:00+01:00,47.609237080943764
2018-12-20 04:00:00+01:00,48.195724520630286
2018-12-20 05:00:00+01:00,49.384826627647506
2018-12-20 06:00:00+01:00,56.973477554650984
2018-12-20 07:00:00+01:00,62.76845047397808
2018-12-20 08:00:00+01:00,70.36543222410201
2018-12-20 09:00:00+01:00,73.18350973039183
2018-12-20 10:00:00+01:00,71.5280798261964
2018-12-20 11:00:00+01:00,72.16678641109736
2018-12-20 12:00:00+01:00,70.56883086088641
2018-12-20 13:00:00+01:00,69.75902363251583
2018-12-20 14:00:00+01:00,69.5441318098372
2018-12-20 15:00:00+01:00,68.12873878824534
2018-12-20 16:00:00+01:00,67.45570819540353
2018-12-20 17:00:00+01:00,74.24925949242542
2018-12-20 18:00:00+01:00,80.42853443835585
2018-12-20 19:00:00+01:00,80.37817173087079
2018-12-20 20:00:00+01:00,74.45469706787497
2018-12-20 21:00:00+01:00,73.02856405663627
2018-12-20 22:00:00+01:00,65.49903692563159
2018-12-20 23:00:00+01:00,62.598962172139444
2018-12-21 00:00:00+01:00,54.69009523715375
2018-12-21 01:00:00+01:00,48.819914402888166
2018-12-21 02:00:00+01:00,47.645609932061305
2018-12-21 03:00:00+01:00,46.803778297288254
2018-12-21 04:00:00+01:00,46.708121015626226
2018-12-21 05:00:00+01:00,46.68753715041574
2018-12-21 06:00:00+01:00,54.459445721176984
2018-12-21 07:00:00+01:00,61.733319504021964
2018-12-21 08:00:00+01:00,67.58052124860033
2018-12-21 09:00:00+01:00,69.3637723322427
2018-12-21 10:00:00+01:00,69.66386808638647
2018-12-21 11:00:00+01:00,69.2221371437123
2018-12-21 12:00:00+01:00,68.13506892229071
2018-12-21 13:00:00+01:00,68.01687964025147
2018-12-21 14:00:00+01:00,65.3931640310529
2018-12-21 15:00:00+01:00,64.79063391344245
2018-12-21 16:00:00+01:00,66.67327595768239
2018-12-21 17:00:00+01:00,70.250088481772
2018-12-21 18:00:00+01:00,75.56255464462922
2018-12-21 19:00:00+01:00,75.82146240971758
2018-12-21 20:00:00+01:00,76.2913333395278
2018-12-21 21:00:00+01:00,74.26399958314033
2018-12-21 22:00:00+01:00,68.56198601920094
2018-12-21 23:00:00+01:00,65.72536009696363
2018-12-22 00:00:00+01:00,59.082777421506584
2018-12-22 01:00:00+01:00,52.461677134314876
2018-12-22 02:00:00+01:00,53.06714046655406
2018-12-22 03:00:00+01:00,51.928534080293296
2018-12-22 04:00:00+01:00,51.489780222143615
2018-12-22 05:00:00+01:00,51.72947320986486
2018-12-22 06:00:00+01:00,53.20984088180615
2018-12-22 07:00:00+01:00,57.696794726260585
2018-12-22 08:00:00+01:00,60.969964848517215
2018-12-22 09:00:00+01:00,62.06019189727909
2018-12-22 10:00:00+01:00,63.52186557445312
2018-12-22 11:00:00+01:00,59.850491844882534
2018-12-22 12:00:00+01:00,59.481916789769905
2018-12-22 13:00:00+01:00,60.28032861321532
2018-12-22 14:00:00+01:00,59.58704899801662
2018-12-22 15:00:00+01:00,60.53944491987309
2018-12-22 16:00:00+01:00,58.511062744302166
2018-12-22 17:00:00+01:00,64.29077477733897
2018-12-22 18:00:00+01:00,70.06195658473
2018-12-22 19:00:00+01:00,72.42894383630781
2018-12-22 20:00:00+01:00,71.64584806932604
2018-12-22 21:00:00+01:00,69.98018960571353
2018-12-22 22:00:00+01:00,64.63282386789092
2018-12-22 23:00:00+01:00,61.89063275931129
2018-12-23 00:00:00+01:00,60.70343709809573
2018-12-23 01:00:00+01:00,56.33849093178239
2018-12-23 02:00:00+01:00,51.26259727649636
2018-12-23 03:00:00+01:00,49.45824616630579
2018-12-23 04:00:00+01:00,48.47525897044868
2018-12-23 05:00:00+01:00,48.02736369625792
2018-12-23 06:00:00+01:00,49.586589559371326
2018-12-23 07:00:00+01:00,51.123333923541814
2018-12-23 08:00:00+01:00,56.212305109375095
2018-12-23 09:00:00+01:00,58.72500469145162
2018-12-23 10:00:00+01:00,60.96560994608894
2018-12-23 11:00:00+01:00,61.61562476898522
2018-12-23 12:00:00+01:00,60.53419559500677
2018-12-23 13:00:00+01:00,61.43157555618845
2018-12-23 14:00:00+01:00,60.05948342379163
2018-12-23 15:00:00+01:00,56.83914365636375
2018-12-23 16:00:00+01:00,57.57480850039158
2018-12-23 17:00:00+01:00,60.743597481893495
2018-12-23 18:00:00+01:00,67.34806572736454
2018-12-23 19:00:00+01:00,72.79587524529202
2018-12-23 20:00:00+01:00,71.94958560724615
2018-12-23 21:00:00+01:00,71.38326389842526
2018-12-23 22:00:00+01:00,67.6513668517285
2018-12-23 23:00:00+01:00,65.06736413455869
2018-12-24 00:00:00+01:00,58.88086481275792
2018-12-24 01:00:00+01:00,53.5504331287415
2018-12-24 02:00:00+01:00,49.17298034880604
2018-12-24 03:00:00+01:00,48.52988728716503
2018-12-24 04:00:00+01:00,48.85890339313418
2018-12-24 05:00:00+01:00,49.20140299814728
2018-12-24 06:00:00+01:00,53.87279246318089
2018-12-24 07:00:00+01:00,61.27727423930414
2018-12-24 08:00:00+01:00,66.95747210465132
2018-12-24 09:00:00+01:00,68.63298700916046
2018-12-24 10:00:00+01:00,71.10916579265178
2018-12-24 11:00:00+01:00,70.33106596148036
2018-12-24 12:00:00+01:00,69.28840057179117
2018-12-24 13:00:00+01:00,68.80595821380572
2018-12-24 14:00:00+01:00,67.53010142655033
2018-12-24 15:00:00+01:00,68.39781575896495
2018-12-24 16:00:00+01:00,67.18469558388395
2018-12-24 17:00:00+01:00,70.70983992791966
2018-12-24 18:00:00+01:00,76.1292066985854
2018-12-24 19:00:00+01:00,79.23555305209602
2018-12-24 20:00:00+01:00,76.91482863035472
2018-12-24 21:00:00+01:00,74.89857985504408
2018-12-24 22:00:00+01:00,69.83258559409155
2018-12-24 23:00:00+01:00,65.24335316878913
2018-12-25 00:00:00+01:00,62.439192966820116
2018-12-25 01:00:00+01:00,56.96197312481631
2018-12-25 02:00:00+01:00,52.92007704454015
2018-12-25 03:00:00+01:00,54.7184153955719
2018-12-25 04:00:00+01:00,51.73770810635042
2018-12-25 05:00:00+01:00,52.64541209292078
2018-12-25 06:00:00+01:00,57.070117292472915
2018-12-25 07:00:00+01:00,65.36565576106445
2018-12-25 08:00:00+01:00,71.2165481139614
2018-12-25 09:00:00+01:00,72.25417517086964
2018-12-25 10:00:00+01:00,73.345315130955
2018-12-25 11:00:00+01:00,70.78460992497898
2018-12-25 12:00:00+01:00,72.2260939599031
2018-12-25 13:00:00+01:00,70.49845548311228
2018-12-25 14:00:00+01:00,68.61877092142635
2018-12-25 15:00:00+01:00,67.44822219515599
2018-12-25 16:00:00+01:00,68.54031514192049
2018-12-25 17:00:00+01:00,73.22237163963179
2018-12-25 18:00:00+01:00,78.2617026835559
2018-12-25 19:00:00+01:00,77.74095423447939
2018-12-25 20:00:00+01:00,75.08698447214378
2018-12-25 21:00:00+01:00,73.55705108505377
2018-12-25 22:00:00+01:00,66.12212942591003
2018-12-25 23:00:00+01:00,61.63042095044549
2018-12-26 00:00:00+01:00,59.35792007723955
2018-12-26 01:00:00+01:00,55.66649791731246
2018-12-26 02:00:00+01:00,51.90915653619828
2018-12-26 03:00:00+01:00,50.80039195438022
2018-12-26 04:00:00+01:00,50.9572516120256
2018-12-26 05:00:00+01:00,51.859584911241186
2018-12-26 06:00:00+01:00,56.66303024627999
2018-12-26 07:00:00+01:00,60.551620480163706
2018-12-26 08:00:00+01:00,68.74669373872601
2018-12-26 09:00:00+01:00,71.14846437654948
2018-12-26 10:00:00+01:00,71.53720580180837
2018-12-26 11:00:00+01:00,71.52987886749222
2018-12-26 12:00:00+01:00,69.43250231482281
2018-12-26 13:00:00+01:00,69.09413929409709
2018-12-26 14:00:00+01:00,67.65472877483703
2018-12-26 15:00:00+01:00,66.47068270371253
2018-12-26 16:00:00+01:00,66.87451234401323
2018-12-26 17:00:00+01:00,72.03672972471804
2018-12-26 18:00:00+01:00,77.50421615063823
2018-12-26 19:00:00+01:00,77.03902016388218
2018-12-26 20:00:00+01:00,75.93543325120521
2018-12-26 21:00:00+01:00,73.55280142996887
2018-12-26 22:00:00+01:00,68.32540548847007
2018-12-26 23:00:00+01:00,64.5195760295758
2018-12-27 00:00:00+01:00,63.29108556229757
2018-12-27 01:00:00+01:00,57.915928001671475
2018-12-27 02:00:00+01:00,52.49202805688888
2018-12-27 03:00:00+01:00,52.062910315237524
2018-12-27 04:00:00+01:00,51.47165984175171
2018-12-27 05:00:00+01:00,52.75057060092216
2018-12-27 06:00:00+01:00,58.00155210360937
2018-12-27 07:00:00+01:00,66.56826607241969
2018-12-27 08:00:00+01:00,72.48490580013053
2018-12-27 09:00:00+01:00,75.45602814035084
2018-12-27 10:00:00+01:00,76.82123578805144
2018-12-27 11:00:00+01:00,76.0801920139672
2018-12-27 12:00:00+01:00,72.95493200337437
2018-12-27 13:00:00+01:00,71.29089312340913
2018-12-27 14:00:00+01:00,70.76204861155846
2018-12-27 15:00:00+01:00,69.40472431675254
2018-12-27 16:00:00+01:00,69.3878993330159
2018-12-27 17:00:00+01:00,73.89258206019029
2018-12-27 18:00:00+01:00,79.24088979712869
2018-12-27 19:00:00+01:00,79.19077860914682
2018-12-27 20:00:00+01:00,78.00356384514242
2018-12-27 21:00:00+01:00,75.95405861166259
2018-12-27 22:00:00+01:00,71.85500729524108
2018-12-27 23:00:00+01:00,66.13415793048965
2018-12-28 00:00:00+01:00,65.26330060975326
2018-12-28 01:00:00+01:00,56.453575430685326
2018-12-28 02:00:00+01:00,54.552359467409985
2018-12-28 03:00:00+01:00,54.0050277964398
2018-12-28 04:00:00+01:00,51.588924041047505
2018-12-28 05:00:00+01:00,52.52800885565579
2018-12-28 06:00:00+01:00,57.97447455876738
2018-12-28 07:00:00+01:00,63.94784074711774
2018-12-28 08:00:00+01:00,74.23987387948904
2018-12-28 09:00:00+01:00,74.2435614052356
2018-12-28 10:00:00+01:00,75.11995143791398
2018-12-28 11:00:00+01:00,76.44205694055671
2018-12-28 12:00:00+01:00,75.49243236817195
2018-12-28 13:00:00+01:00,74.01015682997914
2018-12-28 14:00:00+01:00,73.58644306244757
2018-12-28 15:00:00+01:00,75.2581769337971
2018-12-28 16:00:00+01:00,77.43791171613012
2018-12-28 17:00:00+01:00,81.20143567306197
2018-12-28 18:00:00+01:00,84.06441097462427
2018-12-28 19:00:00+01:00,83.93953145972182
2018-12-28 20:00:00+01:00,82.23240263684772
2018-12-28 21:00:00+01:00,80.6551558355769
2018-12-28 22:00:00+01:00,74.19904819371622
2018-12-28 23:00:00+01:00,71.56312843660741
2018-12-29 00:00:00+01:00,57.06438027962093
2018-12-29 01:00:00+01:00,52.91038500211154
2018-12-29 02:00:00+01:00,50.7863956127804
2018-12-29 03:00:00+01:00,46.473783619717544
2018-12-29 04:00:00+01:00,46.946049932911166
2018-12-29 05:00:00+01:00,48.27320659199302
2018-12-29 06:00:00+01:00,48.573120798227265
2018-12-29 07:00:00+01:00,56.23761237218831
2018-12-29 08:00:00+01:00,61.941330643177295
2018-12-29 09:00:00+01:00,64.99480068789461
2018-12-29 10:00:00+01:00,66.27508232532743
2018-12-29 11:00:00+01:00,65.62293334022041
2018-12-29 12:00:00+01:00,64.68278540630052
2018-12-29 13:00:00+01:00,63.90116456814389
2018-12-29 14:00:00+01:00,62.318543956088604
2018-12-29 15:00:00+01:00,60.977094023629974
2018-12-29 16:00:00+01:00,63.354810830103276
2018-12-29 17:00:00+01:00,66.87436678438442
2018-12-29 18:00:00+01:00,71.72951864811894
2018-12-29 19:00:00+01:00,74.13097741710281
2018-12-29 20:00:00+01:00,72.78283204315362
2018-12-29 21:00:00+01:00,70.95042768210624
2018-12-29 22:00:00+01:00,64.08970375671151
2018-12-29 23:00:00+01:00,59.815138612013975
2018-12-30 00:00:00+01:00,52.75462752203419
2018-12-30 01:00:00+01:00,48.67929863313173
2018-12-30 02:00:00+01:00,44.918417278372
2018-12-30 03:00:00+01:00,46.134301065789394
2018-12-30 04:00:00+01:00,45.72454570249662
2018-12-30 05:00:00+01:00,47.730957271181275
2018-12-30 06:00:00+01:00,46.66712129940597
2018-12-30 07:00:00+01:00,48.56469936407283
2018-12-30 08:00:00+01:00,52.3971991352131
2018-12-30 09:00:00+01:00,53.82789463515481
2018-12-30 10:00:00+01:00,56.48306746038745
2018-12-30 11:00:00+01:00,56.49190177287987
2018-12-30 12:00:00+01:00,55.46893842462794
2018-12-30 13:00:00+01:00,56.9851242750193
2018-12-30 14:00:00+01:00,54.864468169640865
2018-12-30 15:00:00+01:00,50.418836377958726
2018-12-30 16:00:00+01:00,50.44679416362349
2018-12-30 17:00:00+01:00,53.803931200957436
2018-12-30 18:00:00+01:00,59.340289950537624
2018-12-30 19:00:00+01:00,64.68073754675346
2018-12-30 20:00:00+01:00,66.39274408112087
2018-12-30 21:00:00+01:00,64.41554396780123
2018-12-30 22:00:00+01:00,60.065181231655636
2018-12-30 23:00:00+01:00,56.97741240384861
2018-12-31 00:00:00+01:00,54.17359251144591
2018-12-31 01:00:00+01:00,49.76608682012566
2018-12-31 02:00:00+01:00,47.66783374881686
2018-12-31 03:00:00+01:00,46.178994959803454
2018-12-31 04:00:00+01:00,48.80111315401785
2018-12-31 05:00:00+01:00,50.92902722106372
2018-12-31 06:00:00+01:00,54.49690653240434
2018-12-31 07:00:00+01:00,62.85861978680443
2018-12-31 08:00:00+01:00,68.85660240960841
2018-12-31 09:00:00+01:00,70.3637251545336
2018-12-31 10:00:00+01:00,71.41073811973949
2018-12-31 11:00:00+01:00,72.10563489287443
2018-12-31 12:00:00+01:00,71.27216165885123
2018-12-31 13:00:00+01:00,69.60193121209447
2018-12-31 14:00:00+01:00,66.59946426350531
2018-12-31 15:00:00+01:00,65.20550507615985
2018-12-31 16:00:00+01:00,65.56213794676519
2018-12-31 17:00:00+01:00,68.31640376760926
2018-12-31 18:00:00+01:00,73.98911141831802
2018-12-31 19:00:00+01:00,73.88845479093425
2018-12-31 20:00:00+01:00,72.9213876412566
2018-12-31 21:00:00+01:00,72.85370942762218
2018-12-31 22:00:00+01:00,67.94775384351104
2018-12-31 23:00:00+01:00,62.10120595383316
