2018-01-01 00:00:00+01:00,46.45149405391509
2018-01-01 01:00:00+01:00,46.23857203219884
2018-01-01 02:00:00+01:00,44.342311926682456
2018-01-01 03:00:00+01:00,44.439318177075336
2018-01-01 04:00:00+01:00,41.34348358510074
2018-01-01 05:00:00+01:00,40.8108556729405
2018-01-01 06:00:00+01:00,53.955762357314875
2018-01-01 07:00:00+01:00,61.3521133941428
2018-01-01 08:00:00+01:00,64.78795921519361
2018-01-01 09:00:00+01:00,69.68579198809155
2018-01-01 10:00:00+01:00,71.06251276496035
2018-01-01 11:00:00+01:00,68.30094835123765
2018-01-01 12:00:00+01:00,64.37552053383449
2018-01-01 13:00:00+01:00,62.01815700018225
2018-01-01 14:00:00+01:00,61.46726913964695
2018-01-01 15:00:00+01:00,58.70765828459024
2018-01-01 16:00:00+01:00,63.63253217034465
2018-01-01 17:00:00+01:00,73.29231940701182
2018-01-01 18:00:00+01:00,68.69194170689141
2018-01-01 19:00:00+01:00,69.99690206433107
2018-01-01 20:00:00+01:00,69.15167801877294
2018-01-01 21:00:00+01:00,68.85332446757187
2018-01-01 22:00:00+01:00,61.5172442722679
2018-01-01 23:00:00+01:00,66.60876530275299
2018-01-02 00:00:00+01:00,50.54804127889679
2018-01-02 01:00:00+01:00,44.77560843259037
2018-01-02 02:00:00+01:00,42.56875762710322
2018-01-02 03:00:00+01:00,42.182600049750846
2018-01-02 04:00:00+01:00,42.849574875996296
2018-01-02 05:00:00+01:00,43.6595829598975
2018-01-02 06:00:00+01:00,48.24427179416447
2018-01-02 07:00:00+01:00,59.901198987117546
2018-01-02 08:00:00+01:00,65.12465601734498
2018-01-02 09:00:00+01:00,69.98343559705816
2018-01-02 10:00:00+01:00,68.47959162451403
2018-01-02 11:00:00+01:00,67.47114956152319
2018-01-02 12:00:00+01:00,64.87810800777412
2018-01-02 13:00:00+01:00,71.24607382730623
2018-01-02 14:00:00+01:00,69.25411761476201
2018-01-02 15:00:00+01:00,71.64826560153779
2018-01-02 16:00:00+01:00,68.35388803749879
2018-01-02 17:00:00+01:00,75.49663376736996
2018-01-02 18:00:00+01:00,78.28610260966286
2018-01-02 19:00:00+01:00,73.52916138966378
2018-01-02 20:00:00+01:00,77.36321100061143
2018-01-02 21:00:00+01:00,69.84969478586191
2018-01-02 22:00:00+01:00,69.09424204999223
2018-01-02 23:00:00+01:00,63.69071987190175
2018-01-03 00:00:00+01:00,60.86750063777249
2018-01-03 01:00:00+01:00,56.00072820245146
2018-01-03 02:00:00+01:00,52.91767669127502
2018-01-03 03:00:00+01:00,49.8807893226833
2018-01-03 04:00:00+01:00,52.21732442918336
2018-01-03 05:00:00+01:00,52.85504773253591
2018-01-03 06:00:00+01:00,55.723891079296926
2018-01-03 07:00:00+01:00,66.87953188759704
2018-01-03 08:00:00+01:00,72.42118175407204
2018-01-03 09:00:00+01:00,75.57074863942434
2018-01-03 10:00:00+01:00,75.37279938617439
2018-01-03 11:00:00+01:00,75.28572021425008
2018-01-03 12:00:00+01:00,75.81226839889563
2018-01-03 13:00:00+01:00,75.74777049650494
2018-01-03 14:00:00+01:00,79.01696710560175
2018-01-03 15:00:00+01:00,78.35586782677184
2018-01-03 16:00:00+01:00,78.10803960556628
2018-01-03 17:00:00+01:00,82.15140284749631
2018-01-03 18:00:00+01:00,85.73258788130234
2018-01-03 19:00:00+01:00,86.12783720489062
2018-01-03 20:00:00+01:00,82.27600984790205
2018-01-03 21:00:00+01:00,80.98869315311548
2018-01-03 22:00:00+01:00,76.98157977266014
2018-01-03 23:00:00+01:00,69.64963896843328
2018-01-04 00:00:00+01:00,60.30983376253475
2018-01-04 01:00:00+01:00,55.92132630098643
2018-01-04 02:00:00+01:00,52.85419666711347
2018-01-04 03:00:00+01:00,53.68443931101135
2018-01-04 04:00:00+01:00,50.1692443175381
2018-01-04 05:00:00+01:00,53.63831106623007
2018-01-04 06:00:00+01:00,57.373452730590316
2018-01-04 07:00:00+01:00,69.25918403170581
2018-01-04 08:00:00+01:00,75.3096571352614
2018-01-04 09:00:00+01:00,78.4434826011425
2018-01-04 10:00:00+01:00,81.16590685125396
2018-01-04 11:00:00+01:00,79.66179997208995
2018-01-04 12:00:00+01:00,80.29076401174292
2018-01-04 13:00:00+01:00,80.00929178994791
2018-01-04 14:00:00+01:00,78.44753619369588
2018-01-04 15:00:00+01:00,76.03859762559763
2018-01-04 16:00:00+01:00,75.05566939677904
2018-01-04 17:00:00+01:00,78.76207965359839
2018-01-04 18:00:00+01:00,79.86313905904194
2018-01-04 19:00:00+01:00,85.90309293200463
2018-01-04 20:00:00+01:00,82.37658868851452
2018-01-04 21:00:00+01:00,79.0207594794209
2018-01-04 22:00:00+01:00,73.35270151904291
2018-01-04 23:00:00+01:00,71.79858531037871
2018-01-05 00:00:00+01:00,51.690576231173274
2018-01-05 01:00:00+01:00,50.731426968690236
2018-01-05 02:00:00+01:00,44.26421266787872
2018-01-05 03:00:00+01:00,43.62462701752508
2018-01-05 04:00:00+01:00,43.69563860464877
2018-01-05 05:00:00+01:00,43.03573108010544
2018-01-05 06:00:00+01:00,50.293331687538
2018-01-05 07:00:00+01:00,56.154394661151066
2018-01-05 08:00:00+01:00,60.28159634826958
2018-01-05 09:00:00+01:00,64.91335469644494
2018-01-05 10:00:00+01:00,65.75330452840929
2018-01-05 11:00:00+01:00,67.00260466984784
2018-01-05 12:00:00+01:00,66.26255733120536
2018-01-05 13:00:00+01:00,59.588947831327594
2018-01-05 14:00:00+01:00,63.12406593535535
2018-01-05 15:00:00+01:00,62.14609938742566
2018-01-05 16:00:00+01:00,63.57525912405472
2018-01-05 17:00:00+01:00,67.34182785702897
2018-01-05 18:00:00+01:00,69.64603159701733
2018-01-05 19:00:00+01:00,72.01374371627425
2018-01-05 20:00:00+01:00,67.78935142019782
2018-01-05 21:00:00+01:00,68.48218063180045
2018-01-05 22:00:00+01:00,67.4966400404985
2018-01-05 23:00:00+01:00,62.14699657297377
2018-01-06 00:00:00+01:00,51.60483624177498
2018-01-06 01:00:00+01:00,49.60028547843721
2018-01-06 02:00:00+01:00,49.441373472524894
2018-01-06 03:00:00+01:00,46.579740247805496
2018-01-06 04:00:00+01:00,44.53407501114611
2018-01-06 05:00:00+01:00,47.53044698077698
2018-01-06 06:00:00+01:00,46.17049601635983
2018-01-06 07:00:00+01:00,48.82977774487584
2018-01-06 08:00:00+01:00,55.66800578275398
2018-01-06 09:00:00+01:00,58.011176093361534
2018-01-06 10:00:00+01:00,60.75229552688795
2018-01-06 11:00:00+01:00,67.12935037587687
2018-01-06 12:00:00+01:00,67.44197810147057
2018-01-06 13:00:00+01:00,63.96728946581209
2018-01-06 14:00:00+01:00,59.24051819039797
2018-01-06 15:00:00+01:00,57.29749765270354
2018-01-06 16:00:00+01:00,56.918171259184255
2018-01-06 17:00:00+01:00,60.51751736907196
2018-01-06 18:00:00+01:00,65.99259573865244
2018-01-06 19:00:00+01:00,65.53386653976551
2018-01-06 20:00:00+01:00,67.56854649802906
2018-01-06 21:00:00+01:00,69.34069289336206
2018-01-06 22:00:00+01:00,65.86014401512955
2018-01-06 23:00:00+01:00,60.157443350868576
2018-01-07 00:00:00+01:00,62.49949285678889
2018-01-07 01:00:00+01:00,56.261963055395995
2018-01-07 02:00:00+01:00,56.74744615201832
2018-01-07 03:00:00+01:00,50.23817218715135
2018-01-07 04:00:00+01:00,48.70484436223581
2018-01-07 05:00:00+01:00,49.408745135326186
2018-01-07 06:00:00+01:00,48.40732754236153
2018-01-07 07:00:00+01:00,57.97297630798958
2018-01-07 08:00:00+01:00,62.1917369574743
2018-01-07 09:00:00+01:00,63.3789349686107
2018-01-07 10:00:00+01:00,69.23950254998609
2018-01-07 11:00:00+01:00,69.83330988873483
2018-01-07 12:00:00+01:00,71.07594277870653
2018-01-07 13:00:00+01:00,70.76046559812173
2018-01-07 14:00:00+01:00,65.56706771515017
2018-01-07 15:00:00+01:00,64.26895340385734
2018-01-07 16:00:00+01:00,59.61635773679944
2018-01-07 17:00:00+01:00,65.97373698171428
2018-01-07 18:00:00+01:00,75.77390758442593
2018-01-07 19:00:00+01:00,75.37768651740546
2018-01-07 20:00:00+01:00,75.7822537982957
2018-01-07 21:00:00+01:00,75.98843020895016
2018-01-07 22:00:00+01:00,71.59448489330562
2018-01-07 23:00:00+01:00,68.9405627633505
2018-01-08 00:00:00+01:00,67.24522052089483
2018-01-08 01:00:00+01:00,62.95165090567554
2018-01-08 02:00:00+01:00,59.998493405966514
2018-01-08 03:00:00+01:00,55.32177498935529
2018-01-08 04:00:00+01:00,59.85456684043678
2018-01-08 05:00:00+01:00,61.1477610586799
2018-01-08 06:00:00+01:00,68.70195626544806
2018-01-08 07:00:00+01:00,73.86460066906994
2018-01-08 08:00:00+01:00,78.73110932915
2018-01-08 09:00:00+01:00,78.60962052923668
2018-01-08 10:00:00+01:00,83.48570269784732
2018-01-08 11:00:00+01:00,82.35400675718816
2018-01-08 12:00:00+01:00,82.45483072540723
2018-01-08 13:00:00+01:00,84.09082745002985
2018-01-08 14:00:00+01:00,83.04588552055529
2018-01-08 15:00:00+01:00,80.61192334757772
2018-01-08 16:00:00+01:00,80.3874615734381
2018-01-08 17:00:00+01:00,83.96029753324872
2018-01-08 18:00:00+01:00,86.76883894096885
2018-01-08 19:00:00+01:00,88.92730530581598
2018-01-08 20:00:00+01:00,85.9334065841994
2018-01-08 21:00:00+01:00,86.92983913741458
2018-01-08 22:00:00+01:00,81.30349849218388
2018-01-08 23:00:00+01:00,75.75281049454044
2018-01-09 00:00:00+01:00,67.64278778242543
2018-01-09 01:00:00+01:00,64.63312670863989
2018-01-09 02:00:00+01:00,61.01165638121098
2018-01-09 03:00:00+01:00,58.342972136872
2018-01-09 04:00:00+01:00,56.82672596286305
2018-01-09 05:00:00+01:00,59.86005586039398
2018-01-09 06:00:00+01:00,68.62245826039677
2018-01-09 07:00:00+01:00,78.59254238030641
2018-01-09 08:00:00+01:00,83.16726447224774
2018-01-09 09:00:00+01:00,82.44154578752301
2018-01-09 10:00:00+01:00,85.63662158950333
2018-01-09 11:00:00+01:00,88.53165961826848
2018-01-09 12:00:00+01:00,88.21984148193451
2018-01-09 13:00:00+01:00,87.65649662238502
2018-01-09 14:00:00+01:00,86.25510325481284
2018-01-09 15:00:00+01:00,82.32927873266543
2018-01-09 16:00:00+01:00,86.76471019463813
2018-01-09 17:00:00+01:00,91.04683312230893
2018-01-09 18:00:00+01:00,92.013491650246
2018-01-09 19:00:00+01:00,94.81421918033489
2018-01-09 20:00:00+01:00,90.7104754546812
2018-01-09 21:00:00+01:00,88.56940568104301
2018-01-09 22:00:00+01:00,81.88466597846748
2018-01-09 23:00:00+01:00,79.79964296657104
2018-01-10 00:00:00+01:00,66.1967311983712
2018-01-10 01:00:00+01:00,65.15257451136308
2018-01-10 02:00:00+01:00,60.57333076168462
2018-01-10 03:00:00+01:00,58.95533393708216
2018-01-10 04:00:00+01:00,55.090820097449885
2018-01-10 05:00:00+01:00,55.42897183815074
2018-01-10 06:00:00+01:00,66.14152095913006
2018-01-10 07:00:00+01:00,75.39879144604684
2018-01-10 08:00:00+01:00,83.6824019025905
2018-01-10 09:00:00+01:00,84.06586928754736
2018-01-10 10:00:00+01:00,84.85486455148006
2018-01-10 11:00:00+01:00,86.48390257959969
2018-01-10 12:00:00+01:00,85.38988190575826
2018-01-10 13:00:00+01:00,84.98547084448799
2018-01-10 14:00:00+01:00,82.52664309946975
2018-01-10 15:00:00+01:00,78.9352035513819
2018-01-10 16:00:00+01:00,76.49910622809969
2018-01-10 17:00:00+01:00,77.11370456109638
2018-01-10 18:00:00+01:00,88.37515088341043
2018-01-10 19:00:00+01:00,88.29569290184796
2018-01-10 20:00:00+01:00,87.53915707645933
2018-01-10 21:00:00+01:00,86.45577655985383
2018-01-10 22:00:00+01:00,80.75126234024113
2018-01-10 23:00:00+01:00,77.60078068821024
2018-01-11 00:00:00+01:00,61.25227842989329
2018-01-11 01:00:00+01:00,61.34998324583023
2018-01-11 02:00:00+01:00,55.630727918211164
2018-01-11 03:00:00+01:00,53.630943735337496
2018-01-11 04:00:00+01:00,55.25035275096767
2018-01-11 05:00:00+01:00,54.765455845391934
2018-01-11 06:00:00+01:00,65.64530566600797
2018-01-11 07:00:00+01:00,77.53887215220419
2018-01-11 08:00:00+01:00,84.71833955307828
2018-01-11 09:00:00+01:00,86.06852817983048
2018-01-11 10:00:00+01:00,89.85673989007164
2018-01-11 11:00:00+01:00,85.21790049850928
2018-01-11 12:00:00+01:00,85.13970580494393
2018-01-11 13:00:00+01:00,83.85187791738866
2018-01-11 14:00:00+01:00,84.16730207556985
2018-01-11 15:00:00+01:00,85.7089685958836
2018-01-11 16:00:00+01:00,85.20397443397228
2018-01-11 17:00:00+01:00,86.65826381343956
2018-01-11 18:00:00+01:00,89.6876962861221
2018-01-11 19:00:00+01:00,90.49687488472424
2018-01-11 20:00:00+01:00,91.37695133076899
2018-01-11 21:00:00+01:00,91.56031239464482
2018-01-11 22:00:00+01:00,81.91864340540974
2018-01-11 23:00:00+01:00,81.52783571764112
2018-01-12 00:00:00+01:00,67.88017832078448
2018-01-12 01:00:00+01:00,66.16919699216835
2018-01-12 02:00:00+01:00,61.17120241486918
2018-01-12 03:00:00+01:00,61.67506407262934
2018-01-12 04:00:00+01:00,60.93015119817452
2018-01-12 05:00:00+01:00,62.305559727694785
2018-01-12 06:00:00+01:00,67.29917657277787
2018-01-12 07:00:00+01:00,75.89196787373412
2018-01-12 08:00:00+01:00,80.07275154606354
2018-01-12 09:00:00+01:00,84.40039496636805
2018-01-12 10:00:00+01:00,86.8779323082841
2018-01-12 11:00:00+01:00,86.74265891440618
2018-01-12 12:00:00+01:00,86.96222691016331
2018-01-12 13:00:00+01:00,87.14824939086262
2018-01-12 14:00:00+01:00,85.41780051519636
2018-01-12 15:00:00+01:00,84.45255365097753
2018-01-12 16:00:00+01:00,82.03298105475571
2018-01-12 17:00:00+01:00,86.05757583808823
2018-01-12 18:00:00+01:00,89.71789817862387
2018-01-12 19:00:00+01:00,93.71662636860432
2018-01-12 20:00:00+01:00,88.54205729228845
2018-01-12 21:00:00+01:00,88.98328630484734
2018-01-12 22:00:00+01:00,82.21677490355746
2018-01-12 23:00:00+01:00,79.0809653049249
2018-01-13 00:00:00+01:00,70.84743058499967
2018-01-13 01:00:00+01:00,63.53282856302665
2018-01-13 02:00:00+01:00,59.42270013184371
2018-01-13 03:00:00+01:00,59.150390723055
2018-01-13 04:00:00+01:00,57.765458348711945
2018-01-13 05:00:00+01:00,58.57509644006099
2018-01-13 06:00:00+01:00,56.22216031554045
2018-01-13 07:00:00+01:00,60.90583656908097
2018-01-13 08:00:00+01:00,68.37338790558275
2018-01-13 09:00:00+01:00,66.69665107047787
2018-01-13 10:00:00+01:00,73.06504480235151
2018-01-13 11:00:00+01:00,71.4844766591896
2018-01-13 12:00:00+01:00,71.54049230399654
2018-01-13 13:00:00+01:00,68.77557086273139
2018-01-13 14:00:00+01:00,68.97972633510992
2018-01-13 15:00:00+01:00,69.42258918502344
2018-01-13 16:00:00+01:00,71.60847949062084
2018-01-13 17:00:00+01:00,77.31356375859458
2018-01-13 18:00:00+01:00,79.08859058390357
2018-01-13 19:00:00+01:00,82.72646875723754
2018-01-13 20:00:00+01:00,81.6553188153413
2018-01-13 21:00:00+01:00,79.58379317983616
2018-01-13 22:00:00+01:00,74.59797900642609
2018-01-13 23:00:00+01:00,71.58711753817197
2018-01-14 00:00:00+01:00,66.39437112774175
2018-01-14 01:00:00+01:00,62.929749108297294
2018-01-14 02:00:00+01:00,60.344214698889154
2018-01-14 03:00:00+01:00,58.654983848817594
2018-01-14 04:00:00+01:00,55.90626148788431
2018-01-14 05:00:00+01:00,52.74435581762681
2018-01-14 06:00:00+01:00,56.13819323048724
2018-01-14 07:00:00+01:00,60.21977813229996
2018-01-14 08:00:00+01:00,61.91609381882382
2018-01-14 09:00:00+01:00,64.74574922519537
2018-01-14 10:00:00+01:00,70.39414171842779
2018-01-14 11:00:00+01:00,71.79595022989174
2018-01-14 12:00:00+01:00,72.80297599546329
2018-01-14 13:00:00+01:00,71.69289123465205
2018-01-14 14:00:00+01:00,70.78750602037259
2018-01-14 15:00:00+01:00,69.61208141823802
2018-01-14 16:00:00+01:00,68.3066403571645
2018-01-14 17:00:00+01:00,75.46155448925819
2018-01-14 18:00:00+01:00,80.86214590562031
2018-01-14 19:00:00+01:00,84.9121008545009
2018-01-14 20:00:00+01:00,82.0671863579084
2018-01-14 21:00:00+01:00,81.36288023519235
2018-01-14 22:00:00+01:00,78.46848458297899
2018-01-14 23:00:00+01:00,74.48425062827789
2018-01-15 00:00:00+01:00,70.15015809627191
2018-01-15 01:00:00+01:00,66.57939497395607
2018-01-15 02:00:00+01:00,60.510503402559195
2018-01-15 03:00:00+01:00,58.480214481677976
2018-01-15 04:00:00+01:00,57.02451628758072
2018-01-15 05:00:00+01:00,56.98505653547295
2018-01-15 06:00:00+01:00,66.47330457323604
2018-01-15 07:00:00+01:00,75.21746064576763
2018-01-15 08:00:00+01:00,82.328523569619
2018-01-15 09:00:00+01:00,84.72432867404615
2018-01-15 10:00:00+01:00,83.17276733065272
2018-01-15 11:00:00+01:00,86.01554696618263
2018-01-15 12:00:00+01:00,84.3726622190908
2018-01-15 13:00:00+01:00,83.20512351991651
2018-01-15 14:00:00+01:00,83.85549876685153
2018-01-15 15:00:00+01:00,81.94689402767341
2018-01-15 16:00:00+01:00,82.48946277347171
2018-01-15 17:00:00+01:00,85.0904252947094
2018-01-15 18:00:00+01:00,87.94257819042251
2018-01-15 19:00:00+01:00,91.78202731181955
2018-01-15 20:00:00+01:00,87.7251563458232
2018-01-15 21:00:00+01:00,85.81168517370115
2018-01-15 22:00:00+01:00,80.65657033918883
2018-01-15 23:00:00+01:00,74.11212709526077
2018-01-16 00:00:00+01:00,65.94480491090263
2018-01-16 01:00:00+01:00,62.79095870419241
2018-01-16 02:00:00+01:00,55.99689038853348
2018-01-16 03:00:00+01:00,56.22158467343066
2018-01-16 04:00:00+01:00,54.70243147367543
2018-01-16 05:00:00+01:00,55.45772458552582
2018-01-16 06:00:00+01:00,65.44841198033895
2018-01-16 07:00:00+01:00,72.62716493057597
2018-01-16 08:00:00+01:00,82.34963062478927
2018-01-16 09:00:00+01:00,83.9525335445411
2018-01-16 10:00:00+01:00,86.77683621452196
2018-01-16 11:00:00+01:00,86.23185612416351
2018-01-16 12:00:00+01:00,83.97451557442056
2018-01-16 13:00:00+01:00,83.21019460506322
2018-01-16 14:00:00+01:00,82.27053266188742
2018-01-16 15:00:00+01:00,78.69249140015921
2018-01-16 16:00:00+01:00,79.5069638454008
2018-01-16 17:00:00+01:00,88.30886575334162
2018-01-16 18:00:00+01:00,86.97781865543817
2018-01-16 19:00:00+01:00,91.35712046243499
2018-01-16 20:00:00+01:00,88.92849623494675
2018-01-16 21:00:00+01:00,89.75114664665557
2018-01-16 22:00:00+01:00,82.22417545794902
2018-01-16 23:00:00+01:00,74.36989747045963
2018-01-17 00:00:00+01:00,63.391964007381155
2018-01-17 01:00:00+01:00,59.10279599846003
2018-01-17 02:00:00+01:00,54.99623759311557
2018-01-17 03:00:00+01:00,52.913900270821564
2018-01-17 04:00:00+01:00,53.80194796947524
2018-01-17 05:00:00+01:00,51.821398659589214
2018-01-17 06:00:00+01:00,59.596534056931304
2018-01-17 07:00:00+01:00,72.48936240436528
2018-01-17 08:00:00+01:00,84.61094550552157
2018-01-17 09:00:00+01:00,85.94734970104672
2018-01-17 10:00:00+01:00,87.47642335410268
2018-01-17 11:00:00+01:00,84.72625056598126
2018-01-17 12:00:00+01:00,82.60027992420068
2018-01-17 13:00:00+01:00,78.1463595112903
2018-01-17 14:00:00+01:00,77.79401900021486
2018-01-17 15:00:00+01:00,76.79455446494967
2018-01-17 16:00:00+01:00,78.05786117991363
2018-01-17 17:00:00+01:00,81.35734578067942
2018-01-17 18:00:00+01:00,89.24787771984299
2018-01-17 19:00:00+01:00,92.74542311209996
2018-01-17 20:00:00+01:00,90.52183010818364
2018-01-17 21:00:00+01:00,89.79555702716573
2018-01-17 22:00:00+01:00,86.47751934830114
2018-01-17 23:00:00+01:00,82.23675690238082
2018-01-18 00:00:00+01:00,71.50742602905055
2018-01-18 01:00:00+01:00,66.99784086263055
2018-01-18 02:00:00+01:00,60.51848699299747
2018-01-18 03:00:00+01:00,60.71745666730569
2018-01-18 04:00:00+01:00,60.07600514528553
2018-01-18 05:00:00+01:00,60.64625480810723
2018-01-18 06:00:00+01:00,67.53137843766997
2018-01-18 07:00:00+01:00,80.891549184081
2018-01-18 08:00:00+01:00,87.88071722297278
2018-01-18 09:00:00+01:00,89.52152912682425
2018-01-18 10:00:00+01:00,90.3367086371864
2018-01-18 11:00:00+01:00,88.95963756114891
2018-01-18 12:00:00+01:00,87.71471878552629
2018-01-18 13:00:00+01:00,86.38863749310987
2018-01-18 14:00:00+01:00,87.0364425610917
2018-01-18 15:00:00+01:00,82.96231552733272
2018-01-18 16:00:00+01:00,85.7476298841786
2018-01-18 17:00:00+01:00,88.41236320337228
2018-01-18 18:00:00+01:00,91.00752313200951
2018-01-18 19:00:00+01:00,95.79778912143662
2018-01-18 20:00:00+01:00,91.98776446343929
2018-01-18 21:00:00+01:00,89.5948274068572
2018-01-18 22:00:00+01:00,85.42760436190991
2018-01-18 23:00:00+01:00,83.24089960886549
2018-01-19 00:00:00+01:00,74.81838533224614
2018-01-19 01:00:00+01:00,72.04145373162973
2018-01-19 02:00:00+01:00,65.4489749892228
2018-01-19 03:00:00+01:00,61.910949028521195
2018-01-19 04:00:00+01:00,61.52415285043335
2018-01-19 05:00:00+01:00,64.51043956847565
2018-01-19 06:00:00+01:00,71.64395746426703
2018-01-19 07:00:00+01:00,82.54755871694702
2018-01-19 08:00:00+01:00,87.91000280102956
2018-01-19 09:00:00+01:00,88.90524240131266
2018-01-19 10:00:00+01:00,89.53844226575848
2018-01-19 11:00:00+01:00,88.31908107953599
2018-01-19 12:00:00+01:00,87.01685699555239
2018-01-19 13:00:00+01:00,85.67112171035522
2018-01-19 14:00:00+01:00,84.00527887832655
2018-01-19 15:00:00+01:00,85.64165646895025
2018-01-19 16:00:00+01:00,86.70203286926225
2018-01-19 17:00:00+01:00,88.73841924857349
2018-01-19 18:00:00+01:00,93.9590166652027
2018-01-19 19:00:00+01:00,92.50595741744065
2018-01-19 20:00:00+01:00,91.42049878650779
2018-01-19 21:00:00+01:00,88.26327514524682
2018-01-19 22:00:00+01:00,83.13499473851584
2018-01-19 23:00:00+01:00,81.13622474049954
2018-01-20 00:00:00+01:00,75.37851449566583
2018-01-20 01:00:00+01:00,70.9512155583243
2018-01-20 02:00:00+01:00,66.53864918058133
2018-01-20 03:00:00+01:00,62.51526504495346
2018-01-20 04:00:00+01:00,63.29549307341451
2018-01-20 05:00:00+01:00,63.399996780404756
2018-01-20 06:00:00+01:00,65.14968666371912
2018-01-20 07:00:00+01:00,73.32354764313865
2018-01-20 08:00:00+01:00,74.35327372086728
2018-01-20 09:00:00+01:00,77.5560830893417
2018-01-20 10:00:00+01:00,79.60730614380753
2018-01-20 11:00:00+01:00,77.61915856418814
2018-01-20 12:00:00+01:00,76.35145119953685
2018-01-20 13:00:00+01:00,74.62575374135795
2018-01-20 14:00:00+01:00,73.33909456312162
2018-01-20 15:00:00+01:00,73.9769230462938
2018-01-20 16:00:00+01:00,73.48334832380594
2018-01-20 17:00:00+01:00,74.89218313059496
2018-01-20 18:00:00+01:00,82.14757906533661
2018-01-20 19:00:00+01:00,84.95225705366047
2018-01-20 20:00:00+01:00,84.22315846823903
2018-01-20 21:00:00+01:00,81.7099669388762
2018-01-20 22:00:00+01:00,77.72486920024474
2018-01-20 23:00:00+01:00,73.7148197269699
2018-01-21 00:00:00+01:00,64.23507785793902
2018-01-21 01:00:00+01:00,60.614660927854295
2018-01-21 02:00:00+01:00,57.56882902671872
2018-01-21 03:00:00+01:00,55.357367909977604
2018-01-21 04:00:00+01:00,53.17369161007485
2018-01-21 05:00:00+01:00,53.377593870071166
2018-01-21 06:00:00+01:00,54.988308028923356
2018-01-21 07:00:00+01:00,58.7213255823985
2018-01-21 08:00:00+01:00,60.72794144091403
2018-01-21 09:00:00+01:00,64.93585436331668
2018-01-21 10:00:00+01:00,69.15896160589135
2018-01-21 11:00:00+01:00,68.32196639854028
2018-01-21 12:00:00+01:00,68.64995286191022
2018-01-21 13:00:00+01:00,66.85106598838829
2018-01-21 14:00:00+01:00,62.61764133756309
2018-01-21 15:00:00+01:00,63.810172669433044
2018-01-21 16:00:00+01:00,63.54848098076811
2018-01-21 17:00:00+01:00,68.02233433145737
2018-01-21 18:00:00+01:00,77.69082109044979
2018-01-21 19:00:00+01:00,84.0254672254649
2018-01-21 20:00:00+01:00,83.23418070283985
2018-01-21 21:00:00+01:00,81.8474894292168
2018-01-21 22:00:00+01:00,78.74145876865822
2018-01-21 23:00:00+01:00,73.83300326664464
2018-01-22 00:00:00+01:00,65.59573706283693
2018-01-22 01:00:00+01:00,63.34172705760005
2018-01-22 02:00:00+01:00,59.662259616065725
2018-01-22 03:00:00+01:00,59.5643762833725
2018-01-22 04:00:00+01:00,59.63311988083189
2018-01-22 05:00:00+01:00,59.907827089775665
2018-01-22 06:00:00+01:00,68.08472522949313
2018-01-22 07:00:00+01:00,77.73207697172364
2018-01-22 08:00:00+01:00,83.45691846160354
2018-01-22 09:00:00+01:00,83.92866574748781
2018-01-22 10:00:00+01:00,85.55402549728966
2018-01-22 11:00:00+01:00,83.03252202196352
2018-01-22 12:00:00+01:00,82.5438275966647
2018-01-22 13:00:00+01:00,82.7950254260886
2018-01-22 14:00:00+01:00,80.27343693630014
2018-01-22 15:00:00+01:00,78.84954192636785
2018-01-22 16:00:00+01:00,80.83149203418678
2018-01-22 17:00:00+01:00,80.96339752094018
2018-01-22 18:00:00+01:00,90.07701578770121
2018-01-22 19:00:00+01:00,90.5469370842712
2018-01-22 20:00:00+01:00,88.21114210663865
2018-01-22 21:00:00+01:00,87.08274061952768
2018-01-22 22:00:00+01:00,82.10559381759735
2018-01-22 23:00:00+01:00,77.20202186753366
2018-01-23 00:00:00+01:00,68.96232030951674
2018-01-23 01:00:00+01:00,64.79895431548026
2018-01-23 02:00:00+01:00,62.60102434863897
2018-01-23 03:00:00+01:00,59.67364995575439
2018-01-23 04:00:00+01:00,59.19986072180535
2018-01-23 05:00:00+01:00,60.88718670717022
2018-01-23 06:00:00+01:00,68.37758149281932
2018-01-23 07:00:00+01:00,78.7586987745548
2018-01-23 08:00:00+01:00,83.73787407829431
2018-01-23 09:00:00+01:00,83.768244312622
2018-01-23 10:00:00+01:00,86.2552968894381
2018-01-23 11:00:00+01:00,84.86519702941833
2018-01-23 12:00:00+01:00,83.79724781355252
2018-01-23 13:00:00+01:00,84.2749661857163
2018-01-23 14:00:00+01:00,83.72649689898046
2018-01-23 15:00:00+01:00,85.6148092147501
2018-01-23 16:00:00+01:00,86.86201323736843
2018-01-23 17:00:00+01:00,89.5554342964876
2018-01-23 18:00:00+01:00,93.22266619177097
2018-01-23 19:00:00+01:00,95.47957042554302
2018-01-23 20:00:00+01:00,93.01485641775426
2018-01-23 21:00:00+01:00,88.49403647976193
2018-01-23 22:00:00+01:00,83.12765000055786
2018-01-23 23:00:00+01:00,78.46567027874842
2018-01-24 00:00:00+01:00,71.32592731435203
2018-01-24 01:00:00+01:00,67.32496972576052
2018-01-24 02:00:00+01:00,66.69645255999647
2018-01-24 03:00:00+01:00,62.466912041931295
2018-01-24 04:00:00+01:00,63.4803980329929
2018-01-24 05:00:00+01:00,60.00481225446714
2018-01-24 06:00:00+01:00,69.93614146016981
2018-01-24 07:00:00+01:00,78.82681163984238
2018-01-24 08:00:00+01:00,83.72408151003984
2018-01-24 09:00:00+01:00,86.45839109302815
2018-01-24 10:00:00+01:00,86.2656611653906
2018-01-24 11:00:00+01:00,86.10409834490117
2018-01-24 12:00:00+01:00,83.49294166521858
2018-01-24 13:00:00+01:00,82.22434454935417
2018-01-24 14:00:00+01:00,81.94073844129491
2018-01-24 15:00:00+01:00,82.84493625713203
2018-01-24 16:00:00+01:00,83.62508421894543
2018-01-24 17:00:00+01:00,86.4003511582328
2018-01-24 18:00:00+01:00,91.49191568135983
2018-01-24 19:00:00+01:00,91.24072243310016
2018-01-24 20:00:00+01:00,86.30052242649609
2018-01-24 21:00:00+01:00,85.64745855701705
2018-01-24 22:00:00+01:00,82.5526811752275
2018-01-24 23:00:00+01:00,77.89137741069324
2018-01-25 00:00:00+01:00,71.9193213699527
2018-01-25 01:00:00+01:00,65.99824726333016
2018-01-25 02:00:00+01:00,62.92564851823825
2018-01-25 03:00:00+01:00,61.442220234209586
2018-01-25 04:00:00+01:00,60.96447296548146
2018-01-25 05:00:00+01:00,60.172357337649515
2018-01-25 06:00:00+01:00,71.2408312835854
2018-01-25 07:00:00+01:00,81.46352986051903
2018-01-25 08:00:00+01:00,84.42412866968374
2018-01-25 09:00:00+01:00,84.44489060318026
2018-01-25 10:00:00+01:00,86.17947495344474
2018-01-25 11:00:00+01:00,87.75699909555212
2018-01-25 12:00:00+01:00,86.4623926277987
2018-01-25 13:00:00+01:00,82.39128334995387
2018-01-25 14:00:00+01:00,83.19563969268933
2018-01-25 15:00:00+01:00,84.06355522874132
2018-01-25 16:00:00+01:00,84.69805800528019
2018-01-25 17:00:00+01:00,90.7102391123364
2018-01-25 18:00:00+01:00,90.71783749588512
2018-01-25 19:00:00+01:00,91.1522890946614
2018-01-25 20:00:00+01:00,88.66371740128886
2018-01-25 21:00:00+01:00,82.95117709053197
2018-01-25 22:00:00+01:00,81.59957540625743
2018-01-25 23:00:00+01:00,79.27764195863386
2018-01-26 00:00:00+01:00,69.15493441987972
2018-01-26 01:00:00+01:00,65.44618517393019
2018-01-26 02:00:00+01:00,58.43455995449485
2018-01-26 03:00:00+01:00,57.545190668315826
2018-01-26 04:00:00+01:00,51.43537919294023
2018-01-26 05:00:00+01:00,53.94933596643875
2018-01-26 06:00:00+01:00,60.087692670383944
2018-01-26 07:00:00+01:00,74.65734680859286
2018-01-26 08:00:00+01:00,81.91369490939924
2018-01-26 09:00:00+01:00,84.35752306979867
2018-01-26 10:00:00+01:00,81.3754950281458
2018-01-26 11:00:00+01:00,81.24246809204875
2018-01-26 12:00:00+01:00,83.34794145176386
2018-01-26 13:00:00+01:00,80.04325987032672
2018-01-26 14:00:00+01:00,80.00871314348296
2018-01-26 15:00:00+01:00,79.3782652701408
2018-01-26 16:00:00+01:00,79.14943250874381
2018-01-26 17:00:00+01:00,87.71199672803029
2018-01-26 18:00:00+01:00,85.97043596661693
2018-01-26 19:00:00+01:00,87.37504954601508
2018-01-26 20:00:00+01:00,87.88248044697468
2018-01-26 21:00:00+01:00,85.52449613364159
2018-01-26 22:00:00+01:00,77.61366826505079
2018-01-26 23:00:00+01:00,77.14104384455189
2018-01-27 00:00:00+01:00,61.55123115901795
2018-01-27 01:00:00+01:00,60.69001166698744
2018-01-27 02:00:00+01:00,56.64835281923797
2018-01-27 03:00:00+01:00,56.29790458665977
2018-01-27 04:00:00+01:00,51.830391938698924
2018-01-27 05:00:00+01:00,55.149558316758686
2018-01-27 06:00:00+01:00,53.94098056250923
2018-01-27 07:00:00+01:00,64.3481192541977
2018-01-27 08:00:00+01:00,64.70956650778984
2018-01-27 09:00:00+01:00,71.04246306871286
2018-01-27 10:00:00+01:00,72.89973933694363
2018-01-27 11:00:00+01:00,67.43932442721585
2018-01-27 12:00:00+01:00,67.8670245931819
2018-01-27 13:00:00+01:00,65.65916126338
2018-01-27 14:00:00+01:00,61.93912935845315
2018-01-27 15:00:00+01:00,63.479852402466314
2018-01-27 16:00:00+01:00,61.22209449937215
2018-01-27 17:00:00+01:00,65.74991772758258
2018-01-27 18:00:00+01:00,73.25068019762514
2018-01-27 19:00:00+01:00,78.0914183071344
2018-01-27 20:00:00+01:00,77.66169434489053
2018-01-27 21:00:00+01:00,75.23330809084544
2018-01-27 22:00:00+01:00,70.76650135620768
2018-01-27 23:00:00+01:00,69.15798782071643
2018-01-28 00:00:00+01:00,63.29563039173395
2018-01-28 01:00:00+01:00,60.66535111102878
2018-01-28 02:00:00+01:00,56.36725634313353
2018-01-28 03:00:00+01:00,57.298729948917575
2018-01-28 04:00:00+01:00,56.204980712469144
2018-01-28 05:00:00+01:00,54.4869305119928
2018-01-28 06:00:00+01:00,53.773355372833144
2018-01-28 07:00:00+01:00,52.63913822729355
2018-01-28 08:00:00+01:00,56.414133358171014
2018-01-28 09:00:00+01:00,60.493477551812965
2018-01-28 10:00:00+01:00,64.40636810892329
2018-01-28 11:00:00+01:00,61.35174921315765
2018-01-28 12:00:00+01:00,61.18562219737581
2018-01-28 13:00:00+01:00,59.17054613428265
2018-01-28 14:00:00+01:00,58.109042419544444
2018-01-28 15:00:00+01:00,56.60874462159631
2018-01-28 16:00:00+01:00,55.579580523021505
2018-01-28 17:00:00+01:00,60.05800391418543
2018-01-28 18:00:00+01:00,68.66794595447462
2018-01-28 19:00:00+01:00,75.78896839903052
2018-01-28 20:00:00+01:00,74.55049715935115
2018-01-28 21:00:00+01:00,72.20034645650277
2018-01-28 22:00:00+01:00,72.63216559281986
2018-01-28 23:00:00+01:00,67.90267075976145
2018-01-29 00:00:00+01:00,64.66398639548903
2018-01-29 01:00:00+01:00,62.22413345450287
2018-01-29 02:00:00+01:00,59.02722944466551
2018-01-29 03:00:00+01:00,57.27565988200214
2018-01-29 04:00:00+01:00,56.85787873884882
2018-01-29 05:00:00+01:00,57.95910176983685
2018-01-29 06:00:00+01:00,66.40221258424708
2018-01-29 07:00:00+01:00,76.58810353871469
2018-01-29 08:00:00+01:00,79.18214007598918
2018-01-29 09:00:00+01:00,80.96449915976336
2018-01-29 10:00:00+01:00,82.27924329942078
2018-01-29 11:00:00+01:00,84.36911429444295
2018-01-29 12:00:00+01:00,83.16890657649938
2018-01-29 13:00:00+01:00,81.27994077975896
2018-01-29 14:00:00+01:00,79.19782721903249
2018-01-29 15:00:00+01:00,78.51635796668631
2018-01-29 16:00:00+01:00,77.46927884015953
2018-01-29 17:00:00+01:00,83.64252593991789
2018-01-29 18:00:00+01:00,86.32215270575443
2018-01-29 19:00:00+01:00,91.2409809073088
2018-01-29 20:00:00+01:00,89.87386693716077
2018-01-29 21:00:00+01:00,87.5882901292216
2018-01-29 22:00:00+01:00,82.0167972864664
2018-01-29 23:00:00+01:00,76.71135492602076
2018-01-30 00:00:00+01:00,72.39888538114702
2018-01-30 01:00:00+01:00,64.5356882014133
2018-01-30 02:00:00+01:00,59.57328416061945
2018-01-30 03:00:00+01:00,61.561221752184515
2018-01-30 04:00:00+01:00,61.55105977303687
2018-01-30 05:00:00+01:00,61.24062978216962
2018-01-30 06:00:00+01:00,68.77495320769962
2018-01-30 07:00:00+01:00,81.15106678602042
2018-01-30 08:00:00+01:00,85.90808441132246
2018-01-30 09:00:00+01:00,85.06611999789003
2018-01-30 10:00:00+01:00,86.14352980868829
2018-01-30 11:00:00+01:00,86.38581119914295
2018-01-30 12:00:00+01:00,85.38747278874379
2018-01-30 13:00:00+01:00,84.9680492044987
2018-01-30 14:00:00+01:00,83.89671634401
2018-01-30 15:00:00+01:00,83.26116605072875
2018-01-30 16:00:00+01:00,84.85829104250149
2018-01-30 17:00:00+01:00,86.27900438363267
2018-01-30 18:00:00+01:00,89.7765567056839
2018-01-30 19:00:00+01:00,93.01264791026375
2018-01-30 20:00:00+01:00,89.79806700001184
2018-01-30 21:00:00+01:00,86.67275873725225
2018-01-30 22:00:00+01:00,82.38411468854333
2018-01-30 23:00:00+01:00,76.85652399670256
2018-01-31 00:00:00+01:00,72.62795913605359
2018-01-31 01:00:00+01:00,67.92670574250458
2018-01-31 02:00:00+01:00,63.83092165160737
2018-01-31 03:00:00+01:00,63.301210171927046
2018-01-31 04:00:00+01:00,61.67391315737281
2018-01-31 05:00:00+01:00,64.25734664812872
2018-01-31 06:00:00+01:00,70.94715875239814
2018-01-31 07:00:00+01:00,79.79302954806207
2018-01-31 08:00:00+01:00,84.64749955365066
2018-01-31 09:00:00+01:00,85.84854368834758
2018-01-31 10:00:00+01:00,86.81055588391037
2018-01-31 11:00:00+01:00,85.06724441104454
2018-01-31 12:00:00+01:00,84.25014020955369
2018-01-31 13:00:00+01:00,82.6192896956889
2018-01-31 14:00:00+01:00,82.15456220307418
2018-01-31 15:00:00+01:00,81.64476372384185
2018-01-31 16:00:00+01:00,82.2309371960858
2018-01-31 17:00:00+01:00,81.96218950482233
2018-01-31 18:00:00+01:00,85.59860512303234
2018-01-31 19:00:00+01:00,88.22935956251268
2018-01-31 20:00:00+01:00,87.7408496542387
2018-01-31 21:00:00+01:00,85.54706302009579
2018-01-31 22:00:00+01:00,79.77350182185019
2018-01-31 23:00:00+01:00,75.9704121557024
2018-02-01 00:00:00+01:00,65.02555495677402
2018-02-01 01:00:00+01:00,64.00870865758648
2018-02-01 02:00:00+01:00,61.200459265835164
2018-02-01 03:00:00+01:00,59.551996733863795
2018-02-01 04:00:00+01:00,58.37652122340338
2018-02-01 05:00:00+01:00,54.749553286681056
2018-02-01 06:00:00+01:00,62.8318477183882
2018-02-01 07:00:00+01:00,69.6127629557989
2018-02-01 08:00:00+01:00,74.4124713421619
2018-02-01 09:00:00+01:00,75.10676085140638
2018-02-01 10:00:00+01:00,77.29473152091514
2018-02-01 11:00:00+01:00,75.81671457503167
2018-02-01 12:00:00+01:00,73.93409089382284
2018-02-01 13:00:00+01:00,72.22322708249698
2018-02-01 14:00:00+01:00,73.38114297262474
2018-02-01 15:00:00+01:00,66.66710339402242
2018-02-01 16:00:00+01:00,65.52203376572453
2018-02-01 17:00:00+01:00,70.05935684581895
2018-02-01 18:00:00+01:00,73.5197543490144
2018-02-01 19:00:00+01:00,74.2088209242957
2018-02-01 20:00:00+01:00,76.56943858381791
2018-02-01 21:00:00+01:00,75.26826862968299
2018-02-01 22:00:00+01:00,72.5856502503787
2018-02-01 23:00:00+01:00,69.64788749296184
2018-02-02 00:00:00+01:00,47.77684367381328
2018-02-02 01:00:00+01:00,41.9603145001699
2018-02-02 02:00:00+01:00,42.09977573272501
2018-02-02 03:00:00+01:00,41.061889040778325
2018-02-02 04:00:00+01:00,42.92430078006679
2018-02-02 05:00:00+01:00,40.33253038956049
2018-02-02 06:00:00+01:00,48.38021438100974
2018-02-02 07:00:00+01:00,61.09330688859448
2018-02-02 08:00:00+01:00,68.45998201142051
2018-02-02 09:00:00+01:00,67.48849238987182
2018-02-02 10:00:00+01:00,71.36356752485975
2018-02-02 11:00:00+01:00,70.49377783442604
2018-02-02 12:00:00+01:00,64.50645071002776
2018-02-02 13:00:00+01:00,68.21176323010761
2018-02-02 14:00:00+01:00,61.77065158402427
2018-02-02 15:00:00+01:00,58.71674497262463
2018-02-02 16:00:00+01:00,61.873277144098324
2018-02-02 17:00:00+01:00,64.11543853122923
2018-02-02 18:00:00+01:00,70.47888055329851
2018-02-02 19:00:00+01:00,73.76141074567448
2018-02-02 20:00:00+01:00,73.10656849172314
2018-02-02 21:00:00+01:00,70.1631484950736
2018-02-02 22:00:00+01:00,62.061612968733925
2018-02-02 23:00:00+01:00,57.62115240590173
2018-02-03 00:00:00+01:00,51.41450578629863
2018-02-03 01:00:00+01:00,48.03250621423545
2018-02-03 02:00:00+01:00,48.21670449883831
2018-02-03 03:00:00+01:00,42.44214409172326
2018-02-03 04:00:00+01:00,44.709578482689615
2018-02-03 05:00:00+01:00,45.79097790916816
2018-02-03 06:00:00+01:00,47.41893823033104
2018-02-03 07:00:00+01:00,53.63560589595823
2018-02-03 08:00:00+01:00,56.935745480108615
2018-02-03 09:00:00+01:00,59.70916511117933
2018-02-03 10:00:00+01:00,60.52179957945764
2018-02-03 11:00:00+01:00,61.42330007307298
2018-02-03 12:00:00+01:00,61.3977078060341
2018-02-03 13:00:00+01:00,56.60219051585581
2018-02-03 14:00:00+01:00,53.914911489149915
2018-02-03 15:00:00+01:00,50.408798024476354
2018-02-03 16:00:00+01:00,49.795968346685456
2018-02-03 17:00:00+01:00,52.74559361651548
2018-02-03 18:00:00+01:00,60.80662938785146
2018-02-03 19:00:00+01:00,64.70047100840912
2018-02-03 20:00:00+01:00,67.68297032197059
2018-02-03 21:00:00+01:00,63.09773022437121
2018-02-03 22:00:00+01:00,58.772677078365774
2018-02-03 23:00:00+01:00,58.43515695024614
2018-02-04 00:00:00+01:00,42.21051240962309
2018-02-04 01:00:00+01:00,39.36645022913914
2018-02-04 02:00:00+01:00,40.11400559781643
2018-02-04 03:00:00+01:00,37.265552846780984
2018-02-04 04:00:00+01:00,39.49807136234154
2018-02-04 05:00:00+01:00,39.066669336619576
2018-02-04 06:00:00+01:00,42.62512618432481
2018-02-04 07:00:00+01:00,48.40210050177781
2018-02-04 08:00:00+01:00,51.776539866258915
2018-02-04 09:00:00+01:00,55.998769627213086
2018-02-04 10:00:00+01:00,60.03466063533467
2018-02-04 11:00:00+01:00,61.407269342508705
2018-02-04 12:00:00+01:00,59.43774042601976
2018-02-04 13:00:00+01:00,59.384937018813424
2018-02-04 14:00:00+01:00,58.854883726573426
2018-02-04 15:00:00+01:00,57.88024687910949
2018-02-04 16:00:00+01:00,54.71235563214206
2018-02-04 17:00:00+01:00,58.037908806835674
2018-02-04 18:00:00+01:00,63.03146529199298
2018-02-04 19:00:00+01:00,69.30478710732483
2018-02-04 20:00:00+01:00,68.19164575590452
2018-02-04 21:00:00+01:00,62.25199610889565
2018-02-04 22:00:00+01:00,60.18137416191694
2018-02-04 23:00:00+01:00,57.65834651835104
2018-02-05 00:00:00+01:00,51.04481168705983
2018-02-05 01:00:00+01:00,46.548443711763184
2018-02-05 02:00:00+01:00,44.78038835783719
2018-02-05 03:00:00+01:00,43.20355154904261
2018-02-05 04:00:00+01:00,42.947342476221884
2018-02-05 05:00:00+01:00,44.67100531056114
2018-02-05 06:00:00+01:00,52.574886016091405
2018-02-05 07:00:00+01:00,58.312446702781315
2018-02-05 08:00:00+01:00,61.76052222765387
2018-02-05 09:00:00+01:00,63.45265962749915
2018-02-05 10:00:00+01:00,63.73353105575353
2018-02-05 11:00:00+01:00,65.29128007405102
2018-02-05 12:00:00+01:00,66.88867089360106
2018-02-05 13:00:00+01:00,64.33002254324857
2018-02-05 14:00:00+01:00,62.247480364112825
2018-02-05 15:00:00+01:00,61.324743789173134
2018-02-05 16:00:00+01:00,64.3237877909321
2018-02-05 17:00:00+01:00,67.92070682108888
2018-02-05 18:00:00+01:00,70.31119912492714
2018-02-05 19:00:00+01:00,71.77082165879222
2018-02-05 20:00:00+01:00,68.94401230766421
2018-02-05 21:00:00+01:00,66.07776215820168
2018-02-05 22:00:00+01:00,56.55280159197377
2018-02-05 23:00:00+01:00,51.65980662971133
2018-02-06 00:00:00+01:00,51.495695968662275
2018-02-06 01:00:00+01:00,50.30219243558661
2018-02-06 02:00:00+01:00,43.50430851372182
2018-02-06 03:00:00+01:00,40.96013743733173
2018-02-06 04:00:00+01:00,42.274392745865505
2018-02-06 05:00:00+01:00,42.85151608790349
2018-02-06 06:00:00+01:00,54.2942055025726
2018-02-06 07:00:00+01:00,62.61770695651035
2018-02-06 08:00:00+01:00,69.17245684081001
2018-02-06 09:00:00+01:00,68.7614773161606
2018-02-06 10:00:00+01:00,71.25667414194837
2018-02-06 11:00:00+01:00,69.80574161056138
2018-02-06 12:00:00+01:00,65.27136126132541
2018-02-06 13:00:00+01:00,66.81838276353074
2018-02-06 14:00:00+01:00,65.42603260139045
2018-02-06 15:00:00+01:00,61.29421091623699
2018-02-06 16:00:00+01:00,63.53223326782666
2018-02-06 17:00:00+01:00,67.0335362515344
2018-02-06 18:00:00+01:00,72.70446559354242
2018-02-06 19:00:00+01:00,73.05826640559361
2018-02-06 20:00:00+01:00,74.1394350567055
2018-02-06 21:00:00+01:00,70.8886759798621
2018-02-06 22:00:00+01:00,67.68038469194565
2018-02-06 23:00:00+01:00,62.254510034337045
2018-02-07 00:00:00+01:00,57.097269384553215
2018-02-07 01:00:00+01:00,51.23270230782404
2018-02-07 02:00:00+01:00,51.32560233095389
2018-02-07 03:00:00+01:00,48.86632555413489
2018-02-07 04:00:00+01:00,49.727999742143204
2018-02-07 05:00:00+01:00,52.45801062008114
2018-02-07 06:00:00+01:00,58.580673694987205
2018-02-07 07:00:00+01:00,68.73955743003881
2018-02-07 08:00:00+01:00,74.21001096499786
2018-02-07 09:00:00+01:00,76.68996109396409
2018-02-07 10:00:00+01:00,75.1492117216789
2018-02-07 11:00:00+01:00,74.41971897531961
2018-02-07 12:00:00+01:00,72.35672945873111
2018-02-07 13:00:00+01:00,71.8911193612866
2018-02-07 14:00:00+01:00,70.0752714046382
2018-02-07 15:00:00+01:00,67.21411259440704
2018-02-07 16:00:00+01:00,65.77615016226987
2018-02-07 17:00:00+01:00,70.61361844267678
2018-02-07 18:00:00+01:00,73.83462321688371
2018-02-07 19:00:00+01:00,78.62730162965103
2018-02-07 20:00:00+01:00,77.91465399473547
2018-02-07 21:00:00+01:00,74.22568950750752
2018-02-07 22:00:00+01:00,68.75246872912363
2018-02-07 23:00:00+01:00,66.99383301762323
2018-02-08 00:00:00+01:00,61.68898154425902
2018-02-08 01:00:00+01:00,59.23530332900802
2018-02-08 02:00:00+01:00,53.88824189194194
2018-02-08 03:00:00+01:00,52.47004627611779
2018-02-08 04:00:00+01:00,52.37744621031685
2018-02-08 05:00:00+01:00,54.37397099272967
2018-02-08 06:00:00+01:00,61.442027018480424
2018-02-08 07:00:00+01:00,70.37626945309265
2018-02-08 08:00:00+01:00,73.08509820212751
2018-02-08 09:00:00+01:00,76.06229537823042
2018-02-08 10:00:00+01:00,77.40561649014724
2018-02-08 11:00:00+01:00,76.1899523269247
2018-02-08 12:00:00+01:00,74.2520711291792
2018-02-08 13:00:00+01:00,73.85637534079287
2018-02-08 14:00:00+01:00,71.95454675316395
2018-02-08 15:00:00+01:00,71.2279892007413
2018-02-08 16:00:00+01:00,71.88112194424855
2018-02-08 17:00:00+01:00,75.4857512320035
2018-02-08 18:00:00+01:00,80.01473465523524
2018-02-08 19:00:00+01:00,80.4652768568198
2018-02-08 20:00:00+01:00,80.18922477151952
2018-02-08 21:00:00+01:00,77.92968468050239
2018-02-08 22:00:00+01:00,72.78010845897187
2018-02-08 23:00:00+01:00,67.79313480448832
2018-02-09 00:00:00+01:00,62.34677219181578
2018-02-09 01:00:00+01:00,59.08414769042075
2018-02-09 02:00:00+01:00,53.91155591056565
2018-02-09 03:00:00+01:00,51.71093429357955
2018-02-09 04:00:00+01:00,53.10918989536074
2018-02-09 05:00:00+01:00,54.64136740878405
2018-02-09 06:00:00+01:00,61.96029707430111
2018-02-09 07:00:00+01:00,69.25327730694616
2018-02-09 08:00:00+01:00,72.98187759095701
2018-02-09 09:00:00+01:00,75.4444050160093
2018-02-09 10:00:00+01:00,76.99426427337696
2018-02-09 11:00:00+01:00,75.72057283513999
2018-02-09 12:00:00+01:00,75.87318950543897
2018-02-09 13:00:00+01:00,76.29497528850128
2018-02-09 14:00:00+01:00,73.04411008386195
2018-02-09 15:00:00+01:00,71.04492344004952
2018-02-09 16:00:00+01:00,68.4408060168064
2018-02-09 17:00:00+01:00,71.45711383626988
2018-02-09 18:00:00+01:00,79.33490469836495
2018-02-09 19:00:00+01:00,77.92594353709029
2018-02-09 20:00:00+01:00,78.50029834742756
2018-02-09 21:00:00+01:00,76.82564106141153
2018-02-09 22:00:00+01:00,71.88218793747066
2018-02-09 23:00:00+01:00,65.0071875118169
2018-02-10 00:00:00+01:00,56.67361509136667
2018-02-10 01:00:00+01:00,54.759001553169966
2018-02-10 02:00:00+01:00,51.21694626503701
2018-02-10 03:00:00+01:00,52.512241678497396
2018-02-10 04:00:00+01:00,49.50716807482997
2018-02-10 05:00:00+01:00,50.35040352412815
2018-02-10 06:00:00+01:00,47.489743187003455
2018-02-10 07:00:00+01:00,56.837025344514096
2018-02-10 08:00:00+01:00,61.07366102674199
2018-02-10 09:00:00+01:00,61.75594267671795
2018-02-10 10:00:00+01:00,64.8799198774416
2018-02-10 11:00:00+01:00,62.603145722391766
2018-02-10 12:00:00+01:00,62.50918367207967
2018-02-10 13:00:00+01:00,61.76751621356979
2018-02-10 14:00:00+01:00,59.968495808170225
2018-02-10 15:00:00+01:00,58.05202719303364
2018-02-10 16:00:00+01:00,59.09237616588988
2018-02-10 17:00:00+01:00,61.59270948832409
2018-02-10 18:00:00+01:00,66.75572115848263
2018-02-10 19:00:00+01:00,70.33426957116608
2018-02-10 20:00:00+01:00,72.94362716714087
2018-02-10 21:00:00+01:00,71.0319050104641
2018-02-10 22:00:00+01:00,64.1734111399123
2018-02-10 23:00:00+01:00,63.38737649857945
2018-02-11 00:00:00+01:00,56.10933143595409
2018-02-11 01:00:00+01:00,53.53299215399477
2018-02-11 02:00:00+01:00,52.92272176987849
2018-02-11 03:00:00+01:00,49.72536892487755
2018-02-11 04:00:00+01:00,49.63693833915136
2018-02-11 05:00:00+01:00,49.06755546464236
2018-02-11 06:00:00+01:00,48.89396787782894
2018-02-11 07:00:00+01:00,55.38945624484101
2018-02-11 08:00:00+01:00,58.3894763264141
2018-02-11 09:00:00+01:00,59.60809570908038
2018-02-11 10:00:00+01:00,62.07295048537322
2018-02-11 11:00:00+01:00,61.787626165522965
2018-02-11 12:00:00+01:00,59.368651420806735
2018-02-11 13:00:00+01:00,56.88007032704631
2018-02-11 14:00:00+01:00,55.153443308135195
2018-02-11 15:00:00+01:00,54.91909922798669
2018-02-11 16:00:00+01:00,52.47317199012695
2018-02-11 17:00:00+01:00,55.45405449241439
2018-02-11 18:00:00+01:00,60.036269446566045
2018-02-11 19:00:00+01:00,62.036786261987665
2018-02-11 20:00:00+01:00,68.77238539262738
2018-02-11 21:00:00+01:00,66.30353002264211
2018-02-11 22:00:00+01:00,63.51168311013907
2018-02-11 23:00:00+01:00,61.297465856821965
2018-02-12 00:00:00+01:00,47.00079578548991
2018-02-12 01:00:00+01:00,44.541576182944496
2018-02-12 02:00:00+01:00,43.05087679015894
2018-02-12 03:00:00+01:00,41.173296334771905
2018-02-12 04:00:00+01:00,41.54055804785065
2018-02-12 05:00:00+01:00,43.39763997376648
2018-02-12 06:00:00+01:00,51.704120725369016
2018-02-12 07:00:00+01:00,59.80055351074467
2018-02-12 08:00:00+01:00,67.96064920267865
2018-02-12 09:00:00+01:00,69.78912604978612
2018-02-12 10:00:00+01:00,72.55111510868683
2018-02-12 11:00:00+01:00,73.70842828046264
2018-02-12 12:00:00+01:00,71.80820946111733
2018-02-12 13:00:00+01:00,69.51589785678001
2018-02-12 14:00:00+01:00,68.92326436700668
2018-02-12 15:00:00+01:00,67.90861337618234
2018-02-12 16:00:00+01:00,67.8722989110509
2018-02-12 17:00:00+01:00,68.93508612828018
2018-02-12 18:00:00+01:00,73.75243721149667
2018-02-12 19:00:00+01:00,75.28728334472697
2018-02-12 20:00:00+01:00,77.2285879064269
2018-02-12 21:00:00+01:00,77.71050487670747
2018-02-12 22:00:00+01:00,69.61364026570244
2018-02-12 23:00:00+01:00,66.74884514444236
2018-02-13 00:00:00+01:00,58.12534964696962
2018-02-13 01:00:00+01:00,56.912352426157035
2018-02-13 02:00:00+01:00,51.752711342591944
2018-02-13 03:00:00+01:00,48.806301083655846
2018-02-13 04:00:00+01:00,48.30827215110804
2018-02-13 05:00:00+01:00,49.43840067781298
2018-02-13 06:00:00+01:00,56.79589404935621
2018-02-13 07:00:00+01:00,67.75735164077884
2018-02-13 08:00:00+01:00,71.51154851308503
2018-02-13 09:00:00+01:00,72.23024692291465
2018-02-13 10:00:00+01:00,67.78062854793242
2018-02-13 11:00:00+01:00,66.87042214619683
2018-02-13 12:00:00+01:00,63.1811119252532
2018-02-13 13:00:00+01:00,62.818693330694636
2018-02-13 14:00:00+01:00,61.75281326006273
2018-02-13 15:00:00+01:00,58.34293083401978
2018-02-13 16:00:00+01:00,61.23437359911368
2018-02-13 17:00:00+01:00,61.24472566778751
2018-02-13 18:00:00+01:00,69.09589878478718
2018-02-13 19:00:00+01:00,66.33536303686816
2018-02-13 20:00:00+01:00,67.82602773375328
2018-02-13 21:00:00+01:00,66.40257940202439
2018-02-13 22:00:00+01:00,62.954119074562946
2018-02-13 23:00:00+01:00,59.38326725594492
2018-02-14 00:00:00+01:00,52.99597451734451
2018-02-14 01:00:00+01:00,48.48824882541792
2018-02-14 02:00:00+01:00,44.429695375017225
2018-02-14 03:00:00+01:00,43.988489616208724
2018-02-14 04:00:00+01:00,43.96388948864127
2018-02-14 05:00:00+01:00,45.65741861248615
2018-02-14 06:00:00+01:00,51.16319151652062
2018-02-14 07:00:00+01:00,58.850330803357146
2018-02-14 08:00:00+01:00,63.99523591568481
2018-02-14 09:00:00+01:00,65.60786097836001
2018-02-14 10:00:00+01:00,62.658707123372395
2018-02-14 11:00:00+01:00,62.72998405988745
2018-02-14 12:00:00+01:00,60.56384492619455
2018-02-14 13:00:00+01:00,59.799543581610074
2018-02-14 14:00:00+01:00,59.140685534806174
2018-02-14 15:00:00+01:00,57.8300097218338
2018-02-14 16:00:00+01:00,59.604417635038594
2018-02-14 17:00:00+01:00,62.11675393242839
2018-02-14 18:00:00+01:00,67.95682263195293
2018-02-14 19:00:00+01:00,71.4500456593065
2018-02-14 20:00:00+01:00,71.33242776974016
2018-02-14 21:00:00+01:00,70.7537637567
2018-02-14 22:00:00+01:00,65.25380793065251
2018-02-14 23:00:00+01:00,62.58780140381437
2018-02-15 00:00:00+01:00,53.111600054708674
2018-02-15 01:00:00+01:00,48.07587410333691
2018-02-15 02:00:00+01:00,46.15348260008817
2018-02-15 03:00:00+01:00,48.68033855472001
2018-02-15 04:00:00+01:00,46.81563303232524
2018-02-15 05:00:00+01:00,46.81138464851578
2018-02-15 06:00:00+01:00,55.786933794646025
2018-02-15 07:00:00+01:00,64.10398387008608
2018-02-15 08:00:00+01:00,71.2711906632637
2018-02-15 09:00:00+01:00,72.76138926133008
2018-02-15 10:00:00+01:00,71.83575648980874
2018-02-15 11:00:00+01:00,70.03426802126016
2018-02-15 12:00:00+01:00,68.58263731314236
2018-02-15 13:00:00+01:00,66.91224067534868
2018-02-15 14:00:00+01:00,65.15163507320513
2018-02-15 15:00:00+01:00,64.8350666136554
2018-02-15 16:00:00+01:00,64.69073138682228
2018-02-15 17:00:00+01:00,66.24425620085835
2018-02-15 18:00:00+01:00,69.90556257160975
2018-02-15 19:00:00+01:00,74.49069140515195
2018-02-15 20:00:00+01:00,75.53581465952148
2018-02-15 21:00:00+01:00,75.87519376416746
2018-02-15 22:00:00+01:00,69.05346472651283
2018-02-15 23:00:00+01:00,64.09571928924002
2018-02-16 00:00:00+01:00,53.20506029712935
2018-02-16 01:00:00+01:00,52.815926569563324
2018-02-16 02:00:00+01:00,48.79212754843387
2018-02-16 03:00:00+01:00,48.8132797610338
2018-02-16 04:00:00+01:00,47.659325639303106
2018-02-16 05:00:00+01:00,49.020572410883744
2018-02-16 06:00:00+01:00,55.522852708583784
2018-02-16 07:00:00+01:00,66.15595268436853
2018-02-16 08:00:00+01:00,71.16713973052325
2018-02-16 09:00:00+01:00,73.51828935276853
2018-02-16 10:00:00+01:00,73.9824965220397
2018-02-16 11:00:00+01:00,72.79124325122044
2018-02-16 12:00:00+01:00,70.7277432370132
2018-02-16 13:00:00+01:00,70.84495050331799
2018-02-16 14:00:00+01:00,68.78993903032449
2018-02-16 15:00:00+01:00,66.97632269541191
2018-02-16 16:00:00+01:00,65.41340223484637
2018-02-16 17:00:00+01:00,69.46319619153743
2018-02-16 18:00:00+01:00,71.89156391508844
2018-02-16 19:00:00+01:00,74.26015026826255
2018-02-16 20:00:00+01:00,77.21927980869785
2018-02-16 21:00:00+01:00,75.22794881783129
2018-02-16 22:00:00+01:00,68.09702450422884
2018-02-16 23:00:00+01:00,64.71686899758505
2018-02-17 00:00:00+01:00,59.17643086688505
2018-02-17 01:00:00+01:00,56.487925595546
2018-02-17 02:00:00+01:00,52.65864056309209
2018-02-17 03:00:00+01:00,50.01959264197332
2018-02-17 04:00:00+01:00,49.75669109458948
2018-02-17 05:00:00+01:00,51.209581022993035
2018-02-17 06:00:00+01:00,50.269934789015785
2018-02-17 07:00:00+01:00,56.12015404893142
2018-02-17 08:00:00+01:00,58.99211618855943
2018-02-17 09:00:00+01:00,62.14576805151044
2018-02-17 10:00:00+01:00,62.908762931125494
2018-02-17 11:00:00+01:00,61.79983685036498
2018-02-17 12:00:00+01:00,61.03608285138452
2018-02-17 13:00:00+01:00,61.89281787256851
2018-02-17 14:00:00+01:00,60.797896400847435
2018-02-17 15:00:00+01:00,58.94590035375153
2018-02-17 16:00:00+01:00,58.40535512171785
2018-02-17 17:00:00+01:00,60.06921809898841
2018-02-17 18:00:00+01:00,65.4067534662185
2018-02-17 19:00:00+01:00,70.35174332463599
2018-02-17 20:00:00+01:00,72.06409972705166
2018-02-17 21:00:00+01:00,68.55945889561683
2018-02-17 22:00:00+01:00,63.10078032810508
2018-02-17 23:00:00+01:00,59.9494898143678
2018-02-18 00:00:00+01:00,55.44357568218763
2018-02-18 01:00:00+01:00,52.477052984870134
2018-02-18 02:00:00+01:00,50.33799974756245
2018-02-18 03:00:00+01:00,46.98912474000058
2018-02-18 04:00:00+01:00,44.27547222148982
2018-02-18 05:00:00+01:00,44.018223909813024
2018-02-18 06:00:00+01:00,47.69337373494404
2018-02-18 07:00:00+01:00,49.432184286108985
2018-02-18 08:00:00+01:00,51.97325105142815
2018-02-18 09:00:00+01:00,52.81719340967297
2018-02-18 10:00:00+01:00,54.84663599681835
2018-02-18 11:00:00+01:00,54.616673060513314
2018-02-18 12:00:00+01:00,54.19218410237453
2018-02-18 13:00:00+01:00,54.19280946147871
2018-02-18 14:00:00+01:00,53.419200868082115
2018-02-18 15:00:00+01:00,50.60243438878234
2018-02-18 16:00:00+01:00,49.33012402139886
2018-02-18 17:00:00+01:00,50.76646194629927
2018-02-18 18:00:00+01:00,56.54743080716164
2018-02-18 19:00:00+01:00,66.08762739017544
2018-02-18 20:00:00+01:00,68.60400006073904
2018-02-18 21:00:00+01:00,68.07729668711094
2018-02-18 22:00:00+01:00,63.63244426926443
2018-02-18 23:00:00+01:00,58.50364805664224
2018-02-19 00:00:00+01:00,53.78841494229645
2018-02-19 01:00:00+01:00,49.82601520154939
2018-02-19 02:00:00+01:00,47.544679269849915
2018-02-19 03:00:00+01:00,46.34885596327651
2018-02-19 04:00:00+01:00,46.838546438895605
2018-02-19 05:00:00+01:00,45.95815824148491
2018-02-19 06:00:00+01:00,54.045269154523055
2018-02-19 07:00:00+01:00,65.59856617647355
2018-02-19 08:00:00+01:00,67.62290296096512
2018-02-19 09:00:00+01:00,69.99885332726112
2018-02-19 10:00:00+01:00,69.20528793258487
2018-02-19 11:00:00+01:00,67.69526359417839
2018-02-19 12:00:00+01:00,64.2514959037945
2018-02-19 13:00:00+01:00,63.70027649891145
2018-02-19 14:00:00+01:00,64.46664495347827
2018-02-19 15:00:00+01:00,63.52952699412055
2018-02-19 16:00:00+01:00,61.81343520963128
2018-02-19 17:00:00+01:00,64.65318681997304
2018-02-19 18:00:00+01:00,66.3414162675215
2018-02-19 19:00:00+01:00,68.70894560360706
2018-02-19 20:00:00+01:00,68.91016427549681
2018-02-19 21:00:00+01:00,67.3860980435558
2018-02-19 22:00:00+01:00,61.55954325957654
2018-02-19 23:00:00+01:00,58.52995611114627
2018-02-20 00:00:00+01:00,52.056627323784674
2018-02-20 01:00:00+01:00,47.31860022391411
2018-02-20 02:00:00+01:00,42.019933400723346
2018-02-20 03:00:00+01:00,41.19986567748235
2018-02-20 04:00:00+01:00,42.44222521608107
2018-02-20 05:00:00+01:00,43.14471937138282
2018-02-20 06:00:00+01:00,44.12899699392104
2018-02-20 07:00:00+01:00,50.98673379458117
2018-02-20 08:00:00+01:00,61.103202117030904
2018-02-20 09:00:00+01:00,60.31846171646934
2018-02-20 10:00:00+01:00,63.79534556738362
2018-02-20 11:00:00+01:00,60.996313519695434
2018-02-20 12:00:00+01:00,59.06008394140505
2018-02-20 13:00:00+01:00,54.9346306730738
2018-02-20 14:00:00+01:00,54.53297784010206
2018-02-20 15:00:00+01:00,50.98999400487462
2018-02-20 16:00:00+01:00,51.851027133069834
2018-02-20 17:00:00+01:00,53.61488770743954
2018-02-20 18:00:00+01:00,69.88403186142214
2018-02-20 19:00:00+01:00,59.77562265279811
2018-02-20 20:00:00+01:00,58.03727768779036
2018-02-20 21:00:00+01:00,57.67033351299
2018-02-20 22:00:00+01:00,54.84618671972828
2018-02-20 23:00:00+01:00,51.34931025469844
2018-02-21 00:00:00+01:00,45.718536242264214
2018-02-21 01:00:00+01:00,40.43236912114512
2018-02-21 02:00:00+01:00,39.496312911491124
2018-02-21 03:00:00+01:00,40.74439143391702
2018-02-21 04:00:00+01:00,36.38635220098873
2018-02-21 05:00:00+01:00,37.0551055704997
2018-02-21 06:00:00+01:00,41.34228521197202
2018-02-21 07:00:00+01:00,55.54780621594475
2018-02-21 08:00:00+01:00,62.37193799812163
2018-02-21 09:00:00+01:00,58.0931215761031
2018-02-21 10:00:00+01:00,57.24149294861561
2018-02-21 11:00:00+01:00,58.02415841352833
2018-02-21 12:00:00+01:00,55.09534427158295
2018-02-21 13:00:00+01:00,54.36733060632222
2018-02-21 14:00:00+01:00,50.169689355834784
2018-02-21 15:00:00+01:00,50.20197383676428
2018-02-21 16:00:00+01:00,49.345172686473674
2018-02-21 17:00:00+01:00,53.80027517864243
2018-02-21 18:00:00+01:00,59.9965943271018
2018-02-21 19:00:00+01:00,63.95094403288817
2018-02-21 20:00:00+01:00,64.46421132692483
2018-02-21 21:00:00+01:00,64.55037590981897
2018-02-21 22:00:00+01:00,61.323939790387314
2018-02-21 23:00:00+01:00,58.883756018084895
2018-02-22 00:00:00+01:00,46.31436635669677
2018-02-22 01:00:00+01:00,43.06566932831067
2018-02-22 02:00:00+01:00,42.460662048849244
2018-02-22 03:00:00+01:00,41.52961490260265
2018-02-22 04:00:00+01:00,41.419591733343594
2018-02-22 05:00:00+01:00,42.43435820728808
2018-02-22 06:00:00+01:00,46.56514741338181
2018-02-22 07:00:00+01:00,59.290000326247124
2018-02-22 08:00:00+01:00,64.1711147206754
2018-02-22 09:00:00+01:00,66.44028578761676
2018-02-22 10:00:00+01:00,65.54797198280151
2018-02-22 11:00:00+01:00,62.76865813916734
2018-02-22 12:00:00+01:00,60.96156384548802
2018-02-22 13:00:00+01:00,59.332807842444815
2018-02-22 14:00:00+01:00,57.52385775570744
2018-02-22 15:00:00+01:00,56.226502654259654
2018-02-22 16:00:00+01:00,57.41878003069736
2018-02-22 17:00:00+01:00,61.28113978607742
2018-02-22 18:00:00+01:00,62.94611683237115
2018-02-22 19:00:00+01:00,67.70493123637047
2018-02-22 20:00:00+01:00,70.95553518140927
2018-02-22 21:00:00+01:00,68.57734978777121
2018-02-22 22:00:00+01:00,62.69303192091795
2018-02-22 23:00:00+01:00,58.44557916996698
2018-02-23 00:00:00+01:00,50.50116604453444
2018-02-23 01:00:00+01:00,46.8994909767287
2018-02-23 02:00:00+01:00,44.091902822672374
2018-02-23 03:00:00+01:00,44.293371126728445
2018-02-23 04:00:00+01:00,44.570907632085074
2018-02-23 05:00:00+01:00,43.01831935707385
2018-02-23 06:00:00+01:00,54.71134243182706
2018-02-23 07:00:00+01:00,63.46591303693427
2018-02-23 08:00:00+01:00,65.31450157707158
2018-02-23 09:00:00+01:00,69.71757543921814
2018-02-23 10:00:00+01:00,69.47260570833605
2018-02-23 11:00:00+01:00,67.00657509591335
2018-02-23 12:00:00+01:00,63.495363598044555
2018-02-23 13:00:00+01:00,61.73888947687253
2018-02-23 14:00:00+01:00,58.48349730739072
2018-02-23 15:00:00+01:00,58.73065915988526
2018-02-23 16:00:00+01:00,56.14562379242733
2018-02-23 17:00:00+01:00,59.89195949445982
2018-02-23 18:00:00+01:00,63.16732408706448
2018-02-23 19:00:00+01:00,65.13628640798325
2018-02-23 20:00:00+01:00,71.2281379196494
2018-02-23 21:00:00+01:00,69.87072093707957
2018-02-23 22:00:00+01:00,62.884310595757924
2018-02-23 23:00:00+01:00,59.052069741570726
2018-02-24 00:00:00+01:00,55.51406445874056
2018-02-24 01:00:00+01:00,49.35523230376087
2018-02-24 02:00:00+01:00,47.47941806259932
2018-02-24 03:00:00+01:00,46.43215459597167
2018-02-24 04:00:00+01:00,44.73128509835696
2018-02-24 05:00:00+01:00,46.55034534166416
2018-02-24 06:00:00+01:00,49.30508856555782
2018-02-24 07:00:00+01:00,52.27966134292754
2018-02-24 08:00:00+01:00,55.72010388021649
2018-02-24 09:00:00+01:00,59.37647736510038
2018-02-24 10:00:00+01:00,59.5729296316663
2018-02-24 11:00:00+01:00,57.684628120547195
2018-02-24 12:00:00+01:00,54.77398751704602
2018-02-24 13:00:00+01:00,53.59433762409366
2018-02-24 14:00:00+01:00,49.649258293791966
2018-02-24 15:00:00+01:00,48.48659428875868
2018-02-24 16:00:00+01:00,46.65067295534731
2018-02-24 17:00:00+01:00,48.657309395593025
2018-02-24 18:00:00+01:00,55.77739886911804
2018-02-24 19:00:00+01:00,61.18231693226625
2018-02-24 20:00:00+01:00,64.11265921120935
2018-02-24 21:00:00+01:00,63.66273974546013
2018-02-24 22:00:00+01:00,60.40570492241546
2018-02-24 23:00:00+01:00,57.60106863917021
2018-02-25 00:00:00+01:00,57.689120451761895
2018-02-25 01:00:00+01:00,55.56796723824209
2018-02-25 02:00:00+01:00,53.430591758639316
2018-02-25 03:00:00+01:00,51.521894471093994
2018-02-25 04:00:00+01:00,49.08567894577266
2018-02-25 05:00:00+01:00,48.729237903060735
2018-02-25 06:00:00+01:00,49.112051157980694
2018-02-25 07:00:00+01:00,48.324870178639664
2018-02-25 08:00:00+01:00,49.80261284037831
2018-02-25 09:00:00+01:00,51.83743460789201
2018-02-25 10:00:00+01:00,55.86448471883164
2018-02-25 11:00:00+01:00,54.3423116796719
2018-02-25 12:00:00+01:00,50.85997314547264
2018-02-25 13:00:00+01:00,50.39204865650433
2018-02-25 14:00:00+01:00,47.97111638683905
2018-02-25 15:00:00+01:00,43.4693569247075
2018-02-25 16:00:00+01:00,41.890192129296715
2018-02-25 17:00:00+01:00,43.55670200099061
2018-02-25 18:00:00+01:00,48.56547337513857
2018-02-25 19:00:00+01:00,56.29347270612724
2018-02-25 20:00:00+01:00,63.13299240201421
2018-02-25 21:00:00+01:00,63.05759153183097
2018-02-25 22:00:00+01:00,59.374646280320476
2018-02-25 23:00:00+01:00,55.97262194144166
2018-02-26 00:00:00+01:00,53.62981908352273
2018-02-26 01:00:00+01:00,49.57540772034115
2018-02-26 02:00:00+01:00,48.456006589252375
2018-02-26 03:00:00+01:00,43.873647008067714
2018-02-26 04:00:00+01:00,45.03592045818284
2018-02-26 05:00:00+01:00,44.10636467284737
2018-02-26 06:00:00+01:00,51.93734691551339
2018-02-26 07:00:00+01:00,56.570346640823864
2018-02-26 08:00:00+01:00,63.57783891027663
2018-02-26 09:00:00+01:00,63.58735887664001
2018-02-26 10:00:00+01:00,64.65480403273811
2018-02-26 11:00:00+01:00,62.70657265848465
2018-02-26 12:00:00+01:00,60.70129858109143
2018-02-26 13:00:00+01:00,59.87639392170262
2018-02-26 14:00:00+01:00,59.000817543515375
2018-02-26 15:00:00+01:00,58.00623407064328
2018-02-26 16:00:00+01:00,56.54226645438532
2018-02-26 17:00:00+01:00,59.9972363084973
2018-02-26 18:00:00+01:00,63.447195246190816
2018-02-26 19:00:00+01:00,64.99579530683636
2018-02-26 20:00:00+01:00,69.23531970867614
2018-02-26 21:00:00+01:00,68.70935546792106
2018-02-26 22:00:00+01:00,62.21214479713909
2018-02-26 23:00:00+01:00,57.00620894808591
2018-02-27 00:00:00+01:00,55.20826713902883
2018-02-27 01:00:00+01:00,51.476943351645204
2018-02-27 02:00:00+01:00,47.5232994701555
2018-02-27 03:00:00+01:00,45.9049744661537
2018-02-27 04:00:00+01:00,43.55399529612341
2018-02-27 05:00:00+01:00,42.16818071374521
2018-02-27 06:00:00+01:00,52.51927127757227
2018-02-27 07:00:00+01:00,57.588803974306586
2018-02-27 08:00:00+01:00,62.41994788109062
2018-02-27 09:00:00+01:00,64.45126088957856
2018-02-27 10:00:00+01:00,65.36232663921135
2018-02-27 11:00:00+01:00,64.8780523883436
2018-02-27 12:00:00+01:00,64.10407756699686
2018-02-27 13:00:00+01:00,62.29326856333399
2018-02-27 14:00:00+01:00,60.43424716756943
2018-02-27 15:00:00+01:00,60.02726630000558
2018-02-27 16:00:00+01:00,61.07973370728907
2018-02-27 17:00:00+01:00,64.33824863224064
2018-02-27 18:00:00+01:00,67.20633205581164
2018-02-27 19:00:00+01:00,70.51417263623553
2018-02-27 20:00:00+01:00,71.28476588404281
2018-02-27 21:00:00+01:00,68.09727904990788
2018-02-27 22:00:00+01:00,62.77819757569771
2018-02-27 23:00:00+01:00,58.40167523377453
2018-02-28 00:00:00+01:00,55.42999379239273
2018-02-28 01:00:00+01:00,55.2794740058032
2018-02-28 02:00:00+01:00,52.40661702776166
2018-02-28 03:00:00+01:00,45.62856371786073
2018-02-28 04:00:00+01:00,41.704084367131564
2018-02-28 05:00:00+01:00,43.15810523290613
2018-02-28 06:00:00+01:00,48.38591845645263
2018-02-28 07:00:00+01:00,54.9447121395966
2018-02-28 08:00:00+01:00,64.40084167048866
2018-02-28 09:00:00+01:00,61.83047585895499
2018-02-28 10:00:00+01:00,68.4074087771065
2018-02-28 11:00:00+01:00,63.242980645436575
2018-02-28 12:00:00+01:00,62.61798089244654
2018-02-28 13:00:00+01:00,62.00222351532772
2018-02-28 14:00:00+01:00,59.1086742333864
2018-02-28 15:00:00+01:00,59.25229318496326
2018-02-28 16:00:00+01:00,55.62573744543183
2018-02-28 17:00:00+01:00,57.43635589985291
2018-02-28 18:00:00+01:00,61.96924472434648
2018-02-28 19:00:00+01:00,62.79157759844657
2018-02-28 20:00:00+01:00,64.05897144628713
2018-02-28 21:00:00+01:00,61.46665631023684
2018-02-28 22:00:00+01:00,56.28570419002532
2018-02-28 23:00:00+01:00,56.96619775274427
2018-03-01 00:00:00+01:00,41.8677309212515
2018-03-01 01:00:00+01:00,41.06545600077225
2018-03-01 02:00:00+01:00,38.84363488343615
2018-03-01 03:00:00+01:00,36.23816575241589
2018-03-01 04:00:00+01:00,36.249850879484015
2018-03-01 05:00:00+01:00,36.037054249419384
2018-03-01 06:00:00+01:00,39.9596118873093
2018-03-01 07:00:00+01:00,44.83218778657446
2018-03-01 08:00:00+01:00,49.22107980337575
2018-03-01 09:00:00+01:00,52.43617393798575
2018-03-01 10:00:00+01:00,51.5901588212513
2018-03-01 11:00:00+01:00,53.28821747736315
2018-03-01 12:00:00+01:00,50.16938287531095
2018-03-01 13:00:00+01:00,51.279574385197634
2018-03-01 14:00:00+01:00,51.45582584943036
2018-03-01 15:00:00+01:00,48.98795244929339
2018-03-01 16:00:00+01:00,47.73898376910599
2018-03-01 17:00:00+01:00,50.64829146036504
2018-03-01 18:00:00+01:00,51.58568601773543
2018-03-01 19:00:00+01:00,54.82165382187298
2018-03-01 20:00:00+01:00,56.26255547938227
2018-03-01 21:00:00+01:00,53.09815140660352
2018-03-01 22:00:00+01:00,44.70425824957043
2018-03-01 23:00:00+01:00,45.13123015517979
2018-03-02 00:00:00+01:00,36.58450758977849
2018-03-02 01:00:00+01:00,31.522079438650902
2018-03-02 02:00:00+01:00,25.646461015583316
2018-03-02 03:00:00+01:00,23.14733687851838
2018-03-02 04:00:00+01:00,28.225938990799154
2018-03-02 05:00:00+01:00,29.710671384306327
2018-03-02 06:00:00+01:00,37.506608022501865
2018-03-02 07:00:00+01:00,45.93363190365341
2018-03-02 08:00:00+01:00,52.51267407335565
2018-03-02 09:00:00+01:00,53.93520868035464
2018-03-02 10:00:00+01:00,54.98079841705781
2018-03-02 11:00:00+01:00,52.75410587923001
2018-03-02 12:00:00+01:00,52.08836946470326
2018-03-02 13:00:00+01:00,51.213343828338274
2018-03-02 14:00:00+01:00,52.051379830252834
2018-03-02 15:00:00+01:00,49.2696311026006
2018-03-02 16:00:00+01:00,51.02875994489917
2018-03-02 17:00:00+01:00,48.61349475669057
2018-03-02 18:00:00+01:00,53.01452655660076
2018-03-02 19:00:00+01:00,55.59705187978854
2018-03-02 20:00:00+01:00,56.332283117505526
2018-03-02 21:00:00+01:00,55.331813144605874
2018-03-02 22:00:00+01:00,48.25175222457337
2018-03-02 23:00:00+01:00,47.05599749132237
2018-03-03 00:00:00+01:00,38.69212375261786
2018-03-03 01:00:00+01:00,35.43509615681562
2018-03-03 02:00:00+01:00,30.309582499811395
2018-03-03 03:00:00+01:00,29.44463128020148
2018-03-03 04:00:00+01:00,27.91159328059704
2018-03-03 05:00:00+01:00,29.731918411070875
2018-03-03 06:00:00+01:00,31.534570339024302
2018-03-03 07:00:00+01:00,34.36636200564342
2018-03-03 08:00:00+01:00,36.715749076179236
2018-03-03 09:00:00+01:00,41.897141647061446
2018-03-03 10:00:00+01:00,43.95597435118516
2018-03-03 11:00:00+01:00,41.93475759623273
2018-03-03 12:00:00+01:00,39.12046030585762
2018-03-03 13:00:00+01:00,41.605233657155345
2018-03-03 14:00:00+01:00,37.29180752084426
2018-03-03 15:00:00+01:00,37.20617480362544
2018-03-03 16:00:00+01:00,36.5500005535008
2018-03-03 17:00:00+01:00,40.99055261520326
2018-03-03 18:00:00+01:00,46.69948439802663
2018-03-03 19:00:00+01:00,48.691739936748355
2018-03-03 20:00:00+01:00,57.336120534315356
2018-03-03 21:00:00+01:00,53.15392719067251
2018-03-03 22:00:00+01:00,45.4906886616502
2018-03-03 23:00:00+01:00,46.548089507820286
2018-03-04 00:00:00+01:00,36.598856211711436
2018-03-04 01:00:00+01:00,30.2317078184455
2018-03-04 02:00:00+01:00,30.69872833287386
2018-03-04 03:00:00+01:00,27.923992881671555
2018-03-04 04:00:00+01:00,29.991127724205256
2018-03-04 05:00:00+01:00,29.11882877609328
2018-03-04 06:00:00+01:00,31.4618533089084
2018-03-04 07:00:00+01:00,31.939148927364684
2018-03-04 08:00:00+01:00,35.47690569166591
2018-03-04 09:00:00+01:00,37.63831694202946
2018-03-04 10:00:00+01:00,40.95740745627758
2018-03-04 11:00:00+01:00,40.28801771810071
2018-03-04 12:00:00+01:00,36.4739574551059
2018-03-04 13:00:00+01:00,40.339313770954924
2018-03-04 14:00:00+01:00,35.12514183101563
2018-03-04 15:00:00+01:00,37.64818203021689
2018-03-04 16:00:00+01:00,35.805604191399446
2018-03-04 17:00:00+01:00,38.28729934222232
2018-03-04 18:00:00+01:00,41.25202385433783
2018-03-04 19:00:00+01:00,46.16466945975604
2018-03-04 20:00:00+01:00,49.70039601966247
2018-03-04 21:00:00+01:00,48.60278831545063
2018-03-04 22:00:00+01:00,46.92837694815638
2018-03-04 23:00:00+01:00,44.59558091200457
2018-03-05 00:00:00+01:00,39.04781131609525
2018-03-05 01:00:00+01:00,34.72774187938358
2018-03-05 02:00:00+01:00,30.845537376274233
2018-03-05 03:00:00+01:00,26.897817306996853
2018-03-05 04:00:00+01:00,24.542523863775095
2018-03-05 05:00:00+01:00,28.61808040772817
2018-03-05 06:00:00+01:00,37.13791591268728
2018-03-05 07:00:00+01:00,39.32079649056984
2018-03-05 08:00:00+01:00,44.41940600729734
2018-03-05 09:00:00+01:00,45.720308403162115
2018-03-05 10:00:00+01:00,51.18388739896796
2018-03-05 11:00:00+01:00,46.568282838048404
2018-03-05 12:00:00+01:00,44.582200684113396
2018-03-05 13:00:00+01:00,43.907789957524145
2018-03-05 14:00:00+01:00,43.89330481839831
2018-03-05 15:00:00+01:00,39.12317200949048
2018-03-05 16:00:00+01:00,39.6736475946885
2018-03-05 17:00:00+01:00,40.52099292106199
2018-03-05 18:00:00+01:00,44.12151512632306
2018-03-05 19:00:00+01:00,49.42513923708702
2018-03-05 20:00:00+01:00,50.00831431215577
2018-03-05 21:00:00+01:00,50.51013627119325
2018-03-05 22:00:00+01:00,45.12721669503585
2018-03-05 23:00:00+01:00,42.46579841552433
2018-03-06 00:00:00+01:00,41.286618689414276
2018-03-06 01:00:00+01:00,38.74488318925132
2018-03-06 02:00:00+01:00,34.72376662383837
2018-03-06 03:00:00+01:00,31.995569156193486
2018-03-06 04:00:00+01:00,30.293367235004464
2018-03-06 05:00:00+01:00,34.231279959167466
2018-03-06 06:00:00+01:00,39.78762393355091
2018-03-06 07:00:00+01:00,45.55419223475669
2018-03-06 08:00:00+01:00,48.18308452729054
2018-03-06 09:00:00+01:00,49.04434270069155
2018-03-06 10:00:00+01:00,47.993381961405305
2018-03-06 11:00:00+01:00,50.212871761505255
2018-03-06 12:00:00+01:00,44.96165102069821
2018-03-06 13:00:00+01:00,44.811820547223626
2018-03-06 14:00:00+01:00,44.04178313774358
2018-03-06 15:00:00+01:00,43.71703010146158
2018-03-06 16:00:00+01:00,44.10935872758085
2018-03-06 17:00:00+01:00,47.13321873796736
2018-03-06 18:00:00+01:00,48.912923443893106
2018-03-06 19:00:00+01:00,49.06683811062874
2018-03-06 20:00:00+01:00,53.72851205427706
2018-03-06 21:00:00+01:00,57.49200496592655
2018-03-06 22:00:00+01:00,51.90078139736691
2018-03-06 23:00:00+01:00,44.276807876789256
2018-03-07 00:00:00+01:00,41.160576744268404
2018-03-07 01:00:00+01:00,41.89528061923494
2018-03-07 02:00:00+01:00,40.65001184173099
2018-03-07 03:00:00+01:00,40.39456260663902
2018-03-07 04:00:00+01:00,37.405057459206816
2018-03-07 05:00:00+01:00,38.76227298449146
2018-03-07 06:00:00+01:00,42.78114907974601
2018-03-07 07:00:00+01:00,50.213099894699845
2018-03-07 08:00:00+01:00,52.16651139258273
2018-03-07 09:00:00+01:00,55.24919082503199
2018-03-07 10:00:00+01:00,55.37487624022227
2018-03-07 11:00:00+01:00,55.71819402446472
2018-03-07 12:00:00+01:00,53.03878426762966
2018-03-07 13:00:00+01:00,53.492033968620206
2018-03-07 14:00:00+01:00,53.36285464898616
2018-03-07 15:00:00+01:00,52.31715492875639
2018-03-07 16:00:00+01:00,50.228584207864955
2018-03-07 17:00:00+01:00,51.76865544095126
2018-03-07 18:00:00+01:00,55.286766627030495
2018-03-07 19:00:00+01:00,55.40080843269597
2018-03-07 20:00:00+01:00,58.13091446137598
2018-03-07 21:00:00+01:00,59.851430484793426
2018-03-07 22:00:00+01:00,53.367096442723735
2018-03-07 23:00:00+01:00,49.77938428905011
2018-03-08 00:00:00+01:00,50.33942881900822
2018-03-08 01:00:00+01:00,48.939890130844006
2018-03-08 02:00:00+01:00,45.92952586035776
2018-03-08 03:00:00+01:00,43.07740571923213
2018-03-08 04:00:00+01:00,44.01171028142913
2018-03-08 05:00:00+01:00,41.70318675867266
2018-03-08 06:00:00+01:00,44.44828038793382
2018-03-08 07:00:00+01:00,47.37825452638397
2018-03-08 08:00:00+01:00,52.10085251216389
2018-03-08 09:00:00+01:00,53.505250276408916
2018-03-08 10:00:00+01:00,55.71592282145131
2018-03-08 11:00:00+01:00,56.12223386532979
2018-03-08 12:00:00+01:00,56.35462364352216
2018-03-08 13:00:00+01:00,55.24227752469936
2018-03-08 14:00:00+01:00,50.92816021913146
2018-03-08 15:00:00+01:00,48.7028815485574
2018-03-08 16:00:00+01:00,47.911504827270335
2018-03-08 17:00:00+01:00,49.759083084832625
2018-03-08 18:00:00+01:00,52.75029530053384
2018-03-08 19:00:00+01:00,58.98700546981412
2018-03-08 20:00:00+01:00,59.69895636680833
2018-03-08 21:00:00+01:00,58.38141014995347
2018-03-08 22:00:00+01:00,54.12920637540214
2018-03-08 23:00:00+01:00,50.98359352891133
2018-03-09 00:00:00+01:00,47.448604752560556
2018-03-09 01:00:00+01:00,45.372746571141704
2018-03-09 02:00:00+01:00,43.277198793288846
2018-03-09 03:00:00+01:00,42.758568348556
2018-03-09 04:00:00+01:00,41.555523464484075
2018-03-09 05:00:00+01:00,43.25892725495128
2018-03-09 06:00:00+01:00,47.621353206760226
2018-03-09 07:00:00+01:00,48.680044116167906
2018-03-09 08:00:00+01:00,50.49755663634887
2018-03-09 09:00:00+01:00,52.84258972357975
2018-03-09 10:00:00+01:00,51.45714047923869
2018-03-09 11:00:00+01:00,52.68276295705955
2018-03-09 12:00:00+01:00,52.92966489789279
2018-03-09 13:00:00+01:00,50.04816252148691
2018-03-09 14:00:00+01:00,49.5615266107071
2018-03-09 15:00:00+01:00,46.5972677615149
2018-03-09 16:00:00+01:00,48.06793540423935
2018-03-09 17:00:00+01:00,46.782791787190206
2018-03-09 18:00:00+01:00,50.67297206654275
2018-03-09 19:00:00+01:00,50.967195194136224
2018-03-09 20:00:00+01:00,51.367477433467165
2018-03-09 21:00:00+01:00,49.8788096107306
2018-03-09 22:00:00+01:00,47.4295090742565
2018-03-09 23:00:00+01:00,45.35737498309226
2018-03-10 00:00:00+01:00,41.17440654112437
2018-03-10 01:00:00+01:00,34.846988319368855
2018-03-10 02:00:00+01:00,34.03087084585415
2018-03-10 03:00:00+01:00,34.08543211699044
2018-03-10 04:00:00+01:00,33.1195308531621
2018-03-10 05:00:00+01:00,35.995934538473584
2018-03-10 06:00:00+01:00,36.51625824850061
2018-03-10 07:00:00+01:00,35.982884113295334
2018-03-10 08:00:00+01:00,44.98005356754492
2018-03-10 09:00:00+01:00,42.008466507781364
2018-03-10 10:00:00+01:00,41.56628264570833
2018-03-10 11:00:00+01:00,44.43474270506358
2018-03-10 12:00:00+01:00,47.826689529893045
2018-03-10 13:00:00+01:00,47.26454052097333
2018-03-10 14:00:00+01:00,46.29258346871562
2018-03-10 15:00:00+01:00,43.449494414920004
2018-03-10 16:00:00+01:00,46.72992257792247
2018-03-10 17:00:00+01:00,42.39571518347438
2018-03-10 18:00:00+01:00,49.89910616224166
2018-03-10 19:00:00+01:00,46.32086621657174
2018-03-10 20:00:00+01:00,54.853773279408486
2018-03-10 21:00:00+01:00,52.428002152430416
2018-03-10 22:00:00+01:00,49.076357516395056
2018-03-10 23:00:00+01:00,40.40300209756002
2018-03-11 00:00:00+01:00,41.99267641464249
2018-03-11 01:00:00+01:00,32.04304445253371
2018-03-11 02:00:00+01:00,32.15726108179755
2018-03-11 03:00:00+01:00,28.256569591152523
2018-03-11 04:00:00+01:00,27.532681165561765
2018-03-11 05:00:00+01:00,31.403847265270983
2018-03-11 06:00:00+01:00,34.23698142064604
2018-03-11 07:00:00+01:00,32.84954685788659
2018-03-11 08:00:00+01:00,35.97554424132827
2018-03-11 09:00:00+01:00,35.650393076805116
2018-03-11 10:00:00+01:00,37.46477698311227
2018-03-11 11:00:00+01:00,37.38983556859687
2018-03-11 12:00:00+01:00,36.04903844435418
2018-03-11 13:00:00+01:00,37.445235494721466
2018-03-11 14:00:00+01:00,37.19493413051722
2018-03-11 15:00:00+01:00,34.703431902756165
2018-03-11 16:00:00+01:00,34.51547617608018
2018-03-11 17:00:00+01:00,35.12925297740261
2018-03-11 18:00:00+01:00,39.981273154087425
2018-03-11 19:00:00+01:00,42.14392527083223
2018-03-11 20:00:00+01:00,47.22182180809702
2018-03-11 21:00:00+01:00,47.48888585075824
2018-03-11 22:00:00+01:00,45.5490516582022
2018-03-11 23:00:00+01:00,42.65682909645428
2018-03-12 00:00:00+01:00,36.62684778045945
2018-03-12 01:00:00+01:00,34.03202409095564
2018-03-12 02:00:00+01:00,33.36561626271343
2018-03-12 03:00:00+01:00,33.18043177786683
2018-03-12 04:00:00+01:00,32.531316947687095
2018-03-12 05:00:00+01:00,33.03233696001878
2018-03-12 06:00:00+01:00,39.380741086432906
2018-03-12 07:00:00+01:00,46.75440080422941
2018-03-12 08:00:00+01:00,50.88808533417894
2018-03-12 09:00:00+01:00,52.53213617499401
2018-03-12 10:00:00+01:00,51.6600730269574
2018-03-12 11:00:00+01:00,49.6639672743573
2018-03-12 12:00:00+01:00,49.92423590663075
2018-03-12 13:00:00+01:00,48.43385741204915
2018-03-12 14:00:00+01:00,48.272245075645046
2018-03-12 15:00:00+01:00,46.34283163186625
2018-03-12 16:00:00+01:00,47.48414179969052
2018-03-12 17:00:00+01:00,48.31684376465023
2018-03-12 18:00:00+01:00,52.17088640940588
2018-03-12 19:00:00+01:00,52.76949243244994
2018-03-12 20:00:00+01:00,56.842412888093826
2018-03-12 21:00:00+01:00,58.18096326012153
2018-03-12 22:00:00+01:00,54.063333490872594
2018-03-12 23:00:00+01:00,52.61136947833051
2018-03-13 00:00:00+01:00,47.631066031696
2018-03-13 01:00:00+01:00,43.225142940781694
2018-03-13 02:00:00+01:00,45.220570262082134
2018-03-13 03:00:00+01:00,43.77907467550834
2018-03-13 04:00:00+01:00,42.67342269265181
2018-03-13 05:00:00+01:00,46.32953312612473
2018-03-13 06:00:00+01:00,49.825367141094716
2018-03-13 07:00:00+01:00,54.48104578749723
2018-03-13 08:00:00+01:00,56.82573834046526
2018-03-13 09:00:00+01:00,58.780369752889925
2018-03-13 10:00:00+01:00,59.76365732432722
2018-03-13 11:00:00+01:00,57.94905439142015
2018-03-13 12:00:00+01:00,56.57880132429972
2018-03-13 13:00:00+01:00,53.6141982791889
2018-03-13 14:00:00+01:00,51.36494443860628
2018-03-13 15:00:00+01:00,49.289907325725586
2018-03-13 16:00:00+01:00,49.15394490939102
2018-03-13 17:00:00+01:00,50.59123795812159
2018-03-13 18:00:00+01:00,54.673484815344196
2018-03-13 19:00:00+01:00,56.26342538890285
2018-03-13 20:00:00+01:00,59.67427894333673
2018-03-13 21:00:00+01:00,58.670393046761085
2018-03-13 22:00:00+01:00,54.853632919530924
2018-03-13 23:00:00+01:00,51.79261012965676
2018-03-14 00:00:00+01:00,48.03100510785991
2018-03-14 01:00:00+01:00,44.4768776815063
2018-03-14 02:00:00+01:00,41.370050548674044
2018-03-14 03:00:00+01:00,36.56085878364832
2018-03-14 04:00:00+01:00,37.225984950721546
2018-03-14 05:00:00+01:00,37.97303787295761
2018-03-14 06:00:00+01:00,44.36065902175877
2018-03-14 07:00:00+01:00,52.587027242985954
2018-03-14 08:00:00+01:00,55.23154013609274
2018-03-14 09:00:00+01:00,52.84328267558889
2018-03-14 10:00:00+01:00,56.17804082217941
2018-03-14 11:00:00+01:00,53.59987686655891
2018-03-14 12:00:00+01:00,48.47707713347258
2018-03-14 13:00:00+01:00,45.58390250146714
2018-03-14 14:00:00+01:00,43.57934701567615
2018-03-14 15:00:00+01:00,39.842177090451855
2018-03-14 16:00:00+01:00,39.159521468739996
2018-03-14 17:00:00+01:00,42.12952343198429
2018-03-14 18:00:00+01:00,50.60577424499546
2018-03-14 19:00:00+01:00,50.60969351885053
2018-03-14 20:00:00+01:00,53.412117264267486
2018-03-14 21:00:00+01:00,47.82867970253513
2018-03-14 22:00:00+01:00,48.9071380599467
2018-03-14 23:00:00+01:00,39.10116621785798
2018-03-15 00:00:00+01:00,35.23138015075697
2018-03-15 01:00:00+01:00,36.004273417197055
2018-03-15 02:00:00+01:00,36.751337393578844
2018-03-15 03:00:00+01:00,32.20379754736726
2018-03-15 04:00:00+01:00,33.73237516131413
2018-03-15 05:00:00+01:00,31.715551980811174
2018-03-15 06:00:00+01:00,39.8371074139382
2018-03-15 07:00:00+01:00,44.87559068754848
2018-03-15 08:00:00+01:00,48.61756915449603
2018-03-15 09:00:00+01:00,46.38935816767416
2018-03-15 10:00:00+01:00,44.67095025468082
2018-03-15 11:00:00+01:00,45.10514137503705
2018-03-15 12:00:00+01:00,45.64388675727403
2018-03-15 13:00:00+01:00,42.98610302702105
2018-03-15 14:00:00+01:00,41.90301134638417
2018-03-15 15:00:00+01:00,37.3835241912406
2018-03-15 16:00:00+01:00,39.26696871233796
2018-03-15 17:00:00+01:00,42.66728432065358
2018-03-15 18:00:00+01:00,48.057784882450306
2018-03-15 19:00:00+01:00,48.43935672278433
2018-03-15 20:00:00+01:00,51.25327745798535
2018-03-15 21:00:00+01:00,47.153961060064404
2018-03-15 22:00:00+01:00,44.721091876563094
2018-03-15 23:00:00+01:00,42.36282833451585
2018-03-16 00:00:00+01:00,38.566542932273904
2018-03-16 01:00:00+01:00,37.379519035901176
2018-03-16 02:00:00+01:00,39.455115882616454
2018-03-16 03:00:00+01:00,37.15470997820976
2018-03-16 04:00:00+01:00,36.83679881399346
2018-03-16 05:00:00+01:00,35.212259489207554
2018-03-16 06:00:00+01:00,39.43027203292016
2018-03-16 07:00:00+01:00,45.85770252556063
2018-03-16 08:00:00+01:00,47.97867866107366
2018-03-16 09:00:00+01:00,50.81533388481001
2018-03-16 10:00:00+01:00,48.86694367814743
2018-03-16 11:00:00+01:00,49.20342063648454
2018-03-16 12:00:00+01:00,48.17399696862314
2018-03-16 13:00:00+01:00,47.50905894430756
2018-03-16 14:00:00+01:00,47.6609865901931
2018-03-16 15:00:00+01:00,47.36304790473292
2018-03-16 16:00:00+01:00,46.30903889806309
2018-03-16 17:00:00+01:00,44.88616578254642
2018-03-16 18:00:00+01:00,49.54064161404405
2018-03-16 19:00:00+01:00,50.37707949999563
2018-03-16 20:00:00+01:00,53.052030553127786
2018-03-16 21:00:00+01:00,52.187738619465655
2018-03-16 22:00:00+01:00,47.62066037931656
2018-03-16 23:00:00+01:00,45.167791282896154
2018-03-17 00:00:00+01:00,41.386104809130345
2018-03-17 01:00:00+01:00,38.60163547335105
2018-03-17 02:00:00+01:00,30.996569610684936
2018-03-17 03:00:00+01:00,29.964632854866316
2018-03-17 04:00:00+01:00,34.16651326231209
2018-03-17 05:00:00+01:00,33.6980504910842
2018-03-17 06:00:00+01:00,38.56058110946163
2018-03-17 07:00:00+01:00,39.14610204572282
2018-03-17 08:00:00+01:00,38.93624705216708
2018-03-17 09:00:00+01:00,45.371804647108
2018-03-17 10:00:00+01:00,41.19323089049249
2018-03-17 11:00:00+01:00,42.40397866263612
2018-03-17 12:00:00+01:00,44.013624790970525
2018-03-17 13:00:00+01:00,41.612690985523706
2018-03-17 14:00:00+01:00,39.64488256163889
2018-03-17 15:00:00+01:00,39.12662879722335
2018-03-17 16:00:00+01:00,35.946549943572876
2018-03-17 17:00:00+01:00,41.330058854819434
2018-03-17 18:00:00+01:00,39.51932309924205
2018-03-17 19:00:00+01:00,42.420777816247735
2018-03-17 20:00:00+01:00,46.27366582521453
2018-03-17 21:00:00+01:00,46.79879961310125
2018-03-17 22:00:00+01:00,42.00750657971309
2018-03-17 23:00:00+01:00,41.90741505794274
2018-03-18 00:00:00+01:00,39.71256363115458
2018-03-18 01:00:00+01:00,37.10318111363618
2018-03-18 02:00:00+01:00,35.24379063831101
2018-03-18 03:00:00+01:00,34.67076300161737
2018-03-18 04:00:00+01:00,34.24418823007046
2018-03-18 05:00:00+01:00,36.46403232720419
2018-03-18 06:00:00+01:00,36.18561820064847
2018-03-18 07:00:00+01:00,37.31651340366851
2018-03-18 08:00:00+01:00,39.38634251757452
2018-03-18 09:00:00+01:00,43.012270904181996
2018-03-18 10:00:00+01:00,41.784304785168985
2018-03-18 11:00:00+01:00,38.48670714032649
2018-03-18 12:00:00+01:00,35.02951558638478
2018-03-18 13:00:00+01:00,36.8497458217361
2018-03-18 14:00:00+01:00,35.99829646813264
2018-03-18 15:00:00+01:00,33.36797891318575
2018-03-18 16:00:00+01:00,36.04700847635939
2018-03-18 17:00:00+01:00,32.857577510182445
2018-03-18 18:00:00+01:00,38.836721558674114
2018-03-18 19:00:00+01:00,43.37007705751962
2018-03-18 20:00:00+01:00,48.67896497750747
2018-03-18 21:00:00+01:00,45.36457397462945
2018-03-18 22:00:00+01:00,46.52031884968993
2018-03-18 23:00:00+01:00,46.121382449953515
2018-03-19 00:00:00+01:00,47.51475419647357
2018-03-19 01:00:00+01:00,40.09851585942109
2018-03-19 02:00:00+01:00,38.61922250022119
2018-03-19 03:00:00+01:00,36.7708613201335
2018-03-19 04:00:00+01:00,34.570876028542166
2018-03-19 05:00:00+01:00,39.74079435759263
2018-03-19 06:00:00+01:00,45.78791538214616
2018-03-19 07:00:00+01:00,48.22793615637182
2018-03-19 08:00:00+01:00,51.89105564750274
2018-03-19 09:00:00+01:00,52.086234916907735
2018-03-19 10:00:00+01:00,51.597243031791315
2018-03-19 11:00:00+01:00,47.25627829203988
2018-03-19 12:00:00+01:00,45.721537989766176
2018-03-19 13:00:00+01:00,45.73804964632222
2018-03-19 14:00:00+01:00,46.00786267554983
2018-03-19 15:00:00+01:00,42.47865681983033
2018-03-19 16:00:00+01:00,42.415504219642166
2018-03-19 17:00:00+01:00,42.46688197382994
2018-03-19 18:00:00+01:00,48.0029109247191
2018-03-19 19:00:00+01:00,53.96896601093684
2018-03-19 20:00:00+01:00,54.587694156311954
2018-03-19 21:00:00+01:00,52.35682351002932
2018-03-19 22:00:00+01:00,46.694376565811346
2018-03-19 23:00:00+01:00,46.127498208718364
2018-03-20 00:00:00+01:00,41.63130157917245
2018-03-20 01:00:00+01:00,36.73074113281141
2018-03-20 02:00:00+01:00,35.80070447874285
2018-03-20 03:00:00+01:00,38.4196391974899
2018-03-20 04:00:00+01:00,36.4469783462739
2018-03-20 05:00:00+01:00,38.858149676046466
2018-03-20 06:00:00+01:00,40.25083543617588
2018-03-20 07:00:00+01:00,47.20219361585149
2018-03-20 08:00:00+01:00,50.861882549104145
2018-03-20 09:00:00+01:00,54.179846545228585
2018-03-20 10:00:00+01:00,51.62875321842417
2018-03-20 11:00:00+01:00,51.89372661616186
2018-03-20 12:00:00+01:00,51.25986581515142
2018-03-20 13:00:00+01:00,50.52310286877393
2018-03-20 14:00:00+01:00,47.768009948191214
2018-03-20 15:00:00+01:00,47.1368978314084
2018-03-20 16:00:00+01:00,45.438505159836744
2018-03-20 17:00:00+01:00,46.977940976140445
2018-03-20 18:00:00+01:00,53.00307890062883
2018-03-20 19:00:00+01:00,53.052549302284106
2018-03-20 20:00:00+01:00,56.87529343924691
2018-03-20 21:00:00+01:00,53.79093043749785
2018-03-20 22:00:00+01:00,50.802808671382515
2018-03-20 23:00:00+01:00,46.00815565141789
2018-03-21 00:00:00+01:00,44.62233690404148
2018-03-21 01:00:00+01:00,37.51719755248925
2018-03-21 02:00:00+01:00,36.81697032202851
2018-03-21 03:00:00+01:00,39.10793878657289
2018-03-21 04:00:00+01:00,39.163661060894974
2018-03-21 05:00:00+01:00,40.148115614178245
2018-03-21 06:00:00+01:00,43.42175170046391
2018-03-21 07:00:00+01:00,53.533807259173415
2018-03-21 08:00:00+01:00,57.07411048091799
2018-03-21 09:00:00+01:00,58.040998303013374
2018-03-21 10:00:00+01:00,57.34952993050184
2018-03-21 11:00:00+01:00,55.312721256406284
2018-03-21 12:00:00+01:00,52.22527443408924
2018-03-21 13:00:00+01:00,53.168863921503295
2018-03-21 14:00:00+01:00,48.93741588942536
2018-03-21 15:00:00+01:00,47.48184930779738
2018-03-21 16:00:00+01:00,51.16974364032055
2018-03-21 17:00:00+01:00,51.465121782173995
2018-03-21 18:00:00+01:00,58.06190528729634
2018-03-21 19:00:00+01:00,60.84794520577173
2018-03-21 20:00:00+01:00,65.65555370986601
2018-03-21 21:00:00+01:00,60.48517306335836
2018-03-21 22:00:00+01:00,54.18594815264747
2018-03-21 23:00:00+01:00,50.278755144484414
2018-03-22 00:00:00+01:00,48.64079154884049
2018-03-22 01:00:00+01:00,43.09187460185191
2018-03-22 02:00:00+01:00,39.86902401163836
2018-03-22 03:00:00+01:00,40.93721231100306
2018-03-22 04:00:00+01:00,43.21072205061147
2018-03-22 05:00:00+01:00,42.80317929051624
2018-03-22 06:00:00+01:00,51.063408376232395
2018-03-22 07:00:00+01:00,55.1814547010583
2018-03-22 08:00:00+01:00,58.26619918621668
2018-03-22 09:00:00+01:00,59.64352824544496
2018-03-22 10:00:00+01:00,58.77155089931284
2018-03-22 11:00:00+01:00,59.18607896073338
2018-03-22 12:00:00+01:00,58.3291254277634
2018-03-22 13:00:00+01:00,55.41845718024349
2018-03-22 14:00:00+01:00,52.89809520501425
2018-03-22 15:00:00+01:00,51.31051589842266
2018-03-22 16:00:00+01:00,52.48395065565088
2018-03-22 17:00:00+01:00,52.79424552185127
2018-03-22 18:00:00+01:00,59.59491853977822
2018-03-22 19:00:00+01:00,61.42291339525655
2018-03-22 20:00:00+01:00,62.48184937017771
2018-03-22 21:00:00+01:00,60.264174110147145
2018-03-22 22:00:00+01:00,56.71853140944405
2018-03-22 23:00:00+01:00,55.696581273110006
2018-03-23 00:00:00+01:00,57.16078458834926
2018-03-23 01:00:00+01:00,52.56218575723367
2018-03-23 02:00:00+01:00,50.388771121682325
2018-03-23 03:00:00+01:00,48.126381764519486
2018-03-23 04:00:00+01:00,47.98100153464932
2018-03-23 05:00:00+01:00,49.36368757802231
2018-03-23 06:00:00+01:00,52.51851064855771
2018-03-23 07:00:00+01:00,55.1369256526935
2018-03-23 08:00:00+01:00,56.0576430403538
2018-03-23 09:00:00+01:00,57.93047246464223
2018-03-23 10:00:00+01:00,54.93704139678149
2018-03-23 11:00:00+01:00,54.3049227662259
2018-03-23 12:00:00+01:00,54.53476899085814
2018-03-23 13:00:00+01:00,51.04841972801618
2018-03-23 14:00:00+01:00,48.93519139203897
2018-03-23 15:00:00+01:00,47.701788994436455
2018-03-23 16:00:00+01:00,46.399512332830525
2018-03-23 17:00:00+01:00,48.80995817868307
2018-03-23 18:00:00+01:00,53.48739700179368
2018-03-23 19:00:00+01:00,53.499436019479184
2018-03-23 20:00:00+01:00,57.42894953398409
2018-03-23 21:00:00+01:00,53.701471616466954
2018-03-23 22:00:00+01:00,47.376067097992554
2018-03-23 23:00:00+01:00,43.102617669492844
2018-03-24 00:00:00+01:00,34.13433397868242
2018-03-24 01:00:00+01:00,32.74556359757183
2018-03-24 02:00:00+01:00,28.21676489673391
2018-03-24 03:00:00+01:00,29.05982126238471
2018-03-24 04:00:00+01:00,33.853347149773185
2018-03-24 05:00:00+01:00,33.891831936739685
2018-03-24 06:00:00+01:00,40.940205745057156
2018-03-24 07:00:00+01:00,38.72664299710157
2018-03-24 08:00:00+01:00,41.28852191747785
2018-03-24 09:00:00+01:00,42.22309887111144
2018-03-24 10:00:00+01:00,46.17194905695184
2018-03-24 11:00:00+01:00,45.8113984753414
2018-03-24 12:00:00+01:00,41.170349478214085
2018-03-24 13:00:00+01:00,39.60681220561938
2018-03-24 14:00:00+01:00,38.32445717162539
2018-03-24 15:00:00+01:00,35.676521340660976
2018-03-24 16:00:00+01:00,34.54643500755521
2018-03-24 17:00:00+01:00,35.44403535224361
2018-03-24 18:00:00+01:00,40.51167048458468
2018-03-24 19:00:00+01:00,41.99032125634023
2018-03-24 20:00:00+01:00,47.23745896019242
2018-03-24 21:00:00+01:00,44.61272855201114
2018-03-24 22:00:00+01:00,38.940874155039374
2018-03-24 23:00:00+01:00,36.142012549155524
2018-03-25 00:00:00+01:00,31.50890903664143
2018-03-25 01:00:00+01:00,28.00051909896573
2018-03-25 03:00:00+02:00,26.67557519060541
2018-03-25 04:00:00+02:00,29.573323919903853
2018-03-25 05:00:00+02:00,29.998566223746547
2018-03-25 06:00:00+02:00,28.99259242335495
2018-03-25 07:00:00+02:00,30.882445704402887
2018-03-25 08:00:00+02:00,32.539775752424546
2018-03-25 09:00:00+02:00,35.32186118677646
2018-03-25 10:00:00+02:00,39.208790256742674
2018-03-25 11:00:00+02:00,38.28737882005074
2018-03-25 12:00:00+02:00,37.340348551742814
2018-03-25 13:00:00+02:00,38.94183234378518
2018-03-25 14:00:00+02:00,40.555896221217814
2018-03-25 15:00:00+02:00,34.630781135777745
2018-03-25 16:00:00+02:00,33.891373610371694
2018-03-25 17:00:00+02:00,37.04584022500533
2018-03-25 18:00:00+02:00,38.50270594730604
2018-03-25 19:00:00+02:00,42.60681196539976
2018-03-25 20:00:00+02:00,48.24993624381092
2018-03-25 21:00:00+02:00,50.806749760507856
2018-03-25 22:00:00+02:00,50.93437768477446
2018-03-25 23:00:00+02:00,48.94665152979174
2018-03-26 00:00:00+02:00,45.68736608762758
2018-03-26 01:00:00+02:00,45.64717294403834
2018-03-26 02:00:00+02:00,44.76417520510672
2018-03-26 03:00:00+02:00,42.694542687268736
2018-03-26 04:00:00+02:00,41.045599365923046
2018-03-26 05:00:00+02:00,38.00785074979087
2018-03-26 06:00:00+02:00,45.49174029460321
2018-03-26 07:00:00+02:00,48.456503045039184
2018-03-26 08:00:00+02:00,52.416043102354024
2018-03-26 09:00:00+02:00,52.303021416753666
2018-03-26 10:00:00+02:00,53.85556016824248
2018-03-26 11:00:00+02:00,57.66429108950541
2018-03-26 12:00:00+02:00,52.126066256008635
2018-03-26 13:00:00+02:00,51.109471213669174
2018-03-26 14:00:00+02:00,50.336662043009404
2018-03-26 15:00:00+02:00,47.375933717891115
2018-03-26 16:00:00+02:00,46.54454850105044
2018-03-26 17:00:00+02:00,46.74157548131637
2018-03-26 18:00:00+02:00,52.179550905406764
2018-03-26 19:00:00+02:00,52.596443049289924
2018-03-26 20:00:00+02:00,55.70198839984306
2018-03-26 21:00:00+02:00,60.70957550127781
2018-03-26 22:00:00+02:00,57.39683561767258
2018-03-26 23:00:00+02:00,49.333911215503726
2018-03-27 00:00:00+02:00,52.73678823308658
2018-03-27 01:00:00+02:00,49.385740935817246
2018-03-27 02:00:00+02:00,45.58542024397219
2018-03-27 03:00:00+02:00,45.43866725694913
2018-03-27 04:00:00+02:00,44.501532399900704
2018-03-27 05:00:00+02:00,45.4720167106326
2018-03-27 06:00:00+02:00,46.24226268667199
2018-03-27 07:00:00+02:00,51.16608739557688
2018-03-27 08:00:00+02:00,50.090003051629274
2018-03-27 09:00:00+02:00,53.79665501042934
2018-03-27 10:00:00+02:00,56.58905585536749
2018-03-27 11:00:00+02:00,56.42219334501247
2018-03-27 12:00:00+02:00,55.90815749910267
2018-03-27 13:00:00+02:00,54.34028047038281
2018-03-27 14:00:00+02:00,52.84501375709216
2018-03-27 15:00:00+02:00,51.87879950727855
2018-03-27 16:00:00+02:00,51.17901770324013
2018-03-27 17:00:00+02:00,51.72492992894409
2018-03-27 18:00:00+02:00,54.800261116781186
2018-03-27 19:00:00+02:00,56.801598061328946
2018-03-27 20:00:00+02:00,58.72182910553485
2018-03-27 21:00:00+02:00,58.859218636632285
2018-03-27 22:00:00+02:00,56.33679895065471
2018-03-27 23:00:00+02:00,49.303320369579104
2018-03-28 00:00:00+02:00,49.90812216682108
2018-03-28 01:00:00+02:00,48.542380333562676
2018-03-28 02:00:00+02:00,45.731130311106014
2018-03-28 03:00:00+02:00,46.3802583021095
2018-03-28 04:00:00+02:00,44.93663269963378
2018-03-28 05:00:00+02:00,45.163023023182056
2018-03-28 06:00:00+02:00,48.63908795140135
2018-03-28 07:00:00+02:00,53.352704684175336
2018-03-28 08:00:00+02:00,57.80577728931234
2018-03-28 09:00:00+02:00,59.23172439245294
2018-03-28 10:00:00+02:00,58.75611972608686
2018-03-28 11:00:00+02:00,57.44936398324289
2018-03-28 12:00:00+02:00,55.37608144108323
2018-03-28 13:00:00+02:00,53.97763797572283
2018-03-28 14:00:00+02:00,50.61677297872801
2018-03-28 15:00:00+02:00,49.713013235473895
2018-03-28 16:00:00+02:00,45.88169987176808
2018-03-28 17:00:00+02:00,46.02286622585464
2018-03-28 18:00:00+02:00,45.03396762746033
2018-03-28 19:00:00+02:00,46.70380696309406
2018-03-28 20:00:00+02:00,50.38659518282958
2018-03-28 21:00:00+02:00,53.08667547521578
2018-03-28 22:00:00+02:00,51.10927993975605
2018-03-28 23:00:00+02:00,46.7381933466542
2018-03-29 00:00:00+02:00,44.42751697639773
2018-03-29 01:00:00+02:00,41.77791519462763
2018-03-29 02:00:00+02:00,39.07429001111326
2018-03-29 03:00:00+02:00,34.739627888044026
2018-03-29 04:00:00+02:00,34.091170674643436
2018-03-29 05:00:00+02:00,38.6662947145669
2018-03-29 06:00:00+02:00,41.3803630837505
2018-03-29 07:00:00+02:00,47.80085780368498
2018-03-29 08:00:00+02:00,51.64080399655661
2018-03-29 09:00:00+02:00,52.15303320426684
2018-03-29 10:00:00+02:00,52.57240953676873
2018-03-29 11:00:00+02:00,50.51314090473553
2018-03-29 12:00:00+02:00,52.143877662206066
2018-03-29 13:00:00+02:00,49.68504343118268
2018-03-29 14:00:00+02:00,48.801641127637396
2018-03-29 15:00:00+02:00,45.80731529609628
2018-03-29 16:00:00+02:00,44.09988546956123
2018-03-29 17:00:00+02:00,44.32001434094712
2018-03-29 18:00:00+02:00,45.54866720356552
2018-03-29 19:00:00+02:00,46.50626839822965
2018-03-29 20:00:00+02:00,48.58389224754852
2018-03-29 21:00:00+02:00,53.94915945587335
2018-03-29 22:00:00+02:00,50.64831077438283
2018-03-29 23:00:00+02:00,46.23464053982043
2018-03-30 00:00:00+02:00,41.111817180878255
2018-03-30 01:00:00+02:00,39.73054612100521
2018-03-30 02:00:00+02:00,38.55068579637579
2018-03-30 03:00:00+02:00,35.764145318919454
2018-03-30 04:00:00+02:00,33.917602733659926
2018-03-30 05:00:00+02:00,35.21504524326039
2018-03-30 06:00:00+02:00,38.26577716614282
2018-03-30 07:00:00+02:00,40.44833934927104
2018-03-30 08:00:00+02:00,46.74163401994188
2018-03-30 09:00:00+02:00,49.876023928305806
2018-03-30 10:00:00+02:00,49.81933046773683
2018-03-30 11:00:00+02:00,46.9067435373383
2018-03-30 12:00:00+02:00,44.25848852451057
2018-03-30 13:00:00+02:00,43.371479899850804
2018-03-30 14:00:00+02:00,39.473747309495586
2018-03-30 15:00:00+02:00,37.25831325900549
2018-03-30 16:00:00+02:00,38.69810465863542
2018-03-30 17:00:00+02:00,36.35441285035357
2018-03-30 18:00:00+02:00,42.37525635115453
2018-03-30 19:00:00+02:00,41.54418908113099
2018-03-30 20:00:00+02:00,43.41634387284558
2018-03-30 21:00:00+02:00,51.115230255075495
2018-03-30 22:00:00+02:00,47.612603939742854
2018-03-30 23:00:00+02:00,41.050826162016115
2018-03-31 00:00:00+02:00,33.29770169282372
2018-03-31 01:00:00+02:00,29.065656906161415
2018-03-31 02:00:00+02:00,27.504117402177638
2018-03-31 03:00:00+02:00,25.12706067289452
2018-03-31 04:00:00+02:00,26.798554683471707
2018-03-31 05:00:00+02:00,26.177779444385216
2018-03-31 06:00:00+02:00,28.84539228087938
2018-03-31 07:00:00+02:00,32.5403414757404
2018-03-31 08:00:00+02:00,31.42157279887917
2018-03-31 09:00:00+02:00,33.928473437659555
2018-03-31 10:00:00+02:00,35.56628898022766
2018-03-31 11:00:00+02:00,35.52604670601212
2018-03-31 12:00:00+02:00,33.85140575834357
2018-03-31 13:00:00+02:00,34.28272912717834
2018-03-31 14:00:00+02:00,33.99217285972621
2018-03-31 15:00:00+02:00,31.126679770752197
2018-03-31 16:00:00+02:00,29.941166566558927
2018-03-31 17:00:00+02:00,31.63496419360907
2018-03-31 18:00:00+02:00,35.26815778857845
2018-03-31 19:00:00+02:00,38.128447302169434
2018-03-31 20:00:00+02:00,40.561628056603844
2018-03-31 21:00:00+02:00,41.57351088178389
2018-03-31 22:00:00+02:00,41.00498906482995
2018-03-31 23:00:00+02:00,43.28186771671636
2018-04-01 00:00:00+02:00,37.32879122090448
2018-04-01 01:00:00+02:00,38.10425296873478
2018-04-01 02:00:00+02:00,36.01111123227584
2018-04-01 03:00:00+02:00,35.793822886063076
2018-04-01 04:00:00+02:00,36.386524844701164
2018-04-01 05:00:00+02:00,38.52516964239348
2018-04-01 06:00:00+02:00,38.73489788087782
2018-04-01 07:00:00+02:00,38.05155148213441
2018-04-01 08:00:00+02:00,38.11579890517271
2018-04-01 09:00:00+02:00,41.74447924805563
2018-04-01 10:00:00+02:00,42.54681147650228
2018-04-01 11:00:00+02:00,41.4472517745873
2018-04-01 12:00:00+02:00,39.09800681062146
2018-04-01 13:00:00+02:00,40.70567269843919
2018-04-01 14:00:00+02:00,37.05255789829175
2018-04-01 15:00:00+02:00,35.253450486780636
2018-04-01 16:00:00+02:00,35.58076130752709
2018-04-01 17:00:00+02:00,34.16060301820832
2018-04-01 18:00:00+02:00,36.82034310985701
2018-04-01 19:00:00+02:00,40.554947322739174
2018-04-01 20:00:00+02:00,48.456175116350884
2018-04-01 21:00:00+02:00,50.90534057469917
2018-04-01 22:00:00+02:00,51.485774006721684
2018-04-01 23:00:00+02:00,45.887513387750545
2018-04-02 00:00:00+02:00,46.50323235216496
2018-04-02 01:00:00+02:00,38.175071596685065
2018-04-02 02:00:00+02:00,36.6967477877019
2018-04-02 03:00:00+02:00,36.2926896900287
2018-04-02 04:00:00+02:00,36.25914222171076
2018-04-02 05:00:00+02:00,39.1192022601773
2018-04-02 06:00:00+02:00,43.03621061477388
2018-04-02 07:00:00+02:00,49.0931839373782
2018-04-02 08:00:00+02:00,54.87746074943327
2018-04-02 09:00:00+02:00,56.82122415781977
2018-04-02 10:00:00+02:00,55.71061876095248
2018-04-02 11:00:00+02:00,54.07288141622867
2018-04-02 12:00:00+02:00,52.00183611467001
2018-04-02 13:00:00+02:00,51.81904327895277
2018-04-02 14:00:00+02:00,50.486335289720216
2018-04-02 15:00:00+02:00,48.578371375030095
2018-04-02 16:00:00+02:00,46.55482472362632
2018-04-02 17:00:00+02:00,46.6536415470832
2018-04-02 18:00:00+02:00,49.609212278607544
2018-04-02 19:00:00+02:00,50.31163405449628
2018-04-02 20:00:00+02:00,50.433207338715484
2018-04-02 21:00:00+02:00,52.00092198036884
2018-04-02 22:00:00+02:00,52.02813189831431
2018-04-02 23:00:00+02:00,47.928768783684184
2018-04-03 00:00:00+02:00,42.500494744238985
2018-04-03 01:00:00+02:00,42.6155081277021
2018-04-03 02:00:00+02:00,38.12365056024044
2018-04-03 03:00:00+02:00,37.62567746753854
2018-04-03 04:00:00+02:00,36.323844829044226
2018-04-03 05:00:00+02:00,38.055594320520875
2018-04-03 06:00:00+02:00,41.37129256702077
2018-04-03 07:00:00+02:00,43.851163884845896
2018-04-03 08:00:00+02:00,47.49167814780565
2018-04-03 09:00:00+02:00,51.687534002377404
2018-04-03 10:00:00+02:00,51.655638755560275
2018-04-03 11:00:00+02:00,51.780431112795156
2018-04-03 12:00:00+02:00,48.82582610460032
2018-04-03 13:00:00+02:00,48.39911279798224
2018-04-03 14:00:00+02:00,47.146763084925546
2018-04-03 15:00:00+02:00,44.497892003638725
2018-04-03 16:00:00+02:00,44.57252095969959
2018-04-03 17:00:00+02:00,43.856330062689864
2018-04-03 18:00:00+02:00,43.94631818308784
2018-04-03 19:00:00+02:00,46.15848848083929
2018-04-03 20:00:00+02:00,48.58447942823292
2018-04-03 21:00:00+02:00,50.09832384893093
2018-04-03 22:00:00+02:00,49.025425217123086
2018-04-03 23:00:00+02:00,45.8395242318071
2018-04-04 00:00:00+02:00,40.39674554175025
2018-04-04 01:00:00+02:00,40.29832419451314
2018-04-04 02:00:00+02:00,34.34723916950423
2018-04-04 03:00:00+02:00,32.588826769010204
2018-04-04 04:00:00+02:00,31.8539549740483
2018-04-04 05:00:00+02:00,32.51910560773835
2018-04-04 06:00:00+02:00,36.83234325266174
2018-04-04 07:00:00+02:00,44.508388999831794
2018-04-04 08:00:00+02:00,48.09281930216793
2018-04-04 09:00:00+02:00,48.609581304737944
2018-04-04 10:00:00+02:00,46.0741307942137
2018-04-04 11:00:00+02:00,45.92576735373123
2018-04-04 12:00:00+02:00,45.29311620734397
2018-04-04 13:00:00+02:00,44.702053143228326
2018-04-04 14:00:00+02:00,43.625147708657
2018-04-04 15:00:00+02:00,42.4029636349806
2018-04-04 16:00:00+02:00,43.722513127344826
2018-04-04 17:00:00+02:00,44.69284843444734
2018-04-04 18:00:00+02:00,45.976807689587986
2018-04-04 19:00:00+02:00,49.494261805148234
2018-04-04 20:00:00+02:00,50.201026571517296
2018-04-04 21:00:00+02:00,51.421390209944505
2018-04-04 22:00:00+02:00,51.66148045652683
2018-04-04 23:00:00+02:00,47.97798864863413
2018-04-05 00:00:00+02:00,46.041367228769964
2018-04-05 01:00:00+02:00,41.21555995231457
2018-04-05 02:00:00+02:00,40.53584727356446
2018-04-05 03:00:00+02:00,42.40924023228064
2018-04-05 04:00:00+02:00,42.420811513116675
2018-04-05 05:00:00+02:00,43.214783255197176
2018-04-05 06:00:00+02:00,47.71965164486107
2018-04-05 07:00:00+02:00,52.60229342485373
2018-04-05 08:00:00+02:00,56.77341799976865
2018-04-05 09:00:00+02:00,54.75417219187057
2018-04-05 10:00:00+02:00,53.696250556453364
2018-04-05 11:00:00+02:00,50.64068247926826
2018-04-05 12:00:00+02:00,49.50811809846443
2018-04-05 13:00:00+02:00,50.68388205591877
2018-04-05 14:00:00+02:00,49.14221119528343
2018-04-05 15:00:00+02:00,49.19200882484925
2018-04-05 16:00:00+02:00,47.291743138849185
2018-04-05 17:00:00+02:00,49.16149565068081
2018-04-05 18:00:00+02:00,51.02941569723842
2018-04-05 19:00:00+02:00,52.625279344819525
2018-04-05 20:00:00+02:00,57.327421350911486
2018-04-05 21:00:00+02:00,57.07484568056622
2018-04-05 22:00:00+02:00,54.19861417825885
2018-04-05 23:00:00+02:00,49.53339403892958
2018-04-06 00:00:00+02:00,50.345728961532316
2018-04-06 01:00:00+02:00,47.75301819246494
2018-04-06 02:00:00+02:00,44.232660708670025
2018-04-06 03:00:00+02:00,43.64158845811761
2018-04-06 04:00:00+02:00,42.528797176545915
2018-04-06 05:00:00+02:00,42.9379815219432
2018-04-06 06:00:00+02:00,47.656844470781095
2018-04-06 07:00:00+02:00,52.098686992874185
2018-04-06 08:00:00+02:00,53.7550102552724
2018-04-06 09:00:00+02:00,56.27166752974413
2018-04-06 10:00:00+02:00,56.33150436195939
2018-04-06 11:00:00+02:00,53.228967916154616
2018-04-06 12:00:00+02:00,53.19735245583999
2018-04-06 13:00:00+02:00,53.13012103269215
2018-04-06 14:00:00+02:00,51.28809470259049
2018-04-06 15:00:00+02:00,47.67140899171951
2018-04-06 16:00:00+02:00,48.41183710563542
2018-04-06 17:00:00+02:00,47.5890650967815
2018-04-06 18:00:00+02:00,46.98101048437128
2018-04-06 19:00:00+02:00,47.020336446150594
2018-04-06 20:00:00+02:00,51.358597399405525
2018-04-06 21:00:00+02:00,54.71165103777287
2018-04-06 22:00:00+02:00,51.606043635172995
2018-04-06 23:00:00+02:00,52.574657282060514
2018-04-07 00:00:00+02:00,51.67405619881759
2018-04-07 01:00:00+02:00,45.83867212501933
2018-04-07 02:00:00+02:00,45.674459018402054
2018-04-07 03:00:00+02:00,41.40232965809828
2018-04-07 04:00:00+02:00,40.38732774491319
2018-04-07 05:00:00+02:00,47.966361615399684
2018-04-07 06:00:00+02:00,48.61102548912052
2018-04-07 07:00:00+02:00,44.97403172545414
2018-04-07 08:00:00+02:00,48.039760324283804
2018-04-07 09:00:00+02:00,49.715435262582695
2018-04-07 10:00:00+02:00,49.39656622082626
2018-04-07 11:00:00+02:00,49.31554705760744
2018-04-07 12:00:00+02:00,49.50031944695159
2018-04-07 13:00:00+02:00,48.04311461615765
2018-04-07 14:00:00+02:00,45.489324530817306
2018-04-07 15:00:00+02:00,43.228810292640574
2018-04-07 16:00:00+02:00,43.91762316317439
2018-04-07 17:00:00+02:00,43.9621620218404
2018-04-07 18:00:00+02:00,47.18609947154909
2018-04-07 19:00:00+02:00,48.24079773318125
2018-04-07 20:00:00+02:00,51.115760700990855
2018-04-07 21:00:00+02:00,52.997167177021495
2018-04-07 22:00:00+02:00,51.51557567829563
2018-04-07 23:00:00+02:00,48.07632690289711
2018-04-08 00:00:00+02:00,45.89484700963939
2018-04-08 01:00:00+02:00,44.90037341906096
2018-04-08 02:00:00+02:00,42.83303360925153
2018-04-08 03:00:00+02:00,42.69925567724254
2018-04-08 04:00:00+02:00,42.1040748609149
2018-04-08 05:00:00+02:00,40.18210713329791
2018-04-08 06:00:00+02:00,40.54592955802978
2018-04-08 07:00:00+02:00,40.42981831201158
2018-04-08 08:00:00+02:00,43.20469998869592
2018-04-08 09:00:00+02:00,43.105013011931355
2018-04-08 10:00:00+02:00,43.44995926701756
2018-04-08 11:00:00+02:00,41.97653642194109
2018-04-08 12:00:00+02:00,39.22399072018455
2018-04-08 13:00:00+02:00,41.145886249862286
2018-04-08 14:00:00+02:00,37.46048524749507
2018-04-08 15:00:00+02:00,36.23141015905552
2018-04-08 16:00:00+02:00,38.26788251487778
2018-04-08 17:00:00+02:00,35.220461462155676
2018-04-08 18:00:00+02:00,39.3948085995779
2018-04-08 19:00:00+02:00,38.6325452295538
2018-04-08 20:00:00+02:00,42.29222387682587
2018-04-08 21:00:00+02:00,49.37234361952696
2018-04-08 22:00:00+02:00,46.25044215688216
2018-04-08 23:00:00+02:00,43.14662659043277
2018-04-09 00:00:00+02:00,43.475050182789076
2018-04-09 01:00:00+02:00,44.53346362081032
2018-04-09 02:00:00+02:00,39.92501961327366
2018-04-09 03:00:00+02:00,41.939599252454805
2018-04-09 04:00:00+02:00,41.209965254444256
2018-04-09 05:00:00+02:00,41.613845791137294
2018-04-09 06:00:00+02:00,46.35210972412369
2018-04-09 07:00:00+02:00,49.43314781209765
2018-04-09 08:00:00+02:00,55.12318422342664
2018-04-09 09:00:00+02:00,56.317610840069754
2018-04-09 10:00:00+02:00,55.90140797810878
2018-04-09 11:00:00+02:00,54.119942434798716
2018-04-09 12:00:00+02:00,52.05475905025409
2018-04-09 13:00:00+02:00,48.81201962309622
2018-04-09 14:00:00+02:00,49.09701163189417
2018-04-09 15:00:00+02:00,46.759065656014705
2018-04-09 16:00:00+02:00,46.833024544101185
2018-04-09 17:00:00+02:00,47.51363796252363
2018-04-09 18:00:00+02:00,47.684380120225256
2018-04-09 19:00:00+02:00,49.96233445692448
2018-04-09 20:00:00+02:00,50.09231732373184
2018-04-09 21:00:00+02:00,50.945019728257925
2018-04-09 22:00:00+02:00,52.1738211354585
2018-04-09 23:00:00+02:00,47.791817166431926
2018-04-10 00:00:00+02:00,44.748468497113485
2018-04-10 01:00:00+02:00,42.809552562309804
2018-04-10 02:00:00+02:00,42.31774443110764
2018-04-10 03:00:00+02:00,41.324072980692385
2018-04-10 04:00:00+02:00,41.37843128901542
2018-04-10 05:00:00+02:00,38.58547536339741
2018-04-10 06:00:00+02:00,43.689287226476566
2018-04-10 07:00:00+02:00,46.23482964542316
2018-04-10 08:00:00+02:00,50.12425257747591
2018-04-10 09:00:00+02:00,50.57941864104778
2018-04-10 10:00:00+02:00,51.20920558392075
2018-04-10 11:00:00+02:00,47.51156296806348
2018-04-10 12:00:00+02:00,48.940283849091095
2018-04-10 13:00:00+02:00,51.02050323313158
2018-04-10 14:00:00+02:00,48.26802035557584
2018-04-10 15:00:00+02:00,45.109585620722505
2018-04-10 16:00:00+02:00,47.06110369572434
2018-04-10 17:00:00+02:00,54.348998153546724
2018-04-10 18:00:00+02:00,52.24405727660815
2018-04-10 19:00:00+02:00,54.21745542135192
2018-04-10 20:00:00+02:00,59.20861047788007
2018-04-10 21:00:00+02:00,59.265808580150846
2018-04-10 22:00:00+02:00,59.018606362942876
2018-04-10 23:00:00+02:00,51.188595040514215
2018-04-11 00:00:00+02:00,47.084126455304116
2018-04-11 01:00:00+02:00,46.10420989368676
2018-04-11 02:00:00+02:00,43.14477382236166
2018-04-11 03:00:00+02:00,41.92242370193781
2018-04-11 04:00:00+02:00,38.66009464388299
2018-04-11 05:00:00+02:00,43.899264594635504
2018-04-11 06:00:00+02:00,47.26061141590937
2018-04-11 07:00:00+02:00,48.72269043746952
2018-04-11 08:00:00+02:00,51.71367942181137
2018-04-11 09:00:00+02:00,50.970521558828565
2018-04-11 10:00:00+02:00,49.043460376643765
2018-04-11 11:00:00+02:00,50.06757515490856
2018-04-11 12:00:00+02:00,49.41137240632607
2018-04-11 13:00:00+02:00,47.447629515193945
2018-04-11 14:00:00+02:00,44.75700671898811
2018-04-11 15:00:00+02:00,44.23517926211314
2018-04-11 16:00:00+02:00,42.79790857778813
2018-04-11 17:00:00+02:00,44.15890129308037
2018-04-11 18:00:00+02:00,47.782934519558374
2018-04-11 19:00:00+02:00,49.71361022515545
2018-04-11 20:00:00+02:00,49.38027285223855
2018-04-11 21:00:00+02:00,51.07777433146546
2018-04-11 22:00:00+02:00,49.78459813862888
2018-04-11 23:00:00+02:00,46.44625939231842
2018-04-12 00:00:00+02:00,37.56267268750529
2018-04-12 01:00:00+02:00,36.4871778929628
2018-04-12 02:00:00+02:00,34.201789819486486
2018-04-12 03:00:00+02:00,33.53895264939085
2018-04-12 04:00:00+02:00,33.75905493635686
2018-04-12 05:00:00+02:00,34.731833716326896
2018-04-12 06:00:00+02:00,39.794998036584545
2018-04-12 07:00:00+02:00,44.870766794756584
2018-04-12 08:00:00+02:00,51.93000530916586
2018-04-12 09:00:00+02:00,53.81140270471197
2018-04-12 10:00:00+02:00,52.95640887358684
2018-04-12 11:00:00+02:00,51.39512003563215
2018-04-12 12:00:00+02:00,51.02442618000298
2018-04-12 13:00:00+02:00,50.24826600609941
2018-04-12 14:00:00+02:00,49.575455684547016
2018-04-12 15:00:00+02:00,46.95314690301298
2018-04-12 16:00:00+02:00,48.41598697846878
2018-04-12 17:00:00+02:00,50.52013136269692
2018-04-12 18:00:00+02:00,51.74037092289073
2018-04-12 19:00:00+02:00,49.36868671576607
2018-04-12 20:00:00+02:00,52.304772072601935
2018-04-12 21:00:00+02:00,52.51340228962817
2018-04-12 22:00:00+02:00,51.95536953458319
2018-04-12 23:00:00+02:00,46.75327672828278
2018-04-13 00:00:00+02:00,48.09658789765755
2018-04-13 01:00:00+02:00,47.00543694644571
2018-04-13 02:00:00+02:00,43.30842122662194
2018-04-13 03:00:00+02:00,42.216021368792184
2018-04-13 04:00:00+02:00,39.59844644425168
2018-04-13 05:00:00+02:00,40.30771911846859
2018-04-13 06:00:00+02:00,43.81221270435988
2018-04-13 07:00:00+02:00,47.40982925164264
2018-04-13 08:00:00+02:00,51.643169058295605
2018-04-13 09:00:00+02:00,54.76879661586116
2018-04-13 10:00:00+02:00,52.00706502799527
2018-04-13 11:00:00+02:00,52.24368854675491
2018-04-13 12:00:00+02:00,51.78225333248541
2018-04-13 13:00:00+02:00,50.41033709146211
2018-04-13 14:00:00+02:00,48.61942934836808
2018-04-13 15:00:00+02:00,46.658242595641916
2018-04-13 16:00:00+02:00,45.676686597018644
2018-04-13 17:00:00+02:00,47.240990439006595
2018-04-13 18:00:00+02:00,47.06960889439431
2018-04-13 19:00:00+02:00,51.16723460873673
2018-04-13 20:00:00+02:00,54.6062988902487
2018-04-13 21:00:00+02:00,55.99077637604152
2018-04-13 22:00:00+02:00,54.01614067356371
2018-04-13 23:00:00+02:00,52.272919643687835
2018-04-14 00:00:00+02:00,50.71109145218207
2018-04-14 01:00:00+02:00,50.612751552790584
2018-04-14 02:00:00+02:00,48.669165834997294
2018-04-14 03:00:00+02:00,47.81865224994783
2018-04-14 04:00:00+02:00,47.26787506217593
2018-04-14 05:00:00+02:00,47.93400348265601
2018-04-14 06:00:00+02:00,48.91255599485433
2018-04-14 07:00:00+02:00,51.27014179983146
2018-04-14 08:00:00+02:00,51.53194975918429
2018-04-14 09:00:00+02:00,54.184593530330986
2018-04-14 10:00:00+02:00,53.34885496671275
2018-04-14 11:00:00+02:00,53.53382197954289
2018-04-14 12:00:00+02:00,55.093431651612185
2018-04-14 13:00:00+02:00,54.59252975007238
2018-04-14 14:00:00+02:00,53.91469429002074
2018-04-14 15:00:00+02:00,52.367966763399785
2018-04-14 16:00:00+02:00,51.125815887903165
2018-04-14 17:00:00+02:00,51.463361717516584
2018-04-14 18:00:00+02:00,51.56540602457764
2018-04-14 19:00:00+02:00,53.18228862989422
2018-04-14 20:00:00+02:00,55.47312738235454
2018-04-14 21:00:00+02:00,56.63440482368118
2018-04-14 22:00:00+02:00,57.8596700138305
2018-04-14 23:00:00+02:00,53.78206133510747
2018-04-15 00:00:00+02:00,50.32120971927593
2018-04-15 01:00:00+02:00,49.42514281774641
2018-04-15 02:00:00+02:00,46.83816933561203
2018-04-15 03:00:00+02:00,43.168610631501544
2018-04-15 04:00:00+02:00,43.83182331844501
2018-04-15 05:00:00+02:00,42.811971723722856
2018-04-15 06:00:00+02:00,41.64741662598248
2018-04-15 07:00:00+02:00,41.03025350966907
2018-04-15 08:00:00+02:00,43.43851300038446
2018-04-15 09:00:00+02:00,45.616754090646104
2018-04-15 10:00:00+02:00,45.68600472767349
2018-04-15 11:00:00+02:00,46.95220540555266
2018-04-15 12:00:00+02:00,44.92213183444232
2018-04-15 13:00:00+02:00,45.12677745929862
2018-04-15 14:00:00+02:00,43.570241196476694
2018-04-15 15:00:00+02:00,37.51865102016744
2018-04-15 16:00:00+02:00,35.52847858337628
2018-04-15 17:00:00+02:00,35.11695448711313
2018-04-15 18:00:00+02:00,37.76365419463542
2018-04-15 19:00:00+02:00,42.008616033039
2018-04-15 20:00:00+02:00,46.62134646457729
2018-04-15 21:00:00+02:00,52.3277829905054
2018-04-15 22:00:00+02:00,50.97139635388388
2018-04-15 23:00:00+02:00,48.381241942831025
2018-04-16 00:00:00+02:00,50.69696677616952
2018-04-16 01:00:00+02:00,45.16560949734284
2018-04-16 02:00:00+02:00,38.97964730175543
2018-04-16 03:00:00+02:00,42.801762619675856
2018-04-16 04:00:00+02:00,40.527176723211674
2018-04-16 05:00:00+02:00,42.428660693333335
2018-04-16 06:00:00+02:00,46.12541015855528
2018-04-16 07:00:00+02:00,49.0126209735683
2018-04-16 08:00:00+02:00,52.259342050902454
2018-04-16 09:00:00+02:00,53.56778833969239
2018-04-16 10:00:00+02:00,53.80819121899673
2018-04-16 11:00:00+02:00,50.449875200734965
2018-04-16 12:00:00+02:00,50.01018665433207
2018-04-16 13:00:00+02:00,49.78542842138487
2018-04-16 14:00:00+02:00,51.65472845829352
2018-04-16 15:00:00+02:00,48.72284369849041
2018-04-16 16:00:00+02:00,48.88760918131441
2018-04-16 17:00:00+02:00,49.017768855765944
2018-04-16 18:00:00+02:00,51.089576102203125
2018-04-16 19:00:00+02:00,52.454969809106956
2018-04-16 20:00:00+02:00,56.36879217741952
2018-04-16 21:00:00+02:00,59.53904633199793
2018-04-16 22:00:00+02:00,55.73787978848581
2018-04-16 23:00:00+02:00,52.788685138679554
2018-04-17 00:00:00+02:00,50.63090562463241
2018-04-17 01:00:00+02:00,48.52151256413861
2018-04-17 02:00:00+02:00,45.86436005352345
2018-04-17 03:00:00+02:00,47.14529447613468
2018-04-17 04:00:00+02:00,45.621530089755915
2018-04-17 05:00:00+02:00,46.67112989593753
2018-04-17 06:00:00+02:00,50.405252863041504
2018-04-17 07:00:00+02:00,57.111937260882456
2018-04-17 08:00:00+02:00,59.784132185443724
2018-04-17 09:00:00+02:00,60.84587270468747
2018-04-17 10:00:00+02:00,58.22795953845814
2018-04-17 11:00:00+02:00,57.204849883461236
2018-04-17 12:00:00+02:00,56.128329545628944
2018-04-17 13:00:00+02:00,57.00287707301185
2018-04-17 14:00:00+02:00,55.5126853935443
2018-04-17 15:00:00+02:00,52.99954564203571
2018-04-17 16:00:00+02:00,51.517551325307856
2018-04-17 17:00:00+02:00,51.64060672324872
2018-04-17 18:00:00+02:00,54.01910052462674
2018-04-17 19:00:00+02:00,56.42464782887854
2018-04-17 20:00:00+02:00,57.36325102867328
2018-04-17 21:00:00+02:00,60.149666476720284
2018-04-17 22:00:00+02:00,58.21544246009235
2018-04-17 23:00:00+02:00,53.292535760677296
2018-04-18 00:00:00+02:00,52.72138804085504
2018-04-18 01:00:00+02:00,48.83001086692974
2018-04-18 02:00:00+02:00,48.185373696904406
2018-04-18 03:00:00+02:00,46.964754849764994
2018-04-18 04:00:00+02:00,45.73812277992007
2018-04-18 05:00:00+02:00,47.78532924666048
2018-04-18 06:00:00+02:00,51.94388287563129
2018-04-18 07:00:00+02:00,55.73242776810935
2018-04-18 08:00:00+02:00,57.17163533279714
2018-04-18 09:00:00+02:00,58.1815302109638
2018-04-18 10:00:00+02:00,56.921501797243565
2018-04-18 11:00:00+02:00,55.28111508461401
2018-04-18 12:00:00+02:00,56.043625831322316
2018-04-18 13:00:00+02:00,57.08645054671336
2018-04-18 14:00:00+02:00,54.6163105450115
2018-04-18 15:00:00+02:00,54.04886094195292
2018-04-18 16:00:00+02:00,52.453061499901516
2018-04-18 17:00:00+02:00,52.73878824076975
2018-04-18 18:00:00+02:00,55.33087474975506
2018-04-18 19:00:00+02:00,55.940969606444696
2018-04-18 20:00:00+02:00,55.26418799115741
2018-04-18 21:00:00+02:00,57.21464718643461
2018-04-18 22:00:00+02:00,55.760665223486434
2018-04-18 23:00:00+02:00,54.52394891466894
2018-04-19 00:00:00+02:00,53.21325268880699
2018-04-19 01:00:00+02:00,46.91779063024874
2018-04-19 02:00:00+02:00,47.767717167867815
2018-04-19 03:00:00+02:00,48.02233774724119
2018-04-19 04:00:00+02:00,45.90636957434206
2018-04-19 05:00:00+02:00,47.211268340294474
2018-04-19 06:00:00+02:00,51.064674163425295
2018-04-19 07:00:00+02:00,53.735308250369414
2018-04-19 08:00:00+02:00,57.4691810418404
2018-04-19 09:00:00+02:00,54.81275016264294
2018-04-19 10:00:00+02:00,54.719292120815155
2018-04-19 11:00:00+02:00,55.192717077857516
2018-04-19 12:00:00+02:00,53.93489079578935
2018-04-19 13:00:00+02:00,51.63557255980887
2018-04-19 14:00:00+02:00,49.66870333275301
2018-04-19 15:00:00+02:00,47.40270533936731
2018-04-19 16:00:00+02:00,48.81910966034853
2018-04-19 17:00:00+02:00,48.71948642595854
2018-04-19 18:00:00+02:00,51.155631040158895
2018-04-19 19:00:00+02:00,50.55566530690173
2018-04-19 20:00:00+02:00,53.91396283731483
2018-04-19 21:00:00+02:00,55.6803738951481
2018-04-19 22:00:00+02:00,54.575963364903885
2018-04-19 23:00:00+02:00,50.41268773102532
2018-04-20 00:00:00+02:00,48.13272816033395
2018-04-20 01:00:00+02:00,47.13673204794684
2018-04-20 02:00:00+02:00,45.8978154490494
2018-04-20 03:00:00+02:00,47.11178380979709
2018-04-20 04:00:00+02:00,46.41092227659503
2018-04-20 05:00:00+02:00,46.86057104121644
2018-04-20 06:00:00+02:00,48.06815661276568
2018-04-20 07:00:00+02:00,51.142069526714494
2018-04-20 08:00:00+02:00,54.21786346213522
2018-04-20 09:00:00+02:00,54.9716326685872
2018-04-20 10:00:00+02:00,53.988614835361616
2018-04-20 11:00:00+02:00,52.58807850874415
2018-04-20 12:00:00+02:00,51.2044138973807
2018-04-20 13:00:00+02:00,50.29882239163572
2018-04-20 14:00:00+02:00,47.734706135163144
2018-04-20 15:00:00+02:00,47.93276052765311
2018-04-20 16:00:00+02:00,48.79727700987413
2018-04-20 17:00:00+02:00,48.50857687359343
2018-04-20 18:00:00+02:00,49.74119044185884
2018-04-20 19:00:00+02:00,51.30809090743259
2018-04-20 20:00:00+02:00,54.06302512648183
2018-04-20 21:00:00+02:00,58.40375981875574
2018-04-20 22:00:00+02:00,55.21024705985314
2018-04-20 23:00:00+02:00,51.91926027843254
2018-04-21 00:00:00+02:00,50.93900528423945
2018-04-21 01:00:00+02:00,46.83329592387313
2018-04-21 02:00:00+02:00,44.45158537756078
2018-04-21 03:00:00+02:00,43.542694211535164
2018-04-21 04:00:00+02:00,44.89940658671186
2018-04-21 05:00:00+02:00,45.57868286042282
2018-04-21 06:00:00+02:00,47.055143336700766
2018-04-21 07:00:00+02:00,50.65723486877658
2018-04-21 08:00:00+02:00,51.75769344747268
2018-04-21 09:00:00+02:00,51.75499228307785
2018-04-21 10:00:00+02:00,54.30282864494221
2018-04-21 11:00:00+02:00,51.48396292687262
2018-04-21 12:00:00+02:00,52.23868268725317
2018-04-21 13:00:00+02:00,52.07064684525672
2018-04-21 14:00:00+02:00,48.04075314053574
2018-04-21 15:00:00+02:00,46.829319415942784
2018-04-21 16:00:00+02:00,46.26513464822886
2018-04-21 17:00:00+02:00,46.661599554316645
2018-04-21 18:00:00+02:00,48.680463180829676
2018-04-21 19:00:00+02:00,50.69997303303868
2018-04-21 20:00:00+02:00,54.276208443779
2018-04-21 21:00:00+02:00,58.490653591555265
2018-04-21 22:00:00+02:00,54.003995625425304
2018-04-21 23:00:00+02:00,50.488956797123954
2018-04-22 00:00:00+02:00,45.56138604903606
2018-04-22 01:00:00+02:00,42.05694270461829
2018-04-22 02:00:00+02:00,42.00732894685251
2018-04-22 03:00:00+02:00,41.868222232279614
2018-04-22 04:00:00+02:00,41.97129414338038
2018-04-22 05:00:00+02:00,41.435276554729406
2018-04-22 06:00:00+02:00,42.43407558701407
2018-04-22 07:00:00+02:00,42.332592829598596
2018-04-22 08:00:00+02:00,45.41781308910703
2018-04-22 09:00:00+02:00,45.70243571605227
2018-04-22 10:00:00+02:00,45.82576189593048
2018-04-22 11:00:00+02:00,46.03217699613329
2018-04-22 12:00:00+02:00,45.974766926089536
2018-04-22 13:00:00+02:00,44.98881805688862
2018-04-22 14:00:00+02:00,43.97293686516331
2018-04-22 15:00:00+02:00,43.49525347612402
2018-04-22 16:00:00+02:00,42.70089323723289
2018-04-22 17:00:00+02:00,40.500730425728825
2018-04-22 18:00:00+02:00,41.55384649495533
2018-04-22 19:00:00+02:00,45.50571863373426
2018-04-22 20:00:00+02:00,53.7045654383572
2018-04-22 21:00:00+02:00,55.44951816234346
2018-04-22 22:00:00+02:00,54.13737436515309
2018-04-22 23:00:00+02:00,50.57727431021341
2018-04-23 00:00:00+02:00,47.74753594908187
2018-04-23 01:00:00+02:00,44.03140119795927
2018-04-23 02:00:00+02:00,41.474222857682626
2018-04-23 03:00:00+02:00,40.99172644876765
2018-04-23 04:00:00+02:00,42.60627638164866
2018-04-23 05:00:00+02:00,42.91758303300851
2018-04-23 06:00:00+02:00,47.91503517198085
2018-04-23 07:00:00+02:00,50.747995628346146
2018-04-23 08:00:00+02:00,51.25689849929725
2018-04-23 09:00:00+02:00,52.84721994371886
2018-04-23 10:00:00+02:00,52.11515534599969
2018-04-23 11:00:00+02:00,51.312362880714296
2018-04-23 12:00:00+02:00,51.2952028667189
2018-04-23 13:00:00+02:00,50.44538671055531
2018-04-23 14:00:00+02:00,50.024863829806606
2018-04-23 15:00:00+02:00,48.530367846271915
2018-04-23 16:00:00+02:00,48.96232130696429
2018-04-23 17:00:00+02:00,48.20198734723875
2018-04-23 18:00:00+02:00,50.0117054766443
2018-04-23 19:00:00+02:00,50.51142991543311
2018-04-23 20:00:00+02:00,52.714223831999135
2018-04-23 21:00:00+02:00,59.66722925742271
2018-04-23 22:00:00+02:00,58.97157382325681
2018-04-23 23:00:00+02:00,49.939549860728555
2018-04-24 00:00:00+02:00,53.61609122423156
2018-04-24 01:00:00+02:00,50.71466723559329
2018-04-24 02:00:00+02:00,46.64848894025598
2018-04-24 03:00:00+02:00,44.27073938822619
2018-04-24 04:00:00+02:00,43.75275056236716
2018-04-24 05:00:00+02:00,46.24350736382551
2018-04-24 06:00:00+02:00,49.12963146189965
2018-04-24 07:00:00+02:00,54.167524040514685
2018-04-24 08:00:00+02:00,55.78551346613434
2018-04-24 09:00:00+02:00,56.26892953854709
2018-04-24 10:00:00+02:00,55.56380127069845
2018-04-24 11:00:00+02:00,56.349991027501964
2018-04-24 12:00:00+02:00,55.65845533181774
2018-04-24 13:00:00+02:00,56.50478845923614
2018-04-24 14:00:00+02:00,55.10085828098105
2018-04-24 15:00:00+02:00,53.073329252742695
2018-04-24 16:00:00+02:00,53.33483991579199
2018-04-24 17:00:00+02:00,51.32432960064924
2018-04-24 18:00:00+02:00,53.87625274777252
2018-04-24 19:00:00+02:00,54.72252791366219
2018-04-24 20:00:00+02:00,55.492533146075964
2018-04-24 21:00:00+02:00,61.41988922534036
2018-04-24 22:00:00+02:00,56.39291802955132
2018-04-24 23:00:00+02:00,51.94190687284769
2018-04-25 00:00:00+02:00,48.228254098680566
2018-04-25 01:00:00+02:00,46.45410024155262
2018-04-25 02:00:00+02:00,43.89932814074078
2018-04-25 03:00:00+02:00,42.22130074363538
2018-04-25 04:00:00+02:00,40.6654472769568
2018-04-25 05:00:00+02:00,45.13030515687088
2018-04-25 06:00:00+02:00,46.58293431290245
2018-04-25 07:00:00+02:00,51.76788419220765
2018-04-25 08:00:00+02:00,55.96937732933972
2018-04-25 09:00:00+02:00,57.385508606000585
2018-04-25 10:00:00+02:00,56.333567087239906
2018-04-25 11:00:00+02:00,55.44843381208326
2018-04-25 12:00:00+02:00,55.00067423697638
2018-04-25 13:00:00+02:00,53.19953357027042
2018-04-25 14:00:00+02:00,51.54879071267421
2018-04-25 15:00:00+02:00,51.84916306504263
2018-04-25 16:00:00+02:00,49.24300304830402
2018-04-25 17:00:00+02:00,47.27921751249787
2018-04-25 18:00:00+02:00,49.20422397246795
2018-04-25 19:00:00+02:00,49.49803569431124
2018-04-25 20:00:00+02:00,52.349299203722026
2018-04-25 21:00:00+02:00,55.491129898830266
2018-04-25 22:00:00+02:00,52.01697324817533
2018-04-25 23:00:00+02:00,49.39496973353155
2018-04-26 00:00:00+02:00,47.37437968888405
2018-04-26 01:00:00+02:00,43.5551490803426
2018-04-26 02:00:00+02:00,41.828088004044055
2018-04-26 03:00:00+02:00,40.87911077677151
2018-04-26 04:00:00+02:00,41.03942721577538
2018-04-26 05:00:00+02:00,42.339884049730166
2018-04-26 06:00:00+02:00,44.90285009352325
2018-04-26 07:00:00+02:00,52.2425412638758
2018-04-26 08:00:00+02:00,53.58820613573341
2018-04-26 09:00:00+02:00,55.48376312732623
2018-04-26 10:00:00+02:00,56.23260210212053
2018-04-26 11:00:00+02:00,55.369852148881336
2018-04-26 12:00:00+02:00,55.576396067351396
2018-04-26 13:00:00+02:00,55.66248327355846
2018-04-26 14:00:00+02:00,55.435613279227944
2018-04-26 15:00:00+02:00,50.95768294969207
2018-04-26 16:00:00+02:00,48.8212577019314
2018-04-26 17:00:00+02:00,48.53288365499524
2018-04-26 18:00:00+02:00,48.47903919915576
2018-04-26 19:00:00+02:00,48.36961034701081
2018-04-26 20:00:00+02:00,52.34939222197871
2018-04-26 21:00:00+02:00,57.30823318459536
2018-04-26 22:00:00+02:00,55.110954447026465
2018-04-26 23:00:00+02:00,51.93590509915857
2018-04-27 00:00:00+02:00,50.26524997131406
2018-04-27 01:00:00+02:00,45.29179248354941
2018-04-27 02:00:00+02:00,44.518470993450286
2018-04-27 03:00:00+02:00,43.82342629458393
2018-04-27 04:00:00+02:00,44.99799472064379
2018-04-27 05:00:00+02:00,44.97725221007365
2018-04-27 06:00:00+02:00,49.325224434376835
2018-04-27 07:00:00+02:00,53.200597821749625
2018-04-27 08:00:00+02:00,55.68033492442306
2018-04-27 09:00:00+02:00,55.06223155781901
2018-04-27 10:00:00+02:00,55.996360531351975
2018-04-27 11:00:00+02:00,54.24327083170706
2018-04-27 12:00:00+02:00,52.867966788015686
2018-04-27 13:00:00+02:00,51.750644922468126
2018-04-27 14:00:00+02:00,51.040654239568624
2018-04-27 15:00:00+02:00,49.163372172600305
2018-04-27 16:00:00+02:00,47.5111173727348
2018-04-27 17:00:00+02:00,48.10524108903512
2018-04-27 18:00:00+02:00,51.56482220405895
2018-04-27 19:00:00+02:00,53.009757239453634
2018-04-27 20:00:00+02:00,53.56223675064736
2018-04-27 21:00:00+02:00,60.32788805254104
2018-04-27 22:00:00+02:00,56.42456321635553
2018-04-27 23:00:00+02:00,52.669964498983745
2018-04-28 00:00:00+02:00,47.17546176958154
2018-04-28 01:00:00+02:00,44.743065034400146
2018-04-28 02:00:00+02:00,41.60305979881064
2018-04-28 03:00:00+02:00,41.305817514784756
2018-04-28 04:00:00+02:00,40.62263687250724
2018-04-28 05:00:00+02:00,42.20866288778166
2018-04-28 06:00:00+02:00,43.964271975201264
2018-04-28 07:00:00+02:00,46.70947057564532
2018-04-28 08:00:00+02:00,49.62034836750803
2018-04-28 09:00:00+02:00,51.60569919683815
2018-04-28 10:00:00+02:00,51.43776455399043
2018-04-28 11:00:00+02:00,51.33367720369628
2018-04-28 12:00:00+02:00,50.7581025922085
2018-04-28 13:00:00+02:00,50.518827334809025
2018-04-28 14:00:00+02:00,47.522562894598934
2018-04-28 15:00:00+02:00,43.372198806013586
2018-04-28 16:00:00+02:00,39.84011003075238
2018-04-28 17:00:00+02:00,39.89438936387157
2018-04-28 18:00:00+02:00,42.9946398963893
2018-04-28 19:00:00+02:00,44.293931771502194
2018-04-28 20:00:00+02:00,49.610411088396695
2018-04-28 21:00:00+02:00,53.12717995542303
2018-04-28 22:00:00+02:00,50.698556278868836
2018-04-28 23:00:00+02:00,45.88207650287308
2018-04-29 00:00:00+02:00,43.302298990001034
2018-04-29 01:00:00+02:00,41.620680012741815
2018-04-29 02:00:00+02:00,41.46106083924917
2018-04-29 03:00:00+02:00,40.28115165252205
2018-04-29 04:00:00+02:00,37.04284385001976
2018-04-29 05:00:00+02:00,34.10574996144301
2018-04-29 06:00:00+02:00,38.06630750568232
2018-04-29 07:00:00+02:00,40.206080032800244
2018-04-29 08:00:00+02:00,40.76681437108567
2018-04-29 09:00:00+02:00,42.478821866424035
2018-04-29 10:00:00+02:00,39.06025040751757
2018-04-29 11:00:00+02:00,38.41282721253296
2018-04-29 12:00:00+02:00,41.37220361070757
2018-04-29 13:00:00+02:00,35.05557901417878
2018-04-29 14:00:00+02:00,34.01912407489395
2018-04-29 15:00:00+02:00,32.0693616422256
2018-04-29 16:00:00+02:00,28.07305924167662
2018-04-29 17:00:00+02:00,30.74648175910428
2018-04-29 18:00:00+02:00,34.852497908348695
2018-04-29 19:00:00+02:00,36.10844943550728
2018-04-29 20:00:00+02:00,41.86728682431691
2018-04-29 21:00:00+02:00,46.82371023339242
2018-04-29 22:00:00+02:00,48.912847025182224
2018-04-29 23:00:00+02:00,45.700061481859514
2018-04-30 00:00:00+02:00,44.62434936704967
2018-04-30 01:00:00+02:00,41.54762009996319
2018-04-30 02:00:00+02:00,38.16903553006127
2018-04-30 03:00:00+02:00,36.02731324215145
2018-04-30 04:00:00+02:00,35.089882016350266
2018-04-30 05:00:00+02:00,35.67676175380069
2018-04-30 06:00:00+02:00,42.764090332462466
2018-04-30 07:00:00+02:00,48.87905435435601
2018-04-30 08:00:00+02:00,51.81390653598509
2018-04-30 09:00:00+02:00,50.655157093186595
2018-04-30 10:00:00+02:00,49.139786634897796
2018-04-30 11:00:00+02:00,49.873828717627894
2018-04-30 12:00:00+02:00,49.956428507159316
2018-04-30 13:00:00+02:00,49.70920867342354
2018-04-30 14:00:00+02:00,49.53424157583224
2018-04-30 15:00:00+02:00,47.55906433810547
2018-04-30 16:00:00+02:00,46.213291170284805
2018-04-30 17:00:00+02:00,46.39324772323694
2018-04-30 18:00:00+02:00,48.95138357977269
2018-04-30 19:00:00+02:00,50.46733580210722
2018-04-30 20:00:00+02:00,51.53504353457041
2018-04-30 21:00:00+02:00,53.80338741378946
2018-04-30 22:00:00+02:00,52.648458051703344
2018-04-30 23:00:00+02:00,49.77123326585232
2018-05-01 00:00:00+02:00,47.60150876324786
2018-05-01 01:00:00+02:00,47.06187594770715
2018-05-01 02:00:00+02:00,45.58753721186614
2018-05-01 03:00:00+02:00,44.208277978038524
2018-05-01 04:00:00+02:00,41.89487144734177
2018-05-01 05:00:00+02:00,45.77756831264558
2018-05-01 06:00:00+02:00,51.10259359241226
2018-05-01 07:00:00+02:00,55.135280193710464
2018-05-01 08:00:00+02:00,58.19040692590634
2018-05-01 09:00:00+02:00,59.376517902328644
2018-05-01 10:00:00+02:00,58.16791601584373
2018-05-01 11:00:00+02:00,56.09585887395179
2018-05-01 12:00:00+02:00,55.72016299066674
2018-05-01 13:00:00+02:00,56.06021837548262
2018-05-01 14:00:00+02:00,54.38974300730598
2018-05-01 15:00:00+02:00,52.97740566263846
2018-05-01 16:00:00+02:00,53.059583405379115
2018-05-01 17:00:00+02:00,52.6656702349395
2018-05-01 18:00:00+02:00,53.33863075752805
2018-05-01 19:00:00+02:00,54.98526369166245
2018-05-01 20:00:00+02:00,56.7810287120826
2018-05-01 21:00:00+02:00,57.81494766838481
2018-05-01 22:00:00+02:00,54.572486609973986
2018-05-01 23:00:00+02:00,52.03051932796494
2018-05-02 00:00:00+02:00,53.7789669008039
2018-05-02 01:00:00+02:00,49.36941503661652
2018-05-02 02:00:00+02:00,47.7426943041382
2018-05-02 03:00:00+02:00,47.299903499088465
2018-05-02 04:00:00+02:00,44.50726237389324
2018-05-02 05:00:00+02:00,46.593670053254826
2018-05-02 06:00:00+02:00,53.59851680347689
2018-05-02 07:00:00+02:00,54.784814070678145
2018-05-02 08:00:00+02:00,61.513701126459374
2018-05-02 09:00:00+02:00,62.03133156027237
2018-05-02 10:00:00+02:00,60.18292976292493
2018-05-02 11:00:00+02:00,57.663244983873845
2018-05-02 12:00:00+02:00,56.969102177667914
2018-05-02 13:00:00+02:00,56.28957996016895
2018-05-02 14:00:00+02:00,56.33818443220671
2018-05-02 15:00:00+02:00,51.448794665378415
2018-05-02 16:00:00+02:00,52.6080336835025
2018-05-02 17:00:00+02:00,53.55803836333456
2018-05-02 18:00:00+02:00,54.754029583642435
2018-05-02 19:00:00+02:00,55.657350594025466
2018-05-02 20:00:00+02:00,56.78235537249454
2018-05-02 21:00:00+02:00,60.338639701268015
2018-05-02 22:00:00+02:00,59.473849140762255
2018-05-02 23:00:00+02:00,55.195145734091334
2018-05-03 00:00:00+02:00,52.91624060686859
2018-05-03 01:00:00+02:00,50.349329696164574
2018-05-03 02:00:00+02:00,45.210136209699584
2018-05-03 03:00:00+02:00,44.17547157815889
2018-05-03 04:00:00+02:00,44.69883990140054
2018-05-03 05:00:00+02:00,44.5634819451139
2018-05-03 06:00:00+02:00,50.48331805540716
2018-05-03 07:00:00+02:00,57.30221949385797
2018-05-03 08:00:00+02:00,61.08028708287387
2018-05-03 09:00:00+02:00,61.2734761178087
2018-05-03 10:00:00+02:00,57.73643635167891
2018-05-03 11:00:00+02:00,57.24852236395906
2018-05-03 12:00:00+02:00,56.77800074589994
2018-05-03 13:00:00+02:00,54.77438300894848
2018-05-03 14:00:00+02:00,52.76351602172977
2018-05-03 15:00:00+02:00,51.8305840368038
2018-05-03 16:00:00+02:00,51.876863323641466
2018-05-03 17:00:00+02:00,51.81651562670694
2018-05-03 18:00:00+02:00,52.40097762180308
2018-05-03 19:00:00+02:00,54.03450776231174
2018-05-03 20:00:00+02:00,57.282789212307975
2018-05-03 21:00:00+02:00,57.80913594147544
2018-05-03 22:00:00+02:00,53.55938546837373
2018-05-03 23:00:00+02:00,51.16887064133009
2018-05-04 00:00:00+02:00,47.51343895062296
2018-05-04 01:00:00+02:00,42.36532558456984
2018-05-04 02:00:00+02:00,40.55050331316099
2018-05-04 03:00:00+02:00,42.062399263968345
2018-05-04 04:00:00+02:00,40.0654887101411
2018-05-04 05:00:00+02:00,38.935135999551036
2018-05-04 06:00:00+02:00,46.818008386025646
2018-05-04 07:00:00+02:00,52.83458264359144
2018-05-04 08:00:00+02:00,56.03174251765421
2018-05-04 09:00:00+02:00,58.643850812386354
2018-05-04 10:00:00+02:00,57.05798929681778
2018-05-04 11:00:00+02:00,56.4630492040216
2018-05-04 12:00:00+02:00,57.1999715989289
2018-05-04 13:00:00+02:00,55.108951597716924
2018-05-04 14:00:00+02:00,52.870117689909804
2018-05-04 15:00:00+02:00,53.943837316649955
2018-05-04 16:00:00+02:00,53.371741050524754
2018-05-04 17:00:00+02:00,54.203559744369294
2018-05-04 18:00:00+02:00,54.17683723213309
2018-05-04 19:00:00+02:00,56.66283196409572
2018-05-04 20:00:00+02:00,58.606764039861126
2018-05-04 21:00:00+02:00,58.94747244404162
2018-05-04 22:00:00+02:00,56.25841062190716
2018-05-04 23:00:00+02:00,51.72973409806223
2018-05-05 00:00:00+02:00,51.39478546370954
2018-05-05 01:00:00+02:00,47.83949831255575
2018-05-05 02:00:00+02:00,47.586117867433174
2018-05-05 03:00:00+02:00,48.52090067022194
2018-05-05 04:00:00+02:00,47.02791029507112
2018-05-05 05:00:00+02:00,46.646534150148526
2018-05-05 06:00:00+02:00,48.87405547363224
2018-05-05 07:00:00+02:00,49.62318943231368
2018-05-05 08:00:00+02:00,50.92944395559301
2018-05-05 09:00:00+02:00,53.48938173369546
2018-05-05 10:00:00+02:00,54.500170558016194
2018-05-05 11:00:00+02:00,53.54772545782125
2018-05-05 12:00:00+02:00,50.988805382821255
2018-05-05 13:00:00+02:00,52.05387484284814
2018-05-05 14:00:00+02:00,49.80697898333285
2018-05-05 15:00:00+02:00,46.55503248428444
2018-05-05 16:00:00+02:00,46.20773323516497
2018-05-05 17:00:00+02:00,47.81522573133004
2018-05-05 18:00:00+02:00,49.04086953416068
2018-05-05 19:00:00+02:00,50.54948209791601
2018-05-05 20:00:00+02:00,55.89381642224347
2018-05-05 21:00:00+02:00,59.414517272270366
2018-05-05 22:00:00+02:00,54.89151592861566
2018-05-05 23:00:00+02:00,51.82031133376617
2018-05-06 00:00:00+02:00,46.24152537430472
2018-05-06 01:00:00+02:00,46.41416149389032
2018-05-06 02:00:00+02:00,45.906656613350385
2018-05-06 03:00:00+02:00,45.19059381358215
2018-05-06 04:00:00+02:00,44.860208107755
2018-05-06 05:00:00+02:00,44.33877307464227
2018-05-06 06:00:00+02:00,47.07631867172719
2018-05-06 07:00:00+02:00,47.109523675796815
2018-05-06 08:00:00+02:00,48.19722059642837
2018-05-06 09:00:00+02:00,48.64085014194171
2018-05-06 10:00:00+02:00,47.54413888016848
2018-05-06 11:00:00+02:00,48.09989362348482
2018-05-06 12:00:00+02:00,48.26957388032516
2018-05-06 13:00:00+02:00,49.342780035936165
2018-05-06 14:00:00+02:00,51.15433231683041
2018-05-06 15:00:00+02:00,44.94613500645209
2018-05-06 16:00:00+02:00,45.707876091735336
2018-05-06 17:00:00+02:00,44.033115983908196
2018-05-06 18:00:00+02:00,45.91797686234072
2018-05-06 19:00:00+02:00,48.06259265418874
2018-05-06 20:00:00+02:00,55.4185857856308
2018-05-06 21:00:00+02:00,58.275868590466466
2018-05-06 22:00:00+02:00,57.44452473807994
2018-05-06 23:00:00+02:00,52.046510734477934
2018-05-07 00:00:00+02:00,53.50248263251046
2018-05-07 01:00:00+02:00,52.544785550254005
2018-05-07 02:00:00+02:00,51.063630015919706
2018-05-07 03:00:00+02:00,49.98389739702928
2018-05-07 04:00:00+02:00,49.600665835830874
2018-05-07 05:00:00+02:00,50.692545197797976
2018-05-07 06:00:00+02:00,53.31508420929563
2018-05-07 07:00:00+02:00,55.82072995065334
2018-05-07 08:00:00+02:00,56.329728626067194
2018-05-07 09:00:00+02:00,56.40939625309049
2018-05-07 10:00:00+02:00,58.08362649267277
2018-05-07 11:00:00+02:00,57.64630818260508
2018-05-07 12:00:00+02:00,60.11930150434878
2018-05-07 13:00:00+02:00,56.83460019439912
2018-05-07 14:00:00+02:00,58.48474690011943
2018-05-07 15:00:00+02:00,55.59099724796633
2018-05-07 16:00:00+02:00,53.60812111876656
2018-05-07 17:00:00+02:00,54.29652949370585
2018-05-07 18:00:00+02:00,56.349165393226954
2018-05-07 19:00:00+02:00,53.86537501964393
2018-05-07 20:00:00+02:00,54.96666390800626
2018-05-07 21:00:00+02:00,57.7172403077981
2018-05-07 22:00:00+02:00,55.3529074222297
2018-05-07 23:00:00+02:00,51.18352865769496
2018-05-08 00:00:00+02:00,55.76734399441854
2018-05-08 01:00:00+02:00,53.09670998388601
2018-05-08 02:00:00+02:00,50.25344973533159
2018-05-08 03:00:00+02:00,49.37409792329816
2018-05-08 04:00:00+02:00,48.00152802583702
2018-05-08 05:00:00+02:00,49.34205787782273
2018-05-08 06:00:00+02:00,51.18757776656619
2018-05-08 07:00:00+02:00,53.55788292285256
2018-05-08 08:00:00+02:00,56.70040218166486
2018-05-08 09:00:00+02:00,58.810513918971886
2018-05-08 10:00:00+02:00,57.06875821377439
2018-05-08 11:00:00+02:00,57.714916719855935
2018-05-08 12:00:00+02:00,55.52764756726127
2018-05-08 13:00:00+02:00,57.3676530897396
2018-05-08 14:00:00+02:00,54.49549490790512
2018-05-08 15:00:00+02:00,51.62198769128943
2018-05-08 16:00:00+02:00,51.9825966840887
2018-05-08 17:00:00+02:00,51.344251411178064
2018-05-08 18:00:00+02:00,52.285865780351784
2018-05-08 19:00:00+02:00,52.832641987034705
2018-05-08 20:00:00+02:00,53.72137572343987
2018-05-08 21:00:00+02:00,56.809870003700034
2018-05-08 22:00:00+02:00,55.42903608725371
2018-05-08 23:00:00+02:00,51.98710909252174
2018-05-09 00:00:00+02:00,50.13746339109003
2018-05-09 01:00:00+02:00,51.67513943662594
2018-05-09 02:00:00+02:00,48.952321095365264
2018-05-09 03:00:00+02:00,47.652614073488664
2018-05-09 04:00:00+02:00,45.585002444370545
2018-05-09 05:00:00+02:00,43.56117341041724
2018-05-09 06:00:00+02:00,48.30490974740885
2018-05-09 07:00:00+02:00,53.61614099789139
2018-05-09 08:00:00+02:00,57.29851720856985
2018-05-09 09:00:00+02:00,57.94620820258754
2018-05-09 10:00:00+02:00,56.868824336983735
2018-05-09 11:00:00+02:00,55.980059784254934
2018-05-09 12:00:00+02:00,54.494194792596275
2018-05-09 13:00:00+02:00,55.43864316532076
2018-05-09 14:00:00+02:00,54.06954885937138
2018-05-09 15:00:00+02:00,53.378071744227185
2018-05-09 16:00:00+02:00,53.16605065051778
2018-05-09 17:00:00+02:00,52.326087790745746
2018-05-09 18:00:00+02:00,52.537702763919725
2018-05-09 19:00:00+02:00,52.68417189061564
2018-05-09 20:00:00+02:00,53.79771953801602
2018-05-09 21:00:00+02:00,54.26734497385586
2018-05-09 22:00:00+02:00,52.82964492240263
2018-05-09 23:00:00+02:00,50.941214962919084
2018-05-10 00:00:00+02:00,53.01393451596315
2018-05-10 01:00:00+02:00,50.92707988148749
2018-05-10 02:00:00+02:00,48.70293729264389
2018-05-10 03:00:00+02:00,47.00088649780139
2018-05-10 04:00:00+02:00,46.314940654959784
2018-05-10 05:00:00+02:00,43.750196756566076
2018-05-10 06:00:00+02:00,50.01065413984894
2018-05-10 07:00:00+02:00,51.20449482595082
2018-05-10 08:00:00+02:00,56.271949517965524
2018-05-10 09:00:00+02:00,59.39266775231499
2018-05-10 10:00:00+02:00,59.25388775023334
2018-05-10 11:00:00+02:00,59.68977266297928
2018-05-10 12:00:00+02:00,58.82815000870011
2018-05-10 13:00:00+02:00,58.875288049123945
2018-05-10 14:00:00+02:00,58.04392806846605
2018-05-10 15:00:00+02:00,57.62838728318796
2018-05-10 16:00:00+02:00,57.17468125819505
2018-05-10 17:00:00+02:00,57.21707747436121
2018-05-10 18:00:00+02:00,58.64654945115316
2018-05-10 19:00:00+02:00,58.41049588810347
2018-05-10 20:00:00+02:00,58.954878762469995
2018-05-10 21:00:00+02:00,60.6744020620704
2018-05-10 22:00:00+02:00,60.07699274145022
2018-05-10 23:00:00+02:00,57.21099365608996
2018-05-11 00:00:00+02:00,57.86928214806432
2018-05-11 01:00:00+02:00,54.8077613951365
2018-05-11 02:00:00+02:00,52.41699552131073
2018-05-11 03:00:00+02:00,49.825496407160806
2018-05-11 04:00:00+02:00,50.71318419428189
2018-05-11 05:00:00+02:00,51.655960464614665
2018-05-11 06:00:00+02:00,56.09276294859042
2018-05-11 07:00:00+02:00,59.507000479042084
2018-05-11 08:00:00+02:00,60.30209224889168
2018-05-11 09:00:00+02:00,58.689200388992205
2018-05-11 10:00:00+02:00,60.49325081777859
2018-05-11 11:00:00+02:00,58.53015634474507
2018-05-11 12:00:00+02:00,57.84793362787927
2018-05-11 13:00:00+02:00,59.94541771075222
2018-05-11 14:00:00+02:00,57.67742325590402
2018-05-11 15:00:00+02:00,55.1388369966343
2018-05-11 16:00:00+02:00,54.99220350669057
2018-05-11 17:00:00+02:00,54.545097737288756
2018-05-11 18:00:00+02:00,56.49700586932487
2018-05-11 19:00:00+02:00,56.241385628121606
2018-05-11 20:00:00+02:00,60.10540052785774
2018-05-11 21:00:00+02:00,61.191863036799624
2018-05-11 22:00:00+02:00,59.49981025518903
2018-05-11 23:00:00+02:00,55.743283531293784
2018-05-12 00:00:00+02:00,52.419857630644884
2018-05-12 01:00:00+02:00,49.230456760144655
2018-05-12 02:00:00+02:00,47.97549570617689
2018-05-12 03:00:00+02:00,45.770078575142215
2018-05-12 04:00:00+02:00,46.77025536840524
2018-05-12 05:00:00+02:00,48.19639419901042
2018-05-12 06:00:00+02:00,47.95179185911023
2018-05-12 07:00:00+02:00,49.00554382446745
2018-05-12 08:00:00+02:00,50.11346792531072
2018-05-12 09:00:00+02:00,49.77028188091772
2018-05-12 10:00:00+02:00,49.52551927819751
2018-05-12 11:00:00+02:00,51.49405981232691
2018-05-12 12:00:00+02:00,52.63252241022851
2018-05-12 13:00:00+02:00,51.03548167281862
2018-05-12 14:00:00+02:00,50.20368278819581
2018-05-12 15:00:00+02:00,46.589811676220414
2018-05-12 16:00:00+02:00,44.79374964371638
2018-05-12 17:00:00+02:00,44.53391300676841
2018-05-12 18:00:00+02:00,43.39665814473639
2018-05-12 19:00:00+02:00,48.291461921070784
2018-05-12 20:00:00+02:00,51.11202307909883
2018-05-12 21:00:00+02:00,53.81633918623789
2018-05-12 22:00:00+02:00,51.969687354510285
2018-05-12 23:00:00+02:00,48.87169567416905
2018-05-13 00:00:00+02:00,47.344050678103414
2018-05-13 01:00:00+02:00,45.36937124407074
2018-05-13 02:00:00+02:00,46.31497825890106
2018-05-13 03:00:00+02:00,44.98241725883397
2018-05-13 04:00:00+02:00,43.811302374255966
2018-05-13 05:00:00+02:00,44.94069181245213
2018-05-13 06:00:00+02:00,44.30240494865668
2018-05-13 07:00:00+02:00,46.47630299688655
2018-05-13 08:00:00+02:00,45.96357014026403
2018-05-13 09:00:00+02:00,48.048923693415425
2018-05-13 10:00:00+02:00,49.04179681782475
2018-05-13 11:00:00+02:00,49.667993295384385
2018-05-13 12:00:00+02:00,49.84459001400584
2018-05-13 13:00:00+02:00,49.05477538094072
2018-05-13 14:00:00+02:00,45.12047527613451
2018-05-13 15:00:00+02:00,44.33234675104293
2018-05-13 16:00:00+02:00,42.069442174971584
2018-05-13 17:00:00+02:00,42.82989192128333
2018-05-13 18:00:00+02:00,46.544866508523484
2018-05-13 19:00:00+02:00,47.989734963025825
2018-05-13 20:00:00+02:00,53.77205928888773
2018-05-13 21:00:00+02:00,55.000671511733145
2018-05-13 22:00:00+02:00,55.65189292992324
2018-05-13 23:00:00+02:00,54.39249351467244
2018-05-14 00:00:00+02:00,49.90149392703478
2018-05-14 01:00:00+02:00,46.14471914530286
2018-05-14 02:00:00+02:00,43.37671736563903
2018-05-14 03:00:00+02:00,42.701888380308695
2018-05-14 04:00:00+02:00,41.21982616140659
2018-05-14 05:00:00+02:00,42.02966480952653
2018-05-14 06:00:00+02:00,48.34470026190011
2018-05-14 07:00:00+02:00,52.06299151319158
2018-05-14 08:00:00+02:00,52.71979811203476
2018-05-14 09:00:00+02:00,54.83548230224659
2018-05-14 10:00:00+02:00,51.48541331895863
2018-05-14 11:00:00+02:00,52.724134377785624
2018-05-14 12:00:00+02:00,53.75272436746896
2018-05-14 13:00:00+02:00,51.82556170074147
2018-05-14 14:00:00+02:00,50.56749177956779
2018-05-14 15:00:00+02:00,49.1647056319049
2018-05-14 16:00:00+02:00,49.54282358683067
2018-05-14 17:00:00+02:00,50.18120385760986
2018-05-14 18:00:00+02:00,49.85288560542383
2018-05-14 19:00:00+02:00,49.54716999188872
2018-05-14 20:00:00+02:00,51.133445483392045
2018-05-14 21:00:00+02:00,52.12136152125537
2018-05-14 22:00:00+02:00,52.943581925530715
2018-05-14 23:00:00+02:00,49.37228912365417
2018-05-15 00:00:00+02:00,48.74229386690995
2018-05-15 01:00:00+02:00,47.207230072349574
2018-05-15 02:00:00+02:00,44.6685978924804
2018-05-15 03:00:00+02:00,44.88137397658758
2018-05-15 04:00:00+02:00,43.89113106052657
2018-05-15 05:00:00+02:00,45.827780838565786
2018-05-15 06:00:00+02:00,48.91457657265077
2018-05-15 07:00:00+02:00,54.984267899319924
2018-05-15 08:00:00+02:00,55.71964304842048
2018-05-15 09:00:00+02:00,52.98239927174557
2018-05-15 10:00:00+02:00,53.40501285456246
2018-05-15 11:00:00+02:00,52.86835938858031
2018-05-15 12:00:00+02:00,53.06263473638627
2018-05-15 13:00:00+02:00,53.081209208899004
2018-05-15 14:00:00+02:00,50.92523871483016
2018-05-15 15:00:00+02:00,48.817381871884706
2018-05-15 16:00:00+02:00,46.63276904733489
2018-05-15 17:00:00+02:00,47.60303107480459
2018-05-15 18:00:00+02:00,48.548449517773
2018-05-15 19:00:00+02:00,49.34993938702574
2018-05-15 20:00:00+02:00,52.219509717976734
2018-05-15 21:00:00+02:00,56.72868663079558
2018-05-15 22:00:00+02:00,51.85991243226011
2018-05-15 23:00:00+02:00,47.45332563341703
2018-05-16 00:00:00+02:00,50.00754083758815
2018-05-16 01:00:00+02:00,47.015331216600416
2018-05-16 02:00:00+02:00,47.5028943372277
2018-05-16 03:00:00+02:00,43.44938884925701
2018-05-16 04:00:00+02:00,43.76662509878511
2018-05-16 05:00:00+02:00,46.69166181768905
2018-05-16 06:00:00+02:00,49.8814208549517
2018-05-16 07:00:00+02:00,55.46724825705413
2018-05-16 08:00:00+02:00,54.69701681569019
2018-05-16 09:00:00+02:00,53.62002613671827
2018-05-16 10:00:00+02:00,53.126888731808975
2018-05-16 11:00:00+02:00,54.09626678224729
2018-05-16 12:00:00+02:00,53.363923244394144
2018-05-16 13:00:00+02:00,53.52868599609651
2018-05-16 14:00:00+02:00,54.487613421544616
2018-05-16 15:00:00+02:00,51.73452253266828
2018-05-16 16:00:00+02:00,52.21070167583102
2018-05-16 17:00:00+02:00,49.9562487989713
2018-05-16 18:00:00+02:00,51.4971045645672
2018-05-16 19:00:00+02:00,49.85290787117189
2018-05-16 20:00:00+02:00,52.44197269971002
2018-05-16 21:00:00+02:00,57.919374454567475
2018-05-16 22:00:00+02:00,55.31332768738147
2018-05-16 23:00:00+02:00,51.878568279499994
2018-05-17 00:00:00+02:00,54.70004316914373
2018-05-17 01:00:00+02:00,51.22444084373449
2018-05-17 02:00:00+02:00,47.40699317003419
2018-05-17 03:00:00+02:00,48.46304571984356
2018-05-17 04:00:00+02:00,48.48194313617658
2018-05-17 05:00:00+02:00,47.81147286344388
2018-05-17 06:00:00+02:00,50.43082308132707
2018-05-17 07:00:00+02:00,55.6649183185137
2018-05-17 08:00:00+02:00,54.909776151764916
2018-05-17 09:00:00+02:00,55.21955869916862
2018-05-17 10:00:00+02:00,54.10906080259562
2018-05-17 11:00:00+02:00,55.56389723679889
2018-05-17 12:00:00+02:00,54.65550885007062
2018-05-17 13:00:00+02:00,54.73466803222538
2018-05-17 14:00:00+02:00,52.44288147703908
2018-05-17 15:00:00+02:00,50.96954990740144
2018-05-17 16:00:00+02:00,49.80430780917379
2018-05-17 17:00:00+02:00,48.91818784326442
2018-05-17 18:00:00+02:00,50.32193542853909
2018-05-17 19:00:00+02:00,50.51358756763184
2018-05-17 20:00:00+02:00,52.33505097895948
2018-05-17 21:00:00+02:00,55.99707885434865
2018-05-17 22:00:00+02:00,54.39056930644206
2018-05-17 23:00:00+02:00,50.53968330543938
2018-05-18 00:00:00+02:00,52.055318436793435
2018-05-18 01:00:00+02:00,48.325198566700486
2018-05-18 02:00:00+02:00,48.35955065280103
2018-05-18 03:00:00+02:00,47.07518989112665
2018-05-18 04:00:00+02:00,45.37785227008702
2018-05-18 05:00:00+02:00,49.09317084847691
2018-05-18 06:00:00+02:00,50.53932249671369
2018-05-18 07:00:00+02:00,54.644456028807305
2018-05-18 08:00:00+02:00,53.28770537256682
2018-05-18 09:00:00+02:00,55.86187707111452
2018-05-18 10:00:00+02:00,56.23671610056509
2018-05-18 11:00:00+02:00,56.023077196345795
2018-05-18 12:00:00+02:00,55.80755399793157
2018-05-18 13:00:00+02:00,54.05659416878207
2018-05-18 14:00:00+02:00,51.812170256891356
2018-05-18 15:00:00+02:00,49.62367904268815
2018-05-18 16:00:00+02:00,49.0979642239243
2018-05-18 17:00:00+02:00,47.57090289191955
2018-05-18 18:00:00+02:00,49.335469730570544
2018-05-18 19:00:00+02:00,50.55717858693092
2018-05-18 20:00:00+02:00,51.70027212143673
2018-05-18 21:00:00+02:00,54.12762199721236
2018-05-18 22:00:00+02:00,52.70749996786882
2018-05-18 23:00:00+02:00,49.79643836942956
2018-05-19 00:00:00+02:00,53.94524895785042
2018-05-19 01:00:00+02:00,51.410873619892996
2018-05-19 02:00:00+02:00,49.43679305222918
2018-05-19 03:00:00+02:00,49.38545854772834
2018-05-19 04:00:00+02:00,51.076041973211915
2018-05-19 05:00:00+02:00,50.939194405976764
2018-05-19 06:00:00+02:00,50.11962794175431
2018-05-19 07:00:00+02:00,51.79031043239539
2018-05-19 08:00:00+02:00,51.59203755588082
2018-05-19 09:00:00+02:00,52.9695994177076
2018-05-19 10:00:00+02:00,53.32340549011414
2018-05-19 11:00:00+02:00,54.7920850474485
2018-05-19 12:00:00+02:00,54.119895616868135
2018-05-19 13:00:00+02:00,52.423648200202614
2018-05-19 14:00:00+02:00,51.466500525529824
2018-05-19 15:00:00+02:00,50.00275475020157
2018-05-19 16:00:00+02:00,47.86464648686132
2018-05-19 17:00:00+02:00,47.24962999661024
2018-05-19 18:00:00+02:00,48.40404116497094
2018-05-19 19:00:00+02:00,50.3479582803003
2018-05-19 20:00:00+02:00,53.81078256823539
2018-05-19 21:00:00+02:00,55.49755795624232
2018-05-19 22:00:00+02:00,59.29410686470586
2018-05-19 23:00:00+02:00,54.87616209233038
2018-05-20 00:00:00+02:00,54.80868103140641
2018-05-20 01:00:00+02:00,52.75051442428741
2018-05-20 02:00:00+02:00,44.61947311869663
2018-05-20 03:00:00+02:00,48.533152543750276
2018-05-20 04:00:00+02:00,48.284707023570036
2018-05-20 05:00:00+02:00,50.99299772237122
2018-05-20 06:00:00+02:00,49.858173636876145
2018-05-20 07:00:00+02:00,51.06277729662511
2018-05-20 08:00:00+02:00,46.38389559150953
2018-05-20 09:00:00+02:00,46.504429982380344
2018-05-20 10:00:00+02:00,49.91388014233533
2018-05-20 11:00:00+02:00,49.65811703657306
2018-05-20 12:00:00+02:00,48.77250598706363
2018-05-20 13:00:00+02:00,48.48862034923126
2018-05-20 14:00:00+02:00,45.10160415467913
2018-05-20 15:00:00+02:00,44.30102706511489
2018-05-20 16:00:00+02:00,42.03190552922787
2018-05-20 17:00:00+02:00,45.02595460901075
2018-05-20 18:00:00+02:00,43.759088986567974
2018-05-20 19:00:00+02:00,46.25746446655764
2018-05-20 20:00:00+02:00,53.49521364153784
2018-05-20 21:00:00+02:00,55.385210324229945
2018-05-20 22:00:00+02:00,58.518311333670596
2018-05-20 23:00:00+02:00,53.27583057466682
2018-05-21 00:00:00+02:00,55.71538800631835
2018-05-21 01:00:00+02:00,53.04202328868835
2018-05-21 02:00:00+02:00,51.298150944194376
2018-05-21 03:00:00+02:00,48.992877328722194
2018-05-21 04:00:00+02:00,48.866456543137254
2018-05-21 05:00:00+02:00,48.3058472916687
2018-05-21 06:00:00+02:00,52.28658502862453
2018-05-21 07:00:00+02:00,58.365546800264525
2018-05-21 08:00:00+02:00,58.80647602474437
2018-05-21 09:00:00+02:00,57.72043295194864
2018-05-21 10:00:00+02:00,59.691946697304715
2018-05-21 11:00:00+02:00,59.56079794015248
2018-05-21 12:00:00+02:00,58.77607178884515
2018-05-21 13:00:00+02:00,58.48479810114778
2018-05-21 14:00:00+02:00,58.257834642623386
2018-05-21 15:00:00+02:00,58.0355827416477
2018-05-21 16:00:00+02:00,57.15953881726593
2018-05-21 17:00:00+02:00,57.000861522077166
2018-05-21 18:00:00+02:00,56.92183541505064
2018-05-21 19:00:00+02:00,56.468192732353394
2018-05-21 20:00:00+02:00,59.30671896402699
2018-05-21 21:00:00+02:00,58.86554070620863
2018-05-21 22:00:00+02:00,58.00750431289463
2018-05-21 23:00:00+02:00,57.81193237454655
2018-05-22 00:00:00+02:00,54.41189386769712
2018-05-22 01:00:00+02:00,49.93368275742276
2018-05-22 02:00:00+02:00,46.94455794236107
2018-05-22 03:00:00+02:00,46.62683333337193
2018-05-22 04:00:00+02:00,47.66432120132078
2018-05-22 05:00:00+02:00,48.98093493782904
2018-05-22 06:00:00+02:00,51.96097010714786
2018-05-22 07:00:00+02:00,54.058331439803766
2018-05-22 08:00:00+02:00,57.126118384729125
2018-05-22 09:00:00+02:00,57.539513795732624
2018-05-22 10:00:00+02:00,57.37581006901484
2018-05-22 11:00:00+02:00,57.6375749786655
2018-05-22 12:00:00+02:00,57.96856969093626
2018-05-22 13:00:00+02:00,56.62800949927434
2018-05-22 14:00:00+02:00,55.11960135725078
2018-05-22 15:00:00+02:00,54.64574801214643
2018-05-22 16:00:00+02:00,55.9267526439813
2018-05-22 17:00:00+02:00,55.39533936750453
2018-05-22 18:00:00+02:00,54.28990504583946
2018-05-22 19:00:00+02:00,55.16365617567543
2018-05-22 20:00:00+02:00,56.697488540596595
2018-05-22 21:00:00+02:00,59.52776075255317
2018-05-22 22:00:00+02:00,57.730661482280354
2018-05-22 23:00:00+02:00,54.42192931294773
2018-05-23 00:00:00+02:00,56.721262282359106
2018-05-23 01:00:00+02:00,52.82418362796557
2018-05-23 02:00:00+02:00,50.34094703083322
2018-05-23 03:00:00+02:00,49.72094676485744
2018-05-23 04:00:00+02:00,49.20148076616989
2018-05-23 05:00:00+02:00,51.13689136561548
2018-05-23 06:00:00+02:00,52.903628634951644
2018-05-23 07:00:00+02:00,56.46777132013322
2018-05-23 08:00:00+02:00,57.82910214361863
2018-05-23 09:00:00+02:00,59.00597134989204
2018-05-23 10:00:00+02:00,58.61839897638443
2018-05-23 11:00:00+02:00,58.30048434229496
2018-05-23 12:00:00+02:00,58.22061002294871
2018-05-23 13:00:00+02:00,59.46305417392795
2018-05-23 14:00:00+02:00,58.101693805027274
2018-05-23 15:00:00+02:00,56.70861153329911
2018-05-23 16:00:00+02:00,55.948466322359955
2018-05-23 17:00:00+02:00,55.25089260990476
2018-05-23 18:00:00+02:00,55.964164175046506
2018-05-23 19:00:00+02:00,54.408574887777384
2018-05-23 20:00:00+02:00,54.09398158672943
2018-05-23 21:00:00+02:00,59.39586015238649
2018-05-23 22:00:00+02:00,56.81575754441303
2018-05-23 23:00:00+02:00,56.06970349205888
2018-05-24 00:00:00+02:00,54.527038497541696
2018-05-24 01:00:00+02:00,51.35544011177982
2018-05-24 02:00:00+02:00,48.98278603925468
2018-05-24 03:00:00+02:00,50.31424550948726
2018-05-24 04:00:00+02:00,50.69097444624007
2018-05-24 05:00:00+02:00,49.99839830748186
2018-05-24 06:00:00+02:00,53.65628721423994
2018-05-24 07:00:00+02:00,54.95640793881598
2018-05-24 08:00:00+02:00,59.820779290548735
2018-05-24 09:00:00+02:00,58.766219837750974
2018-05-24 10:00:00+02:00,59.964179562670274
2018-05-24 11:00:00+02:00,59.75502597746936
2018-05-24 12:00:00+02:00,58.50129263493968
2018-05-24 13:00:00+02:00,55.881528810869156
2018-05-24 14:00:00+02:00,56.96660122136457
2018-05-24 15:00:00+02:00,56.473474448180895
2018-05-24 16:00:00+02:00,55.88953667527222
2018-05-24 17:00:00+02:00,55.69830836485124
2018-05-24 18:00:00+02:00,55.67654190178342
2018-05-24 19:00:00+02:00,51.465879780044204
2018-05-24 20:00:00+02:00,58.807523721666676
2018-05-24 21:00:00+02:00,58.10533524900026
2018-05-24 22:00:00+02:00,55.20197674709563
2018-05-24 23:00:00+02:00,53.02518752905274
2018-05-25 00:00:00+02:00,52.35916852029838
2018-05-25 01:00:00+02:00,52.4212897590333
2018-05-25 02:00:00+02:00,49.51227870212991
2018-05-25 03:00:00+02:00,50.891313581081654
2018-05-25 04:00:00+02:00,51.201863875129426
2018-05-25 05:00:00+02:00,52.287967930123145
2018-05-25 06:00:00+02:00,52.498627382317345
2018-05-25 07:00:00+02:00,56.43673202140009
2018-05-25 08:00:00+02:00,60.476718824738064
2018-05-25 09:00:00+02:00,59.2315190129277
2018-05-25 10:00:00+02:00,59.91143335910622
2018-05-25 11:00:00+02:00,59.83893005389739
2018-05-25 12:00:00+02:00,60.16127905103876
2018-05-25 13:00:00+02:00,60.46591075585287
2018-05-25 14:00:00+02:00,59.93970174389095
2018-05-25 15:00:00+02:00,57.944579971730114
2018-05-25 16:00:00+02:00,57.18344235516688
2018-05-25 17:00:00+02:00,57.647608625205386
2018-05-25 18:00:00+02:00,56.34614946587439
2018-05-25 19:00:00+02:00,53.474004509903494
2018-05-25 20:00:00+02:00,54.880403085962776
2018-05-25 21:00:00+02:00,56.73421777438339
2018-05-25 22:00:00+02:00,55.44668805276308
2018-05-25 23:00:00+02:00,55.3404863550776
2018-05-26 00:00:00+02:00,55.79800573382932
2018-05-26 01:00:00+02:00,52.018538943769556
2018-05-26 02:00:00+02:00,50.16382704286647
2018-05-26 03:00:00+02:00,50.417888219253044
2018-05-26 04:00:00+02:00,50.67504809075671
2018-05-26 05:00:00+02:00,50.662298183994224
2018-05-26 06:00:00+02:00,51.79961030277332
2018-05-26 07:00:00+02:00,52.19321208087458
2018-05-26 08:00:00+02:00,51.953899403365384
2018-05-26 09:00:00+02:00,54.05078118955088
2018-05-26 10:00:00+02:00,53.996244480007434
2018-05-26 11:00:00+02:00,53.24501941668265
2018-05-26 12:00:00+02:00,53.047670075467764
2018-05-26 13:00:00+02:00,53.638757489336705
2018-05-26 14:00:00+02:00,52.82466131282712
2018-05-26 15:00:00+02:00,50.20877384850733
2018-05-26 16:00:00+02:00,50.44748270910395
2018-05-26 17:00:00+02:00,50.33373431372165
2018-05-26 18:00:00+02:00,49.56219086627783
2018-05-26 19:00:00+02:00,52.27395854537842
2018-05-26 20:00:00+02:00,56.50049314049377
2018-05-26 21:00:00+02:00,58.83502462076137
2018-05-26 22:00:00+02:00,58.88351277271933
2018-05-26 23:00:00+02:00,57.39848644582219
2018-05-27 00:00:00+02:00,55.16166472160123
2018-05-27 01:00:00+02:00,52.88396162289403
2018-05-27 02:00:00+02:00,50.89664123867757
2018-05-27 03:00:00+02:00,48.123354492975444
2018-05-27 04:00:00+02:00,47.12674494782938
2018-05-27 05:00:00+02:00,46.771723691912
2018-05-27 06:00:00+02:00,47.03890579158771
2018-05-27 07:00:00+02:00,47.442743176228504
2018-05-27 08:00:00+02:00,46.50175916457475
2018-05-27 09:00:00+02:00,47.958013601711286
2018-05-27 10:00:00+02:00,49.48464437271984
2018-05-27 11:00:00+02:00,50.10918666391328
2018-05-27 12:00:00+02:00,48.95916943098571
2018-05-27 13:00:00+02:00,48.64813737974925
2018-05-27 14:00:00+02:00,48.230486443330186
2018-05-27 15:00:00+02:00,44.506362564457405
2018-05-27 16:00:00+02:00,43.23982569313265
2018-05-27 17:00:00+02:00,44.18092069223771
2018-05-27 18:00:00+02:00,43.25388003516112
2018-05-27 19:00:00+02:00,48.40210148010348
2018-05-27 20:00:00+02:00,52.960590590320145
2018-05-27 21:00:00+02:00,54.686487357978706
2018-05-27 22:00:00+02:00,55.11620100409283
2018-05-27 23:00:00+02:00,53.39980358212068
2018-05-28 00:00:00+02:00,52.86985553950337
2018-05-28 01:00:00+02:00,50.63686079475232
2018-05-28 02:00:00+02:00,48.285420898540266
2018-05-28 03:00:00+02:00,47.80552969981497
2018-05-28 04:00:00+02:00,48.23578009743927
2018-05-28 05:00:00+02:00,46.138181487604484
2018-05-28 06:00:00+02:00,49.82315923527156
2018-05-28 07:00:00+02:00,54.49285370686512
2018-05-28 08:00:00+02:00,56.05666922066414
2018-05-28 09:00:00+02:00,57.85892602838151
2018-05-28 10:00:00+02:00,56.53871440614779
2018-05-28 11:00:00+02:00,56.65260490185983
2018-05-28 12:00:00+02:00,56.74363489019104
2018-05-28 13:00:00+02:00,57.06064985271373
2018-05-28 14:00:00+02:00,56.76627257726735
2018-05-28 15:00:00+02:00,55.36241034120627
2018-05-28 16:00:00+02:00,54.67482848150068
2018-05-28 17:00:00+02:00,54.51120061074403
2018-05-28 18:00:00+02:00,54.99527951422867
2018-05-28 19:00:00+02:00,56.695179556242984
2018-05-28 20:00:00+02:00,57.24413440021318
2018-05-28 21:00:00+02:00,58.35188702335879
2018-05-28 22:00:00+02:00,57.29852436201908
2018-05-28 23:00:00+02:00,53.48178539273948
2018-05-29 00:00:00+02:00,54.4863661671603
2018-05-29 01:00:00+02:00,52.26479539664845
2018-05-29 02:00:00+02:00,50.30988018590262
2018-05-29 03:00:00+02:00,50.6548703122953
2018-05-29 04:00:00+02:00,50.59065162328689
2018-05-29 05:00:00+02:00,51.20058842727295
2018-05-29 06:00:00+02:00,53.428381932231105
2018-05-29 07:00:00+02:00,54.56802956529227
2018-05-29 08:00:00+02:00,57.73140584635109
2018-05-29 09:00:00+02:00,57.211471403316644
2018-05-29 10:00:00+02:00,59.26447074222654
2018-05-29 11:00:00+02:00,59.10543919186541
2018-05-29 12:00:00+02:00,58.85783970694097
2018-05-29 13:00:00+02:00,57.97038995038237
2018-05-29 14:00:00+02:00,57.27283041980432
2018-05-29 15:00:00+02:00,54.7755873095272
2018-05-29 16:00:00+02:00,51.474938795389015
2018-05-29 17:00:00+02:00,54.030474375794356
2018-05-29 18:00:00+02:00,55.21152103345184
2018-05-29 19:00:00+02:00,55.055935929690584
2018-05-29 20:00:00+02:00,55.77591338880951
2018-05-29 21:00:00+02:00,58.49281189131085
2018-05-29 22:00:00+02:00,57.939862107807905
2018-05-29 23:00:00+02:00,52.772718672010285
2018-05-30 00:00:00+02:00,55.76129445505191
2018-05-30 01:00:00+02:00,52.477121320268374
2018-05-30 02:00:00+02:00,50.79153998133741
2018-05-30 03:00:00+02:00,49.22034394123027
2018-05-30 04:00:00+02:00,48.427955200373184
2018-05-30 05:00:00+02:00,50.78428075225662
2018-05-30 06:00:00+02:00,52.923506871739164
2018-05-30 07:00:00+02:00,54.55314267355856
2018-05-30 08:00:00+02:00,57.799963921456175
2018-05-30 09:00:00+02:00,58.99685500809161
2018-05-30 10:00:00+02:00,58.41428245904076
2018-05-30 11:00:00+02:00,57.32175939614693
2018-05-30 12:00:00+02:00,57.7306911337218
2018-05-30 13:00:00+02:00,57.64865610437349
2018-05-30 14:00:00+02:00,55.810480232186364
2018-05-30 15:00:00+02:00,53.90720235293067
2018-05-30 16:00:00+02:00,52.23700293520161
2018-05-30 17:00:00+02:00,52.765505740540455
2018-05-30 18:00:00+02:00,53.93099783576581
2018-05-30 19:00:00+02:00,55.851850618345345
2018-05-30 20:00:00+02:00,57.112970994090674
2018-05-30 21:00:00+02:00,56.92838781811628
2018-05-30 22:00:00+02:00,55.94937518252949
2018-05-30 23:00:00+02:00,52.879777098752776
2018-05-31 00:00:00+02:00,54.91865978163222
2018-05-31 01:00:00+02:00,52.65637370582897
2018-05-31 02:00:00+02:00,49.58838190411232
2018-05-31 03:00:00+02:00,49.69198247430105
2018-05-31 04:00:00+02:00,48.64958857160982
2018-05-31 05:00:00+02:00,49.48120248394424
2018-05-31 06:00:00+02:00,51.61358558728985
2018-05-31 07:00:00+02:00,53.773882810832504
2018-05-31 08:00:00+02:00,55.62518481386374
2018-05-31 09:00:00+02:00,56.0617831981611
2018-05-31 10:00:00+02:00,58.10856723127317
2018-05-31 11:00:00+02:00,57.74484899600436
2018-05-31 12:00:00+02:00,57.51915654003744
2018-05-31 13:00:00+02:00,57.324431106045026
2018-05-31 14:00:00+02:00,55.715381451170224
2018-05-31 15:00:00+02:00,54.264947027763306
2018-05-31 16:00:00+02:00,52.604042603847276
2018-05-31 17:00:00+02:00,53.87078970719214
2018-05-31 18:00:00+02:00,54.6625195302322
2018-05-31 19:00:00+02:00,55.64528272171943
2018-05-31 20:00:00+02:00,55.49675045626913
2018-05-31 21:00:00+02:00,56.5114337001722
2018-05-31 22:00:00+02:00,56.2391502362296
2018-05-31 23:00:00+02:00,52.094858496952874
2018-06-01 00:00:00+02:00,53.678743123223185
2018-06-01 01:00:00+02:00,55.27368057449787
2018-06-01 02:00:00+02:00,51.148539467657855
2018-06-01 03:00:00+02:00,52.20240277726477
2018-06-01 04:00:00+02:00,52.11451508201886
2018-06-01 05:00:00+02:00,52.17379718747437
2018-06-01 06:00:00+02:00,54.655012810022875
2018-06-01 07:00:00+02:00,56.679705229830205
2018-06-01 08:00:00+02:00,58.37473810421672
2018-06-01 09:00:00+02:00,58.1817398015513
2018-06-01 10:00:00+02:00,58.54572402818039
2018-06-01 11:00:00+02:00,58.957610166029006
2018-06-01 12:00:00+02:00,59.301232139515406
2018-06-01 13:00:00+02:00,58.247831742585724
2018-06-01 14:00:00+02:00,57.830148157752696
2018-06-01 15:00:00+02:00,54.79028646463513
2018-06-01 16:00:00+02:00,54.00202877893188
2018-06-01 17:00:00+02:00,54.80743023389389
2018-06-01 18:00:00+02:00,55.6466698137255
2018-06-01 19:00:00+02:00,55.29409947198878
2018-06-01 20:00:00+02:00,56.17814890150075
2018-06-01 21:00:00+02:00,57.12423489870575
2018-06-01 22:00:00+02:00,58.536408882772356
2018-06-01 23:00:00+02:00,54.071223748061584
2018-06-02 00:00:00+02:00,55.039446031870646
2018-06-02 01:00:00+02:00,55.28237144340613
2018-06-02 02:00:00+02:00,52.20908451651302
2018-06-02 03:00:00+02:00,53.30037650069193
2018-06-02 04:00:00+02:00,52.10733855195925
2018-06-02 05:00:00+02:00,52.08715430469296
2018-06-02 06:00:00+02:00,52.07740534249143
2018-06-02 07:00:00+02:00,52.8936978292273
2018-06-02 08:00:00+02:00,53.49526490947929
2018-06-02 09:00:00+02:00,54.67541743202519
2018-06-02 10:00:00+02:00,56.56707828838002
2018-06-02 11:00:00+02:00,57.68538363281048
2018-06-02 12:00:00+02:00,55.825459505846595
2018-06-02 13:00:00+02:00,55.419628891538736
2018-06-02 14:00:00+02:00,56.36143432626195
2018-06-02 15:00:00+02:00,54.72334874554524
2018-06-02 16:00:00+02:00,51.330581163249526
2018-06-02 17:00:00+02:00,52.149603927558644
2018-06-02 18:00:00+02:00,53.44187686237372
2018-06-02 19:00:00+02:00,50.16154460357265
2018-06-02 20:00:00+02:00,56.712171884990155
2018-06-02 21:00:00+02:00,57.848492627879665
2018-06-02 22:00:00+02:00,58.12510325275339
2018-06-02 23:00:00+02:00,55.77607461141139
2018-06-03 00:00:00+02:00,57.08400857587664
2018-06-03 01:00:00+02:00,50.951175192185325
2018-06-03 02:00:00+02:00,50.13353275290794
2018-06-03 03:00:00+02:00,48.687700036310744
2018-06-03 04:00:00+02:00,48.182069998232684
2018-06-03 05:00:00+02:00,49.72061228746882
2018-06-03 06:00:00+02:00,50.78865665411988
2018-06-03 07:00:00+02:00,50.61735562757895
2018-06-03 08:00:00+02:00,52.3428890117031
2018-06-03 09:00:00+02:00,52.57650932161766
2018-06-03 10:00:00+02:00,52.69171265957126
2018-06-03 11:00:00+02:00,51.58037072664941
2018-06-03 12:00:00+02:00,52.03947511303089
2018-06-03 13:00:00+02:00,51.87326404454644
2018-06-03 14:00:00+02:00,51.31803462456834
2018-06-03 15:00:00+02:00,47.68366430874166
2018-06-03 16:00:00+02:00,47.898065356422016
2018-06-03 17:00:00+02:00,48.57190744924351
2018-06-03 18:00:00+02:00,49.88106663187101
2018-06-03 19:00:00+02:00,50.91254241837099
2018-06-03 20:00:00+02:00,52.89350920498402
2018-06-03 21:00:00+02:00,58.69409696831802
2018-06-03 22:00:00+02:00,59.12903525620046
2018-06-03 23:00:00+02:00,58.92394187690552
2018-06-04 00:00:00+02:00,52.446831359694514
2018-06-04 01:00:00+02:00,50.72808416050902
2018-06-04 02:00:00+02:00,48.26957830269988
2018-06-04 03:00:00+02:00,45.85368000300934
2018-06-04 04:00:00+02:00,45.79353354727047
2018-06-04 05:00:00+02:00,48.27404203819931
2018-06-04 06:00:00+02:00,49.208020863090255
2018-06-04 07:00:00+02:00,54.13643691426053
2018-06-04 08:00:00+02:00,56.087861382213134
2018-06-04 09:00:00+02:00,59.58078940557565
2018-06-04 10:00:00+02:00,59.13214239638611
2018-06-04 11:00:00+02:00,58.6919002440214
2018-06-04 12:00:00+02:00,56.95484916428441
2018-06-04 13:00:00+02:00,57.12593443793365
2018-06-04 14:00:00+02:00,55.72100876628302
2018-06-04 15:00:00+02:00,55.24355739392985
2018-06-04 16:00:00+02:00,54.348328154514256
2018-06-04 17:00:00+02:00,57.03343260370329
2018-06-04 18:00:00+02:00,57.11392923430193
2018-06-04 19:00:00+02:00,55.905466836957814
2018-06-04 20:00:00+02:00,56.96640541194789
2018-06-04 21:00:00+02:00,56.2127414496275
2018-06-04 22:00:00+02:00,56.50714896912069
2018-06-04 23:00:00+02:00,53.534353261902616
2018-06-05 00:00:00+02:00,47.68675198544556
2018-06-05 01:00:00+02:00,45.956871178889045
2018-06-05 02:00:00+02:00,42.89233728851726
2018-06-05 03:00:00+02:00,40.67116761654783
2018-06-05 04:00:00+02:00,42.08954211192131
2018-06-05 05:00:00+02:00,41.23923885126973
2018-06-05 06:00:00+02:00,44.207793564750716
2018-06-05 07:00:00+02:00,50.940311801064134
2018-06-05 08:00:00+02:00,54.92439607272944
2018-06-05 09:00:00+02:00,55.32529453780857
2018-06-05 10:00:00+02:00,56.49296774476297
2018-06-05 11:00:00+02:00,56.149963602842675
2018-06-05 12:00:00+02:00,54.50570976354869
2018-06-05 13:00:00+02:00,53.711684298637905
2018-06-05 14:00:00+02:00,52.08193914707925
2018-06-05 15:00:00+02:00,53.04933731515804
2018-06-05 16:00:00+02:00,51.33308566822633
2018-06-05 17:00:00+02:00,53.85891096570391
2018-06-05 18:00:00+02:00,53.93664508295313
2018-06-05 19:00:00+02:00,54.81971479489021
2018-06-05 20:00:00+02:00,56.12178034583085
2018-06-05 21:00:00+02:00,57.41059327743159
2018-06-05 22:00:00+02:00,56.18895491326582
2018-06-05 23:00:00+02:00,51.278116427482686
2018-06-06 00:00:00+02:00,52.195737950537605
2018-06-06 01:00:00+02:00,50.37012573988398
2018-06-06 02:00:00+02:00,48.90662333591493
2018-06-06 03:00:00+02:00,47.38305408161555
2018-06-06 04:00:00+02:00,46.23364482468051
2018-06-06 05:00:00+02:00,47.304407310277824
2018-06-06 06:00:00+02:00,50.51897397424822
2018-06-06 07:00:00+02:00,53.77189167293469
2018-06-06 08:00:00+02:00,56.6301675710124
2018-06-06 09:00:00+02:00,57.91241755633822
2018-06-06 10:00:00+02:00,57.756022181388005
2018-06-06 11:00:00+02:00,58.81475780484424
2018-06-06 12:00:00+02:00,57.598642073322495
2018-06-06 13:00:00+02:00,57.17798807944352
2018-06-06 14:00:00+02:00,55.76662900621245
2018-06-06 15:00:00+02:00,53.79726566204062
2018-06-06 16:00:00+02:00,53.64954589981172
2018-06-06 17:00:00+02:00,55.43665766653037
2018-06-06 18:00:00+02:00,53.24389523153512
2018-06-06 19:00:00+02:00,55.4987490777502
2018-06-06 20:00:00+02:00,58.023499677541636
2018-06-06 21:00:00+02:00,57.24757024900305
2018-06-06 22:00:00+02:00,57.30081396513587
2018-06-06 23:00:00+02:00,53.5397141790656
2018-06-07 00:00:00+02:00,55.25944218547781
2018-06-07 01:00:00+02:00,53.96380594011994
2018-06-07 02:00:00+02:00,51.21093161461121
2018-06-07 03:00:00+02:00,50.324844188007724
2018-06-07 04:00:00+02:00,51.20447358906442
2018-06-07 05:00:00+02:00,51.307727540938615
2018-06-07 06:00:00+02:00,54.44261657522329
2018-06-07 07:00:00+02:00,56.79783985719902
2018-06-07 08:00:00+02:00,58.49871846916938
2018-06-07 09:00:00+02:00,61.16262286756905
2018-06-07 10:00:00+02:00,60.412741155354404
2018-06-07 11:00:00+02:00,60.67863523665029
2018-06-07 12:00:00+02:00,59.164368338817134
2018-06-07 13:00:00+02:00,58.936771684818154
2018-06-07 14:00:00+02:00,58.742693781267675
2018-06-07 15:00:00+02:00,58.31231793809232
2018-06-07 16:00:00+02:00,58.842772839702825
2018-06-07 17:00:00+02:00,57.291261111595425
2018-06-07 18:00:00+02:00,57.6443851106868
2018-06-07 19:00:00+02:00,57.02395792408052
2018-06-07 20:00:00+02:00,59.59862798051394
2018-06-07 21:00:00+02:00,61.27019612084761
2018-06-07 22:00:00+02:00,61.49896651643848
2018-06-07 23:00:00+02:00,57.82748603122282
2018-06-08 00:00:00+02:00,57.46005822089723
2018-06-08 01:00:00+02:00,52.75691767321744
2018-06-08 02:00:00+02:00,47.06772479014103
2018-06-08 03:00:00+02:00,48.9166976207135
2018-06-08 04:00:00+02:00,48.780486140654254
2018-06-08 05:00:00+02:00,49.83653724625768
2018-06-08 06:00:00+02:00,53.64074743155342
2018-06-08 07:00:00+02:00,55.9835514824785
2018-06-08 08:00:00+02:00,60.32793021370414
2018-06-08 09:00:00+02:00,61.143402856083945
2018-06-08 10:00:00+02:00,60.70452344278321
2018-06-08 11:00:00+02:00,61.27800641139522
2018-06-08 12:00:00+02:00,61.818090365561694
2018-06-08 13:00:00+02:00,62.10547175735145
2018-06-08 14:00:00+02:00,59.86780028647156
2018-06-08 15:00:00+02:00,57.852223397686664
2018-06-08 16:00:00+02:00,56.483211724782066
2018-06-08 17:00:00+02:00,54.160818784872156
2018-06-08 18:00:00+02:00,54.33524471223523
2018-06-08 19:00:00+02:00,55.67757938187714
2018-06-08 20:00:00+02:00,56.40396386867325
2018-06-08 21:00:00+02:00,60.90386667227454
2018-06-08 22:00:00+02:00,61.360599047432835
2018-06-08 23:00:00+02:00,56.50605296667128
2018-06-09 00:00:00+02:00,58.12109832360917
2018-06-09 01:00:00+02:00,56.80987347294582
2018-06-09 02:00:00+02:00,52.917798915416
2018-06-09 03:00:00+02:00,54.12705384330526
2018-06-09 04:00:00+02:00,52.10512930486506
2018-06-09 05:00:00+02:00,51.00780538822005
2018-06-09 06:00:00+02:00,51.517225496759664
2018-06-09 07:00:00+02:00,51.230985077344656
2018-06-09 08:00:00+02:00,53.15003541817738
2018-06-09 09:00:00+02:00,55.13126951885495
2018-06-09 10:00:00+02:00,56.73090914338812
2018-06-09 11:00:00+02:00,58.059306005127574
2018-06-09 12:00:00+02:00,57.91806751067218
2018-06-09 13:00:00+02:00,58.792519504265314
2018-06-09 14:00:00+02:00,57.831559743288395
2018-06-09 15:00:00+02:00,58.50500860757886
2018-06-09 16:00:00+02:00,56.76766340866547
2018-06-09 17:00:00+02:00,54.83824339050038
2018-06-09 18:00:00+02:00,54.54760602315318
2018-06-09 19:00:00+02:00,57.059169013580174
2018-06-09 20:00:00+02:00,58.35329319728198
2018-06-09 21:00:00+02:00,61.332299432136615
2018-06-09 22:00:00+02:00,62.269935621531985
2018-06-09 23:00:00+02:00,59.862688697916234
2018-06-10 00:00:00+02:00,56.69384492151043
2018-06-10 01:00:00+02:00,56.89613588163674
2018-06-10 02:00:00+02:00,50.45770776930682
2018-06-10 03:00:00+02:00,49.312268683090664
2018-06-10 04:00:00+02:00,48.95504135830822
2018-06-10 05:00:00+02:00,48.66449204374559
2018-06-10 06:00:00+02:00,49.47028559355595
2018-06-10 07:00:00+02:00,50.100372844234855
2018-06-10 08:00:00+02:00,52.86860617363549
2018-06-10 09:00:00+02:00,53.75962639715062
2018-06-10 10:00:00+02:00,53.04686121462929
2018-06-10 11:00:00+02:00,55.60447319584528
2018-06-10 12:00:00+02:00,58.35569406705328
2018-06-10 13:00:00+02:00,56.707892996422316
2018-06-10 14:00:00+02:00,54.455927132841914
2018-06-10 15:00:00+02:00,50.48361556337255
2018-06-10 16:00:00+02:00,47.05015082082314
2018-06-10 17:00:00+02:00,50.003247500807404
2018-06-10 18:00:00+02:00,48.909121937918805
2018-06-10 19:00:00+02:00,50.17598409147189
2018-06-10 20:00:00+02:00,55.10504336905316
2018-06-10 21:00:00+02:00,56.11127759149261
2018-06-10 22:00:00+02:00,58.15294598937184
2018-06-10 23:00:00+02:00,53.43254638231595
2018-06-11 00:00:00+02:00,51.21919723917972
2018-06-11 01:00:00+02:00,48.8564539987442
2018-06-11 02:00:00+02:00,45.68340323915976
2018-06-11 03:00:00+02:00,43.485496443105816
2018-06-11 04:00:00+02:00,42.862473377120786
2018-06-11 05:00:00+02:00,42.70382996062432
2018-06-11 06:00:00+02:00,47.33606255604433
2018-06-11 07:00:00+02:00,51.57888506496012
2018-06-11 08:00:00+02:00,57.458283873106566
2018-06-11 09:00:00+02:00,58.54418010992935
2018-06-11 10:00:00+02:00,59.112560344091925
2018-06-11 11:00:00+02:00,59.56309910251605
2018-06-11 12:00:00+02:00,61.16327529699536
2018-06-11 13:00:00+02:00,59.532128219951126
2018-06-11 14:00:00+02:00,58.42564985356157
2018-06-11 15:00:00+02:00,57.8707950499818
2018-06-11 16:00:00+02:00,57.058926969858675
2018-06-11 17:00:00+02:00,57.80648247265423
2018-06-11 18:00:00+02:00,58.244638763192384
2018-06-11 19:00:00+02:00,60.32155295053817
2018-06-11 20:00:00+02:00,59.82266768975508
2018-06-11 21:00:00+02:00,60.09742156205562
2018-06-11 22:00:00+02:00,60.39073870519539
2018-06-11 23:00:00+02:00,57.532991112637795
2018-06-12 00:00:00+02:00,52.24450152928908
2018-06-12 01:00:00+02:00,49.05048268426527
2018-06-12 02:00:00+02:00,46.79118908870178
2018-06-12 03:00:00+02:00,46.940810488502734
2018-06-12 04:00:00+02:00,46.797357069175426
2018-06-12 05:00:00+02:00,45.486853923169825
2018-06-12 06:00:00+02:00,50.68025691151448
2018-06-12 07:00:00+02:00,54.97500002679258
2018-06-12 08:00:00+02:00,56.14379534801912
2018-06-12 09:00:00+02:00,57.014039244653475
2018-06-12 10:00:00+02:00,58.16110724119251
2018-06-12 11:00:00+02:00,58.25721240680634
2018-06-12 12:00:00+02:00,55.639017058951055
2018-06-12 13:00:00+02:00,55.74086289577716
2018-06-12 14:00:00+02:00,54.34393178286847
2018-06-12 15:00:00+02:00,52.68028804519079
2018-06-12 16:00:00+02:00,54.72175195397584
2018-06-12 17:00:00+02:00,53.864435153325594
2018-06-12 18:00:00+02:00,54.546999669264956
2018-06-12 19:00:00+02:00,54.689801932622515
2018-06-12 20:00:00+02:00,56.28591695567633
2018-06-12 21:00:00+02:00,58.15159232697437
2018-06-12 22:00:00+02:00,56.904488990157034
2018-06-12 23:00:00+02:00,54.02406478879901
2018-06-13 00:00:00+02:00,52.186322157388254
2018-06-13 01:00:00+02:00,48.12388346196747
2018-06-13 02:00:00+02:00,44.30405349394742
2018-06-13 03:00:00+02:00,44.80682125874228
2018-06-13 04:00:00+02:00,45.66531000242991
2018-06-13 05:00:00+02:00,46.20611561257989
2018-06-13 06:00:00+02:00,49.035970420189365
2018-06-13 07:00:00+02:00,50.558650100443515
2018-06-13 08:00:00+02:00,54.31523236344748
2018-06-13 09:00:00+02:00,55.100539242923276
2018-06-13 10:00:00+02:00,55.68374810960665
2018-06-13 11:00:00+02:00,55.13044553563539
2018-06-13 12:00:00+02:00,55.37641085385016
2018-06-13 13:00:00+02:00,53.27035130387375
2018-06-13 14:00:00+02:00,52.94899958864751
2018-06-13 15:00:00+02:00,52.8988827929727
2018-06-13 16:00:00+02:00,51.14847571583495
2018-06-13 17:00:00+02:00,51.95852249085322
2018-06-13 18:00:00+02:00,51.83817683060678
2018-06-13 19:00:00+02:00,52.57567443790401
2018-06-13 20:00:00+02:00,55.784407898851754
2018-06-13 21:00:00+02:00,56.03110058198946
2018-06-13 22:00:00+02:00,54.73503315379319
2018-06-13 23:00:00+02:00,52.55617560941938
2018-06-14 00:00:00+02:00,51.17367726534747
2018-06-14 01:00:00+02:00,49.00140520975774
2018-06-14 02:00:00+02:00,45.74968966025471
2018-06-14 03:00:00+02:00,47.32084732821331
2018-06-14 04:00:00+02:00,46.306764594398764
2018-06-14 05:00:00+02:00,47.29531062335768
2018-06-14 06:00:00+02:00,50.68219783682741
2018-06-14 07:00:00+02:00,53.91807401310194
2018-06-14 08:00:00+02:00,56.14310895019046
2018-06-14 09:00:00+02:00,58.3398993691202
2018-06-14 10:00:00+02:00,57.329071588660106
2018-06-14 11:00:00+02:00,58.56448145750387
2018-06-14 12:00:00+02:00,57.60576077997334
2018-06-14 13:00:00+02:00,58.49064602322153
2018-06-14 14:00:00+02:00,57.619828867411194
2018-06-14 15:00:00+02:00,54.46541632552196
2018-06-14 16:00:00+02:00,53.609593180456294
2018-06-14 17:00:00+02:00,55.39160788296896
2018-06-14 18:00:00+02:00,54.87538514515304
2018-06-14 19:00:00+02:00,55.179651398144244
2018-06-14 20:00:00+02:00,57.16504394339602
2018-06-14 21:00:00+02:00,59.35234806858412
2018-06-14 22:00:00+02:00,55.493651340958955
2018-06-14 23:00:00+02:00,53.398884431762646
2018-06-15 00:00:00+02:00,52.27882322774006
2018-06-15 01:00:00+02:00,49.53642580295331
2018-06-15 02:00:00+02:00,50.14780621471495
2018-06-15 03:00:00+02:00,48.67240617736467
2018-06-15 04:00:00+02:00,49.8365248733584
2018-06-15 05:00:00+02:00,50.93203716852311
2018-06-15 06:00:00+02:00,51.838983236129785
2018-06-15 07:00:00+02:00,55.935961078859435
2018-06-15 08:00:00+02:00,56.68077318219427
2018-06-15 09:00:00+02:00,57.9121977092501
2018-06-15 10:00:00+02:00,56.94526911735385
2018-06-15 11:00:00+02:00,58.13295337445166
2018-06-15 12:00:00+02:00,57.934723761624916
2018-06-15 13:00:00+02:00,57.67650793820023
2018-06-15 14:00:00+02:00,57.201050270759346
2018-06-15 15:00:00+02:00,55.19573297861199
2018-06-15 16:00:00+02:00,54.94708875369879
2018-06-15 17:00:00+02:00,54.03131832287399
2018-06-15 18:00:00+02:00,54.58837889679044
2018-06-15 19:00:00+02:00,52.86484263923396
2018-06-15 20:00:00+02:00,53.563202631131475
2018-06-15 21:00:00+02:00,56.354181941372396
2018-06-15 22:00:00+02:00,54.56489175362813
2018-06-15 23:00:00+02:00,53.196508545073826
2018-06-16 00:00:00+02:00,52.722435117287596
2018-06-16 01:00:00+02:00,50.38031855594723
2018-06-16 02:00:00+02:00,50.10890418285526
2018-06-16 03:00:00+02:00,50.97710986625044
2018-06-16 04:00:00+02:00,47.83331328655546
2018-06-16 05:00:00+02:00,49.49824810971195
2018-06-16 06:00:00+02:00,48.95974089343579
2018-06-16 07:00:00+02:00,52.04504178727488
2018-06-16 08:00:00+02:00,51.97831819307811
2018-06-16 09:00:00+02:00,52.89110957381639
2018-06-16 10:00:00+02:00,53.89828726567294
2018-06-16 11:00:00+02:00,54.128099940393284
2018-06-16 12:00:00+02:00,54.59324935962854
2018-06-16 13:00:00+02:00,56.25719011871712
2018-06-16 14:00:00+02:00,55.513430498898956
2018-06-16 15:00:00+02:00,50.48888875528521
2018-06-16 16:00:00+02:00,50.72470204429855
2018-06-16 17:00:00+02:00,49.19146057689259
2018-06-16 18:00:00+02:00,48.35510946017232
2018-06-16 19:00:00+02:00,48.01285316856039
2018-06-16 20:00:00+02:00,49.77269454973497
2018-06-16 21:00:00+02:00,54.10321794110817
2018-06-16 22:00:00+02:00,53.83770507247606
2018-06-16 23:00:00+02:00,51.766112393343086
2018-06-17 00:00:00+02:00,48.7044213859451
2018-06-17 01:00:00+02:00,48.217445716631495
2018-06-17 02:00:00+02:00,44.3706437761831
2018-06-17 03:00:00+02:00,44.2699015280818
2018-06-17 04:00:00+02:00,44.14134155605718
2018-06-17 05:00:00+02:00,43.894843212773004
2018-06-17 06:00:00+02:00,43.80827423732668
2018-06-17 07:00:00+02:00,44.25145768510368
2018-06-17 08:00:00+02:00,44.25015198309027
2018-06-17 09:00:00+02:00,45.260481452563575
2018-06-17 10:00:00+02:00,48.19183112830282
2018-06-17 11:00:00+02:00,48.55861078595623
2018-06-17 12:00:00+02:00,49.92272319204963
2018-06-17 13:00:00+02:00,50.14044285064273
2018-06-17 14:00:00+02:00,48.81712448731878
2018-06-17 15:00:00+02:00,45.72580120569679
2018-06-17 16:00:00+02:00,43.88480143824924
2018-06-17 17:00:00+02:00,43.697644191992964
2018-06-17 18:00:00+02:00,45.3115169208743
2018-06-17 19:00:00+02:00,46.00382375750059
2018-06-17 20:00:00+02:00,50.17565202992431
2018-06-17 21:00:00+02:00,55.185465185817385
2018-06-17 22:00:00+02:00,55.99280736442868
2018-06-17 23:00:00+02:00,51.11403030996301
2018-06-18 00:00:00+02:00,50.54924721214636
2018-06-18 01:00:00+02:00,48.28779267081835
2018-06-18 02:00:00+02:00,44.38386775176402
2018-06-18 03:00:00+02:00,41.65733542850295
2018-06-18 04:00:00+02:00,41.88983844614943
2018-06-18 05:00:00+02:00,44.24866484232613
2018-06-18 06:00:00+02:00,48.97789568515945
2018-06-18 07:00:00+02:00,51.85116332247496
2018-06-18 08:00:00+02:00,52.225656671130146
2018-06-18 09:00:00+02:00,52.94104594336832
2018-06-18 10:00:00+02:00,52.804668524370925
2018-06-18 11:00:00+02:00,52.975437902199005
2018-06-18 12:00:00+02:00,55.744906153677704
2018-06-18 13:00:00+02:00,54.771983404250776
2018-06-18 14:00:00+02:00,54.94566623351276
2018-06-18 15:00:00+02:00,52.73063081474639
2018-06-18 16:00:00+02:00,53.32177898147432
2018-06-18 17:00:00+02:00,52.82996702565156
2018-06-18 18:00:00+02:00,51.29583407259552
2018-06-18 19:00:00+02:00,51.65089742188743
2018-06-18 20:00:00+02:00,52.20420156635607
2018-06-18 21:00:00+02:00,54.249054330870315
2018-06-18 22:00:00+02:00,53.43986488089188
2018-06-18 23:00:00+02:00,49.73524339977903
2018-06-19 00:00:00+02:00,50.569651417023834
2018-06-19 01:00:00+02:00,46.47562544055801
2018-06-19 02:00:00+02:00,43.27478838158068
2018-06-19 03:00:00+02:00,43.68174623387973
2018-06-19 04:00:00+02:00,43.44430262176614
2018-06-19 05:00:00+02:00,44.18155644401719
2018-06-19 06:00:00+02:00,49.81989369411777
2018-06-19 07:00:00+02:00,53.38152039956546
2018-06-19 08:00:00+02:00,54.75320156520656
2018-06-19 09:00:00+02:00,55.96907669188298
2018-06-19 10:00:00+02:00,55.45050656080487
2018-06-19 11:00:00+02:00,55.88671265495575
2018-06-19 12:00:00+02:00,55.628381953857584
2018-06-19 13:00:00+02:00,57.79187213172265
2018-06-19 14:00:00+02:00,55.93016749624248
2018-06-19 15:00:00+02:00,55.03428326188645
2018-06-19 16:00:00+02:00,54.62618866701927
2018-06-19 17:00:00+02:00,55.559622407914944
2018-06-19 18:00:00+02:00,55.35801535954635
2018-06-19 19:00:00+02:00,56.00959490475236
2018-06-19 20:00:00+02:00,55.65358129030293
2018-06-19 21:00:00+02:00,56.520995243876406
2018-06-19 22:00:00+02:00,55.10315162313287
2018-06-19 23:00:00+02:00,52.24703834877189
2018-06-20 00:00:00+02:00,52.97320545154023
2018-06-20 01:00:00+02:00,51.44202111134272
2018-06-20 02:00:00+02:00,47.598228755931984
2018-06-20 03:00:00+02:00,48.96785039532979
2018-06-20 04:00:00+02:00,48.09597841960463
2018-06-20 05:00:00+02:00,49.034477933144665
2018-06-20 06:00:00+02:00,52.52844305400524
2018-06-20 07:00:00+02:00,54.89649387204222
2018-06-20 08:00:00+02:00,57.40518692857883
2018-06-20 09:00:00+02:00,58.77364160905193
2018-06-20 10:00:00+02:00,58.252590868269294
2018-06-20 11:00:00+02:00,58.53957481428883
2018-06-20 12:00:00+02:00,58.66061701677988
2018-06-20 13:00:00+02:00,58.892812199808574
2018-06-20 14:00:00+02:00,58.63312438800355
2018-06-20 15:00:00+02:00,57.372581918446606
2018-06-20 16:00:00+02:00,56.87889596198324
2018-06-20 17:00:00+02:00,57.39124282759244
2018-06-20 18:00:00+02:00,57.08757090484019
2018-06-20 19:00:00+02:00,57.04533624602725
2018-06-20 20:00:00+02:00,57.53075686992104
2018-06-20 21:00:00+02:00,58.37716730715381
2018-06-20 22:00:00+02:00,57.50469325270806
2018-06-20 23:00:00+02:00,54.18918212299521
2018-06-21 00:00:00+02:00,53.09151178400357
2018-06-21 01:00:00+02:00,53.918720480412794
2018-06-21 02:00:00+02:00,50.28622031998724
2018-06-21 03:00:00+02:00,51.003752560504935
2018-06-21 04:00:00+02:00,51.75821922138558
2018-06-21 05:00:00+02:00,51.24573950432604
2018-06-21 06:00:00+02:00,53.41850648172657
2018-06-21 07:00:00+02:00,56.14004272412725
2018-06-21 08:00:00+02:00,59.270704551424636
2018-06-21 09:00:00+02:00,59.48597441767946
2018-06-21 10:00:00+02:00,58.36610485050155
2018-06-21 11:00:00+02:00,59.3961602251875
2018-06-21 12:00:00+02:00,59.85064579348831
2018-06-21 13:00:00+02:00,59.79700465523528
2018-06-21 14:00:00+02:00,59.35142635793658
2018-06-21 15:00:00+02:00,57.85149188972969
2018-06-21 16:00:00+02:00,57.09132160694542
2018-06-21 17:00:00+02:00,56.792242183850895
2018-06-21 18:00:00+02:00,56.61345753849771
2018-06-21 19:00:00+02:00,56.32567806188263
2018-06-21 20:00:00+02:00,56.109528637119716
2018-06-21 21:00:00+02:00,57.10662504809491
2018-06-21 22:00:00+02:00,57.6247107054787
2018-06-21 23:00:00+02:00,53.619822007845244
2018-06-22 00:00:00+02:00,54.8285122656733
2018-06-22 01:00:00+02:00,52.91486413193508
2018-06-22 02:00:00+02:00,50.31049353681607
2018-06-22 03:00:00+02:00,51.22017307743032
2018-06-22 04:00:00+02:00,50.62527032107187
2018-06-22 05:00:00+02:00,50.240890887613936
2018-06-22 06:00:00+02:00,51.68361130176692
2018-06-22 07:00:00+02:00,54.422169458094295
2018-06-22 08:00:00+02:00,57.03894049659462
2018-06-22 09:00:00+02:00,58.405976667009384
2018-06-22 10:00:00+02:00,57.42485650860089
2018-06-22 11:00:00+02:00,58.854052617754554
2018-06-22 12:00:00+02:00,58.55451232401856
2018-06-22 13:00:00+02:00,59.57218432804038
2018-06-22 14:00:00+02:00,58.896019309504325
2018-06-22 15:00:00+02:00,56.962705562205976
2018-06-22 16:00:00+02:00,56.40824099430809
2018-06-22 17:00:00+02:00,56.6448097410602
2018-06-22 18:00:00+02:00,56.155977537886116
2018-06-22 19:00:00+02:00,56.45937389490063
2018-06-22 20:00:00+02:00,56.156612338031366
2018-06-22 21:00:00+02:00,56.14684816291299
2018-06-22 22:00:00+02:00,57.14161334517825
2018-06-22 23:00:00+02:00,54.19110886562733
2018-06-23 00:00:00+02:00,53.27205474764925
2018-06-23 01:00:00+02:00,52.17025484942044
2018-06-23 02:00:00+02:00,49.48831888386602
2018-06-23 03:00:00+02:00,49.883899994557346
2018-06-23 04:00:00+02:00,50.301386974817575
2018-06-23 05:00:00+02:00,50.761265670488626
2018-06-23 06:00:00+02:00,50.597954903051324
2018-06-23 07:00:00+02:00,51.12176683145258
2018-06-23 08:00:00+02:00,52.56856091479868
2018-06-23 09:00:00+02:00,53.26536131795435
2018-06-23 10:00:00+02:00,53.973392666085786
2018-06-23 11:00:00+02:00,54.73282309225938
2018-06-23 12:00:00+02:00,56.56491673042428
2018-06-23 13:00:00+02:00,57.134121926187845
2018-06-23 14:00:00+02:00,55.97232305845716
2018-06-23 15:00:00+02:00,53.55355794112013
2018-06-23 16:00:00+02:00,52.842751334885456
2018-06-23 17:00:00+02:00,52.60065495985736
2018-06-23 18:00:00+02:00,52.78505438460755
2018-06-23 19:00:00+02:00,53.604683534113654
2018-06-23 20:00:00+02:00,55.71899471716272
2018-06-23 21:00:00+02:00,56.89727177922689
2018-06-23 22:00:00+02:00,56.13593624630098
2018-06-23 23:00:00+02:00,55.531488290613346
2018-06-24 00:00:00+02:00,55.69954745072451
2018-06-24 01:00:00+02:00,50.694753421345595
2018-06-24 02:00:00+02:00,49.08309315941816
2018-06-24 03:00:00+02:00,49.44882791930654
2018-06-24 04:00:00+02:00,48.330721039266834
2018-06-24 05:00:00+02:00,47.95562393709569
2018-06-24 06:00:00+02:00,47.798022149458774
2018-06-24 07:00:00+02:00,48.84407131881947
2018-06-24 08:00:00+02:00,46.45654246488217
2018-06-24 09:00:00+02:00,47.930766630235134
2018-06-24 10:00:00+02:00,49.83084936075495
2018-06-24 11:00:00+02:00,51.11425381519346
2018-06-24 12:00:00+02:00,52.126610354194916
2018-06-24 13:00:00+02:00,52.86442780473335
2018-06-24 14:00:00+02:00,50.61115008497262
2018-06-24 15:00:00+02:00,48.64731147906415
2018-06-24 16:00:00+02:00,48.401199896464384
2018-06-24 17:00:00+02:00,47.14640485361814
2018-06-24 18:00:00+02:00,48.6490686447807
2018-06-24 19:00:00+02:00,50.095725411405994
2018-06-24 20:00:00+02:00,53.36501842541903
2018-06-24 21:00:00+02:00,58.87276217572614
2018-06-24 22:00:00+02:00,57.79617817026251
2018-06-24 23:00:00+02:00,57.2634510398905
2018-06-25 00:00:00+02:00,57.4518381018679
2018-06-25 01:00:00+02:00,54.70859617291394
2018-06-25 02:00:00+02:00,50.070526252187115
2018-06-25 03:00:00+02:00,48.747266677480305
2018-06-25 04:00:00+02:00,49.21927054741138
2018-06-25 05:00:00+02:00,51.67708612652906
2018-06-25 06:00:00+02:00,55.629880468303114
2018-06-25 07:00:00+02:00,56.47251377638415
2018-06-25 08:00:00+02:00,59.59855862577874
2018-06-25 09:00:00+02:00,59.78035200767057
2018-06-25 10:00:00+02:00,59.83492553448419
2018-06-25 11:00:00+02:00,60.022981885154195
2018-06-25 12:00:00+02:00,61.98990792885254
2018-06-25 13:00:00+02:00,62.60289369898843
2018-06-25 14:00:00+02:00,62.29125275192336
2018-06-25 15:00:00+02:00,60.79693945530877
2018-06-25 16:00:00+02:00,60.08464993377146
2018-06-25 17:00:00+02:00,60.27046848110323
2018-06-25 18:00:00+02:00,59.894792365700646
2018-06-25 19:00:00+02:00,59.955320551026446
2018-06-25 20:00:00+02:00,59.47754230016185
2018-06-25 21:00:00+02:00,59.260636592307016
2018-06-25 22:00:00+02:00,60.462887852441675
2018-06-25 23:00:00+02:00,58.59760705911988
2018-06-26 00:00:00+02:00,58.00156506813419
2018-06-26 01:00:00+02:00,54.70320479602479
2018-06-26 02:00:00+02:00,51.34777597469648
2018-06-26 03:00:00+02:00,49.83800675681076
2018-06-26 04:00:00+02:00,49.065568190511435
2018-06-26 05:00:00+02:00,50.7310922170819
2018-06-26 06:00:00+02:00,54.01937555293016
2018-06-26 07:00:00+02:00,57.05427540076059
2018-06-26 08:00:00+02:00,60.230305574023426
2018-06-26 09:00:00+02:00,61.36956467843655
2018-06-26 10:00:00+02:00,61.03727635301666
2018-06-26 11:00:00+02:00,61.292477265201896
2018-06-26 12:00:00+02:00,61.561743979580136
2018-06-26 13:00:00+02:00,61.51145597788302
2018-06-26 14:00:00+02:00,60.96272265586005
2018-06-26 15:00:00+02:00,59.26999019889769
2018-06-26 16:00:00+02:00,59.009808367986
2018-06-26 17:00:00+02:00,59.185150423645034
2018-06-26 18:00:00+02:00,58.77858791188938
2018-06-26 19:00:00+02:00,58.094491576224605
2018-06-26 20:00:00+02:00,58.713470719389655
2018-06-26 21:00:00+02:00,59.18715073966247
2018-06-26 22:00:00+02:00,59.77255337703538
2018-06-26 23:00:00+02:00,56.879017289360995
2018-06-27 00:00:00+02:00,53.56249400827846
2018-06-27 01:00:00+02:00,53.164542719947605
2018-06-27 02:00:00+02:00,50.0488207084215
2018-06-27 03:00:00+02:00,50.40053502968904
2018-06-27 04:00:00+02:00,49.576407204743326
2018-06-27 05:00:00+02:00,51.78718790427177
2018-06-27 06:00:00+02:00,55.14836855310861
2018-06-27 07:00:00+02:00,57.81577921511375
2018-06-27 08:00:00+02:00,59.29254616890765
2018-06-27 09:00:00+02:00,60.379314559071325
2018-06-27 10:00:00+02:00,60.37641194700363
2018-06-27 11:00:00+02:00,60.75608908295109
2018-06-27 12:00:00+02:00,61.05484528285892
2018-06-27 13:00:00+02:00,60.10974466739636
2018-06-27 14:00:00+02:00,60.0240967107732
2018-06-27 15:00:00+02:00,58.89746508448797
2018-06-27 16:00:00+02:00,58.52638526459878
2018-06-27 17:00:00+02:00,58.25800325041453
2018-06-27 18:00:00+02:00,57.1528398333494
2018-06-27 19:00:00+02:00,57.99361466274644
2018-06-27 20:00:00+02:00,57.88324022493325
2018-06-27 21:00:00+02:00,59.21303006788345
2018-06-27 22:00:00+02:00,58.56126817485529
2018-06-27 23:00:00+02:00,55.849971925755746
2018-06-28 00:00:00+02:00,54.66182865570897
2018-06-28 01:00:00+02:00,52.3754988987252
2018-06-28 02:00:00+02:00,49.75646271615827
2018-06-28 03:00:00+02:00,49.618980542927254
2018-06-28 04:00:00+02:00,49.389146150481956
2018-06-28 05:00:00+02:00,49.75953758646584
2018-06-28 06:00:00+02:00,52.07580390916302
2018-06-28 07:00:00+02:00,56.18653296251338
2018-06-28 08:00:00+02:00,58.9842159133739
2018-06-28 09:00:00+02:00,59.19739735809762
2018-06-28 10:00:00+02:00,58.88339043482867
2018-06-28 11:00:00+02:00,60.481969498766524
2018-06-28 12:00:00+02:00,59.89955712509676
2018-06-28 13:00:00+02:00,59.84540313785089
2018-06-28 14:00:00+02:00,59.64707313873916
2018-06-28 15:00:00+02:00,57.04318775656691
2018-06-28 16:00:00+02:00,56.37455558371467
2018-06-28 17:00:00+02:00,55.56153533877465
2018-06-28 18:00:00+02:00,55.475857293106685
2018-06-28 19:00:00+02:00,55.58263169291252
2018-06-28 20:00:00+02:00,57.5742638048529
2018-06-28 21:00:00+02:00,57.827773880518656
2018-06-28 22:00:00+02:00,58.04605792066684
2018-06-28 23:00:00+02:00,55.65822928018917
2018-06-29 00:00:00+02:00,56.129340460208
2018-06-29 01:00:00+02:00,53.81155375148604
2018-06-29 02:00:00+02:00,50.018047864088615
2018-06-29 03:00:00+02:00,50.36669637731949
2018-06-29 04:00:00+02:00,49.86371633440417
2018-06-29 05:00:00+02:00,50.12314282319945
2018-06-29 06:00:00+02:00,52.98707690946544
2018-06-29 07:00:00+02:00,54.0328359301584
2018-06-29 08:00:00+02:00,59.37119080804948
2018-06-29 09:00:00+02:00,59.69918633693129
2018-06-29 10:00:00+02:00,59.52402319041338
2018-06-29 11:00:00+02:00,59.603941571563595
2018-06-29 12:00:00+02:00,58.23203096366749
2018-06-29 13:00:00+02:00,59.77222212706081
2018-06-29 14:00:00+02:00,58.65303695210267
2018-06-29 15:00:00+02:00,57.1862957293025
2018-06-29 16:00:00+02:00,55.693948704319105
2018-06-29 17:00:00+02:00,53.1923912529087
2018-06-29 18:00:00+02:00,52.69514225504362
2018-06-29 19:00:00+02:00,55.918317324678846
2018-06-29 20:00:00+02:00,57.331077704652074
2018-06-29 21:00:00+02:00,56.14554601721006
2018-06-29 22:00:00+02:00,56.40666779722697
2018-06-29 23:00:00+02:00,53.42056353136719
2018-06-30 00:00:00+02:00,51.41725695158174
2018-06-30 01:00:00+02:00,52.34080439612321
2018-06-30 02:00:00+02:00,50.949763533403136
2018-06-30 03:00:00+02:00,50.63445530496233
2018-06-30 04:00:00+02:00,48.35807404146953
2018-06-30 05:00:00+02:00,48.59919426506344
2018-06-30 06:00:00+02:00,48.96485117608008
2018-06-30 07:00:00+02:00,50.41969048328133
2018-06-30 08:00:00+02:00,50.17381936038765
2018-06-30 09:00:00+02:00,51.96465098384223
2018-06-30 10:00:00+02:00,52.71998678931009
2018-06-30 11:00:00+02:00,52.3209353683388
2018-06-30 12:00:00+02:00,53.721521305667814
2018-06-30 13:00:00+02:00,53.65937181496792
2018-06-30 14:00:00+02:00,50.21597448091787
2018-06-30 15:00:00+02:00,50.357285516355816
2018-06-30 16:00:00+02:00,49.36903098824522
2018-06-30 17:00:00+02:00,49.05901017226419
2018-06-30 18:00:00+02:00,50.49447843559827
2018-06-30 19:00:00+02:00,51.573970374755035
2018-06-30 20:00:00+02:00,53.93895180679933
2018-06-30 21:00:00+02:00,56.716908719210245
2018-06-30 22:00:00+02:00,56.09994349538358
2018-06-30 23:00:00+02:00,54.594512703737315
2018-07-01 00:00:00+02:00,51.72890100171774
2018-07-01 01:00:00+02:00,49.97883884891164
2018-07-01 02:00:00+02:00,47.53818850506672
2018-07-01 03:00:00+02:00,49.13586877754558
2018-07-01 04:00:00+02:00,47.532887397622254
2018-07-01 05:00:00+02:00,45.5048112318474
2018-07-01 06:00:00+02:00,45.64434622245123
2018-07-01 07:00:00+02:00,46.15927798933041
2018-07-01 08:00:00+02:00,48.966486055181115
2018-07-01 09:00:00+02:00,49.44383544146234
2018-07-01 10:00:00+02:00,49.221309174349436
2018-07-01 11:00:00+02:00,52.73921050455788
2018-07-01 12:00:00+02:00,52.18452705910822
2018-07-01 13:00:00+02:00,53.449887901274415
2018-07-01 14:00:00+02:00,51.101303365924736
2018-07-01 15:00:00+02:00,48.639990695048844
2018-07-01 16:00:00+02:00,47.18651885088114
2018-07-01 17:00:00+02:00,45.82910762908196
2018-07-01 18:00:00+02:00,47.65242366174436
2018-07-01 19:00:00+02:00,49.765676193338976
2018-07-01 20:00:00+02:00,52.796752428579076
2018-07-01 21:00:00+02:00,55.421601846719426
2018-07-01 22:00:00+02:00,57.74287251849099
2018-07-01 23:00:00+02:00,54.59985575426514
2018-07-02 00:00:00+02:00,50.38993842383017
2018-07-02 01:00:00+02:00,48.08388348719437
2018-07-02 02:00:00+02:00,47.00423509594308
2018-07-02 03:00:00+02:00,47.29368241695582
2018-07-02 04:00:00+02:00,46.7488644512859
2018-07-02 05:00:00+02:00,46.353764473627564
2018-07-02 06:00:00+02:00,51.43028090417397
2018-07-02 07:00:00+02:00,54.50106429867399
2018-07-02 08:00:00+02:00,59.227127835072174
2018-07-02 09:00:00+02:00,59.16517492244364
2018-07-02 10:00:00+02:00,60.67383735030928
2018-07-02 11:00:00+02:00,61.61595215399381
2018-07-02 12:00:00+02:00,61.65179560641282
2018-07-02 13:00:00+02:00,61.65357714951327
2018-07-02 14:00:00+02:00,60.79893953006886
2018-07-02 15:00:00+02:00,59.084993768816716
2018-07-02 16:00:00+02:00,58.308268223124664
2018-07-02 17:00:00+02:00,59.00969333987598
2018-07-02 18:00:00+02:00,58.813188569466014
2018-07-02 19:00:00+02:00,58.16557591588251
2018-07-02 20:00:00+02:00,58.27115276919763
2018-07-02 21:00:00+02:00,59.526923259294534
2018-07-02 22:00:00+02:00,59.38835959925392
2018-07-02 23:00:00+02:00,56.203524104236344
2018-07-03 00:00:00+02:00,55.79690910129066
2018-07-03 01:00:00+02:00,50.65602445342121
2018-07-03 02:00:00+02:00,49.03400152732481
2018-07-03 03:00:00+02:00,48.095868300050185
2018-07-03 04:00:00+02:00,48.988489112824105
2018-07-03 05:00:00+02:00,48.5664116334764
2018-07-03 06:00:00+02:00,51.620816363002206
2018-07-03 07:00:00+02:00,56.22309688784077
2018-07-03 08:00:00+02:00,61.01678237593558
2018-07-03 09:00:00+02:00,61.629101328472075
2018-07-03 10:00:00+02:00,61.60704575598705
2018-07-03 11:00:00+02:00,63.76576565671847
2018-07-03 12:00:00+02:00,63.62916323736071
2018-07-03 13:00:00+02:00,64.7695021542687
2018-07-03 14:00:00+02:00,62.97131153455155
2018-07-03 15:00:00+02:00,62.81053168095133
2018-07-03 16:00:00+02:00,61.871510424123194
2018-07-03 17:00:00+02:00,60.579822518493245
2018-07-03 18:00:00+02:00,62.56502214373918
2018-07-03 19:00:00+02:00,60.28746080847598
2018-07-03 20:00:00+02:00,60.33753984945487
2018-07-03 21:00:00+02:00,62.34019878124127
2018-07-03 22:00:00+02:00,61.92086256099727
2018-07-03 23:00:00+02:00,57.60739445582564
2018-07-04 00:00:00+02:00,54.46029829278202
2018-07-04 01:00:00+02:00,53.067331727472954
2018-07-04 02:00:00+02:00,50.438719071195976
2018-07-04 03:00:00+02:00,50.27331850758582
2018-07-04 04:00:00+02:00,49.50274231653639
2018-07-04 05:00:00+02:00,49.92465206227806
2018-07-04 06:00:00+02:00,52.473529948304524
2018-07-04 07:00:00+02:00,57.4653474432619
2018-07-04 08:00:00+02:00,60.89471029933473
2018-07-04 09:00:00+02:00,63.17005415658768
2018-07-04 10:00:00+02:00,63.58705072064824
2018-07-04 11:00:00+02:00,62.14497807893918
2018-07-04 12:00:00+02:00,61.81573211380632
2018-07-04 13:00:00+02:00,63.360985246172454
2018-07-04 14:00:00+02:00,61.70523592595852
2018-07-04 15:00:00+02:00,60.053431942255
2018-07-04 16:00:00+02:00,58.9322973511725
2018-07-04 17:00:00+02:00,59.65200311987261
2018-07-04 18:00:00+02:00,59.09336219485809
2018-07-04 19:00:00+02:00,58.731024027108525
2018-07-04 20:00:00+02:00,60.71801211353604
2018-07-04 21:00:00+02:00,60.90824264254674
2018-07-04 22:00:00+02:00,58.724726228744544
2018-07-04 23:00:00+02:00,55.91257516503593
2018-07-05 00:00:00+02:00,52.515457581410935
2018-07-05 01:00:00+02:00,50.052049571930446
2018-07-05 02:00:00+02:00,47.910200444172276
2018-07-05 03:00:00+02:00,46.373677391768716
2018-07-05 04:00:00+02:00,47.35960394612911
2018-07-05 05:00:00+02:00,47.603345205995794
2018-07-05 06:00:00+02:00,51.49959975382957
2018-07-05 07:00:00+02:00,54.17994302376608
2018-07-05 08:00:00+02:00,55.86221933401418
2018-07-05 09:00:00+02:00,55.93136136360894
2018-07-05 10:00:00+02:00,56.52078039466705
2018-07-05 11:00:00+02:00,55.70827738332518
2018-07-05 12:00:00+02:00,56.155585922395126
2018-07-05 13:00:00+02:00,56.754472949622546
2018-07-05 14:00:00+02:00,57.55114501013221
2018-07-05 15:00:00+02:00,55.70741677561775
2018-07-05 16:00:00+02:00,55.30542350563488
2018-07-05 17:00:00+02:00,55.82610782988439
2018-07-05 18:00:00+02:00,54.70779871937353
2018-07-05 19:00:00+02:00,54.44695791115414
2018-07-05 20:00:00+02:00,55.65502344035386
2018-07-05 21:00:00+02:00,57.79000342164327
2018-07-05 22:00:00+02:00,57.68202408885503
2018-07-05 23:00:00+02:00,54.636195379478956
2018-07-06 00:00:00+02:00,54.17011577587234
2018-07-06 01:00:00+02:00,50.50086331939552
2018-07-06 02:00:00+02:00,48.649859482110735
2018-07-06 03:00:00+02:00,47.64815945442836
2018-07-06 04:00:00+02:00,49.21093169280318
2018-07-06 05:00:00+02:00,48.8839803918866
2018-07-06 06:00:00+02:00,51.584946316384496
2018-07-06 07:00:00+02:00,54.898808367010844
2018-07-06 08:00:00+02:00,58.40570574945502
2018-07-06 09:00:00+02:00,58.28541399892421
2018-07-06 10:00:00+02:00,60.11793135169352
2018-07-06 11:00:00+02:00,60.069931193934245
2018-07-06 12:00:00+02:00,58.29592986819024
2018-07-06 13:00:00+02:00,59.08640338204076
2018-07-06 14:00:00+02:00,59.35203239644956
2018-07-06 15:00:00+02:00,57.00484185444446
2018-07-06 16:00:00+02:00,57.25264285139673
2018-07-06 17:00:00+02:00,57.0033716524968
2018-07-06 18:00:00+02:00,56.14847200497555
2018-07-06 19:00:00+02:00,57.29046342543951
2018-07-06 20:00:00+02:00,58.18035647871492
2018-07-06 21:00:00+02:00,59.80237373289843
2018-07-06 22:00:00+02:00,58.23550435894807
2018-07-06 23:00:00+02:00,54.51854975495254
2018-07-07 00:00:00+02:00,54.90168137793231
2018-07-07 01:00:00+02:00,52.037985118415335
2018-07-07 02:00:00+02:00,50.3973494559167
2018-07-07 03:00:00+02:00,49.4750094912582
2018-07-07 04:00:00+02:00,49.12744395257592
2018-07-07 05:00:00+02:00,48.73534938286641
2018-07-07 06:00:00+02:00,50.44837302933092
2018-07-07 07:00:00+02:00,52.92530937536141
2018-07-07 08:00:00+02:00,51.43426901745191
2018-07-07 09:00:00+02:00,53.110515375505386
2018-07-07 10:00:00+02:00,54.10769617048404
2018-07-07 11:00:00+02:00,55.58095050909076
2018-07-07 12:00:00+02:00,55.959455418295725
2018-07-07 13:00:00+02:00,56.01789548554351
2018-07-07 14:00:00+02:00,55.73384156635137
2018-07-07 15:00:00+02:00,54.10310987276182
2018-07-07 16:00:00+02:00,52.111001877539614
2018-07-07 17:00:00+02:00,53.302904768126204
2018-07-07 18:00:00+02:00,52.35326380076579
2018-07-07 19:00:00+02:00,52.55190524667439
2018-07-07 20:00:00+02:00,58.32475255355051
2018-07-07 21:00:00+02:00,59.04554175105642
2018-07-07 22:00:00+02:00,57.68735451303151
2018-07-07 23:00:00+02:00,56.258211161891715
2018-07-08 00:00:00+02:00,53.52623373252083
2018-07-08 01:00:00+02:00,52.01474291733639
2018-07-08 02:00:00+02:00,50.00667818604072
2018-07-08 03:00:00+02:00,49.60439306370527
2018-07-08 04:00:00+02:00,48.00028864113823
2018-07-08 05:00:00+02:00,48.68077938995798
2018-07-08 06:00:00+02:00,48.5426456734398
2018-07-08 07:00:00+02:00,49.037165544747566
2018-07-08 08:00:00+02:00,48.41484896405974
2018-07-08 09:00:00+02:00,50.2242673021153
2018-07-08 10:00:00+02:00,52.02113561502075
2018-07-08 11:00:00+02:00,53.58137090652743
2018-07-08 12:00:00+02:00,54.33106196604716
2018-07-08 13:00:00+02:00,54.20651812355163
2018-07-08 14:00:00+02:00,55.35136900199159
2018-07-08 15:00:00+02:00,53.360119006437536
2018-07-08 16:00:00+02:00,51.18766514659934
2018-07-08 17:00:00+02:00,51.44928516308208
2018-07-08 18:00:00+02:00,48.95603228039538
2018-07-08 19:00:00+02:00,51.81421236394981
2018-07-08 20:00:00+02:00,58.04494112942112
2018-07-08 21:00:00+02:00,60.53773002451462
2018-07-08 22:00:00+02:00,59.874482535978835
2018-07-08 23:00:00+02:00,57.97555444193894
2018-07-09 00:00:00+02:00,56.70358492036055
2018-07-09 01:00:00+02:00,51.0767869141978
2018-07-09 02:00:00+02:00,45.68473046645651
2018-07-09 03:00:00+02:00,43.20078576003614
2018-07-09 04:00:00+02:00,44.537971403599926
2018-07-09 05:00:00+02:00,46.08116575004347
2018-07-09 06:00:00+02:00,48.459973205181136
2018-07-09 07:00:00+02:00,51.83313420710792
2018-07-09 08:00:00+02:00,55.40990428788871
2018-07-09 09:00:00+02:00,58.57154163764096
2018-07-09 10:00:00+02:00,58.43174434630377
2018-07-09 11:00:00+02:00,59.92414052983855
2018-07-09 12:00:00+02:00,60.108749327418145
2018-07-09 13:00:00+02:00,59.92115175867011
2018-07-09 14:00:00+02:00,60.44731458741002
2018-07-09 15:00:00+02:00,57.83033399290917
2018-07-09 16:00:00+02:00,59.20121452057194
2018-07-09 17:00:00+02:00,59.71808420454284
2018-07-09 18:00:00+02:00,59.365608079450894
2018-07-09 19:00:00+02:00,58.48104437395357
2018-07-09 20:00:00+02:00,58.027347439559364
2018-07-09 21:00:00+02:00,58.03243510306064
2018-07-09 22:00:00+02:00,57.35073441812417
2018-07-09 23:00:00+02:00,54.57402853464998
2018-07-10 00:00:00+02:00,56.92860345314871
2018-07-10 01:00:00+02:00,51.89104813156899
2018-07-10 02:00:00+02:00,49.98769256563325
2018-07-10 03:00:00+02:00,49.7715983604823
2018-07-10 04:00:00+02:00,48.62786380604607
2018-07-10 05:00:00+02:00,47.92834443734746
2018-07-10 06:00:00+02:00,51.87984193196641
2018-07-10 07:00:00+02:00,54.0124462895751
2018-07-10 08:00:00+02:00,60.812073015120035
2018-07-10 09:00:00+02:00,62.80118817355859
2018-07-10 10:00:00+02:00,62.600282754854845
2018-07-10 11:00:00+02:00,62.7237319030957
2018-07-10 12:00:00+02:00,61.940003290827
2018-07-10 13:00:00+02:00,65.1690166818481
2018-07-10 14:00:00+02:00,63.38397884001188
2018-07-10 15:00:00+02:00,63.556469709293395
2018-07-10 16:00:00+02:00,61.38232188738568
2018-07-10 17:00:00+02:00,62.1013803005332
2018-07-10 18:00:00+02:00,61.37603084362602
2018-07-10 19:00:00+02:00,60.02341405091136
2018-07-10 20:00:00+02:00,60.72591733448964
2018-07-10 21:00:00+02:00,61.06105346324292
2018-07-10 22:00:00+02:00,60.1156005449674
2018-07-10 23:00:00+02:00,56.12040922741592
2018-07-11 00:00:00+02:00,54.22485662571706
2018-07-11 01:00:00+02:00,53.4716146452941
2018-07-11 02:00:00+02:00,51.39131470267719
2018-07-11 03:00:00+02:00,49.598998074178255
2018-07-11 04:00:00+02:00,50.3886339839982
2018-07-11 05:00:00+02:00,50.529906287576075
2018-07-11 06:00:00+02:00,53.766813035605175
2018-07-11 07:00:00+02:00,56.15018784189369
2018-07-11 08:00:00+02:00,61.256333916513135
2018-07-11 09:00:00+02:00,61.92661557785358
2018-07-11 10:00:00+02:00,61.46440148131813
2018-07-11 11:00:00+02:00,61.52141642711086
2018-07-11 12:00:00+02:00,61.893096343884814
2018-07-11 13:00:00+02:00,61.40393462026832
2018-07-11 14:00:00+02:00,59.66685360093568
2018-07-11 15:00:00+02:00,58.580025268774854
2018-07-11 16:00:00+02:00,57.69644514089492
2018-07-11 17:00:00+02:00,59.85365547407335
2018-07-11 18:00:00+02:00,60.079377036153424
2018-07-11 19:00:00+02:00,58.94130853519809
2018-07-11 20:00:00+02:00,60.04879418745086
2018-07-11 21:00:00+02:00,59.43753266648107
2018-07-11 22:00:00+02:00,58.729249705258646
2018-07-11 23:00:00+02:00,58.03577151952637
2018-07-12 00:00:00+02:00,54.37424446029932
2018-07-12 01:00:00+02:00,50.35577431411077
2018-07-12 02:00:00+02:00,48.99088622388534
2018-07-12 03:00:00+02:00,48.0492521381713
2018-07-12 04:00:00+02:00,47.08572268798682
2018-07-12 05:00:00+02:00,47.697714129598054
2018-07-12 06:00:00+02:00,49.500106493855135
2018-07-12 07:00:00+02:00,56.27944887670722
2018-07-12 08:00:00+02:00,57.915147669845254
2018-07-12 09:00:00+02:00,58.76075164630446
2018-07-12 10:00:00+02:00,60.2658332869835
2018-07-12 11:00:00+02:00,60.95823997842973
2018-07-12 12:00:00+02:00,61.40628419704166
2018-07-12 13:00:00+02:00,61.02596984858171
2018-07-12 14:00:00+02:00,59.24422159095062
2018-07-12 15:00:00+02:00,59.98974846629132
2018-07-12 16:00:00+02:00,59.35209916958998
2018-07-12 17:00:00+02:00,58.6129128101235
2018-07-12 18:00:00+02:00,58.08481677745204
2018-07-12 19:00:00+02:00,58.026600527464794
2018-07-12 20:00:00+02:00,57.75006844405074
2018-07-12 21:00:00+02:00,59.7719280708597
2018-07-12 22:00:00+02:00,58.989414484483476
2018-07-12 23:00:00+02:00,55.869941116943814
2018-07-13 00:00:00+02:00,54.805708240423016
2018-07-13 01:00:00+02:00,52.97146803233937
2018-07-13 02:00:00+02:00,48.35062332181839
2018-07-13 03:00:00+02:00,48.78953199470406
2018-07-13 04:00:00+02:00,47.90780172876503
2018-07-13 05:00:00+02:00,48.49215196283847
2018-07-13 06:00:00+02:00,52.292504575859056
2018-07-13 07:00:00+02:00,54.42914427009109
2018-07-13 08:00:00+02:00,57.43838793549868
2018-07-13 09:00:00+02:00,57.12629741744302
2018-07-13 10:00:00+02:00,57.71821260867999
2018-07-13 11:00:00+02:00,58.91379195436167
2018-07-13 12:00:00+02:00,58.713060244868075
2018-07-13 13:00:00+02:00,58.535443446218856
2018-07-13 14:00:00+02:00,58.187481226493425
2018-07-13 15:00:00+02:00,56.48856940421527
2018-07-13 16:00:00+02:00,55.581949990859314
2018-07-13 17:00:00+02:00,55.8889152632838
2018-07-13 18:00:00+02:00,55.840867980351625
2018-07-13 19:00:00+02:00,55.93112824495235
2018-07-13 20:00:00+02:00,58.5582498877528
2018-07-13 21:00:00+02:00,59.33980136585594
2018-07-13 22:00:00+02:00,57.53689542446543
2018-07-13 23:00:00+02:00,55.16552199923585
2018-07-14 00:00:00+02:00,56.92160864361117
2018-07-14 01:00:00+02:00,55.423486584370586
2018-07-14 02:00:00+02:00,52.11148006079714
2018-07-14 03:00:00+02:00,48.66263817855093
2018-07-14 04:00:00+02:00,47.164136776072816
2018-07-14 05:00:00+02:00,49.03419023192323
2018-07-14 06:00:00+02:00,51.92697243253025
2018-07-14 07:00:00+02:00,51.92169084805394
2018-07-14 08:00:00+02:00,52.04854877423544
2018-07-14 09:00:00+02:00,54.149645268930854
2018-07-14 10:00:00+02:00,55.53940042802782
2018-07-14 11:00:00+02:00,55.63109478036059
2018-07-14 12:00:00+02:00,55.93730907150168
2018-07-14 13:00:00+02:00,56.508682462541515
2018-07-14 14:00:00+02:00,54.81246043699335
2018-07-14 15:00:00+02:00,52.986876786771916
2018-07-14 16:00:00+02:00,52.91506478610542
2018-07-14 17:00:00+02:00,50.877813439587385
2018-07-14 18:00:00+02:00,51.31739801814129
2018-07-14 19:00:00+02:00,53.8832697675836
2018-07-14 20:00:00+02:00,57.73803380399613
2018-07-14 21:00:00+02:00,58.55313558342816
2018-07-14 22:00:00+02:00,57.18284920146719
2018-07-14 23:00:00+02:00,55.6243033191056
2018-07-15 00:00:00+02:00,55.059697598496825
2018-07-15 01:00:00+02:00,51.6527389962425
2018-07-15 02:00:00+02:00,50.00181805182146
2018-07-15 03:00:00+02:00,49.481555316439724
2018-07-15 04:00:00+02:00,49.02529489837238
2018-07-15 05:00:00+02:00,49.57467831579066
2018-07-15 06:00:00+02:00,49.060430312387915
2018-07-15 07:00:00+02:00,48.68660633537309
2018-07-15 08:00:00+02:00,48.20865235220216
2018-07-15 09:00:00+02:00,50.49439954151734
2018-07-15 10:00:00+02:00,51.540068503265005
2018-07-15 11:00:00+02:00,53.58786731253943
2018-07-15 12:00:00+02:00,53.73304233384439
2018-07-15 13:00:00+02:00,54.308348845667986
2018-07-15 14:00:00+02:00,52.856380550045046
2018-07-15 15:00:00+02:00,50.529534890513126
2018-07-15 16:00:00+02:00,48.685135838045554
2018-07-15 17:00:00+02:00,47.196992285462564
2018-07-15 18:00:00+02:00,46.233001155706305
2018-07-15 19:00:00+02:00,48.63210527398983
2018-07-15 20:00:00+02:00,50.75586776587566
2018-07-15 21:00:00+02:00,55.519112712233905
2018-07-15 22:00:00+02:00,54.07871814450279
2018-07-15 23:00:00+02:00,54.998396044063696
2018-07-16 00:00:00+02:00,55.7636991383725
2018-07-16 01:00:00+02:00,52.517242642658225
2018-07-16 02:00:00+02:00,47.86449503247286
2018-07-16 03:00:00+02:00,44.94939829187185
2018-07-16 04:00:00+02:00,46.33956327303664
2018-07-16 05:00:00+02:00,46.35047333332044
2018-07-16 06:00:00+02:00,50.94534410758581
2018-07-16 07:00:00+02:00,54.259071474372185
2018-07-16 08:00:00+02:00,57.12445275229284
2018-07-16 09:00:00+02:00,58.83719947510613
2018-07-16 10:00:00+02:00,58.797029420973914
2018-07-16 11:00:00+02:00,60.04172769238054
2018-07-16 12:00:00+02:00,61.562274242344
2018-07-16 13:00:00+02:00,62.170314172101484
2018-07-16 14:00:00+02:00,60.19901743853913
2018-07-16 15:00:00+02:00,59.673662925251314
2018-07-16 16:00:00+02:00,60.15917599236007
2018-07-16 17:00:00+02:00,60.482442004641236
2018-07-16 18:00:00+02:00,60.56453354338267
2018-07-16 19:00:00+02:00,59.8337547550978
2018-07-16 20:00:00+02:00,58.36840498104818
2018-07-16 21:00:00+02:00,61.00500117942924
2018-07-16 22:00:00+02:00,60.30899918127101
2018-07-16 23:00:00+02:00,57.30030552395078
2018-07-17 00:00:00+02:00,55.601770843566854
2018-07-17 01:00:00+02:00,53.53592940607305
2018-07-17 02:00:00+02:00,48.81353149238784
2018-07-17 03:00:00+02:00,47.84740421246775
2018-07-17 04:00:00+02:00,47.29041160822221
2018-07-17 05:00:00+02:00,46.57418308616846
2018-07-17 06:00:00+02:00,51.11368517279575
2018-07-17 07:00:00+02:00,54.97137899336738
2018-07-17 08:00:00+02:00,58.576888794038496
2018-07-17 09:00:00+02:00,58.52192894246026
2018-07-17 10:00:00+02:00,58.50985430564217
2018-07-17 11:00:00+02:00,57.86899607635093
2018-07-17 12:00:00+02:00,58.87989516114165
2018-07-17 13:00:00+02:00,59.00422104433995
2018-07-17 14:00:00+02:00,59.04103112647479
2018-07-17 15:00:00+02:00,58.91610668494214
2018-07-17 16:00:00+02:00,58.49055032854618
2018-07-17 17:00:00+02:00,58.67125019778131
2018-07-17 18:00:00+02:00,58.18058204478232
2018-07-17 19:00:00+02:00,57.77442887511615
2018-07-17 20:00:00+02:00,57.652267502760765
2018-07-17 21:00:00+02:00,58.79774623286355
2018-07-17 22:00:00+02:00,58.69540365301968
2018-07-17 23:00:00+02:00,56.58935097985233
2018-07-18 00:00:00+02:00,55.87024981163513
2018-07-18 01:00:00+02:00,54.03313738006414
2018-07-18 02:00:00+02:00,50.743138258528774
2018-07-18 03:00:00+02:00,45.88755717712384
2018-07-18 04:00:00+02:00,48.12528775232556
2018-07-18 05:00:00+02:00,50.20902316280913
2018-07-18 06:00:00+02:00,51.898502562201
2018-07-18 07:00:00+02:00,54.32230632517398
2018-07-18 08:00:00+02:00,58.23721480251945
2018-07-18 09:00:00+02:00,60.04187767729375
2018-07-18 10:00:00+02:00,59.588423601458246
2018-07-18 11:00:00+02:00,60.46031293734995
2018-07-18 12:00:00+02:00,62.35340865741546
2018-07-18 13:00:00+02:00,61.307056707679735
2018-07-18 14:00:00+02:00,60.28884639542302
2018-07-18 15:00:00+02:00,57.88856928862773
2018-07-18 16:00:00+02:00,58.91759930303851
2018-07-18 17:00:00+02:00,57.34536614655803
2018-07-18 18:00:00+02:00,57.314506533786776
2018-07-18 19:00:00+02:00,57.47690020968822
2018-07-18 20:00:00+02:00,57.22161240047944
2018-07-18 21:00:00+02:00,58.924007566920736
2018-07-18 22:00:00+02:00,58.65379096577372
2018-07-18 23:00:00+02:00,55.68895515141185
2018-07-19 00:00:00+02:00,54.01015869549829
2018-07-19 01:00:00+02:00,51.51440747857824
2018-07-19 02:00:00+02:00,48.871716844813555
2018-07-19 03:00:00+02:00,49.33053260965017
2018-07-19 04:00:00+02:00,48.32699310911786
2018-07-19 05:00:00+02:00,47.873280398882756
2018-07-19 06:00:00+02:00,51.78885908584115
2018-07-19 07:00:00+02:00,56.547900117395876
2018-07-19 08:00:00+02:00,60.32045605295307
2018-07-19 09:00:00+02:00,60.168645866137325
2018-07-19 10:00:00+02:00,60.26060990906577
2018-07-19 11:00:00+02:00,61.06825361619791
2018-07-19 12:00:00+02:00,60.71689594176998
2018-07-19 13:00:00+02:00,61.46937241354661
2018-07-19 14:00:00+02:00,61.01950465865949
2018-07-19 15:00:00+02:00,59.869048859323996
2018-07-19 16:00:00+02:00,58.58668673206161
2018-07-19 17:00:00+02:00,57.27885815103393
2018-07-19 18:00:00+02:00,57.24424098267075
2018-07-19 19:00:00+02:00,56.6679832490889
2018-07-19 20:00:00+02:00,57.85592323223626
2018-07-19 21:00:00+02:00,58.700748629563314
2018-07-19 22:00:00+02:00,58.923777351751944
2018-07-19 23:00:00+02:00,55.97745124038911
2018-07-20 00:00:00+02:00,55.253488089956846
2018-07-20 01:00:00+02:00,51.58049598745872
2018-07-20 02:00:00+02:00,49.50950392657833
2018-07-20 03:00:00+02:00,49.08903723845924
2018-07-20 04:00:00+02:00,49.72857959606978
2018-07-20 05:00:00+02:00,48.99684341219068
2018-07-20 06:00:00+02:00,52.99934798965989
2018-07-20 07:00:00+02:00,55.99985023681566
2018-07-20 08:00:00+02:00,59.64136170252748
2018-07-20 09:00:00+02:00,60.713347972637486
2018-07-20 10:00:00+02:00,60.88527631651606
2018-07-20 11:00:00+02:00,62.169023824227885
2018-07-20 12:00:00+02:00,61.44696087304058
2018-07-20 13:00:00+02:00,61.62301532319722
2018-07-20 14:00:00+02:00,60.20783006762725
2018-07-20 15:00:00+02:00,59.24951978400429
2018-07-20 16:00:00+02:00,57.43992404535628
2018-07-20 17:00:00+02:00,56.37043632860431
2018-07-20 18:00:00+02:00,54.09138828132114
2018-07-20 19:00:00+02:00,54.9097488449296
2018-07-20 20:00:00+02:00,55.783258967636186
2018-07-20 21:00:00+02:00,57.87167862944972
2018-07-20 22:00:00+02:00,57.34962267755879
2018-07-20 23:00:00+02:00,53.54848057033401
2018-07-21 00:00:00+02:00,51.48657924304586
2018-07-21 01:00:00+02:00,50.803963305147676
2018-07-21 02:00:00+02:00,49.43239794916243
2018-07-21 03:00:00+02:00,49.358410248232374
2018-07-21 04:00:00+02:00,48.45542623574861
2018-07-21 05:00:00+02:00,48.523896787305944
2018-07-21 06:00:00+02:00,47.76952782684549
2018-07-21 07:00:00+02:00,47.31176242465725
2018-07-21 08:00:00+02:00,52.1062481784328
2018-07-21 09:00:00+02:00,52.53896195511679
2018-07-21 10:00:00+02:00,53.97510271017912
2018-07-21 11:00:00+02:00,55.029680683492174
2018-07-21 12:00:00+02:00,56.731096723294996
2018-07-21 13:00:00+02:00,57.5414470856371
2018-07-21 14:00:00+02:00,55.89133295465798
2018-07-21 15:00:00+02:00,54.224762304230104
2018-07-21 16:00:00+02:00,52.021553175613114
2018-07-21 17:00:00+02:00,52.10936004923226
2018-07-21 18:00:00+02:00,50.69523241247654
2018-07-21 19:00:00+02:00,51.63901789070275
2018-07-21 20:00:00+02:00,56.008802324597234
2018-07-21 21:00:00+02:00,58.651018362629436
2018-07-21 22:00:00+02:00,58.24782449879764
2018-07-21 23:00:00+02:00,55.70466256564785
2018-07-22 00:00:00+02:00,48.58862148317461
2018-07-22 01:00:00+02:00,48.85169043225325
2018-07-22 02:00:00+02:00,46.4068872104321
2018-07-22 03:00:00+02:00,47.251600891115956
2018-07-22 04:00:00+02:00,46.573613730154314
2018-07-22 05:00:00+02:00,46.48353301749623
2018-07-22 06:00:00+02:00,45.89690033622578
2018-07-22 07:00:00+02:00,47.71871265134571
2018-07-22 08:00:00+02:00,47.94438680379209
2018-07-22 09:00:00+02:00,49.444574304488604
2018-07-22 10:00:00+02:00,51.0552711630097
2018-07-22 11:00:00+02:00,52.06760346898092
2018-07-22 12:00:00+02:00,53.585182450055214
2018-07-22 13:00:00+02:00,54.962194168124554
2018-07-22 14:00:00+02:00,53.63490619693366
2018-07-22 15:00:00+02:00,51.506536129258826
2018-07-22 16:00:00+02:00,50.146648835140724
2018-07-22 17:00:00+02:00,50.084409180475326
2018-07-22 18:00:00+02:00,50.78585047442517
2018-07-22 19:00:00+02:00,52.56213542496146
2018-07-22 20:00:00+02:00,55.88456703609225
2018-07-22 21:00:00+02:00,61.05739029436577
2018-07-22 22:00:00+02:00,62.32713689416482
2018-07-22 23:00:00+02:00,59.28188862562733
2018-07-23 00:00:00+02:00,57.17055931425962
2018-07-23 01:00:00+02:00,53.69866761045245
2018-07-23 02:00:00+02:00,48.53007907743784
2018-07-23 03:00:00+02:00,48.006183811458826
2018-07-23 04:00:00+02:00,47.92453946512766
2018-07-23 05:00:00+02:00,49.516706558108076
2018-07-23 06:00:00+02:00,53.849752537589524
2018-07-23 07:00:00+02:00,56.644010442955654
2018-07-23 08:00:00+02:00,58.78201056665823
2018-07-23 09:00:00+02:00,60.02465634829492
2018-07-23 10:00:00+02:00,59.60776620525952
2018-07-23 11:00:00+02:00,60.13828737521197
2018-07-23 12:00:00+02:00,61.66619761069431
2018-07-23 13:00:00+02:00,62.6063433526833
2018-07-23 14:00:00+02:00,61.84150918093262
2018-07-23 15:00:00+02:00,61.378076428037794
2018-07-23 16:00:00+02:00,61.36466627753751
2018-07-23 17:00:00+02:00,61.06696206638094
2018-07-23 18:00:00+02:00,60.28180529750534
2018-07-23 19:00:00+02:00,60.726542974596676
2018-07-23 20:00:00+02:00,59.66315984835471
2018-07-23 21:00:00+02:00,60.72864467606377
2018-07-23 22:00:00+02:00,60.22002024782769
2018-07-23 23:00:00+02:00,58.15674564938196
2018-07-24 00:00:00+02:00,55.468981883124265
2018-07-24 01:00:00+02:00,51.92379434274629
2018-07-24 02:00:00+02:00,51.46758057774417
2018-07-24 03:00:00+02:00,50.745102018983644
2018-07-24 04:00:00+02:00,50.3086476277798
2018-07-24 05:00:00+02:00,52.118984739069084
2018-07-24 06:00:00+02:00,53.22692086092419
2018-07-24 07:00:00+02:00,56.140249091953166
2018-07-24 08:00:00+02:00,59.89884542278328
2018-07-24 09:00:00+02:00,61.30810351371145
2018-07-24 10:00:00+02:00,60.75492928828848
2018-07-24 11:00:00+02:00,60.10575620315858
2018-07-24 12:00:00+02:00,61.986358773476
2018-07-24 13:00:00+02:00,62.04763718422923
2018-07-24 14:00:00+02:00,61.0245708891902
2018-07-24 15:00:00+02:00,59.22190720052312
2018-07-24 16:00:00+02:00,58.27400758282516
2018-07-24 17:00:00+02:00,57.35621840764734
2018-07-24 18:00:00+02:00,57.49460282048447
2018-07-24 19:00:00+02:00,57.83620841775572
2018-07-24 20:00:00+02:00,57.628974609801894
2018-07-24 21:00:00+02:00,59.59657731467507
2018-07-24 22:00:00+02:00,60.05232552809757
2018-07-24 23:00:00+02:00,56.635803007681076
2018-07-25 00:00:00+02:00,54.432233798485214
2018-07-25 01:00:00+02:00,51.14947851555194
2018-07-25 02:00:00+02:00,50.33806520144507
2018-07-25 03:00:00+02:00,50.04053667248515
2018-07-25 04:00:00+02:00,50.19675826891738
2018-07-25 05:00:00+02:00,49.87955352947299
2018-07-25 06:00:00+02:00,52.93662310741392
2018-07-25 07:00:00+02:00,54.262787616277016
2018-07-25 08:00:00+02:00,58.29162542492985
2018-07-25 09:00:00+02:00,59.18707911206093
2018-07-25 10:00:00+02:00,59.73458163085824
2018-07-25 11:00:00+02:00,61.25779141192437
2018-07-25 12:00:00+02:00,62.73589286387954
2018-07-25 13:00:00+02:00,62.77129556612353
2018-07-25 14:00:00+02:00,62.602174206614535
2018-07-25 15:00:00+02:00,61.11210403264045
2018-07-25 16:00:00+02:00,60.45474650163438
2018-07-25 17:00:00+02:00,59.76203176929305
2018-07-25 18:00:00+02:00,57.192696575370114
2018-07-25 19:00:00+02:00,57.953462750372005
2018-07-25 20:00:00+02:00,57.33676981557454
2018-07-25 21:00:00+02:00,58.947552313268744
2018-07-25 22:00:00+02:00,59.08680209750191
2018-07-25 23:00:00+02:00,56.59143613159865
2018-07-26 00:00:00+02:00,55.89703110826363
2018-07-26 01:00:00+02:00,54.78791342208094
2018-07-26 02:00:00+02:00,51.985834108370916
2018-07-26 03:00:00+02:00,51.30307947902568
2018-07-26 04:00:00+02:00,51.334186638828434
2018-07-26 05:00:00+02:00,50.654712029473245
2018-07-26 06:00:00+02:00,52.11630364077662
2018-07-26 07:00:00+02:00,57.32648676623003
2018-07-26 08:00:00+02:00,59.15468014803972
2018-07-26 09:00:00+02:00,60.903734672145276
2018-07-26 10:00:00+02:00,60.585987293438926
2018-07-26 11:00:00+02:00,61.54675776799687
2018-07-26 12:00:00+02:00,63.70749062963285
2018-07-26 13:00:00+02:00,64.29703328760382
2018-07-26 14:00:00+02:00,61.73042269697384
2018-07-26 15:00:00+02:00,59.284747745712345
2018-07-26 16:00:00+02:00,56.77788741064376
2018-07-26 17:00:00+02:00,57.0742231795312
2018-07-26 18:00:00+02:00,55.95418985175218
2018-07-26 19:00:00+02:00,56.6288616819657
2018-07-26 20:00:00+02:00,55.87509829607163
2018-07-26 21:00:00+02:00,57.86666980126434
2018-07-26 22:00:00+02:00,58.71121529620703
2018-07-26 23:00:00+02:00,55.56708133527748
2018-07-27 00:00:00+02:00,55.94291160054709
2018-07-27 01:00:00+02:00,53.33589545339695
2018-07-27 02:00:00+02:00,51.16353017080461
2018-07-27 03:00:00+02:00,51.32176820132452
2018-07-27 04:00:00+02:00,49.466180183082024
2018-07-27 05:00:00+02:00,49.87202432078043
2018-07-27 06:00:00+02:00,53.09593358985633
2018-07-27 07:00:00+02:00,55.0006738081985
2018-07-27 08:00:00+02:00,58.3728860209413
2018-07-27 09:00:00+02:00,59.45669165086991
2018-07-27 10:00:00+02:00,60.56317903605774
2018-07-27 11:00:00+02:00,61.550365716746036
2018-07-27 12:00:00+02:00,63.40542389705464
2018-07-27 13:00:00+02:00,62.345403077622386
2018-07-27 14:00:00+02:00,60.70354230304163
2018-07-27 15:00:00+02:00,59.23156945284904
2018-07-27 16:00:00+02:00,58.952867374029815
2018-07-27 17:00:00+02:00,57.59951007631465
2018-07-27 18:00:00+02:00,55.28150221089149
2018-07-27 19:00:00+02:00,54.345066400359855
2018-07-27 20:00:00+02:00,54.31910234991841
2018-07-27 21:00:00+02:00,56.268301367252825
2018-07-27 22:00:00+02:00,56.495367122126474
2018-07-27 23:00:00+02:00,55.40446457145887
2018-07-28 00:00:00+02:00,52.9214238919055
2018-07-28 01:00:00+02:00,50.534411400228706
2018-07-28 02:00:00+02:00,49.19514662122453
2018-07-28 03:00:00+02:00,48.38666251967957
2018-07-28 04:00:00+02:00,48.635541805769634
2018-07-28 05:00:00+02:00,48.60568803485536
2018-07-28 06:00:00+02:00,48.045304880312784
2018-07-28 07:00:00+02:00,48.33847103840177
2018-07-28 08:00:00+02:00,50.95493434480373
2018-07-28 09:00:00+02:00,52.46720417792053
2018-07-28 10:00:00+02:00,53.913624930765806
2018-07-28 11:00:00+02:00,54.50495200706094
2018-07-28 12:00:00+02:00,56.01822348645222
2018-07-28 13:00:00+02:00,56.43804041107948
2018-07-28 14:00:00+02:00,53.551519050202735
2018-07-28 15:00:00+02:00,52.06471827063329
2018-07-28 16:00:00+02:00,50.10822424593136
2018-07-28 17:00:00+02:00,51.90792442275366
2018-07-28 18:00:00+02:00,49.44618600418006
2018-07-28 19:00:00+02:00,50.89786443721407
2018-07-28 20:00:00+02:00,53.69522000047884
2018-07-28 21:00:00+02:00,55.66598429891013
2018-07-28 22:00:00+02:00,58.50420274344182
2018-07-28 23:00:00+02:00,56.66312566624727
2018-07-29 00:00:00+02:00,55.544753091845415
2018-07-29 01:00:00+02:00,51.76951744714931
2018-07-29 02:00:00+02:00,48.33208348812049
2018-07-29 03:00:00+02:00,49.14515044797491
2018-07-29 04:00:00+02:00,49.94601457580436
2018-07-29 05:00:00+02:00,49.92495610517525
2018-07-29 06:00:00+02:00,49.08747698611858
2018-07-29 07:00:00+02:00,49.14886367021816
2018-07-29 08:00:00+02:00,49.164383232675995
2018-07-29 09:00:00+02:00,49.14305078080967
2018-07-29 10:00:00+02:00,51.24963099669427
2018-07-29 11:00:00+02:00,53.52333503277349
2018-07-29 12:00:00+02:00,54.230201903083376
2018-07-29 13:00:00+02:00,55.12238629041391
2018-07-29 14:00:00+02:00,53.36426846114918
2018-07-29 15:00:00+02:00,50.79482408808176
2018-07-29 16:00:00+02:00,49.40400783371441
2018-07-29 17:00:00+02:00,47.5084305081958
2018-07-29 18:00:00+02:00,46.66859999896389
2018-07-29 19:00:00+02:00,48.75946065974934
2018-07-29 20:00:00+02:00,51.98115677970041
2018-07-29 21:00:00+02:00,56.73273797693343
2018-07-29 22:00:00+02:00,60.653467917522086
2018-07-29 23:00:00+02:00,57.729309858037425
2018-07-30 00:00:00+02:00,56.49015359077749
2018-07-30 01:00:00+02:00,54.982188465630315
2018-07-30 02:00:00+02:00,50.82068616424549
2018-07-30 03:00:00+02:00,49.83335389266218
2018-07-30 04:00:00+02:00,49.1991893806987
2018-07-30 05:00:00+02:00,49.74454031660067
2018-07-30 06:00:00+02:00,53.351691400147054
2018-07-30 07:00:00+02:00,57.29501596193646
2018-07-30 08:00:00+02:00,60.13882321487218
2018-07-30 09:00:00+02:00,60.523727642023935
2018-07-30 10:00:00+02:00,61.218650439433965
2018-07-30 11:00:00+02:00,61.97810097158381
2018-07-30 12:00:00+02:00,63.22156763398577
2018-07-30 13:00:00+02:00,63.32924821174353
2018-07-30 14:00:00+02:00,64.0308516871883
2018-07-30 15:00:00+02:00,62.35192941634514
2018-07-30 16:00:00+02:00,61.795216589167524
2018-07-30 17:00:00+02:00,60.36872598466445
2018-07-30 18:00:00+02:00,59.87863201787073
2018-07-30 19:00:00+02:00,58.626389877633
2018-07-30 20:00:00+02:00,59.17005942808808
2018-07-30 21:00:00+02:00,59.83500139009262
2018-07-30 22:00:00+02:00,59.64115889427363
2018-07-30 23:00:00+02:00,57.00082493487676
2018-07-31 00:00:00+02:00,57.127850366272554
2018-07-31 01:00:00+02:00,54.05131691749673
2018-07-31 02:00:00+02:00,50.34991809036014
2018-07-31 03:00:00+02:00,49.56873467506576
2018-07-31 04:00:00+02:00,49.78706588431312
2018-07-31 05:00:00+02:00,50.173156244927675
2018-07-31 06:00:00+02:00,52.865162317044835
2018-07-31 07:00:00+02:00,56.40873331042873
2018-07-31 08:00:00+02:00,59.274960458662186
2018-07-31 09:00:00+02:00,60.27449127406774
2018-07-31 10:00:00+02:00,60.579096535052194
2018-07-31 11:00:00+02:00,61.910608692932286
2018-07-31 12:00:00+02:00,64.2218474044415
2018-07-31 13:00:00+02:00,63.632585644786346
2018-07-31 14:00:00+02:00,63.64624408458621
2018-07-31 15:00:00+02:00,60.61948843214269
2018-07-31 16:00:00+02:00,60.18764788764466
2018-07-31 17:00:00+02:00,58.74239189001344
2018-07-31 18:00:00+02:00,58.3256441434509
2018-07-31 19:00:00+02:00,58.07645314870032
2018-07-31 20:00:00+02:00,57.68962163806869
2018-07-31 21:00:00+02:00,59.26251181902301
2018-07-31 22:00:00+02:00,60.263885714193165
2018-07-31 23:00:00+02:00,56.08568363967374
2018-08-01 00:00:00+02:00,54.55980004995298
2018-08-01 01:00:00+02:00,51.47881989302846
2018-08-01 02:00:00+02:00,49.64854711260283
2018-08-01 03:00:00+02:00,49.2843232012991
2018-08-01 04:00:00+02:00,48.82203896712172
2018-08-01 05:00:00+02:00,48.980123890012116
2018-08-01 06:00:00+02:00,50.153557457678836
2018-08-01 07:00:00+02:00,55.03055757838543
2018-08-01 08:00:00+02:00,57.15130429329928
2018-08-01 09:00:00+02:00,58.001260541557315
2018-08-01 10:00:00+02:00,57.99173243884679
2018-08-01 11:00:00+02:00,59.05039568229444
2018-08-01 12:00:00+02:00,60.31228062778865
2018-08-01 13:00:00+02:00,60.84937805726213
2018-08-01 14:00:00+02:00,60.324700054903005
2018-08-01 15:00:00+02:00,59.771347228046174
2018-08-01 16:00:00+02:00,59.23568838400441
2018-08-01 17:00:00+02:00,57.40526553733166
2018-08-01 18:00:00+02:00,57.61802061552955
2018-08-01 19:00:00+02:00,56.7041358721072
2018-08-01 20:00:00+02:00,56.279494083191466
2018-08-01 21:00:00+02:00,57.25014615228306
2018-08-01 22:00:00+02:00,57.56974611355599
2018-08-01 23:00:00+02:00,55.14525669700471
2018-08-02 00:00:00+02:00,56.80307144507329
2018-08-02 01:00:00+02:00,54.03846470240583
2018-08-02 02:00:00+02:00,49.92623846478587
2018-08-02 03:00:00+02:00,50.390325706891566
2018-08-02 04:00:00+02:00,50.96642667468826
2018-08-02 05:00:00+02:00,50.89765364901846
2018-08-02 06:00:00+02:00,52.061594264317
2018-08-02 07:00:00+02:00,55.5932237905113
2018-08-02 08:00:00+02:00,57.64497249120931
2018-08-02 09:00:00+02:00,60.54157206514014
2018-08-02 10:00:00+02:00,61.6461265746639
2018-08-02 11:00:00+02:00,63.7122653173183
2018-08-02 12:00:00+02:00,65.16245041284388
2018-08-02 13:00:00+02:00,66.3851475029896
2018-08-02 14:00:00+02:00,65.61317281188391
2018-08-02 15:00:00+02:00,63.798321943735104
2018-08-02 16:00:00+02:00,64.66143319763616
2018-08-02 17:00:00+02:00,63.1783897117596
2018-08-02 18:00:00+02:00,65.00309233041077
2018-08-02 19:00:00+02:00,63.3318796854751
2018-08-02 20:00:00+02:00,64.39431407572374
2018-08-02 21:00:00+02:00,65.93358407233802
2018-08-02 22:00:00+02:00,63.41271178708688
2018-08-02 23:00:00+02:00,61.083869294493866
2018-08-03 00:00:00+02:00,61.067345267274916
2018-08-03 01:00:00+02:00,57.32001688979226
2018-08-03 02:00:00+02:00,52.45492321884224
2018-08-03 03:00:00+02:00,51.9015144708964
2018-08-03 04:00:00+02:00,51.67776292832313
2018-08-03 05:00:00+02:00,51.4755232368431
2018-08-03 06:00:00+02:00,53.852568799426436
2018-08-03 07:00:00+02:00,57.82762234579087
2018-08-03 08:00:00+02:00,62.8661050971293
2018-08-03 09:00:00+02:00,64.16440138691367
2018-08-03 10:00:00+02:00,65.34031030534473
2018-08-03 11:00:00+02:00,66.06926395187133
2018-08-03 12:00:00+02:00,68.01138520106191
2018-08-03 13:00:00+02:00,70.9980900318934
2018-08-03 14:00:00+02:00,71.00076643523165
2018-08-03 15:00:00+02:00,70.95792813802242
2018-08-03 16:00:00+02:00,69.36715837291564
2018-08-03 17:00:00+02:00,69.25475212993882
2018-08-03 18:00:00+02:00,70.35170032753655
2018-08-03 19:00:00+02:00,70.29886583149423
2018-08-03 20:00:00+02:00,69.2479941593535
2018-08-03 21:00:00+02:00,68.76451819709042
2018-08-03 22:00:00+02:00,68.03391502708944
2018-08-03 23:00:00+02:00,65.04025735554899
2018-08-04 00:00:00+02:00,57.16639602746571
2018-08-04 01:00:00+02:00,54.84163502619066
2018-08-04 02:00:00+02:00,54.075321413617175
2018-08-04 03:00:00+02:00,52.51720274309355
2018-08-04 04:00:00+02:00,51.7436639782367
2018-08-04 05:00:00+02:00,51.32618939234988
2018-08-04 06:00:00+02:00,49.31394929318875
2018-08-04 07:00:00+02:00,53.37361318396436
2018-08-04 08:00:00+02:00,54.58838037863882
2018-08-04 09:00:00+02:00,59.056995666697865
2018-08-04 10:00:00+02:00,59.27414833235645
2018-08-04 11:00:00+02:00,59.33428221467111
2018-08-04 12:00:00+02:00,60.28349757330976
2018-08-04 13:00:00+02:00,59.227446086737544
2018-08-04 14:00:00+02:00,58.03442971138361
2018-08-04 15:00:00+02:00,55.74320355262378
2018-08-04 16:00:00+02:00,56.723939809955844
2018-08-04 17:00:00+02:00,55.617558532282075
2018-08-04 18:00:00+02:00,58.870395165029805
2018-08-04 19:00:00+02:00,58.28819358142369
2018-08-04 20:00:00+02:00,61.89670120333955
2018-08-04 21:00:00+02:00,62.63320317143617
2018-08-04 22:00:00+02:00,60.622549515156074
2018-08-04 23:00:00+02:00,56.524685137001036
2018-08-05 00:00:00+02:00,53.788052880400755
2018-08-05 01:00:00+02:00,50.9947444253065
2018-08-05 02:00:00+02:00,47.47630270393146
2018-08-05 03:00:00+02:00,45.2298965440541
2018-08-05 04:00:00+02:00,42.35100414797116
2018-08-05 05:00:00+02:00,43.75701226654139
2018-08-05 06:00:00+02:00,43.79744250687425
2018-08-05 07:00:00+02:00,42.7303127348488
2018-08-05 08:00:00+02:00,43.45934927695135
2018-08-05 09:00:00+02:00,46.16789840391125
2018-08-05 10:00:00+02:00,47.994379319530005
2018-08-05 11:00:00+02:00,50.23653120270596
2018-08-05 12:00:00+02:00,51.99913619077189
2018-08-05 13:00:00+02:00,51.43599317513768
2018-08-05 14:00:00+02:00,51.380837349768896
2018-08-05 15:00:00+02:00,47.41032446202278
2018-08-05 16:00:00+02:00,48.40878398257421
2018-08-05 17:00:00+02:00,46.71313445314346
2018-08-05 18:00:00+02:00,48.90159081177213
2018-08-05 19:00:00+02:00,50.41654585325653
2018-08-05 20:00:00+02:00,55.108189102273535
2018-08-05 21:00:00+02:00,58.857987701079026
2018-08-05 22:00:00+02:00,59.16284455293375
2018-08-05 23:00:00+02:00,57.74164838738196
2018-08-06 00:00:00+02:00,58.354100710411764
2018-08-06 01:00:00+02:00,52.136762018874414
2018-08-06 02:00:00+02:00,48.93500141181168
2018-08-06 03:00:00+02:00,49.52001175877066
2018-08-06 04:00:00+02:00,47.85006744291841
2018-08-06 05:00:00+02:00,49.3613955799604
2018-08-06 06:00:00+02:00,54.31525450279919
2018-08-06 07:00:00+02:00,56.476855183035504
2018-08-06 08:00:00+02:00,60.451990642593344
2018-08-06 09:00:00+02:00,63.22809079390859
2018-08-06 10:00:00+02:00,63.66285297546595
2018-08-06 11:00:00+02:00,64.42520971637781
2018-08-06 12:00:00+02:00,64.8879637659785
2018-08-06 13:00:00+02:00,64.86197920600108
2018-08-06 14:00:00+02:00,63.651985756916645
2018-08-06 15:00:00+02:00,62.41555359306817
2018-08-06 16:00:00+02:00,61.720380758973675
2018-08-06 17:00:00+02:00,60.42296247293953
2018-08-06 18:00:00+02:00,63.00428884840218
2018-08-06 19:00:00+02:00,62.34859407988314
2018-08-06 20:00:00+02:00,61.96274029998712
2018-08-06 21:00:00+02:00,63.20436718018248
2018-08-06 22:00:00+02:00,64.31449687078852
2018-08-06 23:00:00+02:00,60.46608431228775
2018-08-07 00:00:00+02:00,55.18469426587528
2018-08-07 01:00:00+02:00,53.41522349170019
2018-08-07 02:00:00+02:00,49.511507987872754
2018-08-07 03:00:00+02:00,47.42748259454805
2018-08-07 04:00:00+02:00,48.423250218970054
2018-08-07 05:00:00+02:00,48.24321237434074
2018-08-07 06:00:00+02:00,50.91839830104918
2018-08-07 07:00:00+02:00,54.6737155467864
2018-08-07 08:00:00+02:00,58.54841489964648
2018-08-07 09:00:00+02:00,60.48041989344413
2018-08-07 10:00:00+02:00,62.725720530212485
2018-08-07 11:00:00+02:00,64.54235214528582
2018-08-07 12:00:00+02:00,64.75965268298103
2018-08-07 13:00:00+02:00,65.33950014041035
2018-08-07 14:00:00+02:00,62.65058736773696
2018-08-07 15:00:00+02:00,61.49525446924879
2018-08-07 16:00:00+02:00,61.031489298652176
2018-08-07 17:00:00+02:00,56.41247482540256
2018-08-07 18:00:00+02:00,59.70580073822792
2018-08-07 19:00:00+02:00,57.42487734864874
2018-08-07 20:00:00+02:00,59.294180700542285
2018-08-07 21:00:00+02:00,63.10606622709538
2018-08-07 22:00:00+02:00,63.12827339014016
2018-08-07 23:00:00+02:00,59.95324657343253
2018-08-08 00:00:00+02:00,57.27040405210991
2018-08-08 01:00:00+02:00,53.692971866129945
2018-08-08 02:00:00+02:00,50.18038373291921
2018-08-08 03:00:00+02:00,51.057849545961595
2018-08-08 04:00:00+02:00,49.977598042550454
2018-08-08 05:00:00+02:00,50.49402889343467
2018-08-08 06:00:00+02:00,54.697127622104055
2018-08-08 07:00:00+02:00,59.589806158822356
2018-08-08 08:00:00+02:00,61.84730007620767
2018-08-08 09:00:00+02:00,62.039488277448896
2018-08-08 10:00:00+02:00,62.51498726630463
2018-08-08 11:00:00+02:00,63.195310102106724
2018-08-08 12:00:00+02:00,64.82714755309392
2018-08-08 13:00:00+02:00,64.03874412877775
2018-08-08 14:00:00+02:00,63.79758752480234
2018-08-08 15:00:00+02:00,62.90274096681739
2018-08-08 16:00:00+02:00,62.30124702429718
2018-08-08 17:00:00+02:00,61.733675418740845
2018-08-08 18:00:00+02:00,58.548675029859126
2018-08-08 19:00:00+02:00,59.481890291009805
2018-08-08 20:00:00+02:00,60.49482986549586
2018-08-08 21:00:00+02:00,62.94635684416269
2018-08-08 22:00:00+02:00,62.10034411252134
2018-08-08 23:00:00+02:00,59.595145618016524
2018-08-09 00:00:00+02:00,54.49168836250453
2018-08-09 01:00:00+02:00,50.24672219065052
2018-08-09 02:00:00+02:00,48.36248577902191
2018-08-09 03:00:00+02:00,43.809191438281545
2018-08-09 04:00:00+02:00,45.00805378468858
2018-08-09 05:00:00+02:00,47.18147622338134
2018-08-09 06:00:00+02:00,49.315333865310606
2018-08-09 07:00:00+02:00,55.19191843723622
2018-08-09 08:00:00+02:00,57.07593400942899
2018-08-09 09:00:00+02:00,60.30370673164125
2018-08-09 10:00:00+02:00,59.77805249425917
2018-08-09 11:00:00+02:00,60.8827168334045
2018-08-09 12:00:00+02:00,61.58642878934837
2018-08-09 13:00:00+02:00,61.85541029390411
2018-08-09 14:00:00+02:00,59.86710641558808
2018-08-09 15:00:00+02:00,57.23057863164274
2018-08-09 16:00:00+02:00,57.46760883932836
2018-08-09 17:00:00+02:00,56.63744022659116
2018-08-09 18:00:00+02:00,58.914909139763026
2018-08-09 19:00:00+02:00,58.24504155655442
2018-08-09 20:00:00+02:00,58.562364230210214
2018-08-09 21:00:00+02:00,58.07265913527994
2018-08-09 22:00:00+02:00,57.30576138616533
2018-08-09 23:00:00+02:00,52.80201591915099
2018-08-10 00:00:00+02:00,51.71919203719178
2018-08-10 01:00:00+02:00,49.65352411849645
2018-08-10 02:00:00+02:00,44.4700798699031
2018-08-10 03:00:00+02:00,44.21752764269395
2018-08-10 04:00:00+02:00,44.09320890327012
2018-08-10 05:00:00+02:00,45.01816398139834
2018-08-10 06:00:00+02:00,47.89235044121239
2018-08-10 07:00:00+02:00,53.09716292789789
2018-08-10 08:00:00+02:00,57.7341156497264
2018-08-10 09:00:00+02:00,58.131517583875066
2018-08-10 10:00:00+02:00,57.72896857474128
2018-08-10 11:00:00+02:00,58.243919099456754
2018-08-10 12:00:00+02:00,58.75252072778838
2018-08-10 13:00:00+02:00,58.42967054884011
2018-08-10 14:00:00+02:00,58.50553305283007
2018-08-10 15:00:00+02:00,58.49636880412709
2018-08-10 16:00:00+02:00,57.173938402252425
2018-08-10 17:00:00+02:00,55.342709923320456
2018-08-10 18:00:00+02:00,56.27735180203592
2018-08-10 19:00:00+02:00,55.77498903454681
2018-08-10 20:00:00+02:00,56.12612157080719
2018-08-10 21:00:00+02:00,56.72906104485356
2018-08-10 22:00:00+02:00,58.745743710062726
2018-08-10 23:00:00+02:00,54.03194128249332
2018-08-11 00:00:00+02:00,54.162573279439464
2018-08-11 01:00:00+02:00,52.07886616346386
2018-08-11 02:00:00+02:00,48.685384557301425
2018-08-11 03:00:00+02:00,46.50193708039254
2018-08-11 04:00:00+02:00,48.22985274698454
2018-08-11 05:00:00+02:00,47.92969932211755
2018-08-11 06:00:00+02:00,48.589304515262924
2018-08-11 07:00:00+02:00,49.49171916745754
2018-08-11 08:00:00+02:00,49.54185034971405
2018-08-11 09:00:00+02:00,51.96537863053588
2018-08-11 10:00:00+02:00,54.92779294897094
2018-08-11 11:00:00+02:00,55.42658284464829
2018-08-11 12:00:00+02:00,55.506211694268096
2018-08-11 13:00:00+02:00,55.73477888773719
2018-08-11 14:00:00+02:00,54.835665710525326
2018-08-11 15:00:00+02:00,52.14356453868465
2018-08-11 16:00:00+02:00,52.36779562232082
2018-08-11 17:00:00+02:00,53.96239567075647
2018-08-11 18:00:00+02:00,53.83086484672418
2018-08-11 19:00:00+02:00,55.287066889651925
2018-08-11 20:00:00+02:00,58.43975815587312
2018-08-11 21:00:00+02:00,56.76940793392744
2018-08-11 22:00:00+02:00,59.04687036330986
2018-08-11 23:00:00+02:00,57.47844363681532
2018-08-12 00:00:00+02:00,53.874227607473074
2018-08-12 01:00:00+02:00,51.232538695613535
2018-08-12 02:00:00+02:00,47.56707526524727
2018-08-12 03:00:00+02:00,46.1777220873764
2018-08-12 04:00:00+02:00,44.9289583792739
2018-08-12 05:00:00+02:00,46.18223357089338
2018-08-12 06:00:00+02:00,46.99199565350491
2018-08-12 07:00:00+02:00,47.74176263264729
2018-08-12 08:00:00+02:00,48.215043205112856
2018-08-12 09:00:00+02:00,50.46877609624063
2018-08-12 10:00:00+02:00,52.21359766002972
2018-08-12 11:00:00+02:00,53.162217287554796
2018-08-12 12:00:00+02:00,52.809664735518716
2018-08-12 13:00:00+02:00,53.42105135795187
2018-08-12 14:00:00+02:00,51.790238128685196
2018-08-12 15:00:00+02:00,50.053281581384134
2018-08-12 16:00:00+02:00,46.290304942539095
2018-08-12 17:00:00+02:00,45.95929629954316
2018-08-12 18:00:00+02:00,49.31705788411982
2018-08-12 19:00:00+02:00,52.78864190959461
2018-08-12 20:00:00+02:00,54.35810529773592
2018-08-12 21:00:00+02:00,55.195230176948556
2018-08-12 22:00:00+02:00,58.12461860539631
2018-08-12 23:00:00+02:00,56.74525543581438
2018-08-13 00:00:00+02:00,50.702624655994754
2018-08-13 01:00:00+02:00,47.45193891845312
2018-08-13 02:00:00+02:00,46.802515540146295
2018-08-13 03:00:00+02:00,45.54410839249575
2018-08-13 04:00:00+02:00,45.39604641766199
2018-08-13 05:00:00+02:00,47.26576073738578
2018-08-13 06:00:00+02:00,50.9926563253124
2018-08-13 07:00:00+02:00,53.532651372407386
2018-08-13 08:00:00+02:00,58.29157208590163
2018-08-13 09:00:00+02:00,58.85500301183719
2018-08-13 10:00:00+02:00,58.65125608203962
2018-08-13 11:00:00+02:00,59.07137617301034
2018-08-13 12:00:00+02:00,59.71952925354903
2018-08-13 13:00:00+02:00,59.20374504750363
2018-08-13 14:00:00+02:00,58.65672113150883
2018-08-13 15:00:00+02:00,57.41347884874692
2018-08-13 16:00:00+02:00,58.40371298376515
2018-08-13 17:00:00+02:00,58.08646439700459
2018-08-13 18:00:00+02:00,55.68125694320897
2018-08-13 19:00:00+02:00,54.97863334665012
2018-08-13 20:00:00+02:00,55.29658353079994
2018-08-13 21:00:00+02:00,56.55594346761576
2018-08-13 22:00:00+02:00,57.39489469594016
2018-08-13 23:00:00+02:00,55.258456088416196
2018-08-14 00:00:00+02:00,54.68707377742739
2018-08-14 01:00:00+02:00,51.23775317554085
2018-08-14 02:00:00+02:00,49.035952738389625
2018-08-14 03:00:00+02:00,48.71143030611393
2018-08-14 04:00:00+02:00,48.64029373803948
2018-08-14 05:00:00+02:00,47.878207304079034
2018-08-14 06:00:00+02:00,50.42814909016351
2018-08-14 07:00:00+02:00,54.759334188658826
2018-08-14 08:00:00+02:00,56.19748437753376
2018-08-14 09:00:00+02:00,57.96590917692126
2018-08-14 10:00:00+02:00,57.608144202047825
2018-08-14 11:00:00+02:00,57.66351730449433
2018-08-14 12:00:00+02:00,57.91543835685732
2018-08-14 13:00:00+02:00,58.55621006073681
2018-08-14 14:00:00+02:00,56.74367172137813
2018-08-14 15:00:00+02:00,56.06068757055615
2018-08-14 16:00:00+02:00,55.70822985072981
2018-08-14 17:00:00+02:00,54.616225299451145
2018-08-14 18:00:00+02:00,54.15808173383771
2018-08-14 19:00:00+02:00,54.07201700906242
2018-08-14 20:00:00+02:00,55.929690352515195
2018-08-14 21:00:00+02:00,57.042681325945296
2018-08-14 22:00:00+02:00,56.19156782128991
2018-08-14 23:00:00+02:00,51.474872650142636
2018-08-15 00:00:00+02:00,50.878040995186595
2018-08-15 01:00:00+02:00,48.96795787050943
2018-08-15 02:00:00+02:00,46.22408420757757
2018-08-15 03:00:00+02:00,45.18365093001776
2018-08-15 04:00:00+02:00,46.068780294197325
2018-08-15 05:00:00+02:00,47.40781919049956
2018-08-15 06:00:00+02:00,49.602788982754625
2018-08-15 07:00:00+02:00,53.73531888076974
2018-08-15 08:00:00+02:00,54.78243166049634
2018-08-15 09:00:00+02:00,55.212830649702255
2018-08-15 10:00:00+02:00,57.25308723632703
2018-08-15 11:00:00+02:00,58.033267315481105
2018-08-15 12:00:00+02:00,57.52762556335815
2018-08-15 13:00:00+02:00,57.06677765184588
2018-08-15 14:00:00+02:00,57.362139296554794
2018-08-15 15:00:00+02:00,55.545005197750164
2018-08-15 16:00:00+02:00,55.53106525867092
2018-08-15 17:00:00+02:00,56.45822656483976
2018-08-15 18:00:00+02:00,56.375945596987684
2018-08-15 19:00:00+02:00,56.09841636470933
2018-08-15 20:00:00+02:00,56.30891823182142
2018-08-15 21:00:00+02:00,57.20861770684148
2018-08-15 22:00:00+02:00,57.39861519994587
2018-08-15 23:00:00+02:00,55.46902847951264
2018-08-16 00:00:00+02:00,54.0346019831127
2018-08-16 01:00:00+02:00,52.41018872142413
2018-08-16 02:00:00+02:00,49.98823805626543
2018-08-16 03:00:00+02:00,47.30966506688763
2018-08-16 04:00:00+02:00,48.696736793306904
2018-08-16 05:00:00+02:00,49.1081777309107
2018-08-16 06:00:00+02:00,49.45681678302971
2018-08-16 07:00:00+02:00,53.92499756895815
2018-08-16 08:00:00+02:00,57.81899533357236
2018-08-16 09:00:00+02:00,58.163127737175394
2018-08-16 10:00:00+02:00,59.19053526813977
2018-08-16 11:00:00+02:00,60.03321478942985
2018-08-16 12:00:00+02:00,60.07686183311753
2018-08-16 13:00:00+02:00,61.28035652114819
2018-08-16 14:00:00+02:00,61.12438999232177
2018-08-16 15:00:00+02:00,58.97864772256321
2018-08-16 16:00:00+02:00,58.19965033474309
2018-08-16 17:00:00+02:00,57.64714302907514
2018-08-16 18:00:00+02:00,57.23777723715367
2018-08-16 19:00:00+02:00,56.656787720143335
2018-08-16 20:00:00+02:00,56.70644732297938
2018-08-16 21:00:00+02:00,58.1686344644281
2018-08-16 22:00:00+02:00,58.533214084989964
2018-08-16 23:00:00+02:00,56.10061954763419
2018-08-17 00:00:00+02:00,56.29525522685329
2018-08-17 01:00:00+02:00,52.30004316174694
2018-08-17 02:00:00+02:00,48.96661501849768
2018-08-17 03:00:00+02:00,47.031225575899846
2018-08-17 04:00:00+02:00,49.10686241773335
2018-08-17 05:00:00+02:00,47.999161361436734
2018-08-17 06:00:00+02:00,49.547149754906485
2018-08-17 07:00:00+02:00,51.43964359185637
2018-08-17 08:00:00+02:00,55.10841402564642
2018-08-17 09:00:00+02:00,57.13723186611482
2018-08-17 10:00:00+02:00,54.89287392158818
2018-08-17 11:00:00+02:00,55.83412233489206
2018-08-17 12:00:00+02:00,55.83595719740837
2018-08-17 13:00:00+02:00,54.588535764318785
2018-08-17 14:00:00+02:00,54.041856687536715
2018-08-17 15:00:00+02:00,53.3259927795394
2018-08-17 16:00:00+02:00,53.73030575889147
2018-08-17 17:00:00+02:00,51.993311330662635
2018-08-17 18:00:00+02:00,52.961575841170365
2018-08-17 19:00:00+02:00,53.72113808483294
2018-08-17 20:00:00+02:00,53.38196045790772
2018-08-17 21:00:00+02:00,54.7994365753926
2018-08-17 22:00:00+02:00,53.52111903700854
2018-08-17 23:00:00+02:00,50.06791108971432
2018-08-18 00:00:00+02:00,49.69466792519944
2018-08-18 01:00:00+02:00,43.74128100744056
2018-08-18 02:00:00+02:00,43.65166020997972
2018-08-18 03:00:00+02:00,42.516707795837796
2018-08-18 04:00:00+02:00,43.81413672982311
2018-08-18 05:00:00+02:00,43.609090328665744
2018-08-18 06:00:00+02:00,47.40317159863405
2018-08-18 07:00:00+02:00,47.537307905985806
2018-08-18 08:00:00+02:00,48.08003322830157
2018-08-18 09:00:00+02:00,48.69624143635552
2018-08-18 10:00:00+02:00,49.61200268427192
2018-08-18 11:00:00+02:00,50.59962191453935
2018-08-18 12:00:00+02:00,49.80045211367741
2018-08-18 13:00:00+02:00,50.848792827219654
2018-08-18 14:00:00+02:00,51.25654046612692
2018-08-18 15:00:00+02:00,48.9329561419037
2018-08-18 16:00:00+02:00,49.510802761440935
2018-08-18 17:00:00+02:00,48.90662746074331
2018-08-18 18:00:00+02:00,48.25134182361681
2018-08-18 19:00:00+02:00,50.25709158190514
2018-08-18 20:00:00+02:00,52.84823888753267
2018-08-18 21:00:00+02:00,56.14679703823751
2018-08-18 22:00:00+02:00,53.86686118877611
2018-08-18 23:00:00+02:00,50.20622615417772
2018-08-19 00:00:00+02:00,48.85912053259606
2018-08-19 01:00:00+02:00,45.50815588943363
2018-08-19 02:00:00+02:00,45.59224744893638
2018-08-19 03:00:00+02:00,43.55362116490902
2018-08-19 04:00:00+02:00,44.72089441523579
2018-08-19 05:00:00+02:00,45.53965870537381
2018-08-19 06:00:00+02:00,44.227691258433005
2018-08-19 07:00:00+02:00,44.71666946295508
2018-08-19 08:00:00+02:00,46.09366940069609
2018-08-19 09:00:00+02:00,45.75608983811877
2018-08-19 10:00:00+02:00,45.177971750598076
2018-08-19 11:00:00+02:00,46.5595610131087
2018-08-19 12:00:00+02:00,48.0949499001372
2018-08-19 13:00:00+02:00,48.57853592498807
2018-08-19 14:00:00+02:00,48.47959500152448
2018-08-19 15:00:00+02:00,46.760244424859955
2018-08-19 16:00:00+02:00,47.098317810574045
2018-08-19 17:00:00+02:00,48.44669941441822
2018-08-19 18:00:00+02:00,46.604341388202215
2018-08-19 19:00:00+02:00,48.49580564046109
2018-08-19 20:00:00+02:00,55.759860604263544
2018-08-19 21:00:00+02:00,58.16298459929916
2018-08-19 22:00:00+02:00,56.47015023624755
2018-08-19 23:00:00+02:00,53.906303152472745
2018-08-20 00:00:00+02:00,51.31149054234665
2018-08-20 01:00:00+02:00,47.89376391673123
2018-08-20 02:00:00+02:00,45.64337833314021
2018-08-20 03:00:00+02:00,45.26913286790382
2018-08-20 04:00:00+02:00,45.00054885114523
2018-08-20 05:00:00+02:00,45.39913882713225
2018-08-20 06:00:00+02:00,49.247159647663466
2018-08-20 07:00:00+02:00,51.73697182354721
2018-08-20 08:00:00+02:00,56.033553733713745
2018-08-20 09:00:00+02:00,57.291867954336695
2018-08-20 10:00:00+02:00,57.09342198252944
2018-08-20 11:00:00+02:00,58.16612767727228
2018-08-20 12:00:00+02:00,58.167872152352544
2018-08-20 13:00:00+02:00,57.95483578104903
2018-08-20 14:00:00+02:00,58.748259701288084
2018-08-20 15:00:00+02:00,57.25162994788917
2018-08-20 16:00:00+02:00,56.81378665325344
2018-08-20 17:00:00+02:00,57.29064677002416
2018-08-20 18:00:00+02:00,57.70294751579659
2018-08-20 19:00:00+02:00,57.3097573277317
2018-08-20 20:00:00+02:00,57.9231632862429
2018-08-20 21:00:00+02:00,58.284274923009704
2018-08-20 22:00:00+02:00,57.87958844056346
2018-08-20 23:00:00+02:00,55.27575156627306
2018-08-21 00:00:00+02:00,54.564317110822486
2018-08-21 01:00:00+02:00,50.99484196691701
2018-08-21 02:00:00+02:00,48.60305163289145
2018-08-21 03:00:00+02:00,47.349811848439536
2018-08-21 04:00:00+02:00,47.626601345622944
2018-08-21 05:00:00+02:00,48.678333166563135
2018-08-21 06:00:00+02:00,51.326469273081436
2018-08-21 07:00:00+02:00,53.930638797250346
2018-08-21 08:00:00+02:00,56.563641750380924
2018-08-21 09:00:00+02:00,57.95608103541771
2018-08-21 10:00:00+02:00,57.35874316133058
2018-08-21 11:00:00+02:00,57.368547764194155
2018-08-21 12:00:00+02:00,59.35235107493482
2018-08-21 13:00:00+02:00,59.1017246625772
2018-08-21 14:00:00+02:00,59.04284350542521
2018-08-21 15:00:00+02:00,57.7670242381735
2018-08-21 16:00:00+02:00,57.797871763230255
2018-08-21 17:00:00+02:00,57.55431566051616
2018-08-21 18:00:00+02:00,57.23267562288258
2018-08-21 19:00:00+02:00,57.35998818409396
2018-08-21 20:00:00+02:00,57.77956324755759
2018-08-21 21:00:00+02:00,58.868233088854545
2018-08-21 22:00:00+02:00,58.983060627422596
2018-08-21 23:00:00+02:00,56.091703641000564
2018-08-22 00:00:00+02:00,53.9783783301832
2018-08-22 01:00:00+02:00,51.40053018686418
2018-08-22 02:00:00+02:00,49.526707518554716
2018-08-22 03:00:00+02:00,47.61303660719691
2018-08-22 04:00:00+02:00,48.34901535294679
2018-08-22 05:00:00+02:00,49.877756875572686
2018-08-22 06:00:00+02:00,53.106052649765
2018-08-22 07:00:00+02:00,54.8345673139517
2018-08-22 08:00:00+02:00,56.78907230946856
2018-08-22 09:00:00+02:00,57.875170294843365
2018-08-22 10:00:00+02:00,56.86555068294729
2018-08-22 11:00:00+02:00,57.13001980447101
2018-08-22 12:00:00+02:00,57.36693522259461
2018-08-22 13:00:00+02:00,57.74237434681268
2018-08-22 14:00:00+02:00,57.43164079339975
2018-08-22 15:00:00+02:00,55.35067164234167
2018-08-22 16:00:00+02:00,55.89779742218968
2018-08-22 17:00:00+02:00,56.54459738096648
2018-08-22 18:00:00+02:00,55.39142650189844
2018-08-22 19:00:00+02:00,56.50472854817751
2018-08-22 20:00:00+02:00,57.058549896731996
2018-08-22 21:00:00+02:00,58.35575219792022
2018-08-22 22:00:00+02:00,59.19416928103556
2018-08-22 23:00:00+02:00,55.161654428504
2018-08-23 00:00:00+02:00,55.68428374836347
2018-08-23 01:00:00+02:00,53.52803039463145
2018-08-23 02:00:00+02:00,49.60331985049726
2018-08-23 03:00:00+02:00,48.83141481479211
2018-08-23 04:00:00+02:00,47.88783479458981
2018-08-23 05:00:00+02:00,48.95789721432095
2018-08-23 06:00:00+02:00,53.38235256796861
2018-08-23 07:00:00+02:00,53.46670240949869
2018-08-23 08:00:00+02:00,56.43323661883113
2018-08-23 09:00:00+02:00,57.55799672034103
2018-08-23 10:00:00+02:00,57.95168426152374
2018-08-23 11:00:00+02:00,58.37914142311483
2018-08-23 12:00:00+02:00,58.235123551734304
2018-08-23 13:00:00+02:00,57.98098465554412
2018-08-23 14:00:00+02:00,58.09763085251736
2018-08-23 15:00:00+02:00,55.583017601944654
2018-08-23 16:00:00+02:00,55.59878251146248
2018-08-23 17:00:00+02:00,55.5326304093441
2018-08-23 18:00:00+02:00,56.04886213167466
2018-08-23 19:00:00+02:00,54.88987467515278
2018-08-23 20:00:00+02:00,56.975313503129584
2018-08-23 21:00:00+02:00,56.8662842903446
2018-08-23 22:00:00+02:00,58.5610026574849
2018-08-23 23:00:00+02:00,54.57418413970017
2018-08-24 00:00:00+02:00,52.851608442604345
2018-08-24 01:00:00+02:00,50.09160612537218
2018-08-24 02:00:00+02:00,49.4563465767672
2018-08-24 03:00:00+02:00,47.909929874015674
2018-08-24 04:00:00+02:00,48.17878765122679
2018-08-24 05:00:00+02:00,47.009957193705965
2018-08-24 06:00:00+02:00,51.04050360019046
2018-08-24 07:00:00+02:00,52.38383644409828
2018-08-24 08:00:00+02:00,55.115040791778014
2018-08-24 09:00:00+02:00,57.396947487194105
2018-08-24 10:00:00+02:00,55.41974248472568
2018-08-24 11:00:00+02:00,57.09491393278855
2018-08-24 12:00:00+02:00,57.968128747921405
2018-08-24 13:00:00+02:00,57.3448627256982
2018-08-24 14:00:00+02:00,56.428265779768026
2018-08-24 15:00:00+02:00,55.829840330345206
2018-08-24 16:00:00+02:00,54.715169114812824
2018-08-24 17:00:00+02:00,53.614638305064815
2018-08-24 18:00:00+02:00,53.351086665388124
2018-08-24 19:00:00+02:00,53.1078795302606
2018-08-24 20:00:00+02:00,54.31656135863259
2018-08-24 21:00:00+02:00,55.925158149447846
2018-08-24 22:00:00+02:00,55.81167390516872
2018-08-24 23:00:00+02:00,52.58345121388686
2018-08-25 00:00:00+02:00,53.18677460497103
2018-08-25 01:00:00+02:00,48.60240155722642
2018-08-25 02:00:00+02:00,49.09814579169809
2018-08-25 03:00:00+02:00,48.0958296835366
2018-08-25 04:00:00+02:00,46.72157462745514
2018-08-25 05:00:00+02:00,47.35346006515358
2018-08-25 06:00:00+02:00,48.11190639726732
2018-08-25 07:00:00+02:00,49.51100538241619
2018-08-25 08:00:00+02:00,49.12894062726908
2018-08-25 09:00:00+02:00,51.23119532106543
2018-08-25 10:00:00+02:00,52.3829772267894
2018-08-25 11:00:00+02:00,52.38990165019699
2018-08-25 12:00:00+02:00,55.45176743468886
2018-08-25 13:00:00+02:00,53.467533828375
2018-08-25 14:00:00+02:00,53.075458194647524
2018-08-25 15:00:00+02:00,50.48068017053063
2018-08-25 16:00:00+02:00,48.965307399343146
2018-08-25 17:00:00+02:00,48.9263212370455
2018-08-25 18:00:00+02:00,49.73456042231849
2018-08-25 19:00:00+02:00,51.25227432037721
2018-08-25 20:00:00+02:00,54.92706126566946
2018-08-25 21:00:00+02:00,56.029996056192786
2018-08-25 22:00:00+02:00,56.14314066931459
2018-08-25 23:00:00+02:00,54.36254094907083
2018-08-26 00:00:00+02:00,52.09202490261939
2018-08-26 01:00:00+02:00,49.59466758824623
2018-08-26 02:00:00+02:00,48.09275021602412
2018-08-26 03:00:00+02:00,47.36443421450585
2018-08-26 04:00:00+02:00,46.386201552900424
2018-08-26 05:00:00+02:00,46.66308710187343
2018-08-26 06:00:00+02:00,45.333027076993
2018-08-26 07:00:00+02:00,46.31316135123885
2018-08-26 08:00:00+02:00,47.658117865915735
2018-08-26 09:00:00+02:00,48.80740144864228
2018-08-26 10:00:00+02:00,50.475553750353505
2018-08-26 11:00:00+02:00,52.876259332430784
2018-08-26 12:00:00+02:00,52.43905850357264
2018-08-26 13:00:00+02:00,52.7813952783304
2018-08-26 14:00:00+02:00,53.31156416392864
2018-08-26 15:00:00+02:00,50.95300040543037
2018-08-26 16:00:00+02:00,50.0299734925196
2018-08-26 17:00:00+02:00,47.61155899203487
2018-08-26 18:00:00+02:00,49.80995201739903
2018-08-26 19:00:00+02:00,51.634161886830164
2018-08-26 20:00:00+02:00,59.34879832696158
2018-08-26 21:00:00+02:00,59.672513473228456
2018-08-26 22:00:00+02:00,60.87214517870455
2018-08-26 23:00:00+02:00,56.882608258796395
2018-08-27 00:00:00+02:00,55.22364079267811
2018-08-27 01:00:00+02:00,49.91227357877311
2018-08-27 02:00:00+02:00,49.05338551146769
2018-08-27 03:00:00+02:00,48.333914993393236
2018-08-27 04:00:00+02:00,49.16375229527174
2018-08-27 05:00:00+02:00,49.06950122238599
2018-08-27 06:00:00+02:00,51.460839282245864
2018-08-27 07:00:00+02:00,56.54190342388919
2018-08-27 08:00:00+02:00,58.2768342508216
2018-08-27 09:00:00+02:00,59.10974550212253
2018-08-27 10:00:00+02:00,58.578401970742505
2018-08-27 11:00:00+02:00,59.54825408612641
2018-08-27 12:00:00+02:00,61.07831014811022
2018-08-27 13:00:00+02:00,61.37024645147662
2018-08-27 14:00:00+02:00,60.34516898886141
2018-08-27 15:00:00+02:00,61.85813021359699
2018-08-27 16:00:00+02:00,59.15963451201615
2018-08-27 17:00:00+02:00,59.14271293934078
2018-08-27 18:00:00+02:00,58.41745642605285
2018-08-27 19:00:00+02:00,57.66851606705154
2018-08-27 20:00:00+02:00,59.31717183835116
2018-08-27 21:00:00+02:00,60.4067676456969
2018-08-27 22:00:00+02:00,59.773914889760285
2018-08-27 23:00:00+02:00,57.145813680046594
2018-08-28 00:00:00+02:00,56.732604479452405
2018-08-28 01:00:00+02:00,52.89689427272803
2018-08-28 02:00:00+02:00,49.101408131822076
2018-08-28 03:00:00+02:00,49.27090635106908
2018-08-28 04:00:00+02:00,48.11389324581751
2018-08-28 05:00:00+02:00,47.321917417577914
2018-08-28 06:00:00+02:00,51.47848425639335
2018-08-28 07:00:00+02:00,53.49689667000347
2018-08-28 08:00:00+02:00,56.22034071927202
2018-08-28 09:00:00+02:00,57.51626845437168
2018-08-28 10:00:00+02:00,57.05569334513199
2018-08-28 11:00:00+02:00,57.5505788712872
2018-08-28 12:00:00+02:00,57.53784749669022
2018-08-28 13:00:00+02:00,57.98416430798517
2018-08-28 14:00:00+02:00,57.03421990901986
2018-08-28 15:00:00+02:00,54.790714939285536
2018-08-28 16:00:00+02:00,54.83819749304101
2018-08-28 17:00:00+02:00,54.61353270130066
2018-08-28 18:00:00+02:00,54.58888343787009
2018-08-28 19:00:00+02:00,55.15524215693991
2018-08-28 20:00:00+02:00,56.87633009316491
2018-08-28 21:00:00+02:00,57.183008961342225
2018-08-28 22:00:00+02:00,57.73492746217742
2018-08-28 23:00:00+02:00,54.26938775875274
2018-08-29 00:00:00+02:00,53.12337556493681
2018-08-29 01:00:00+02:00,52.36462010343791
2018-08-29 02:00:00+02:00,47.4238379132829
2018-08-29 03:00:00+02:00,47.24054156005804
2018-08-29 04:00:00+02:00,46.48760016353973
2018-08-29 05:00:00+02:00,47.62234456262823
2018-08-29 06:00:00+02:00,51.50239791551398
2018-08-29 07:00:00+02:00,52.21239692920991
2018-08-29 08:00:00+02:00,56.528741475195304
2018-08-29 09:00:00+02:00,56.47678513823524
2018-08-29 10:00:00+02:00,57.63439284841728
2018-08-29 11:00:00+02:00,58.863313131614014
2018-08-29 12:00:00+02:00,59.18299751796513
2018-08-29 13:00:00+02:00,59.02251054709093
2018-08-29 14:00:00+02:00,58.543659953599054
2018-08-29 15:00:00+02:00,57.60888058992891
2018-08-29 16:00:00+02:00,57.08302263473903
2018-08-29 17:00:00+02:00,55.09121645892291
2018-08-29 18:00:00+02:00,55.07390418604225
2018-08-29 19:00:00+02:00,54.88681165312084
2018-08-29 20:00:00+02:00,55.72881359785361
2018-08-29 21:00:00+02:00,57.33879654715999
2018-08-29 22:00:00+02:00,56.107706150799395
2018-08-29 23:00:00+02:00,53.15783374054502
2018-08-30 00:00:00+02:00,52.274161986489936
2018-08-30 01:00:00+02:00,50.8206869691867
2018-08-30 02:00:00+02:00,46.471331324757884
2018-08-30 03:00:00+02:00,46.17246813968898
2018-08-30 04:00:00+02:00,47.084735278055156
2018-08-30 05:00:00+02:00,48.43408579713127
2018-08-30 06:00:00+02:00,49.278579053481536
2018-08-30 07:00:00+02:00,52.68999598669497
2018-08-30 08:00:00+02:00,56.180932194685425
2018-08-30 09:00:00+02:00,56.62824843913865
2018-08-30 10:00:00+02:00,57.19460157085254
2018-08-30 11:00:00+02:00,58.09643078935834
2018-08-30 12:00:00+02:00,58.70326749393755
2018-08-30 13:00:00+02:00,59.27095110743747
2018-08-30 14:00:00+02:00,58.288717794404754
2018-08-30 15:00:00+02:00,57.42614342554281
2018-08-30 16:00:00+02:00,56.219692863325314
2018-08-30 17:00:00+02:00,56.22650692838725
2018-08-30 18:00:00+02:00,56.23660941091243
2018-08-30 19:00:00+02:00,55.46119505442277
2018-08-30 20:00:00+02:00,56.850100932833556
2018-08-30 21:00:00+02:00,57.862266695882276
2018-08-30 22:00:00+02:00,56.49501939828888
2018-08-30 23:00:00+02:00,51.950185098200905
2018-08-31 00:00:00+02:00,53.044453637449955
2018-08-31 01:00:00+02:00,50.11062224532982
2018-08-31 02:00:00+02:00,48.87030918406778
2018-08-31 03:00:00+02:00,47.186342566177096
2018-08-31 04:00:00+02:00,47.52023859363586
2018-08-31 05:00:00+02:00,46.41340205833275
2018-08-31 06:00:00+02:00,51.021181915962686
2018-08-31 07:00:00+02:00,52.07842767973184
2018-08-31 08:00:00+02:00,55.76551650863479
2018-08-31 09:00:00+02:00,56.363758956046574
2018-08-31 10:00:00+02:00,57.02601727345966
2018-08-31 11:00:00+02:00,57.42678425019129
2018-08-31 12:00:00+02:00,57.12511684057129
2018-08-31 13:00:00+02:00,58.625892458795626
2018-08-31 14:00:00+02:00,57.959471257710064
2018-08-31 15:00:00+02:00,56.38989967137278
2018-08-31 16:00:00+02:00,56.10960625561991
2018-08-31 17:00:00+02:00,55.242701456038986
2018-08-31 18:00:00+02:00,55.503130084015716
2018-08-31 19:00:00+02:00,55.1423955754163
2018-08-31 20:00:00+02:00,56.771575440369475
2018-08-31 21:00:00+02:00,58.21674957158367
2018-08-31 22:00:00+02:00,56.52827749144211
2018-08-31 23:00:00+02:00,51.826934929246384
2018-09-01 00:00:00+02:00,53.05636567647295
2018-09-01 01:00:00+02:00,49.744343938759926
2018-09-01 02:00:00+02:00,51.20944130417863
2018-09-01 03:00:00+02:00,49.35229570259927
2018-09-01 04:00:00+02:00,48.348820715393195
2018-09-01 05:00:00+02:00,47.303403799918804
2018-09-01 06:00:00+02:00,49.88898072042687
2018-09-01 07:00:00+02:00,49.7952316839555
2018-09-01 08:00:00+02:00,50.142983823398986
2018-09-01 09:00:00+02:00,52.72183390662956
2018-09-01 10:00:00+02:00,53.57241896528411
2018-09-01 11:00:00+02:00,53.9529019371458
2018-09-01 12:00:00+02:00,53.610273855479804
2018-09-01 13:00:00+02:00,54.088902562708704
2018-09-01 14:00:00+02:00,53.92724077057699
2018-09-01 15:00:00+02:00,52.13262252111203
2018-09-01 16:00:00+02:00,51.57288268662972
2018-09-01 17:00:00+02:00,51.26572385348658
2018-09-01 18:00:00+02:00,50.75391553460375
2018-09-01 19:00:00+02:00,53.08347880770623
2018-09-01 20:00:00+02:00,56.30204050882036
2018-09-01 21:00:00+02:00,59.79658333057083
2018-09-01 22:00:00+02:00,57.7162564649247
2018-09-01 23:00:00+02:00,55.54825656935455
2018-09-02 00:00:00+02:00,55.97344221930075
2018-09-02 01:00:00+02:00,54.13059965884867
2018-09-02 02:00:00+02:00,50.81074277570786
2018-09-02 03:00:00+02:00,50.11998113457164
2018-09-02 04:00:00+02:00,46.94272792360218
2018-09-02 05:00:00+02:00,47.16340494131727
2018-09-02 06:00:00+02:00,48.14916085398274
2018-09-02 07:00:00+02:00,49.84553778026465
2018-09-02 08:00:00+02:00,49.344600138500184
2018-09-02 09:00:00+02:00,51.35770728721301
2018-09-02 10:00:00+02:00,51.79089884451532
2018-09-02 11:00:00+02:00,52.88396785116608
2018-09-02 12:00:00+02:00,52.30615893949329
2018-09-02 13:00:00+02:00,54.51643725957457
2018-09-02 14:00:00+02:00,53.20800833408569
2018-09-02 15:00:00+02:00,50.372230856525526
2018-09-02 16:00:00+02:00,50.28308137484719
2018-09-02 17:00:00+02:00,50.99619915943411
2018-09-02 18:00:00+02:00,54.401367122641155
2018-09-02 19:00:00+02:00,59.84040639195255
2018-09-02 20:00:00+02:00,64.81176404557354
2018-09-02 21:00:00+02:00,67.33773406541778
2018-09-02 22:00:00+02:00,63.67538947589517
2018-09-02 23:00:00+02:00,61.95962024225332
2018-09-03 00:00:00+02:00,60.053321054942856
2018-09-03 01:00:00+02:00,55.86938043210119
2018-09-03 02:00:00+02:00,51.06756386026179
2018-09-03 03:00:00+02:00,48.88094927892761
2018-09-03 04:00:00+02:00,48.364989924150144
2018-09-03 05:00:00+02:00,49.90751533031652
2018-09-03 06:00:00+02:00,55.08944650599555
2018-09-03 07:00:00+02:00,59.03971308693432
2018-09-03 08:00:00+02:00,65.74342151315008
2018-09-03 09:00:00+02:00,67.61842011544671
2018-09-03 10:00:00+02:00,68.27035335553836
2018-09-03 11:00:00+02:00,67.88551356728456
2018-09-03 12:00:00+02:00,66.80886215712103
2018-09-03 13:00:00+02:00,66.65687750836827
2018-09-03 14:00:00+02:00,65.59332294351525
2018-09-03 15:00:00+02:00,65.59222231183577
2018-09-03 16:00:00+02:00,66.05802571889346
2018-09-03 17:00:00+02:00,65.663141887626
2018-09-03 18:00:00+02:00,64.49040502993799
2018-09-03 19:00:00+02:00,65.1157133741038
2018-09-03 20:00:00+02:00,65.16861346143416
2018-09-03 21:00:00+02:00,70.19256377976043
2018-09-03 22:00:00+02:00,66.42762287037411
2018-09-03 23:00:00+02:00,62.68455551227122
2018-09-04 00:00:00+02:00,55.41957899483689
2018-09-04 01:00:00+02:00,52.74790439583926
2018-09-04 02:00:00+02:00,48.190862339635935
2018-09-04 03:00:00+02:00,46.17586539918443
2018-09-04 04:00:00+02:00,46.78132952987508
2018-09-04 05:00:00+02:00,46.26243863893944
2018-09-04 06:00:00+02:00,51.03672703891181
2018-09-04 07:00:00+02:00,57.17012775289444
2018-09-04 08:00:00+02:00,61.57953459761657
2018-09-04 09:00:00+02:00,64.55850213759945
2018-09-04 10:00:00+02:00,64.47034430550985
2018-09-04 11:00:00+02:00,64.20094825699528
2018-09-04 12:00:00+02:00,62.854160868152555
2018-09-04 13:00:00+02:00,66.12705817233487
2018-09-04 14:00:00+02:00,62.78410238210173
2018-09-04 15:00:00+02:00,61.40642287023108
2018-09-04 16:00:00+02:00,60.55273760024608
2018-09-04 17:00:00+02:00,60.309702473153926
2018-09-04 18:00:00+02:00,61.37618098816509
2018-09-04 19:00:00+02:00,63.56675871673708
2018-09-04 20:00:00+02:00,66.03820280376078
2018-09-04 21:00:00+02:00,64.08979877140243
2018-09-04 22:00:00+02:00,60.921883092909404
2018-09-04 23:00:00+02:00,56.36206955431058
2018-09-05 00:00:00+02:00,56.51045053202366
2018-09-05 01:00:00+02:00,55.85453862488096
2018-09-05 02:00:00+02:00,51.64193702702646
2018-09-05 03:00:00+02:00,49.356107127096394
2018-09-05 04:00:00+02:00,48.89980844947694
2018-09-05 05:00:00+02:00,52.33040673356765
2018-09-05 06:00:00+02:00,53.508122356909446
2018-09-05 07:00:00+02:00,57.47074017663401
2018-09-05 08:00:00+02:00,62.36279569778674
2018-09-05 09:00:00+02:00,63.5595686030829
2018-09-05 10:00:00+02:00,64.18296899409245
2018-09-05 11:00:00+02:00,63.495084814539396
2018-09-05 12:00:00+02:00,63.773224666562946
2018-09-05 13:00:00+02:00,63.483687108789674
2018-09-05 14:00:00+02:00,63.14073327565643
2018-09-05 15:00:00+02:00,61.80350900077262
2018-09-05 16:00:00+02:00,60.27750881803555
2018-09-05 17:00:00+02:00,61.693191646728415
2018-09-05 18:00:00+02:00,59.97217412254581
2018-09-05 19:00:00+02:00,62.211970077206516
2018-09-05 20:00:00+02:00,63.902323638184946
2018-09-05 21:00:00+02:00,64.18269538314834
2018-09-05 22:00:00+02:00,62.93084535158432
2018-09-05 23:00:00+02:00,56.76341594873283
2018-09-06 00:00:00+02:00,57.29976132626394
2018-09-06 01:00:00+02:00,54.56178294030197
2018-09-06 02:00:00+02:00,48.47909016312911
2018-09-06 03:00:00+02:00,48.64926308062491
2018-09-06 04:00:00+02:00,49.101806864020126
2018-09-06 05:00:00+02:00,50.3211026140475
2018-09-06 06:00:00+02:00,56.12703524978142
2018-09-06 07:00:00+02:00,58.40789568134282
2018-09-06 08:00:00+02:00,62.59373013411409
2018-09-06 09:00:00+02:00,64.3087649439294
2018-09-06 10:00:00+02:00,63.606810675421436
2018-09-06 11:00:00+02:00,63.54021574972546
2018-09-06 12:00:00+02:00,63.86154369576582
2018-09-06 13:00:00+02:00,64.78937253323829
2018-09-06 14:00:00+02:00,64.81879086246147
2018-09-06 15:00:00+02:00,61.99588275683748
2018-09-06 16:00:00+02:00,61.44669996010917
2018-09-06 17:00:00+02:00,60.69110882971653
2018-09-06 18:00:00+02:00,59.55394577559462
2018-09-06 19:00:00+02:00,59.18779950697093
2018-09-06 20:00:00+02:00,62.21323685949872
2018-09-06 21:00:00+02:00,66.44102297158926
2018-09-06 22:00:00+02:00,62.20012171977497
2018-09-06 23:00:00+02:00,58.26509973055066
2018-09-07 00:00:00+02:00,56.843166993696386
2018-09-07 01:00:00+02:00,52.9600798040145
2018-09-07 02:00:00+02:00,50.03603102123695
2018-09-07 03:00:00+02:00,51.05647341194561
2018-09-07 04:00:00+02:00,50.783765776224634
2018-09-07 05:00:00+02:00,51.43056337434649
2018-09-07 06:00:00+02:00,53.61492790197267
2018-09-07 07:00:00+02:00,57.597238108544204
2018-09-07 08:00:00+02:00,60.28194158829471
2018-09-07 09:00:00+02:00,60.316562801025874
2018-09-07 10:00:00+02:00,60.892954086367375
2018-09-07 11:00:00+02:00,61.91320937451242
2018-09-07 12:00:00+02:00,61.707761747911356
2018-09-07 13:00:00+02:00,62.287449672152945
2018-09-07 14:00:00+02:00,60.980319110227846
2018-09-07 15:00:00+02:00,59.0940549722787
2018-09-07 16:00:00+02:00,58.731905871371225
2018-09-07 17:00:00+02:00,58.890186410461084
2018-09-07 18:00:00+02:00,59.51606968516883
2018-09-07 19:00:00+02:00,58.582099751285305
2018-09-07 20:00:00+02:00,61.0129044166555
2018-09-07 21:00:00+02:00,63.91266379193315
2018-09-07 22:00:00+02:00,61.84330120398676
2018-09-07 23:00:00+02:00,58.00482095925926
2018-09-08 00:00:00+02:00,56.7193267769364
2018-09-08 01:00:00+02:00,55.73590405093081
2018-09-08 02:00:00+02:00,54.43095958381086
2018-09-08 03:00:00+02:00,52.83015450574576
2018-09-08 04:00:00+02:00,52.46462074595715
2018-09-08 05:00:00+02:00,52.73288309349786
2018-09-08 06:00:00+02:00,53.118266677008016
2018-09-08 07:00:00+02:00,54.127508016271115
2018-09-08 08:00:00+02:00,53.778913123512986
2018-09-08 09:00:00+02:00,55.53419357698522
2018-09-08 10:00:00+02:00,57.16725697841368
2018-09-08 11:00:00+02:00,57.68347659975683
2018-09-08 12:00:00+02:00,58.55575835149795
2018-09-08 13:00:00+02:00,59.95320450004417
2018-09-08 14:00:00+02:00,58.56980124927114
2018-09-08 15:00:00+02:00,56.36908130579686
2018-09-08 16:00:00+02:00,57.14365211795049
2018-09-08 17:00:00+02:00,57.359612661772864
2018-09-08 18:00:00+02:00,57.12944978874774
2018-09-08 19:00:00+02:00,58.88439044658586
2018-09-08 20:00:00+02:00,60.69362375505281
2018-09-08 21:00:00+02:00,61.964324905442886
2018-09-08 22:00:00+02:00,59.2080631946362
2018-09-08 23:00:00+02:00,56.900967664409
2018-09-09 00:00:00+02:00,54.72200625902487
2018-09-09 01:00:00+02:00,52.37450708175004
2018-09-09 02:00:00+02:00,51.4863214765631
2018-09-09 03:00:00+02:00,51.68582837719014
2018-09-09 04:00:00+02:00,50.39774748466015
2018-09-09 05:00:00+02:00,49.921278096472584
2018-09-09 06:00:00+02:00,51.527841857251815
2018-09-09 07:00:00+02:00,50.769648509655184
2018-09-09 08:00:00+02:00,52.77349152287879
2018-09-09 09:00:00+02:00,54.80261074097534
2018-09-09 10:00:00+02:00,54.93962779776343
2018-09-09 11:00:00+02:00,55.66126368620229
2018-09-09 12:00:00+02:00,55.11885592637177
2018-09-09 13:00:00+02:00,55.217598140315495
2018-09-09 14:00:00+02:00,55.95150381268519
2018-09-09 15:00:00+02:00,54.74322902096857
2018-09-09 16:00:00+02:00,54.42389005426374
2018-09-09 17:00:00+02:00,54.37062257846913
2018-09-09 18:00:00+02:00,53.95477956232202
2018-09-09 19:00:00+02:00,56.98679756542417
2018-09-09 20:00:00+02:00,62.39975327565498
2018-09-09 21:00:00+02:00,62.378918216800635
2018-09-09 22:00:00+02:00,60.126282091164924
2018-09-09 23:00:00+02:00,58.72825342519101
2018-09-10 00:00:00+02:00,56.02704813397636
2018-09-10 01:00:00+02:00,53.64371413858945
2018-09-10 02:00:00+02:00,50.259428733339085
2018-09-10 03:00:00+02:00,49.11106454459591
2018-09-10 04:00:00+02:00,49.0191292199575
2018-09-10 05:00:00+02:00,48.84058987429212
2018-09-10 06:00:00+02:00,53.55307160383761
2018-09-10 07:00:00+02:00,58.376873287252806
2018-09-10 08:00:00+02:00,63.09664958416745
2018-09-10 09:00:00+02:00,63.51651618970518
2018-09-10 10:00:00+02:00,63.128229027103494
2018-09-10 11:00:00+02:00,63.18584673818357
2018-09-10 12:00:00+02:00,62.765840444316304
2018-09-10 13:00:00+02:00,61.61229527809175
2018-09-10 14:00:00+02:00,61.22057385803984
2018-09-10 15:00:00+02:00,62.03065040931649
2018-09-10 16:00:00+02:00,60.53538485923333
2018-09-10 17:00:00+02:00,60.9907942425075
2018-09-10 18:00:00+02:00,60.75936856828698
2018-09-10 19:00:00+02:00,60.82231715308558
2018-09-10 20:00:00+02:00,61.35792539174929
2018-09-10 21:00:00+02:00,63.09758390130674
2018-09-10 22:00:00+02:00,59.93683297953103
2018-09-10 23:00:00+02:00,56.80505186323855
2018-09-11 00:00:00+02:00,56.98040469237711
2018-09-11 01:00:00+02:00,54.6097928161501
2018-09-11 02:00:00+02:00,50.56173979298693
2018-09-11 03:00:00+02:00,51.03299177455558
2018-09-11 04:00:00+02:00,50.69599177145475
2018-09-11 05:00:00+02:00,51.41318115197887
2018-09-11 06:00:00+02:00,54.985069132292395
2018-09-11 07:00:00+02:00,55.392007858238394
2018-09-11 08:00:00+02:00,60.20883671331626
2018-09-11 09:00:00+02:00,60.102708110217385
2018-09-11 10:00:00+02:00,58.60880280254096
2018-09-11 11:00:00+02:00,60.054762141978195
2018-09-11 12:00:00+02:00,59.88801264406997
2018-09-11 13:00:00+02:00,59.64818129979754
2018-09-11 14:00:00+02:00,58.20457836294921
2018-09-11 15:00:00+02:00,58.35266503000769
2018-09-11 16:00:00+02:00,58.26677123608517
2018-09-11 17:00:00+02:00,58.785219339517795
2018-09-11 18:00:00+02:00,60.07464420395487
2018-09-11 19:00:00+02:00,62.05739886959221
2018-09-11 20:00:00+02:00,60.941241657351085
2018-09-11 21:00:00+02:00,63.599026658708766
2018-09-11 22:00:00+02:00,59.557186876782964
2018-09-11 23:00:00+02:00,56.97499036001436
2018-09-12 00:00:00+02:00,56.01339188903583
2018-09-12 01:00:00+02:00,50.81679064534088
2018-09-12 02:00:00+02:00,49.62719362211226
2018-09-12 03:00:00+02:00,48.77843230393285
2018-09-12 04:00:00+02:00,50.645604776693126
2018-09-12 05:00:00+02:00,50.91731257816451
2018-09-12 06:00:00+02:00,54.981515053527005
2018-09-12 07:00:00+02:00,57.9607377420561
2018-09-12 08:00:00+02:00,60.38674534322659
2018-09-12 09:00:00+02:00,61.329637092223635
2018-09-12 10:00:00+02:00,61.22478537984807
2018-09-12 11:00:00+02:00,60.49538360739606
2018-09-12 12:00:00+02:00,60.14619505225365
2018-09-12 13:00:00+02:00,60.789666368410806
2018-09-12 14:00:00+02:00,59.850464076640066
2018-09-12 15:00:00+02:00,57.42996808440384
2018-09-12 16:00:00+02:00,57.58261024919301
2018-09-12 17:00:00+02:00,57.25453736512714
2018-09-12 18:00:00+02:00,58.689614527893596
2018-09-12 19:00:00+02:00,59.10874851733557
2018-09-12 20:00:00+02:00,60.186915165965615
2018-09-12 21:00:00+02:00,61.72022063111343
2018-09-12 22:00:00+02:00,59.77523811388124
2018-09-12 23:00:00+02:00,55.72981187681341
2018-09-13 00:00:00+02:00,54.07168200531927
2018-09-13 01:00:00+02:00,52.58961240668988
2018-09-13 02:00:00+02:00,50.533005564605745
2018-09-13 03:00:00+02:00,50.16196173902419
2018-09-13 04:00:00+02:00,51.21455040135171
2018-09-13 05:00:00+02:00,51.57633387150451
2018-09-13 06:00:00+02:00,53.81148346256346
2018-09-13 07:00:00+02:00,59.125298516540816
2018-09-13 08:00:00+02:00,60.48256292410695
2018-09-13 09:00:00+02:00,60.92229214273139
2018-09-13 10:00:00+02:00,60.515073245724096
2018-09-13 11:00:00+02:00,60.19295804354279
2018-09-13 12:00:00+02:00,60.41246799571861
2018-09-13 13:00:00+02:00,59.61422474918404
2018-09-13 14:00:00+02:00,58.45115575111158
2018-09-13 15:00:00+02:00,58.019387108840434
2018-09-13 16:00:00+02:00,57.57332093054716
2018-09-13 17:00:00+02:00,57.52767006731699
2018-09-13 18:00:00+02:00,57.875899685437524
2018-09-13 19:00:00+02:00,59.28492679543547
2018-09-13 20:00:00+02:00,60.26586374230028
2018-09-13 21:00:00+02:00,60.44034704488769
2018-09-13 22:00:00+02:00,59.4387392937386
2018-09-13 23:00:00+02:00,54.85604161435904
2018-09-14 00:00:00+02:00,54.974335727539525
2018-09-14 01:00:00+02:00,50.34958921399631
2018-09-14 02:00:00+02:00,48.8065189961313
2018-09-14 03:00:00+02:00,48.58663110361121
2018-09-14 04:00:00+02:00,49.20835281552833
2018-09-14 05:00:00+02:00,50.29140879630536
2018-09-14 06:00:00+02:00,53.65565862475567
2018-09-14 07:00:00+02:00,54.34641884130282
2018-09-14 08:00:00+02:00,59.673952522862976
2018-09-14 09:00:00+02:00,59.325966904575765
2018-09-14 10:00:00+02:00,58.82848927288861
2018-09-14 11:00:00+02:00,57.390138392321056
2018-09-14 12:00:00+02:00,57.46868085165592
2018-09-14 13:00:00+02:00,56.33077721136198
2018-09-14 14:00:00+02:00,56.47781015833837
2018-09-14 15:00:00+02:00,55.126542871005334
2018-09-14 16:00:00+02:00,55.1724705954504
2018-09-14 17:00:00+02:00,55.961919404040614
2018-09-14 18:00:00+02:00,57.41088109684023
2018-09-14 19:00:00+02:00,59.32802006162095
2018-09-14 20:00:00+02:00,60.24875555366434
2018-09-14 21:00:00+02:00,59.222393340166136
2018-09-14 22:00:00+02:00,57.45829236358833
2018-09-14 23:00:00+02:00,53.35556142604414
2018-09-15 00:00:00+02:00,55.45668524118097
2018-09-15 01:00:00+02:00,53.42470041058167
2018-09-15 02:00:00+02:00,49.78715461365498
2018-09-15 03:00:00+02:00,48.73405482095904
2018-09-15 04:00:00+02:00,46.874387261941585
2018-09-15 05:00:00+02:00,48.535832317154465
2018-09-15 06:00:00+02:00,49.77044573123121
2018-09-15 07:00:00+02:00,48.51929445247947
2018-09-15 08:00:00+02:00,53.02602161585981
2018-09-15 09:00:00+02:00,55.173403206241325
2018-09-15 10:00:00+02:00,56.632836949676296
2018-09-15 11:00:00+02:00,55.88861166781787
2018-09-15 12:00:00+02:00,57.71423105211496
2018-09-15 13:00:00+02:00,58.955371146077994
2018-09-15 14:00:00+02:00,59.47589082718489
2018-09-15 15:00:00+02:00,54.5673584296183
2018-09-15 16:00:00+02:00,51.80506857205405
2018-09-15 17:00:00+02:00,53.58403476149157
2018-09-15 18:00:00+02:00,55.966514196978366
2018-09-15 19:00:00+02:00,58.305039683321446
2018-09-15 20:00:00+02:00,61.22872773439796
2018-09-15 21:00:00+02:00,62.53338533377314
2018-09-15 22:00:00+02:00,58.22759213319477
2018-09-15 23:00:00+02:00,56.76950602521552
2018-09-16 00:00:00+02:00,56.39071136668878
2018-09-16 01:00:00+02:00,53.71485319354135
2018-09-16 02:00:00+02:00,51.16558996443563
2018-09-16 03:00:00+02:00,51.936508860442146
2018-09-16 04:00:00+02:00,50.27485320827244
2018-09-16 05:00:00+02:00,50.36556244420828
2018-09-16 06:00:00+02:00,49.78068118861882
2018-09-16 07:00:00+02:00,50.050219383265194
2018-09-16 08:00:00+02:00,49.19621944231318
2018-09-16 09:00:00+02:00,50.47159218272104
2018-09-16 10:00:00+02:00,52.37543183023868
2018-09-16 11:00:00+02:00,51.86300598221961
2018-09-16 12:00:00+02:00,50.516470506561134
2018-09-16 13:00:00+02:00,50.56146239736955
2018-09-16 14:00:00+02:00,51.38509852798816
2018-09-16 15:00:00+02:00,49.35389462214401
2018-09-16 16:00:00+02:00,48.30633349658782
2018-09-16 17:00:00+02:00,48.758418512697475
2018-09-16 18:00:00+02:00,51.753739191708384
2018-09-16 19:00:00+02:00,55.48496659968366
2018-09-16 20:00:00+02:00,60.30312853604426
2018-09-16 21:00:00+02:00,62.886208524236295
2018-09-16 22:00:00+02:00,62.46917106348835
2018-09-16 23:00:00+02:00,59.304708923553164
2018-09-17 00:00:00+02:00,55.733157782108094
2018-09-17 01:00:00+02:00,52.57595656942331
2018-09-17 02:00:00+02:00,49.81525391002351
2018-09-17 03:00:00+02:00,49.42912555342173
2018-09-17 04:00:00+02:00,48.16535919742852
2018-09-17 05:00:00+02:00,48.553009462061304
2018-09-17 06:00:00+02:00,53.2305187622303
2018-09-17 07:00:00+02:00,53.202628873430875
2018-09-17 08:00:00+02:00,57.587860314583736
2018-09-17 09:00:00+02:00,58.16588304046329
2018-09-17 10:00:00+02:00,59.15930159349515
2018-09-17 11:00:00+02:00,59.53237221317628
2018-09-17 12:00:00+02:00,60.51562180916186
2018-09-17 13:00:00+02:00,59.35835298924821
2018-09-17 14:00:00+02:00,57.91458419258007
2018-09-17 15:00:00+02:00,58.297252269014564
2018-09-17 16:00:00+02:00,58.01797698816822
2018-09-17 17:00:00+02:00,58.026979993589386
2018-09-17 18:00:00+02:00,56.72001884694125
2018-09-17 19:00:00+02:00,58.209341397887
2018-09-17 20:00:00+02:00,59.584570379517224
2018-09-17 21:00:00+02:00,59.63802595691024
2018-09-17 22:00:00+02:00,57.8084568853732
2018-09-17 23:00:00+02:00,54.741045222807834
2018-09-18 00:00:00+02:00,56.144558496643896
2018-09-18 01:00:00+02:00,50.59717969304424
2018-09-18 02:00:00+02:00,47.92807217309285
2018-09-18 03:00:00+02:00,48.48685474701836
2018-09-18 04:00:00+02:00,49.279889074149345
2018-09-18 05:00:00+02:00,48.9362229144186
2018-09-18 06:00:00+02:00,54.29248480316559
2018-09-18 07:00:00+02:00,55.66869260668539
2018-09-18 08:00:00+02:00,58.27592619686863
2018-09-18 09:00:00+02:00,58.75557382201637
2018-09-18 10:00:00+02:00,59.38930199096112
2018-09-18 11:00:00+02:00,58.755000076009054
2018-09-18 12:00:00+02:00,59.49544234765795
2018-09-18 13:00:00+02:00,58.9594153178509
2018-09-18 14:00:00+02:00,57.72284362774058
2018-09-18 15:00:00+02:00,56.62763211174573
2018-09-18 16:00:00+02:00,55.84891664263892
2018-09-18 17:00:00+02:00,57.00447512907325
2018-09-18 18:00:00+02:00,56.65841946652149
2018-09-18 19:00:00+02:00,58.93334233615738
2018-09-18 20:00:00+02:00,60.738245108930094
2018-09-18 21:00:00+02:00,60.6595906151469
2018-09-18 22:00:00+02:00,58.40808284338437
2018-09-18 23:00:00+02:00,55.87559931821238
2018-09-19 00:00:00+02:00,56.90844715431316
2018-09-19 01:00:00+02:00,53.927672650050425
2018-09-19 02:00:00+02:00,50.75897842151931
2018-09-19 03:00:00+02:00,50.491214588351276
2018-09-19 04:00:00+02:00,50.468534849026966
2018-09-19 05:00:00+02:00,50.59075922184028
2018-09-19 06:00:00+02:00,53.54883399661243
2018-09-19 07:00:00+02:00,54.69233650189492
2018-09-19 08:00:00+02:00,58.91921331976714
2018-09-19 09:00:00+02:00,59.257287133545105
2018-09-19 10:00:00+02:00,58.02984956313119
2018-09-19 11:00:00+02:00,57.382654973273205
2018-09-19 12:00:00+02:00,57.490307846866685
2018-09-19 13:00:00+02:00,59.244602868330375
2018-09-19 14:00:00+02:00,58.34555704715438
2018-09-19 15:00:00+02:00,57.88977267140106
2018-09-19 16:00:00+02:00,57.499878491328765
2018-09-19 17:00:00+02:00,58.41844017534853
2018-09-19 18:00:00+02:00,58.26237646665154
2018-09-19 19:00:00+02:00,58.05696156239435
2018-09-19 20:00:00+02:00,59.85310189206365
2018-09-19 21:00:00+02:00,60.833594492710674
2018-09-19 22:00:00+02:00,58.538066523530254
2018-09-19 23:00:00+02:00,56.155628779145026
2018-09-20 00:00:00+02:00,55.7539552591601
2018-09-20 01:00:00+02:00,54.14294053705078
2018-09-20 02:00:00+02:00,52.42225133585766
2018-09-20 03:00:00+02:00,51.94957416073362
2018-09-20 04:00:00+02:00,52.14433149413155
2018-09-20 05:00:00+02:00,52.27143623891273
2018-09-20 06:00:00+02:00,54.17022999769714
2018-09-20 07:00:00+02:00,54.88019398929411
2018-09-20 08:00:00+02:00,59.6022927643927
2018-09-20 09:00:00+02:00,59.23142917151289
2018-09-20 10:00:00+02:00,59.107440411186815
2018-09-20 11:00:00+02:00,57.898189930570645
2018-09-20 12:00:00+02:00,58.041277312987916
2018-09-20 13:00:00+02:00,60.83924229846938
2018-09-20 14:00:00+02:00,57.96268783621695
2018-09-20 15:00:00+02:00,58.52077484228609
2018-09-20 16:00:00+02:00,58.52993580610724
2018-09-20 17:00:00+02:00,60.13979177629519
2018-09-20 18:00:00+02:00,59.63929578538029
2018-09-20 19:00:00+02:00,60.26786144015186
2018-09-20 20:00:00+02:00,61.52924946767383
2018-09-20 21:00:00+02:00,62.865091996883045
2018-09-20 22:00:00+02:00,59.695278196935604
2018-09-20 23:00:00+02:00,56.445662879388316
2018-09-21 00:00:00+02:00,57.30893603786707
2018-09-21 01:00:00+02:00,54.35562728291669
2018-09-21 02:00:00+02:00,51.49079296619175
2018-09-21 03:00:00+02:00,48.873822781561564
2018-09-21 04:00:00+02:00,51.34093494414215
2018-09-21 05:00:00+02:00,50.502204989024705
2018-09-21 06:00:00+02:00,53.41151327613662
2018-09-21 07:00:00+02:00,54.78743235243038
2018-09-21 08:00:00+02:00,60.929431055080464
2018-09-21 09:00:00+02:00,60.49626111518277
2018-09-21 10:00:00+02:00,60.12392686241369
2018-09-21 11:00:00+02:00,58.53070993284793
2018-09-21 12:00:00+02:00,60.94283354436569
2018-09-21 13:00:00+02:00,60.24131114210012
2018-09-21 14:00:00+02:00,59.330648702870285
2018-09-21 15:00:00+02:00,57.8734067984362
2018-09-21 16:00:00+02:00,58.79012601096509
2018-09-21 17:00:00+02:00,59.624164591242184
2018-09-21 18:00:00+02:00,58.93759102927853
2018-09-21 19:00:00+02:00,59.97172550013397
2018-09-21 20:00:00+02:00,61.993474389041474
2018-09-21 21:00:00+02:00,62.856496521473346
2018-09-21 22:00:00+02:00,59.17392998754554
2018-09-21 23:00:00+02:00,55.63464347228227
2018-09-22 00:00:00+02:00,56.70709436029978
2018-09-22 01:00:00+02:00,54.31283867861082
2018-09-22 02:00:00+02:00,51.65042879391672
2018-09-22 03:00:00+02:00,49.271482100784596
2018-09-22 04:00:00+02:00,47.954887371798925
2018-09-22 05:00:00+02:00,47.87477973065985
2018-09-22 06:00:00+02:00,51.77312529704787
2018-09-22 07:00:00+02:00,52.897569274760585
2018-09-22 08:00:00+02:00,54.59315310468536
2018-09-22 09:00:00+02:00,54.42461299274481
2018-09-22 10:00:00+02:00,55.69789452380164
2018-09-22 11:00:00+02:00,55.756886795277445
2018-09-22 12:00:00+02:00,55.577208982299005
2018-09-22 13:00:00+02:00,57.812461636367075
2018-09-22 14:00:00+02:00,55.282656716084766
2018-09-22 15:00:00+02:00,55.27125972567621
2018-09-22 16:00:00+02:00,54.24594150693627
2018-09-22 17:00:00+02:00,53.66726634053621
2018-09-22 18:00:00+02:00,54.80340663843322
2018-09-22 19:00:00+02:00,57.39437569886513
2018-09-22 20:00:00+02:00,60.3818731510153
2018-09-22 21:00:00+02:00,63.735910439479795
2018-09-22 22:00:00+02:00,57.759908243433244
2018-09-22 23:00:00+02:00,55.74771920266575
2018-09-23 00:00:00+02:00,57.42854405909277
2018-09-23 01:00:00+02:00,55.4685463932054
2018-09-23 02:00:00+02:00,52.74316365781461
2018-09-23 03:00:00+02:00,52.169553986698446
2018-09-23 04:00:00+02:00,50.92206992474482
2018-09-23 05:00:00+02:00,50.883736055732406
2018-09-23 06:00:00+02:00,51.77962862592088
2018-09-23 07:00:00+02:00,50.565276122285205
2018-09-23 08:00:00+02:00,50.14478402568688
2018-09-23 09:00:00+02:00,52.00939982598286
2018-09-23 10:00:00+02:00,52.74157539505513
2018-09-23 11:00:00+02:00,52.501357875484445
2018-09-23 12:00:00+02:00,53.65187819571249
2018-09-23 13:00:00+02:00,53.79672066767691
2018-09-23 14:00:00+02:00,53.09657878667534
2018-09-23 15:00:00+02:00,50.952415899354406
2018-09-23 16:00:00+02:00,50.47947621402203
2018-09-23 17:00:00+02:00,49.925231652248975
2018-09-23 18:00:00+02:00,49.829265952507384
2018-09-23 19:00:00+02:00,55.56113867383118
2018-09-23 20:00:00+02:00,60.840975392216585
2018-09-23 21:00:00+02:00,63.41753023961245
2018-09-23 22:00:00+02:00,60.750965811781015
2018-09-23 23:00:00+02:00,57.609777935993655
2018-09-24 00:00:00+02:00,56.85357463332731
2018-09-24 01:00:00+02:00,52.756057344215506
2018-09-24 02:00:00+02:00,48.97407255634019
2018-09-24 03:00:00+02:00,49.16012440324891
2018-09-24 04:00:00+02:00,48.00874690361834
2018-09-24 05:00:00+02:00,47.06893491042605
2018-09-24 06:00:00+02:00,52.754339337532954
2018-09-24 07:00:00+02:00,55.117400559828376
2018-09-24 08:00:00+02:00,59.02701879482336
2018-09-24 09:00:00+02:00,59.78915597429242
2018-09-24 10:00:00+02:00,59.615920804769246
2018-09-24 11:00:00+02:00,59.05489627060818
2018-09-24 12:00:00+02:00,60.43857176226258
2018-09-24 13:00:00+02:00,61.21315351445173
2018-09-24 14:00:00+02:00,60.07904097080937
2018-09-24 15:00:00+02:00,58.332432423284374
2018-09-24 16:00:00+02:00,58.556693159617446
2018-09-24 17:00:00+02:00,57.478097995267156
2018-09-24 18:00:00+02:00,57.929791791661636
2018-09-24 19:00:00+02:00,57.30068190287434
2018-09-24 20:00:00+02:00,60.062676685953
2018-09-24 21:00:00+02:00,61.14234456831678
2018-09-24 22:00:00+02:00,58.19997232949466
2018-09-24 23:00:00+02:00,54.949573114472734
2018-09-25 00:00:00+02:00,53.80703375979697
2018-09-25 01:00:00+02:00,51.90777162433887
2018-09-25 02:00:00+02:00,49.50709708365972
2018-09-25 03:00:00+02:00,48.223924410307156
2018-09-25 04:00:00+02:00,49.0310443937549
2018-09-25 05:00:00+02:00,50.596097463317754
2018-09-25 06:00:00+02:00,53.271902289501824
2018-09-25 07:00:00+02:00,57.186545503090876
2018-09-25 08:00:00+02:00,61.08313343917389
2018-09-25 09:00:00+02:00,61.386589522472235
2018-09-25 10:00:00+02:00,60.51191715118259
2018-09-25 11:00:00+02:00,60.08217732318295
2018-09-25 12:00:00+02:00,59.75682492240084
2018-09-25 13:00:00+02:00,59.48687945163158
2018-09-25 14:00:00+02:00,57.88272846044464
2018-09-25 15:00:00+02:00,59.10881081563282
2018-09-25 16:00:00+02:00,58.09068173444863
2018-09-25 17:00:00+02:00,59.17854933585141
2018-09-25 18:00:00+02:00,59.54175019174932
2018-09-25 19:00:00+02:00,59.11604861960044
2018-09-25 20:00:00+02:00,59.68337787575283
2018-09-25 21:00:00+02:00,62.77593285747713
2018-09-25 22:00:00+02:00,60.41917550624712
2018-09-25 23:00:00+02:00,56.34360502099673
2018-09-26 00:00:00+02:00,53.488165744820584
2018-09-26 01:00:00+02:00,47.36937684090491
2018-09-26 02:00:00+02:00,46.5272293799687
2018-09-26 03:00:00+02:00,47.792145457947235
2018-09-26 04:00:00+02:00,50.222072957070715
2018-09-26 05:00:00+02:00,50.44819385337403
2018-09-26 06:00:00+02:00,51.246800111731424
2018-09-26 07:00:00+02:00,58.203793267728415
2018-09-26 08:00:00+02:00,59.5491006608823
2018-09-26 09:00:00+02:00,57.960349711477825
2018-09-26 10:00:00+02:00,60.64723358822762
2018-09-26 11:00:00+02:00,59.89522156874898
2018-09-26 12:00:00+02:00,60.672635185567195
2018-09-26 13:00:00+02:00,59.82941880821313
2018-09-26 14:00:00+02:00,58.773291197334466
2018-09-26 15:00:00+02:00,58.38004812601137
2018-09-26 16:00:00+02:00,57.779510391265006
2018-09-26 17:00:00+02:00,59.23602331385087
2018-09-26 18:00:00+02:00,58.82591673975781
2018-09-26 19:00:00+02:00,60.57912390355606
2018-09-26 20:00:00+02:00,61.80184230633866
2018-09-26 21:00:00+02:00,61.56801039840255
2018-09-26 22:00:00+02:00,61.033460727098564
2018-09-26 23:00:00+02:00,56.257461759033205
2018-09-27 00:00:00+02:00,51.34171839539426
2018-09-27 01:00:00+02:00,48.75648852827973
2018-09-27 02:00:00+02:00,49.223456369463875
2018-09-27 03:00:00+02:00,48.84596415599267
2018-09-27 04:00:00+02:00,47.61996097934041
2018-09-27 05:00:00+02:00,48.87881024236081
2018-09-27 06:00:00+02:00,52.494765256420955
2018-09-27 07:00:00+02:00,56.49362959768438
2018-09-27 08:00:00+02:00,59.75330232086655
2018-09-27 09:00:00+02:00,60.16078803741533
2018-09-27 10:00:00+02:00,59.06519072378451
2018-09-27 11:00:00+02:00,58.235088514723586
2018-09-27 12:00:00+02:00,60.074226332519295
2018-09-27 13:00:00+02:00,59.90773838637298
2018-09-27 14:00:00+02:00,59.22976013425613
2018-09-27 15:00:00+02:00,59.617832199803026
2018-09-27 16:00:00+02:00,58.90978551166362
2018-09-27 17:00:00+02:00,58.56404456923506
2018-09-27 18:00:00+02:00,60.007954467498074
2018-09-27 19:00:00+02:00,60.57434833607735
2018-09-27 20:00:00+02:00,62.1365765674271
2018-09-27 21:00:00+02:00,64.19629779435199
2018-09-27 22:00:00+02:00,60.60913847634067
2018-09-27 23:00:00+02:00,57.296830657790785
2018-09-28 00:00:00+02:00,55.7635582832356
2018-09-28 01:00:00+02:00,55.17177696749096
2018-09-28 02:00:00+02:00,52.03958009178702
2018-09-28 03:00:00+02:00,51.63969684400042
2018-09-28 04:00:00+02:00,52.44095717408649
2018-09-28 05:00:00+02:00,53.03669729627532
2018-09-28 06:00:00+02:00,56.44527175957691
2018-09-28 07:00:00+02:00,57.672547055847694
2018-09-28 08:00:00+02:00,60.48027822671887
2018-09-28 09:00:00+02:00,60.102662451036174
2018-09-28 10:00:00+02:00,59.68760236846562
2018-09-28 11:00:00+02:00,60.4950811007416
2018-09-28 12:00:00+02:00,60.28021830715936
2018-09-28 13:00:00+02:00,61.29699984979896
2018-09-28 14:00:00+02:00,58.37775861991711
2018-09-28 15:00:00+02:00,57.166324836476186
2018-09-28 16:00:00+02:00,57.41242145728419
2018-09-28 17:00:00+02:00,57.666899864117056
2018-09-28 18:00:00+02:00,58.209092388047196
2018-09-28 19:00:00+02:00,60.749743138343526
2018-09-28 20:00:00+02:00,62.84281716191245
2018-09-28 21:00:00+02:00,64.30652949160961
2018-09-28 22:00:00+02:00,62.284231035431894
2018-09-28 23:00:00+02:00,57.19454498972805
2018-09-29 00:00:00+02:00,57.835090833953046
2018-09-29 01:00:00+02:00,56.93753427463185
2018-09-29 02:00:00+02:00,53.50319087964638
2018-09-29 03:00:00+02:00,52.754301622080895
2018-09-29 04:00:00+02:00,53.20778544823927
2018-09-29 05:00:00+02:00,53.73791530302883
2018-09-29 06:00:00+02:00,54.01605157730731
2018-09-29 07:00:00+02:00,54.75966963362778
2018-09-29 08:00:00+02:00,53.43415491285127
2018-09-29 09:00:00+02:00,55.81665112155014
2018-09-29 10:00:00+02:00,56.179933393512385
2018-09-29 11:00:00+02:00,56.03926278598762
2018-09-29 12:00:00+02:00,56.298772812721644
2018-09-29 13:00:00+02:00,56.03389875625155
2018-09-29 14:00:00+02:00,55.69261994036179
2018-09-29 15:00:00+02:00,52.32070422229745
2018-09-29 16:00:00+02:00,51.69569595349252
2018-09-29 17:00:00+02:00,52.15654566925099
2018-09-29 18:00:00+02:00,52.229838647651455
2018-09-29 19:00:00+02:00,56.057712324906916
2018-09-29 20:00:00+02:00,61.33255665016277
2018-09-29 21:00:00+02:00,62.98299180050554
2018-09-29 22:00:00+02:00,58.75606066249694
2018-09-29 23:00:00+02:00,58.00723553913227
2018-09-30 00:00:00+02:00,54.4114085439007
2018-09-30 01:00:00+02:00,53.54517318202541
2018-09-30 02:00:00+02:00,50.540272206933075
2018-09-30 03:00:00+02:00,50.92271900969549
2018-09-30 04:00:00+02:00,50.14150100765655
2018-09-30 05:00:00+02:00,49.972712862480826
2018-09-30 06:00:00+02:00,51.15951947637062
2018-09-30 07:00:00+02:00,49.92387145057663
2018-09-30 08:00:00+02:00,48.788081774453694
2018-09-30 09:00:00+02:00,50.2111371995592
2018-09-30 10:00:00+02:00,52.408335967462264
2018-09-30 11:00:00+02:00,53.1349464016921
2018-09-30 12:00:00+02:00,53.48705031479066
2018-09-30 13:00:00+02:00,54.88907332209776
2018-09-30 14:00:00+02:00,53.563356201545034
2018-09-30 15:00:00+02:00,52.05576494301981
2018-09-30 16:00:00+02:00,50.195316622336115
2018-09-30 17:00:00+02:00,49.29645816557152
2018-09-30 18:00:00+02:00,50.89154920783143
2018-09-30 19:00:00+02:00,55.428827222272155
2018-09-30 20:00:00+02:00,60.33142535562725
2018-09-30 21:00:00+02:00,63.38613585855746
2018-09-30 22:00:00+02:00,61.90700625851001
2018-09-30 23:00:00+02:00,57.6829779104723
2018-10-01 00:00:00+02:00,56.337126346208116
2018-10-01 01:00:00+02:00,53.22023153015359
2018-10-01 02:00:00+02:00,51.68443084400922
2018-10-01 03:00:00+02:00,50.271495928547644
2018-10-01 04:00:00+02:00,49.723166619343324
2018-10-01 05:00:00+02:00,49.65398266469959
2018-10-01 06:00:00+02:00,53.37388323930343
2018-10-01 07:00:00+02:00,58.666657600430355
2018-10-01 08:00:00+02:00,62.413141205174
2018-10-01 09:00:00+02:00,63.46120729279172
2018-10-01 10:00:00+02:00,63.2901310198801
2018-10-01 11:00:00+02:00,63.939182773912265
2018-10-01 12:00:00+02:00,64.27916958053783
2018-10-01 13:00:00+02:00,64.79882496730444
2018-10-01 14:00:00+02:00,65.5960189777935
2018-10-01 15:00:00+02:00,63.681685083016205
2018-10-01 16:00:00+02:00,62.641636698215805
2018-10-01 17:00:00+02:00,62.549189882730765
2018-10-01 18:00:00+02:00,64.21182878802634
2018-10-01 19:00:00+02:00,64.31266769476898
2018-10-01 20:00:00+02:00,65.70316693086495
2018-10-01 21:00:00+02:00,67.14108651262427
2018-10-01 22:00:00+02:00,63.979113853230324
2018-10-01 23:00:00+02:00,61.43880764524487
2018-10-02 00:00:00+02:00,57.11814722443626
2018-10-02 01:00:00+02:00,53.16408750763257
2018-10-02 02:00:00+02:00,49.491255102955066
2018-10-02 03:00:00+02:00,50.96775179358574
2018-10-02 04:00:00+02:00,49.105021919420196
2018-10-02 05:00:00+02:00,52.65519365619094
2018-10-02 06:00:00+02:00,58.94336188279009
2018-10-02 07:00:00+02:00,62.22498536364128
2018-10-02 08:00:00+02:00,65.34447366802277
2018-10-02 09:00:00+02:00,66.45523731898446
2018-10-02 10:00:00+02:00,66.7620580199588
2018-10-02 11:00:00+02:00,64.6511470588942
2018-10-02 12:00:00+02:00,65.77234953914049
2018-10-02 13:00:00+02:00,65.18148201611942
2018-10-02 14:00:00+02:00,64.60542563050531
2018-10-02 15:00:00+02:00,62.52839921992434
2018-10-02 16:00:00+02:00,62.82580512071098
2018-10-02 17:00:00+02:00,63.020814863725654
2018-10-02 18:00:00+02:00,66.09800214143162
2018-10-02 19:00:00+02:00,68.4910021743961
2018-10-02 20:00:00+02:00,68.65132852228838
2018-10-02 21:00:00+02:00,70.41163587728614
2018-10-02 22:00:00+02:00,64.92962826868212
2018-10-02 23:00:00+02:00,61.50317545443131
2018-10-03 00:00:00+02:00,56.985951159169545
2018-10-03 01:00:00+02:00,56.51832994433988
2018-10-03 02:00:00+02:00,53.920136842481604
2018-10-03 03:00:00+02:00,51.515065002044075
2018-10-03 04:00:00+02:00,52.3375646887839
2018-10-03 05:00:00+02:00,52.320579180014505
2018-10-03 06:00:00+02:00,59.87266696756324
2018-10-03 07:00:00+02:00,64.3795008562637
2018-10-03 08:00:00+02:00,69.06909087440708
2018-10-03 09:00:00+02:00,68.09231348673113
2018-10-03 10:00:00+02:00,68.9122246761578
2018-10-03 11:00:00+02:00,68.20713649610359
2018-10-03 12:00:00+02:00,66.16504831548961
2018-10-03 13:00:00+02:00,65.58052672173781
2018-10-03 14:00:00+02:00,64.48191682148733
2018-10-03 15:00:00+02:00,63.233662649468386
2018-10-03 16:00:00+02:00,62.64174879588658
2018-10-03 17:00:00+02:00,62.31085458931482
2018-10-03 18:00:00+02:00,65.60714326571222
2018-10-03 19:00:00+02:00,68.28702243450059
2018-10-03 20:00:00+02:00,71.13084574221566
2018-10-03 21:00:00+02:00,70.49629195606069
2018-10-03 22:00:00+02:00,67.79663393839978
2018-10-03 23:00:00+02:00,61.589960985904995
2018-10-04 00:00:00+02:00,58.207255443085494
2018-10-04 01:00:00+02:00,56.18201699515201
2018-10-04 02:00:00+02:00,50.53678997923897
2018-10-04 03:00:00+02:00,51.94938308913559
2018-10-04 04:00:00+02:00,52.49064883467099
2018-10-04 05:00:00+02:00,51.83211914475177
2018-10-04 06:00:00+02:00,59.1900352684432
2018-10-04 07:00:00+02:00,65.85605562275114
2018-10-04 08:00:00+02:00,68.74455733956425
2018-10-04 09:00:00+02:00,70.73811350155984
2018-10-04 10:00:00+02:00,69.73985273271269
2018-10-04 11:00:00+02:00,69.35848072189488
2018-10-04 12:00:00+02:00,69.11210999052328
2018-10-04 13:00:00+02:00,69.30628280309988
2018-10-04 14:00:00+02:00,67.88077771232729
2018-10-04 15:00:00+02:00,67.44916921215167
2018-10-04 16:00:00+02:00,66.40663136006097
2018-10-04 17:00:00+02:00,65.82722696791286
2018-10-04 18:00:00+02:00,68.86538056615899
2018-10-04 19:00:00+02:00,69.57827546990747
2018-10-04 20:00:00+02:00,71.71253387235487
2018-10-04 21:00:00+02:00,72.42292095909023
2018-10-04 22:00:00+02:00,68.78920578022937
2018-10-04 23:00:00+02:00,65.18608757154118
2018-10-05 00:00:00+02:00,60.36940581275258
2018-10-05 01:00:00+02:00,57.31537062392046
2018-10-05 02:00:00+02:00,53.94467909317126
2018-10-05 03:00:00+02:00,52.96054988527054
2018-10-05 04:00:00+02:00,51.99859063688179
2018-10-05 05:00:00+02:00,52.4095010644444
2018-10-05 06:00:00+02:00,57.38947848446303
2018-10-05 07:00:00+02:00,66.330636666563
2018-10-05 08:00:00+02:00,69.56123363401156
2018-10-05 09:00:00+02:00,69.59490802884189
2018-10-05 10:00:00+02:00,69.0462713997524
2018-10-05 11:00:00+02:00,68.49269475985353
2018-10-05 12:00:00+02:00,67.49930910872251
2018-10-05 13:00:00+02:00,66.47365307531425
2018-10-05 14:00:00+02:00,65.81583431262128
2018-10-05 15:00:00+02:00,65.26623264357943
2018-10-05 16:00:00+02:00,65.33739098593266
2018-10-05 17:00:00+02:00,65.77919958585757
2018-10-05 18:00:00+02:00,67.29174399100967
2018-10-05 19:00:00+02:00,69.71376517235437
2018-10-05 20:00:00+02:00,69.80661340851277
2018-10-05 21:00:00+02:00,69.83929840002793
2018-10-05 22:00:00+02:00,67.4646484368545
2018-10-05 23:00:00+02:00,63.88388900955585
2018-10-06 00:00:00+02:00,60.68249909702005
2018-10-06 01:00:00+02:00,57.298644625383176
2018-10-06 02:00:00+02:00,57.771327126815166
2018-10-06 03:00:00+02:00,56.0395809789375
2018-10-06 04:00:00+02:00,55.071440153739914
2018-10-06 05:00:00+02:00,54.96331637411335
2018-10-06 06:00:00+02:00,56.44878757438167
2018-10-06 07:00:00+02:00,60.046351632508625
2018-10-06 08:00:00+02:00,59.870880201970415
2018-10-06 09:00:00+02:00,62.36933501313478
2018-10-06 10:00:00+02:00,61.74886371639838
2018-10-06 11:00:00+02:00,61.332610174188375
2018-10-06 12:00:00+02:00,61.321851389792265
2018-10-06 13:00:00+02:00,59.69791062380785
2018-10-06 14:00:00+02:00,59.07732394795378
2018-10-06 15:00:00+02:00,57.06538768097359
2018-10-06 16:00:00+02:00,55.85744056191847
2018-10-06 17:00:00+02:00,54.62589697783657
2018-10-06 18:00:00+02:00,56.92548470632215
2018-10-06 19:00:00+02:00,58.00027067943275
2018-10-06 20:00:00+02:00,62.485227974107325
2018-10-06 21:00:00+02:00,62.886122406656234
2018-10-06 22:00:00+02:00,60.54220720998294
2018-10-06 23:00:00+02:00,57.61204448143503
2018-10-07 00:00:00+02:00,54.15254492512679
2018-10-07 01:00:00+02:00,51.50677560161131
2018-10-07 02:00:00+02:00,46.80079513782192
2018-10-07 03:00:00+02:00,44.30066590311522
2018-10-07 04:00:00+02:00,45.98012349379793
2018-10-07 05:00:00+02:00,45.20727470394738
2018-10-07 06:00:00+02:00,46.08099863897803
2018-10-07 07:00:00+02:00,47.27259234268028
2018-10-07 08:00:00+02:00,47.524801089153506
2018-10-07 09:00:00+02:00,53.85617407855049
2018-10-07 10:00:00+02:00,53.938611195003105
2018-10-07 11:00:00+02:00,55.21537800841119
2018-10-07 12:00:00+02:00,53.99614144054343
2018-10-07 13:00:00+02:00,55.2373446547645
2018-10-07 14:00:00+02:00,54.65802596264782
2018-10-07 15:00:00+02:00,51.199020328507444
2018-10-07 16:00:00+02:00,51.465360438197536
2018-10-07 17:00:00+02:00,49.291222821176966
2018-10-07 18:00:00+02:00,51.13521170615184
2018-10-07 19:00:00+02:00,54.301235494877986
2018-10-07 20:00:00+02:00,58.385673112612736
2018-10-07 21:00:00+02:00,64.20084577081711
2018-10-07 22:00:00+02:00,62.04113042627725
2018-10-07 23:00:00+02:00,58.64674866726884
2018-10-08 00:00:00+02:00,52.25961936007598
2018-10-08 01:00:00+02:00,52.445920385883156
2018-10-08 02:00:00+02:00,49.387953291876876
2018-10-08 03:00:00+02:00,48.50027026227207
2018-10-08 04:00:00+02:00,49.244308675091325
2018-10-08 05:00:00+02:00,47.630732526573944
2018-10-08 06:00:00+02:00,53.43727682772534
2018-10-08 07:00:00+02:00,57.34417524584896
2018-10-08 08:00:00+02:00,65.38583329002644
2018-10-08 09:00:00+02:00,67.0789640208888
2018-10-08 10:00:00+02:00,67.56149643785564
2018-10-08 11:00:00+02:00,67.67228660759037
2018-10-08 12:00:00+02:00,68.05975714140857
2018-10-08 13:00:00+02:00,66.87794886926886
2018-10-08 14:00:00+02:00,66.14403392528628
2018-10-08 15:00:00+02:00,64.72870546231103
2018-10-08 16:00:00+02:00,65.83482305363322
2018-10-08 17:00:00+02:00,65.19338237339306
2018-10-08 18:00:00+02:00,68.27748246127888
2018-10-08 19:00:00+02:00,69.73133781822949
2018-10-08 20:00:00+02:00,70.32926532967066
2018-10-08 21:00:00+02:00,71.52598742182043
2018-10-08 22:00:00+02:00,66.19459546422755
2018-10-08 23:00:00+02:00,62.79835307773697
2018-10-09 00:00:00+02:00,59.96279323900556
2018-10-09 01:00:00+02:00,58.94091375877806
2018-10-09 02:00:00+02:00,54.983893369489245
2018-10-09 03:00:00+02:00,53.2127454649174
2018-10-09 04:00:00+02:00,53.52923799452659
2018-10-09 05:00:00+02:00,51.92256574203819
2018-10-09 06:00:00+02:00,59.13370199809835
2018-10-09 07:00:00+02:00,62.608021944558885
2018-10-09 08:00:00+02:00,70.45657093553143
2018-10-09 09:00:00+02:00,70.27297657428925
2018-10-09 10:00:00+02:00,69.93656059569102
2018-10-09 11:00:00+02:00,69.91109322013294
2018-10-09 12:00:00+02:00,69.88368093630567
2018-10-09 13:00:00+02:00,69.18986226348228
2018-10-09 14:00:00+02:00,69.10219789207851
2018-10-09 15:00:00+02:00,68.12814393720214
2018-10-09 16:00:00+02:00,67.84821909509978
2018-10-09 17:00:00+02:00,67.67173141926718
2018-10-09 18:00:00+02:00,69.99994522360572
2018-10-09 19:00:00+02:00,69.33855073190242
2018-10-09 20:00:00+02:00,69.6124144078701
2018-10-09 21:00:00+02:00,71.20461305501502
2018-10-09 22:00:00+02:00,66.37329331873298
2018-10-09 23:00:00+02:00,61.28734302434965
2018-10-10 00:00:00+02:00,56.85194045009307
2018-10-10 01:00:00+02:00,52.315995433197266
2018-10-10 02:00:00+02:00,52.42643953662425
2018-10-10 03:00:00+02:00,49.65348824088671
2018-10-10 04:00:00+02:00,45.78080214008745
2018-10-10 05:00:00+02:00,51.30059978579405
2018-10-10 06:00:00+02:00,54.41222491544288
2018-10-10 07:00:00+02:00,61.12751755893656
2018-10-10 08:00:00+02:00,66.09500397616492
2018-10-10 09:00:00+02:00,67.40010552284615
2018-10-10 10:00:00+02:00,67.900747866216
2018-10-10 11:00:00+02:00,69.50779260011049
2018-10-10 12:00:00+02:00,67.94755120737757
2018-10-10 13:00:00+02:00,66.74847877283513
2018-10-10 14:00:00+02:00,66.20798597970163
2018-10-10 15:00:00+02:00,65.09677114606959
2018-10-10 16:00:00+02:00,65.03566435429184
2018-10-10 17:00:00+02:00,66.44134125656988
2018-10-10 18:00:00+02:00,68.66061683082349
2018-10-10 19:00:00+02:00,68.95171744252521
2018-10-10 20:00:00+02:00,70.77782772590115
2018-10-10 21:00:00+02:00,74.29110040509777
2018-10-10 22:00:00+02:00,68.37101679320008
2018-10-10 23:00:00+02:00,64.57906769999242
2018-10-11 00:00:00+02:00,56.20301719791215
2018-10-11 01:00:00+02:00,50.59321246553364
2018-10-11 02:00:00+02:00,47.72451544975296
2018-10-11 03:00:00+02:00,47.49345366845314
2018-10-11 04:00:00+02:00,46.80459393311257
2018-10-11 05:00:00+02:00,46.34757467489816
2018-10-11 06:00:00+02:00,53.593801207234485
2018-10-11 07:00:00+02:00,60.34891527240208
2018-10-11 08:00:00+02:00,67.94595116703289
2018-10-11 09:00:00+02:00,67.72263550875049
2018-10-11 10:00:00+02:00,70.13158032112072
2018-10-11 11:00:00+02:00,70.47947345492776
2018-10-11 12:00:00+02:00,69.33139951827042
2018-10-11 13:00:00+02:00,68.57583863207888
2018-10-11 14:00:00+02:00,66.09828057691233
2018-10-11 15:00:00+02:00,62.594871595164854
2018-10-11 16:00:00+02:00,61.64146566838865
2018-10-11 17:00:00+02:00,64.55511126711357
2018-10-11 18:00:00+02:00,66.6126082343608
2018-10-11 19:00:00+02:00,66.94001767790546
2018-10-11 20:00:00+02:00,70.02921188637535
2018-10-11 21:00:00+02:00,72.37582298273016
2018-10-11 22:00:00+02:00,68.51847799039784
2018-10-11 23:00:00+02:00,63.21557278083111
2018-10-12 00:00:00+02:00,60.847434739330154
2018-10-12 01:00:00+02:00,55.056916788822164
2018-10-12 02:00:00+02:00,50.96834309959208
2018-10-12 03:00:00+02:00,50.43591811378987
2018-10-12 04:00:00+02:00,51.696390774382195
2018-10-12 05:00:00+02:00,48.54532485081068
2018-10-12 06:00:00+02:00,54.41881741972567
2018-10-12 07:00:00+02:00,62.818725311622636
2018-10-12 08:00:00+02:00,65.96128023244815
2018-10-12 09:00:00+02:00,66.84754547941186
2018-10-12 10:00:00+02:00,67.6533035312021
2018-10-12 11:00:00+02:00,68.87702915194174
2018-10-12 12:00:00+02:00,68.89701739955582
2018-10-12 13:00:00+02:00,69.1660472019693
2018-10-12 14:00:00+02:00,68.55002143372886
2018-10-12 15:00:00+02:00,66.9411814770793
2018-10-12 16:00:00+02:00,66.01449737229743
2018-10-12 17:00:00+02:00,68.23241720403048
2018-10-12 18:00:00+02:00,68.6864686276601
2018-10-12 19:00:00+02:00,69.99426276202072
2018-10-12 20:00:00+02:00,71.8709986329021
2018-10-12 21:00:00+02:00,71.27573750821192
2018-10-12 22:00:00+02:00,67.059011739414
2018-10-12 23:00:00+02:00,64.43469981356756
2018-10-13 00:00:00+02:00,56.86024855751355
2018-10-13 01:00:00+02:00,55.621811543765794
2018-10-13 02:00:00+02:00,52.31233169260564
2018-10-13 03:00:00+02:00,51.86474082848943
2018-10-13 04:00:00+02:00,48.73699172067495
2018-10-13 05:00:00+02:00,49.044564047338945
2018-10-13 06:00:00+02:00,50.75556109629356
2018-10-13 07:00:00+02:00,55.31679293794084
2018-10-13 08:00:00+02:00,57.40026626813287
2018-10-13 09:00:00+02:00,59.48556267734607
2018-10-13 10:00:00+02:00,61.35724965671595
2018-10-13 11:00:00+02:00,60.98065789700426
2018-10-13 12:00:00+02:00,60.02220171486353
2018-10-13 13:00:00+02:00,60.83838957279252
2018-10-13 14:00:00+02:00,60.302303711586646
2018-10-13 15:00:00+02:00,58.271488438694284
2018-10-13 16:00:00+02:00,58.81591841653584
2018-10-13 17:00:00+02:00,59.208685069949375
2018-10-13 18:00:00+02:00,62.26140451091052
2018-10-13 19:00:00+02:00,62.87856067824766
2018-10-13 20:00:00+02:00,65.68319981223715
2018-10-13 21:00:00+02:00,65.23973674359677
2018-10-13 22:00:00+02:00,61.42208769124934
2018-10-13 23:00:00+02:00,58.298885052161644
2018-10-14 00:00:00+02:00,48.89708756784987
2018-10-14 01:00:00+02:00,47.337029038440406
2018-10-14 02:00:00+02:00,45.147903398601066
2018-10-14 03:00:00+02:00,42.41712647971123
2018-10-14 04:00:00+02:00,40.102353586483154
2018-10-14 05:00:00+02:00,39.663683796287785
2018-10-14 06:00:00+02:00,46.702575376624615
2018-10-14 07:00:00+02:00,47.64867050427619
2018-10-14 08:00:00+02:00,45.025235824353985
2018-10-14 09:00:00+02:00,49.99811531709556
2018-10-14 10:00:00+02:00,49.0272557465843
2018-10-14 11:00:00+02:00,49.56150245100676
2018-10-14 12:00:00+02:00,49.802090280447594
2018-10-14 13:00:00+02:00,50.085784986662915
2018-10-14 14:00:00+02:00,50.040442859504246
2018-10-14 15:00:00+02:00,48.12053017341571
2018-10-14 16:00:00+02:00,46.98586642130977
2018-10-14 17:00:00+02:00,51.8409866258021
2018-10-14 18:00:00+02:00,52.10120662430631
2018-10-14 19:00:00+02:00,57.25924616368834
2018-10-14 20:00:00+02:00,60.71974173375458
2018-10-14 21:00:00+02:00,60.63443158581958
2018-10-14 22:00:00+02:00,60.47657621119016
2018-10-14 23:00:00+02:00,55.401019763956896
2018-10-15 00:00:00+02:00,51.65504350550783
2018-10-15 01:00:00+02:00,47.690613956825665
2018-10-15 02:00:00+02:00,44.429708241830966
2018-10-15 03:00:00+02:00,43.56472282787079
2018-10-15 04:00:00+02:00,43.323864610793485
2018-10-15 05:00:00+02:00,44.46977635558117
2018-10-15 06:00:00+02:00,53.13619792784258
2018-10-15 07:00:00+02:00,61.335606886754576
2018-10-15 08:00:00+02:00,68.92312705179513
2018-10-15 09:00:00+02:00,70.39094231663701
2018-10-15 10:00:00+02:00,67.46682392396329
2018-10-15 11:00:00+02:00,67.23597525163983
2018-10-15 12:00:00+02:00,68.74050278823013
2018-10-15 13:00:00+02:00,68.58934530239979
2018-10-15 14:00:00+02:00,66.95433554328662
2018-10-15 15:00:00+02:00,63.25490594205854
2018-10-15 16:00:00+02:00,64.14240714079125
2018-10-15 17:00:00+02:00,64.32133223956498
2018-10-15 18:00:00+02:00,68.87309326509792
2018-10-15 19:00:00+02:00,69.73730650927018
2018-10-15 20:00:00+02:00,72.95298742988817
2018-10-15 21:00:00+02:00,71.92434656374252
2018-10-15 22:00:00+02:00,67.2842881709324
2018-10-15 23:00:00+02:00,64.26385228932044
2018-10-16 00:00:00+02:00,57.66772763663188
2018-10-16 01:00:00+02:00,53.37939228473659
2018-10-16 02:00:00+02:00,49.11498733363268
2018-10-16 03:00:00+02:00,48.41545541915566
2018-10-16 04:00:00+02:00,49.497244607187376
2018-10-16 05:00:00+02:00,50.9335192753851
2018-10-16 06:00:00+02:00,57.85532251576122
2018-10-16 07:00:00+02:00,64.28142434883969
2018-10-16 08:00:00+02:00,69.14879745463851
2018-10-16 09:00:00+02:00,68.80632730862207
2018-10-16 10:00:00+02:00,67.85044706800674
2018-10-16 11:00:00+02:00,70.22827316526342
2018-10-16 12:00:00+02:00,69.84889920653855
2018-10-16 13:00:00+02:00,69.68717809076222
2018-10-16 14:00:00+02:00,68.29503743895765
2018-10-16 15:00:00+02:00,66.85431648966146
2018-10-16 16:00:00+02:00,69.15504810703767
2018-10-16 17:00:00+02:00,67.3712100045474
2018-10-16 18:00:00+02:00,69.61901797424687
2018-10-16 19:00:00+02:00,71.29477592269816
2018-10-16 20:00:00+02:00,73.8656243942823
2018-10-16 21:00:00+02:00,73.17919063175893
2018-10-16 22:00:00+02:00,69.5875078358166
2018-10-16 23:00:00+02:00,65.5119565521306
2018-10-17 00:00:00+02:00,60.88438180281582
2018-10-17 01:00:00+02:00,57.704264696298196
2018-10-17 02:00:00+02:00,54.97739558775904
2018-10-17 03:00:00+02:00,54.89958878464382
2018-10-17 04:00:00+02:00,54.78470836049807
2018-10-17 05:00:00+02:00,55.83833851616828
2018-10-17 06:00:00+02:00,61.00863499065749
2018-10-17 07:00:00+02:00,65.03566700293179
2018-10-17 08:00:00+02:00,70.71238283387932
2018-10-17 09:00:00+02:00,70.50661724292277
2018-10-17 10:00:00+02:00,70.68104569545231
2018-10-17 11:00:00+02:00,70.69526828038342
2018-10-17 12:00:00+02:00,71.2163546139261
2018-10-17 13:00:00+02:00,70.35692220845353
2018-10-17 14:00:00+02:00,69.9108680142038
2018-10-17 15:00:00+02:00,67.76075582923477
2018-10-17 16:00:00+02:00,67.28813392483677
2018-10-17 17:00:00+02:00,66.37353974333128
2018-10-17 18:00:00+02:00,68.51134860685762
2018-10-17 19:00:00+02:00,70.03280188086406
2018-10-17 20:00:00+02:00,70.83020471545566
2018-10-17 21:00:00+02:00,72.64641837885051
2018-10-17 22:00:00+02:00,69.87021024538164
2018-10-17 23:00:00+02:00,62.96541725823595
2018-10-18 00:00:00+02:00,60.7441852589415
2018-10-18 01:00:00+02:00,57.74585472682694
2018-10-18 02:00:00+02:00,54.28485618310842
2018-10-18 03:00:00+02:00,52.69169519038247
2018-10-18 04:00:00+02:00,53.13150181833783
2018-10-18 05:00:00+02:00,54.03685864665139
2018-10-18 06:00:00+02:00,57.56620942234631
2018-10-18 07:00:00+02:00,63.809923640581296
2018-10-18 08:00:00+02:00,70.76240722398427
2018-10-18 09:00:00+02:00,70.44098526941437
2018-10-18 10:00:00+02:00,70.57463762191453
2018-10-18 11:00:00+02:00,69.34435634782282
2018-10-18 12:00:00+02:00,69.69774189435154
2018-10-18 13:00:00+02:00,66.26908560710774
2018-10-18 14:00:00+02:00,66.82540530585143
2018-10-18 15:00:00+02:00,66.52449647974152
2018-10-18 16:00:00+02:00,64.47566525879282
2018-10-18 17:00:00+02:00,68.4009361959447
2018-10-18 18:00:00+02:00,69.33906091181245
2018-10-18 19:00:00+02:00,74.60045153903893
2018-10-18 20:00:00+02:00,72.77500036765557
2018-10-18 21:00:00+02:00,72.65984601737216
2018-10-18 22:00:00+02:00,66.22885677321035
2018-10-18 23:00:00+02:00,59.52228009565212
2018-10-19 00:00:00+02:00,54.83121462284589
2018-10-19 01:00:00+02:00,50.78414188461873
2018-10-19 02:00:00+02:00,47.00119071633899
2018-10-19 03:00:00+02:00,45.629602944192094
2018-10-19 04:00:00+02:00,45.368480416037286
2018-10-19 05:00:00+02:00,48.42519927800842
2018-10-19 06:00:00+02:00,53.10779787468139
2018-10-19 07:00:00+02:00,60.78458539048314
2018-10-19 08:00:00+02:00,65.92446306846362
2018-10-19 09:00:00+02:00,70.0705126054898
2018-10-19 10:00:00+02:00,68.86371408040056
2018-10-19 11:00:00+02:00,67.92079621999262
2018-10-19 12:00:00+02:00,69.31500763789036
2018-10-19 13:00:00+02:00,67.84194830166176
2018-10-19 14:00:00+02:00,64.05689552169838
2018-10-19 15:00:00+02:00,62.9224601144847
2018-10-19 16:00:00+02:00,63.58224276524696
2018-10-19 17:00:00+02:00,67.19428628083405
2018-10-19 18:00:00+02:00,69.12368821739192
2018-10-19 19:00:00+02:00,71.1590884439258
2018-10-19 20:00:00+02:00,70.15403659690033
2018-10-19 21:00:00+02:00,70.22845441503287
2018-10-19 22:00:00+02:00,65.84483715094368
2018-10-19 23:00:00+02:00,60.51181074066587
2018-10-20 00:00:00+02:00,56.929214392977414
2018-10-20 01:00:00+02:00,55.25826577480677
2018-10-20 02:00:00+02:00,52.40330969652902
2018-10-20 03:00:00+02:00,53.02574228010479
2018-10-20 04:00:00+02:00,52.97058453648345
2018-10-20 05:00:00+02:00,52.85967191759159
2018-10-20 06:00:00+02:00,53.54261150270602
2018-10-20 07:00:00+02:00,57.278923577212616
2018-10-20 08:00:00+02:00,57.301654243716236
2018-10-20 09:00:00+02:00,60.85210783755833
2018-10-20 10:00:00+02:00,62.282958529580455
2018-10-20 11:00:00+02:00,61.46401536259459
2018-10-20 12:00:00+02:00,62.58414854873003
2018-10-20 13:00:00+02:00,60.075247621325644
2018-10-20 14:00:00+02:00,60.968961674058576
2018-10-20 15:00:00+02:00,57.43439462343769
2018-10-20 16:00:00+02:00,58.08311318498789
2018-10-20 17:00:00+02:00,60.216326627442115
2018-10-20 18:00:00+02:00,61.46990417200841
2018-10-20 19:00:00+02:00,63.026344212500334
2018-10-20 20:00:00+02:00,66.49731621115859
2018-10-20 21:00:00+02:00,65.53098725217482
2018-10-20 22:00:00+02:00,60.59199585354776
2018-10-20 23:00:00+02:00,59.01486731746653
2018-10-21 00:00:00+02:00,56.78927132424401
2018-10-21 01:00:00+02:00,52.76626493937681
2018-10-21 02:00:00+02:00,51.074118893073646
2018-10-21 03:00:00+02:00,48.71344268469605
2018-10-21 04:00:00+02:00,46.495842521017174
2018-10-21 05:00:00+02:00,49.09801633902848
2018-10-21 06:00:00+02:00,49.78014921295669
2018-10-21 07:00:00+02:00,52.88967675105802
2018-10-21 08:00:00+02:00,54.2950042428871
2018-10-21 09:00:00+02:00,54.73864058374703
2018-10-21 10:00:00+02:00,54.68447040224983
2018-10-21 11:00:00+02:00,57.68874757378243
2018-10-21 12:00:00+02:00,57.213786939182135
2018-10-21 13:00:00+02:00,57.65708110381367
2018-10-21 14:00:00+02:00,57.08736739960381
2018-10-21 15:00:00+02:00,55.148372730788815
2018-10-21 16:00:00+02:00,54.33232588163966
2018-10-21 17:00:00+02:00,55.424483027074466
2018-10-21 18:00:00+02:00,57.93042301168561
2018-10-21 19:00:00+02:00,63.63673091505982
2018-10-21 20:00:00+02:00,67.85376435085723
2018-10-21 21:00:00+02:00,67.49986027667387
2018-10-21 22:00:00+02:00,63.01010371744637
2018-10-21 23:00:00+02:00,60.00034625113528
2018-10-22 00:00:00+02:00,54.37542196882946
2018-10-22 01:00:00+02:00,55.50375361941088
2018-10-22 02:00:00+02:00,51.63398035066417
2018-10-22 03:00:00+02:00,50.68880385668628
2018-10-22 04:00:00+02:00,51.31312617056658
2018-10-22 05:00:00+02:00,51.01301377949517
2018-10-22 06:00:00+02:00,55.13884627960582
2018-10-22 07:00:00+02:00,61.71429378926946
2018-10-22 08:00:00+02:00,66.77050481626883
2018-10-22 09:00:00+02:00,66.16461746875666
2018-10-22 10:00:00+02:00,67.22253057772227
2018-10-22 11:00:00+02:00,66.6266883609573
2018-10-22 12:00:00+02:00,66.12526042655183
2018-10-22 13:00:00+02:00,66.06584397318647
2018-10-22 14:00:00+02:00,63.80850165125855
2018-10-22 15:00:00+02:00,64.2459387712735
2018-10-22 16:00:00+02:00,63.65060507044005
2018-10-22 17:00:00+02:00,65.4287436159505
2018-10-22 18:00:00+02:00,67.94875991910769
2018-10-22 19:00:00+02:00,70.6407479931227
2018-10-22 20:00:00+02:00,69.35716552997741
2018-10-22 21:00:00+02:00,68.01517798509867
2018-10-22 22:00:00+02:00,65.51345404482825
2018-10-22 23:00:00+02:00,62.14982198500609
2018-10-23 00:00:00+02:00,54.554809077555866
2018-10-23 01:00:00+02:00,53.80076862934692
2018-10-23 02:00:00+02:00,50.73298727837604
2018-10-23 03:00:00+02:00,51.58479327463472
2018-10-23 04:00:00+02:00,49.94429692518959
2018-10-23 05:00:00+02:00,50.825950119315515
2018-10-23 06:00:00+02:00,58.231385702596064
2018-10-23 07:00:00+02:00,65.73674866937831
2018-10-23 08:00:00+02:00,69.22269113466001
2018-10-23 09:00:00+02:00,69.7530709179347
2018-10-23 10:00:00+02:00,70.87756729155616
2018-10-23 11:00:00+02:00,69.69667391755517
2018-10-23 12:00:00+02:00,68.91033451860368
2018-10-23 13:00:00+02:00,68.80252186304594
2018-10-23 14:00:00+02:00,66.57891590222297
2018-10-23 15:00:00+02:00,64.53302159054292
2018-10-23 16:00:00+02:00,65.3716066584043
2018-10-23 17:00:00+02:00,67.2453832771428
2018-10-23 18:00:00+02:00,71.07236798221788
2018-10-23 19:00:00+02:00,71.4770560519821
2018-10-23 20:00:00+02:00,73.94741830031555
2018-10-23 21:00:00+02:00,72.2591251184793
2018-10-23 22:00:00+02:00,66.55641782522906
2018-10-23 23:00:00+02:00,62.803930006636115
2018-10-24 00:00:00+02:00,56.97907198144717
2018-10-24 01:00:00+02:00,54.75795020996654
2018-10-24 02:00:00+02:00,54.053479300599506
2018-10-24 03:00:00+02:00,51.75652894511682
2018-10-24 04:00:00+02:00,51.83667956232496
2018-10-24 05:00:00+02:00,53.17603414844847
2018-10-24 06:00:00+02:00,58.81922791346043
2018-10-24 07:00:00+02:00,63.77860059601427
2018-10-24 08:00:00+02:00,70.42104094146886
2018-10-24 09:00:00+02:00,71.03619877372543
2018-10-24 10:00:00+02:00,70.14432028213298
2018-10-24 11:00:00+02:00,70.25554381748753
2018-10-24 12:00:00+02:00,69.39007983330333
2018-10-24 13:00:00+02:00,67.67455614701933
2018-10-24 14:00:00+02:00,68.20366727581364
2018-10-24 15:00:00+02:00,66.57878574893262
2018-10-24 16:00:00+02:00,66.1290661354677
2018-10-24 17:00:00+02:00,67.33130502080226
2018-10-24 18:00:00+02:00,69.72490415829355
2018-10-24 19:00:00+02:00,73.27515510610849
2018-10-24 20:00:00+02:00,74.96408870072331
2018-10-24 21:00:00+02:00,73.27825641442516
2018-10-24 22:00:00+02:00,68.64555516263101
2018-10-24 23:00:00+02:00,63.10379309605624
2018-10-25 00:00:00+02:00,59.90094413675309
2018-10-25 01:00:00+02:00,57.817893425140454
2018-10-25 02:00:00+02:00,55.68037658069442
2018-10-25 03:00:00+02:00,54.772347321510004
2018-10-25 04:00:00+02:00,54.27186266385765
2018-10-25 05:00:00+02:00,55.35439491164258
2018-10-25 06:00:00+02:00,61.32871597584397
2018-10-25 07:00:00+02:00,70.1504170662531
2018-10-25 08:00:00+02:00,74.70255570001959
2018-10-25 09:00:00+02:00,74.94502528179967
2018-10-25 10:00:00+02:00,73.29019791922525
2018-10-25 11:00:00+02:00,71.30071240985555
2018-10-25 12:00:00+02:00,70.33079154576944
2018-10-25 13:00:00+02:00,70.50299489492721
2018-10-25 14:00:00+02:00,68.72158172168444
2018-10-25 15:00:00+02:00,67.88209952707659
2018-10-25 16:00:00+02:00,66.21851727367776
2018-10-25 17:00:00+02:00,67.19157082745329
2018-10-25 18:00:00+02:00,71.96603236863028
2018-10-25 19:00:00+02:00,72.01707030807924
2018-10-25 20:00:00+02:00,75.94539064258704
2018-10-25 21:00:00+02:00,74.71863435802285
2018-10-25 22:00:00+02:00,70.38032095843717
2018-10-25 23:00:00+02:00,65.19654519488445
2018-10-26 00:00:00+02:00,60.903508874197804
2018-10-26 01:00:00+02:00,58.847685212650646
2018-10-26 02:00:00+02:00,56.10427238278605
2018-10-26 03:00:00+02:00,54.875005859965114
2018-10-26 04:00:00+02:00,54.98494631269037
2018-10-26 05:00:00+02:00,56.50963677013983
2018-10-26 06:00:00+02:00,60.38031004364283
2018-10-26 07:00:00+02:00,68.569826107047
2018-10-26 08:00:00+02:00,72.460948139171
2018-10-26 09:00:00+02:00,73.92370342511536
2018-10-26 10:00:00+02:00,72.47451830341407
2018-10-26 11:00:00+02:00,71.53937180585963
2018-10-26 12:00:00+02:00,71.46518324197046
2018-10-26 13:00:00+02:00,71.03060149064014
2018-10-26 14:00:00+02:00,69.72045405769197
2018-10-26 15:00:00+02:00,65.92947166503457
2018-10-26 16:00:00+02:00,62.802844834463016
2018-10-26 17:00:00+02:00,67.09877243525483
2018-10-26 18:00:00+02:00,72.74151063592568
2018-10-26 19:00:00+02:00,73.72119889570803
2018-10-26 20:00:00+02:00,73.56134977091422
2018-10-26 21:00:00+02:00,72.42258782958721
2018-10-26 22:00:00+02:00,67.6793262358085
2018-10-26 23:00:00+02:00,63.7355933992735
2018-10-27 00:00:00+02:00,57.27287810417106
2018-10-27 01:00:00+02:00,53.937582012810125
2018-10-27 02:00:00+02:00,51.83363882481795
2018-10-27 03:00:00+02:00,48.664551946901035
2018-10-27 04:00:00+02:00,48.64966355249464
2018-10-27 05:00:00+02:00,47.489374357037015
2018-10-27 06:00:00+02:00,49.22855223045731
2018-10-27 07:00:00+02:00,57.22724434550071
2018-10-27 08:00:00+02:00,58.2479815548945
2018-10-27 09:00:00+02:00,60.06440294584875
2018-10-27 10:00:00+02:00,60.868625673265186
2018-10-27 11:00:00+02:00,61.729907007857605
2018-10-27 12:00:00+02:00,58.65612151825109
2018-10-27 13:00:00+02:00,59.07827687559072
2018-10-27 14:00:00+02:00,57.705546652629614
2018-10-27 15:00:00+02:00,56.64377606672986
2018-10-27 16:00:00+02:00,55.91735062902547
2018-10-27 17:00:00+02:00,59.28592515958161
2018-10-27 18:00:00+02:00,63.16431905844089
2018-10-27 19:00:00+02:00,64.43561678729527
2018-10-27 20:00:00+02:00,68.03540316406348
2018-10-27 21:00:00+02:00,63.274308521133406
2018-10-27 22:00:00+02:00,62.63501801656305
2018-10-27 23:00:00+02:00,53.29010333021618
2018-10-28 00:00:00+02:00,51.618301256678436
2018-10-28 01:00:00+02:00,49.45978527932442
2018-10-28 02:00:00+02:00,48.53331972108839
2018-10-28 02:00:00+01:00,46.22570325566373
2018-10-28 03:00:00+01:00,45.24502329048781
2018-10-28 04:00:00+01:00,46.08082292983479
2018-10-28 05:00:00+01:00,47.31027302586125
2018-10-28 06:00:00+01:00,45.614595118329035
2018-10-28 07:00:00+01:00,50.855309027402264
2018-10-28 08:00:00+01:00,53.64562578808524
2018-10-28 09:00:00+01:00,57.50601214965851
2018-10-28 10:00:00+01:00,57.262872761385864
2018-10-28 11:00:00+01:00,60.46249037037566
2018-10-28 12:00:00+01:00,55.67723709437353
2018-10-28 13:00:00+01:00,57.667436882546184
2018-10-28 14:00:00+01:00,56.22735514863095
2018-10-28 15:00:00+01:00,53.502141243745186
2018-10-28 16:00:00+01:00,48.867569905231704
2018-10-28 17:00:00+01:00,53.320704207602034
2018-10-28 18:00:00+01:00,57.59132310780529
2018-10-28 19:00:00+01:00,66.29462073954996
2018-10-28 20:00:00+01:00,63.56403449391582
2018-10-28 21:00:00+01:00,62.97351966457246
2018-10-28 22:00:00+01:00,58.781887268721725
2018-10-28 23:00:00+01:00,56.16716758175888
2018-10-29 00:00:00+01:00,51.45951962551341
2018-10-29 01:00:00+01:00,48.03091936515506
2018-10-29 02:00:00+01:00,44.85987528725538
2018-10-29 03:00:00+01:00,44.478610646100925
2018-10-29 04:00:00+01:00,43.13726322640408
2018-10-29 05:00:00+01:00,44.987720121369236
2018-10-29 06:00:00+01:00,51.354733443248854
2018-10-29 07:00:00+01:00,56.17834009074049
2018-10-29 08:00:00+01:00,61.28183893461603
2018-10-29 09:00:00+01:00,61.60277946074326
2018-10-29 10:00:00+01:00,62.14389837596594
2018-10-29 11:00:00+01:00,61.02583665764776
2018-10-29 12:00:00+01:00,59.1106365271246
2018-10-29 13:00:00+01:00,58.402668925288545
2018-10-29 14:00:00+01:00,60.00656147291395
2018-10-29 15:00:00+01:00,57.642465044852564
2018-10-29 16:00:00+01:00,56.374531168868366
2018-10-29 17:00:00+01:00,60.257895851672075
2018-10-29 18:00:00+01:00,63.770515258913015
2018-10-29 19:00:00+01:00,70.83616542789771
2018-10-29 20:00:00+01:00,69.96881548609942
2018-10-29 21:00:00+01:00,66.5308129924482
2018-10-29 22:00:00+01:00,58.610168878055795
2018-10-29 23:00:00+01:00,58.87883762479329
2018-10-30 00:00:00+01:00,48.46384879973973
2018-10-30 01:00:00+01:00,43.532850528556764
2018-10-30 02:00:00+01:00,41.857035361204375
2018-10-30 03:00:00+01:00,38.49909015425272
2018-10-30 04:00:00+01:00,37.46800429466289
2018-10-30 05:00:00+01:00,41.56108819172668
2018-10-30 06:00:00+01:00,50.6120223224894
2018-10-30 07:00:00+01:00,58.96343572662698
2018-10-30 08:00:00+01:00,67.1273655957923
2018-10-30 09:00:00+01:00,65.38387280551954
2018-10-30 10:00:00+01:00,65.47097227107929
2018-10-30 11:00:00+01:00,66.32688724690851
2018-10-30 12:00:00+01:00,64.71168860861708
2018-10-30 13:00:00+01:00,63.242833890174346
2018-10-30 14:00:00+01:00,63.30092328996024
2018-10-30 15:00:00+01:00,62.38683194755251
2018-10-30 16:00:00+01:00,66.31704037997991
2018-10-30 17:00:00+01:00,68.11323049099715
2018-10-30 18:00:00+01:00,70.48815550072855
2018-10-30 19:00:00+01:00,72.799659827986
2018-10-30 20:00:00+01:00,70.98950645426153
2018-10-30 21:00:00+01:00,71.60404973659706
2018-10-30 22:00:00+01:00,63.41874541191673
2018-10-30 23:00:00+01:00,58.79676864324011
2018-10-31 00:00:00+01:00,52.10070498434318
2018-10-31 01:00:00+01:00,49.25897327374219
2018-10-31 02:00:00+01:00,48.84483871268834
2018-10-31 03:00:00+01:00,47.50373537173547
2018-10-31 04:00:00+01:00,46.38971836942972
2018-10-31 05:00:00+01:00,49.52601157486097
2018-10-31 06:00:00+01:00,56.97605118016713
2018-10-31 07:00:00+01:00,64.30054661497783
2018-10-31 08:00:00+01:00,68.17758138167892
2018-10-31 09:00:00+01:00,68.73805762656382
2018-10-31 10:00:00+01:00,66.54255589789426
2018-10-31 11:00:00+01:00,65.49069988950788
2018-10-31 12:00:00+01:00,62.49113869952706
2018-10-31 13:00:00+01:00,65.64330317398976
2018-10-31 14:00:00+01:00,63.90675422460832
2018-10-31 15:00:00+01:00,63.13791310163445
2018-10-31 16:00:00+01:00,63.02413216523696
2018-10-31 17:00:00+01:00,68.16240822205351
2018-10-31 18:00:00+01:00,69.59153288604276
2018-10-31 19:00:00+01:00,70.18858195993862
2018-10-31 20:00:00+01:00,71.5689736381482
2018-10-31 21:00:00+01:00,73.5835659716186
2018-10-31 22:00:00+01:00,67.93580773660193
2018-10-31 23:00:00+01:00,60.89680901146883
2018-11-01 00:00:00+01:00,53.66922689106053
2018-11-01 01:00:00+01:00,52.25613930005279
2018-11-01 02:00:00+01:00,49.392939278448594
2018-11-01 03:00:00+01:00,48.91558016096213
2018-11-01 04:00:00+01:00,49.21666231147997
2018-11-01 05:00:00+01:00,51.964941771759904
2018-11-01 06:00:00+01:00,60.47599283227051
2018-11-01 07:00:00+01:00,67.86261191415676
2018-11-01 08:00:00+01:00,74.45767021870105
2018-11-01 09:00:00+01:00,74.9108498621786
2018-11-01 10:00:00+01:00,74.95529483009507
2018-11-01 11:00:00+01:00,72.6355408779982
2018-11-01 12:00:00+01:00,71.32681843460863
2018-11-01 13:00:00+01:00,70.9781474671188
2018-11-01 14:00:00+01:00,71.80864965515974
2018-11-01 15:00:00+01:00,70.13997587567737
2018-11-01 16:00:00+01:00,71.7442611651333
2018-11-01 17:00:00+01:00,72.69486146225593
2018-11-01 18:00:00+01:00,74.03441813153663
2018-11-01 19:00:00+01:00,76.25848745179677
2018-11-01 20:00:00+01:00,74.6247054348321
2018-11-01 21:00:00+01:00,73.74564793483466
2018-11-01 22:00:00+01:00,67.56019017134034
2018-11-01 23:00:00+01:00,62.711255264961444
2018-11-02 00:00:00+01:00,55.93598517680795
2018-11-02 01:00:00+01:00,50.91182599649302
2018-11-02 02:00:00+01:00,49.50570947546743
2018-11-02 03:00:00+01:00,48.86080735826334
2018-11-02 04:00:00+01:00,51.57514049986048
2018-11-02 05:00:00+01:00,51.69072954321194
2018-11-02 06:00:00+01:00,57.77040561285602
2018-11-02 07:00:00+01:00,66.54855715662308
2018-11-02 08:00:00+01:00,72.55566908188135
2018-11-02 09:00:00+01:00,71.29782580958762
2018-11-02 10:00:00+01:00,68.6824587876807
2018-11-02 11:00:00+01:00,67.82301631417394
2018-11-02 12:00:00+01:00,67.9957380194661
2018-11-02 13:00:00+01:00,70.410941951506
2018-11-02 14:00:00+01:00,66.53972667578171
2018-11-02 15:00:00+01:00,67.70855638611343
2018-11-02 16:00:00+01:00,69.01871662713542
2018-11-02 17:00:00+01:00,72.9332125370896
2018-11-02 18:00:00+01:00,75.52205457227919
2018-11-02 19:00:00+01:00,77.8818283448141
2018-11-02 20:00:00+01:00,80.01689074674489
2018-11-02 21:00:00+01:00,76.90967174920347
2018-11-02 22:00:00+01:00,72.25502011516865
2018-11-02 23:00:00+01:00,68.58209558099098
2018-11-03 00:00:00+01:00,58.57584214421903
2018-11-03 01:00:00+01:00,56.37442536261145
2018-11-03 02:00:00+01:00,55.442185072965316
2018-11-03 03:00:00+01:00,54.077826975092556
2018-11-03 04:00:00+01:00,52.889774696932555
2018-11-03 05:00:00+01:00,52.02335214425212
2018-11-03 06:00:00+01:00,53.929497351814
2018-11-03 07:00:00+01:00,57.65900402725205
2018-11-03 08:00:00+01:00,60.48537055492859
2018-11-03 09:00:00+01:00,62.26775455779202
2018-11-03 10:00:00+01:00,64.29409467291332
2018-11-03 11:00:00+01:00,62.087090239980725
2018-11-03 12:00:00+01:00,61.40057403896233
2018-11-03 13:00:00+01:00,62.402774109474905
2018-11-03 14:00:00+01:00,61.893958588418926
2018-11-03 15:00:00+01:00,61.719774020078674
2018-11-03 16:00:00+01:00,62.40477351110385
2018-11-03 17:00:00+01:00,64.60336703607553
2018-11-03 18:00:00+01:00,69.2491299437775
2018-11-03 19:00:00+01:00,70.73814423018543
2018-11-03 20:00:00+01:00,73.56995155168134
2018-11-03 21:00:00+01:00,73.03373598423845
2018-11-03 22:00:00+01:00,68.20707771245377
2018-11-03 23:00:00+01:00,66.1551667870161
2018-11-04 00:00:00+01:00,57.78959369398494
2018-11-04 01:00:00+01:00,51.196618024139624
2018-11-04 02:00:00+01:00,49.405248343509754
2018-11-04 03:00:00+01:00,47.952032042977464
2018-11-04 04:00:00+01:00,47.033079219348764
2018-11-04 05:00:00+01:00,47.31014564597239
2018-11-04 06:00:00+01:00,46.25876700584633
2018-11-04 07:00:00+01:00,49.8855777957047
2018-11-04 08:00:00+01:00,53.98844092316226
2018-11-04 09:00:00+01:00,57.78357268690744
2018-11-04 10:00:00+01:00,59.268590192214106
2018-11-04 11:00:00+01:00,59.797054853982154
2018-11-04 12:00:00+01:00,56.20450869902797
2018-11-04 13:00:00+01:00,55.728520393488715
2018-11-04 14:00:00+01:00,53.10850501878928
2018-11-04 15:00:00+01:00,48.30078086116376
2018-11-04 16:00:00+01:00,42.627889366859996
2018-11-04 17:00:00+01:00,47.990986466716734
2018-11-04 18:00:00+01:00,58.850195386017106
2018-11-04 19:00:00+01:00,59.55044982308253
2018-11-04 20:00:00+01:00,63.97157392923142
2018-11-04 21:00:00+01:00,63.631334708690744
2018-11-04 22:00:00+01:00,61.044010668269195
2018-11-04 23:00:00+01:00,56.64530177660486
2018-11-05 00:00:00+01:00,49.352359210400415
2018-11-05 01:00:00+01:00,45.92760588563201
2018-11-05 02:00:00+01:00,43.341062349197315
2018-11-05 03:00:00+01:00,46.17057715877059
2018-11-05 04:00:00+01:00,45.16005700098201
2018-11-05 05:00:00+01:00,45.634955576629714
2018-11-05 06:00:00+01:00,46.91837932944254
2018-11-05 07:00:00+01:00,56.17912912260885
2018-11-05 08:00:00+01:00,63.063107974545694
2018-11-05 09:00:00+01:00,66.21686186023688
2018-11-05 10:00:00+01:00,65.08521142046557
2018-11-05 11:00:00+01:00,69.3094305275317
2018-11-05 12:00:00+01:00,65.91329680295742
2018-11-05 13:00:00+01:00,62.719726065258854
2018-11-05 14:00:00+01:00,61.93733049046225
2018-11-05 15:00:00+01:00,62.670423330686
2018-11-05 16:00:00+01:00,61.60164289493202
2018-11-05 17:00:00+01:00,63.984323675565214
2018-11-05 18:00:00+01:00,68.18012632861053
2018-11-05 19:00:00+01:00,71.48068945248048
2018-11-05 20:00:00+01:00,74.13278951342548
2018-11-05 21:00:00+01:00,66.67172075113011
2018-11-05 22:00:00+01:00,64.6858733795235
2018-11-05 23:00:00+01:00,63.14392149192067
2018-11-06 00:00:00+01:00,52.90023369186342
2018-11-06 01:00:00+01:00,46.936265125306974
2018-11-06 02:00:00+01:00,47.138436890602335
2018-11-06 03:00:00+01:00,46.61522010521659
2018-11-06 04:00:00+01:00,47.072706782861516
2018-11-06 05:00:00+01:00,46.327492417075774
2018-11-06 06:00:00+01:00,49.76355549264989
2018-11-06 07:00:00+01:00,59.65460399261691
2018-11-06 08:00:00+01:00,67.02339586658805
2018-11-06 09:00:00+01:00,67.79425182639199
2018-11-06 10:00:00+01:00,69.90156448742334
2018-11-06 11:00:00+01:00,66.17772222635621
2018-11-06 12:00:00+01:00,65.69397281606697
2018-11-06 13:00:00+01:00,64.7111266879716
2018-11-06 14:00:00+01:00,65.20273718874044
2018-11-06 15:00:00+01:00,64.93809333180617
2018-11-06 16:00:00+01:00,61.814195487802095
2018-11-06 17:00:00+01:00,65.4955117996036
2018-11-06 18:00:00+01:00,69.10155375869829
2018-11-06 19:00:00+01:00,73.48487110175347
2018-11-06 20:00:00+01:00,71.23918550349248
2018-11-06 21:00:00+01:00,71.3296353733036
2018-11-06 22:00:00+01:00,67.6186075015068
2018-11-06 23:00:00+01:00,64.98373223547284
2018-11-07 00:00:00+01:00,54.198095927530844
2018-11-07 01:00:00+01:00,50.0287565138055
2018-11-07 02:00:00+01:00,46.218669236108504
2018-11-07 03:00:00+01:00,42.09868931134123
2018-11-07 04:00:00+01:00,41.89623147012323
2018-11-07 05:00:00+01:00,46.12912650457645
2018-11-07 06:00:00+01:00,53.74065579520452
2018-11-07 07:00:00+01:00,61.37916531069574
2018-11-07 08:00:00+01:00,65.28043901738404
2018-11-07 09:00:00+01:00,66.3827965282614
2018-11-07 10:00:00+01:00,71.89232764758559
2018-11-07 11:00:00+01:00,70.34490144749924
2018-11-07 12:00:00+01:00,67.6411776598759
2018-11-07 13:00:00+01:00,67.48959358520065
2018-11-07 14:00:00+01:00,68.25724245090998
2018-11-07 15:00:00+01:00,65.16011864707274
2018-11-07 16:00:00+01:00,66.70741492118616
2018-11-07 17:00:00+01:00,73.1365094690989
2018-11-07 18:00:00+01:00,74.04868670474927
2018-11-07 19:00:00+01:00,76.54623932183472
2018-11-07 20:00:00+01:00,74.45174540385192
2018-11-07 21:00:00+01:00,73.5067244856332
2018-11-07 22:00:00+01:00,70.29992828482109
2018-11-07 23:00:00+01:00,68.76367873333214
2018-11-08 00:00:00+01:00,61.72071867720653
2018-11-08 01:00:00+01:00,58.21639344061131
2018-11-08 02:00:00+01:00,55.07602851475929
2018-11-08 03:00:00+01:00,56.301179702375244
2018-11-08 04:00:00+01:00,55.42531720000255
2018-11-08 05:00:00+01:00,53.029816711744964
2018-11-08 06:00:00+01:00,62.761701796131554
2018-11-08 07:00:00+01:00,66.58138841165908
2018-11-08 08:00:00+01:00,71.65967598594338
2018-11-08 09:00:00+01:00,71.0804846638608
2018-11-08 10:00:00+01:00,71.3109468790149
2018-11-08 11:00:00+01:00,70.70635412710277
2018-11-08 12:00:00+01:00,69.56285872309144
2018-11-08 13:00:00+01:00,66.39084527023117
2018-11-08 14:00:00+01:00,68.80021722406363
2018-11-08 15:00:00+01:00,66.46671920299
2018-11-08 16:00:00+01:00,68.49181013425586
2018-11-08 17:00:00+01:00,68.60729536682548
2018-11-08 18:00:00+01:00,71.27116514626658
2018-11-08 19:00:00+01:00,71.19040073471096
2018-11-08 20:00:00+01:00,70.8775740585153
2018-11-08 21:00:00+01:00,68.69605870320349
2018-11-08 22:00:00+01:00,65.43942029366224
2018-11-08 23:00:00+01:00,62.868401726893296
2018-11-09 00:00:00+01:00,56.585047760609754
2018-11-09 01:00:00+01:00,54.147515938723885
2018-11-09 02:00:00+01:00,49.26247560434211
2018-11-09 03:00:00+01:00,47.279646080465845
2018-11-09 04:00:00+01:00,47.40211293413148
2018-11-09 05:00:00+01:00,47.79048437703268
2018-11-09 06:00:00+01:00,52.317545769496824
2018-11-09 07:00:00+01:00,60.871001345794966
2018-11-09 08:00:00+01:00,71.92504769684543
2018-11-09 09:00:00+01:00,73.94025087412149
2018-11-09 10:00:00+01:00,69.24689307884798
2018-11-09 11:00:00+01:00,66.04446422626555
2018-11-09 12:00:00+01:00,64.49729987800495
2018-11-09 13:00:00+01:00,66.24942362491258
2018-11-09 14:00:00+01:00,65.0123058711895
2018-11-09 15:00:00+01:00,64.70309953620071
2018-11-09 16:00:00+01:00,63.58273759297074
2018-11-09 17:00:00+01:00,65.15986115527456
2018-11-09 18:00:00+01:00,69.30059029157132
2018-11-09 19:00:00+01:00,70.42733273397218
2018-11-09 20:00:00+01:00,70.58897615434772
2018-11-09 21:00:00+01:00,68.13515525723524
2018-11-09 22:00:00+01:00,64.66815989073174
2018-11-09 23:00:00+01:00,62.46176501414747
2018-11-10 00:00:00+01:00,52.02222151358231
2018-11-10 01:00:00+01:00,49.691182625569596
2018-11-10 02:00:00+01:00,46.978996551940654
2018-11-10 03:00:00+01:00,43.112578779300186
2018-11-10 04:00:00+01:00,42.62981355898489
2018-11-10 05:00:00+01:00,43.11578670037244
2018-11-10 06:00:00+01:00,45.79088944451173
2018-11-10 07:00:00+01:00,49.83730567497051
2018-11-10 08:00:00+01:00,53.97082573297124
2018-11-10 09:00:00+01:00,55.2888563682213
2018-11-10 10:00:00+01:00,55.80147846274298
2018-11-10 11:00:00+01:00,55.930248756298134
2018-11-10 12:00:00+01:00,58.405216493811004
2018-11-10 13:00:00+01:00,59.09109158468634
2018-11-10 14:00:00+01:00,57.441886836584324
2018-11-10 15:00:00+01:00,54.65453338742447
2018-11-10 16:00:00+01:00,56.436589170648496
2018-11-10 17:00:00+01:00,59.33569852765682
2018-11-10 18:00:00+01:00,60.57810796786149
2018-11-10 19:00:00+01:00,67.52573690112841
2018-11-10 20:00:00+01:00,67.68894565345192
2018-11-10 21:00:00+01:00,64.48668204569962
2018-11-10 22:00:00+01:00,61.88688402342483
2018-11-10 23:00:00+01:00,58.05569364247485
2018-11-11 00:00:00+01:00,48.62387380059754
2018-11-11 01:00:00+01:00,45.6658568705013
2018-11-11 02:00:00+01:00,40.064816976922046
2018-11-11 03:00:00+01:00,39.93669504384061
2018-11-11 04:00:00+01:00,38.85370572964811
2018-11-11 05:00:00+01:00,40.20147478523051
2018-11-11 06:00:00+01:00,41.72157630935749
2018-11-11 07:00:00+01:00,48.76854779609433
2018-11-11 08:00:00+01:00,47.05110630393993
2018-11-11 09:00:00+01:00,49.432927763857194
2018-11-11 10:00:00+01:00,55.46886243955377
2018-11-11 11:00:00+01:00,56.930456513086476
2018-11-11 12:00:00+01:00,53.66810935205014
2018-11-11 13:00:00+01:00,57.73017761348716
2018-11-11 14:00:00+01:00,54.3810181898062
2018-11-11 15:00:00+01:00,55.95597655610868
2018-11-11 16:00:00+01:00,52.75370390427963
2018-11-11 17:00:00+01:00,57.22792699611103
2018-11-11 18:00:00+01:00,63.74574859476998
2018-11-11 19:00:00+01:00,68.09405334320978
2018-11-11 20:00:00+01:00,69.16955562504727
2018-11-11 21:00:00+01:00,69.82468929448102
2018-11-11 22:00:00+01:00,64.17084024821385
2018-11-11 23:00:00+01:00,59.433003281522716
2018-11-12 00:00:00+01:00,58.11114168726153
2018-11-12 01:00:00+01:00,51.23904984817774
2018-11-12 02:00:00+01:00,49.29811849897927
2018-11-12 03:00:00+01:00,49.214732703504254
2018-11-12 04:00:00+01:00,49.203244514640645
2018-11-12 05:00:00+01:00,50.34899320175459
2018-11-12 06:00:00+01:00,56.11405114240914
2018-11-12 07:00:00+01:00,61.371651840706754
2018-11-12 08:00:00+01:00,71.8816321512269
2018-11-12 09:00:00+01:00,73.12332223288487
2018-11-12 10:00:00+01:00,71.45677003508173
2018-11-12 11:00:00+01:00,71.80243788250377
2018-11-12 12:00:00+01:00,70.94689632982866
2018-11-12 13:00:00+01:00,70.91847980989093
2018-11-12 14:00:00+01:00,68.78849449854414
2018-11-12 15:00:00+01:00,69.04025917231978
2018-11-12 16:00:00+01:00,71.23819746783259
2018-11-12 17:00:00+01:00,72.31538864512248
2018-11-12 18:00:00+01:00,75.04633885935417
2018-11-12 19:00:00+01:00,76.33049919019389
2018-11-12 20:00:00+01:00,75.09868828239834
2018-11-12 21:00:00+01:00,73.95301906735787
2018-11-12 22:00:00+01:00,68.55234412967869
2018-11-12 23:00:00+01:00,65.01386982810712
2018-11-13 00:00:00+01:00,59.39078794287009
2018-11-13 01:00:00+01:00,56.752121605544794
2018-11-13 02:00:00+01:00,54.104246183616
2018-11-13 03:00:00+01:00,53.03021746785394
2018-11-13 04:00:00+01:00,53.03998585499702
2018-11-13 05:00:00+01:00,52.63028518550296
2018-11-13 06:00:00+01:00,59.356869493094386
2018-11-13 07:00:00+01:00,66.03943335773634
2018-11-13 08:00:00+01:00,71.57231815524005
2018-11-13 09:00:00+01:00,71.68476645575552
2018-11-13 10:00:00+01:00,71.56691418206636
2018-11-13 11:00:00+01:00,71.3123832174438
2018-11-13 12:00:00+01:00,69.76040811973537
2018-11-13 13:00:00+01:00,69.6692140778714
2018-11-13 14:00:00+01:00,69.62007848879716
2018-11-13 15:00:00+01:00,68.97660615780948
2018-11-13 16:00:00+01:00,70.29894686722112
2018-11-13 17:00:00+01:00,71.3904316088683
2018-11-13 18:00:00+01:00,74.37785758987488
2018-11-13 19:00:00+01:00,76.56658621963173
2018-11-13 20:00:00+01:00,75.18516557944064
2018-11-13 21:00:00+01:00,73.69263581121974
2018-11-13 22:00:00+01:00,68.13295231157653
2018-11-13 23:00:00+01:00,63.52214619627824
2018-11-14 00:00:00+01:00,61.73694467686182
2018-11-14 01:00:00+01:00,57.514534359573204
2018-11-14 02:00:00+01:00,55.55973636871332
2018-11-14 03:00:00+01:00,56.06385864684958
2018-11-14 04:00:00+01:00,52.33965964963386
2018-11-14 05:00:00+01:00,54.32016189942759
2018-11-14 06:00:00+01:00,58.00857789823265
2018-11-14 07:00:00+01:00,63.721418305846015
2018-11-14 08:00:00+01:00,69.60057442690811
2018-11-14 09:00:00+01:00,69.50501351899634
2018-11-14 10:00:00+01:00,69.61765609725711
2018-11-14 11:00:00+01:00,69.52241429245689
2018-11-14 12:00:00+01:00,69.24875858701553
2018-11-14 13:00:00+01:00,68.87140356039065
2018-11-14 14:00:00+01:00,70.56892744948978
2018-11-14 15:00:00+01:00,68.40896703927842
2018-11-14 16:00:00+01:00,67.59558232144953
2018-11-14 17:00:00+01:00,71.99801334520028
2018-11-14 18:00:00+01:00,75.47785161590654
2018-11-14 19:00:00+01:00,74.92024403563556
2018-11-14 20:00:00+01:00,71.69351586128182
2018-11-14 21:00:00+01:00,70.19698769201412
2018-11-14 22:00:00+01:00,66.41130227630994
2018-11-14 23:00:00+01:00,61.01149141762895
2018-11-15 00:00:00+01:00,60.57269635090982
2018-11-15 01:00:00+01:00,57.45311524436456
2018-11-15 02:00:00+01:00,55.28496602604144
2018-11-15 03:00:00+01:00,50.27960757427356
2018-11-15 04:00:00+01:00,53.30815231380895
2018-11-15 05:00:00+01:00,54.57732511503279
2018-11-15 06:00:00+01:00,57.33423453681583
2018-11-15 07:00:00+01:00,63.74108592571346
2018-11-15 08:00:00+01:00,70.94242073811166
2018-11-15 09:00:00+01:00,69.64059246173413
2018-11-15 10:00:00+01:00,70.47131953708215
2018-11-15 11:00:00+01:00,72.13872676380566
2018-11-15 12:00:00+01:00,72.67698763078214
2018-11-15 13:00:00+01:00,71.61568593538615
2018-11-15 14:00:00+01:00,70.36534738275361
2018-11-15 15:00:00+01:00,71.44403745229094
2018-11-15 16:00:00+01:00,70.82117863662532
2018-11-15 17:00:00+01:00,75.42849986975978
2018-11-15 18:00:00+01:00,76.33804101270047
2018-11-15 19:00:00+01:00,76.69582687166108
2018-11-15 20:00:00+01:00,74.22228714019953
2018-11-15 21:00:00+01:00,73.65051867590857
2018-11-15 22:00:00+01:00,69.10236803390191
2018-11-15 23:00:00+01:00,64.40682781330406
2018-11-16 00:00:00+01:00,61.95215930834681
2018-11-16 01:00:00+01:00,58.15368018422681
2018-11-16 02:00:00+01:00,52.9227606203655
2018-11-16 03:00:00+01:00,50.452788527113626
2018-11-16 04:00:00+01:00,51.55034283594529
2018-11-16 05:00:00+01:00,53.56287262389062
2018-11-16 06:00:00+01:00,59.877252790334175
2018-11-16 07:00:00+01:00,62.49765018925451
2018-11-16 08:00:00+01:00,70.90092496587089
2018-11-16 09:00:00+01:00,71.4689605915288
2018-11-16 10:00:00+01:00,70.36619510322576
2018-11-16 11:00:00+01:00,71.68322670965546
2018-11-16 12:00:00+01:00,70.60259675069761
2018-11-16 13:00:00+01:00,70.56128223706465
2018-11-16 14:00:00+01:00,70.18806689640941
2018-11-16 15:00:00+01:00,70.14273970245792
2018-11-16 16:00:00+01:00,69.32216684482704
2018-11-16 17:00:00+01:00,72.08521343330875
2018-11-16 18:00:00+01:00,73.5651217820734
2018-11-16 19:00:00+01:00,73.57081086353575
2018-11-16 20:00:00+01:00,74.46106027974515
2018-11-16 21:00:00+01:00,72.13116857180026
2018-11-16 22:00:00+01:00,67.42871909313868
2018-11-16 23:00:00+01:00,62.86035185352779
2018-11-17 00:00:00+01:00,60.43092476213889
2018-11-17 01:00:00+01:00,59.34628718550112
2018-11-17 02:00:00+01:00,55.43227792779673
2018-11-17 03:00:00+01:00,53.633970323484704
2018-11-17 04:00:00+01:00,52.29360903832875
2018-11-17 05:00:00+01:00,53.442004074937856
2018-11-17 06:00:00+01:00,54.1276820319428
2018-11-17 07:00:00+01:00,57.41106452069641
2018-11-17 08:00:00+01:00,61.052116694175936
2018-11-17 09:00:00+01:00,64.62011210406514
2018-11-17 10:00:00+01:00,63.121708371715236
2018-11-17 11:00:00+01:00,62.11630079698056
2018-11-17 12:00:00+01:00,61.63911044998888
2018-11-17 13:00:00+01:00,62.769047990150725
2018-11-17 14:00:00+01:00,62.385800738892264
2018-11-17 15:00:00+01:00,61.606819681013704
2018-11-17 16:00:00+01:00,64.36217340027397
2018-11-17 17:00:00+01:00,64.73109654046765
2018-11-17 18:00:00+01:00,68.44219326181756
2018-11-17 19:00:00+01:00,71.6650290643363
2018-11-17 20:00:00+01:00,71.71877653962994
2018-11-17 21:00:00+01:00,71.1215571833697
2018-11-17 22:00:00+01:00,66.57602065267109
2018-11-17 23:00:00+01:00,61.29297420892035
2018-11-18 00:00:00+01:00,57.00363823946058
2018-11-18 01:00:00+01:00,56.00936396585234
2018-11-18 02:00:00+01:00,48.78002810461995
2018-11-18 03:00:00+01:00,52.77512036254228
2018-11-18 04:00:00+01:00,51.2113337188065
2018-11-18 05:00:00+01:00,48.83100489050513
2018-11-18 06:00:00+01:00,46.23495915707727
2018-11-18 07:00:00+01:00,53.009187285077175
2018-11-18 08:00:00+01:00,53.36405143936093
2018-11-18 09:00:00+01:00,57.74993581799912
2018-11-18 10:00:00+01:00,58.4342825316227
2018-11-18 11:00:00+01:00,57.371839964389295
2018-11-18 12:00:00+01:00,56.355156437576454
2018-11-18 13:00:00+01:00,57.035480771107544
2018-11-18 14:00:00+01:00,56.50454385973729
2018-11-18 15:00:00+01:00,53.478829349763906
2018-11-18 16:00:00+01:00,53.514846326749826
2018-11-18 17:00:00+01:00,58.681706780836244
2018-11-18 18:00:00+01:00,64.07367288278655
2018-11-18 19:00:00+01:00,65.19758407784133
2018-11-18 20:00:00+01:00,66.0437310609496
2018-11-18 21:00:00+01:00,63.69640752034906
2018-11-18 22:00:00+01:00,59.69582364160988
2018-11-18 23:00:00+01:00,53.895575115167
2018-11-19 00:00:00+01:00,50.531105934156564
2018-11-19 01:00:00+01:00,47.277371124899744
2018-11-19 02:00:00+01:00,44.06942941678707
2018-11-19 03:00:00+01:00,42.01338055555353
2018-11-19 04:00:00+01:00,41.94773801471274
2018-11-19 05:00:00+01:00,43.12709444268982
2018-11-19 06:00:00+01:00,50.6683990875457
2018-11-19 07:00:00+01:00,60.45683596772224
2018-11-19 08:00:00+01:00,68.32367361925125
2018-11-19 09:00:00+01:00,65.18017197438817
2018-11-19 10:00:00+01:00,67.4211242887537
2018-11-19 11:00:00+01:00,71.52766901914512
2018-11-19 12:00:00+01:00,71.82707582362151
2018-11-19 13:00:00+01:00,70.44277719571066
2018-11-19 14:00:00+01:00,69.64425886524036
2018-11-19 15:00:00+01:00,68.83116281133806
2018-11-19 16:00:00+01:00,69.76882709189368
2018-11-19 17:00:00+01:00,72.79209684266836
2018-11-19 18:00:00+01:00,70.9133984586485
2018-11-19 19:00:00+01:00,73.70813280869913
2018-11-19 20:00:00+01:00,72.35223831429126
2018-11-19 21:00:00+01:00,69.3737467414868
2018-11-19 22:00:00+01:00,68.25980614736994
2018-11-19 23:00:00+01:00,62.34920356182337
2018-11-20 00:00:00+01:00,56.52689467772271
2018-11-20 01:00:00+01:00,49.731870492066776
2018-11-20 02:00:00+01:00,50.14040626142278
2018-11-20 03:00:00+01:00,47.46811492168083
2018-11-20 04:00:00+01:00,44.784807407243136
2018-11-20 05:00:00+01:00,46.19896813666547
2018-11-20 06:00:00+01:00,55.08180520737987
2018-11-20 07:00:00+01:00,60.6655412115652
2018-11-20 08:00:00+01:00,65.34413550513268
2018-11-20 09:00:00+01:00,66.43998137534908
2018-11-20 10:00:00+01:00,68.28081719039484
2018-11-20 11:00:00+01:00,64.94118824402578
2018-11-20 12:00:00+01:00,65.68482485609603
2018-11-20 13:00:00+01:00,70.4812702766842
2018-11-20 14:00:00+01:00,66.47337403820772
2018-11-20 15:00:00+01:00,64.03169743740713
2018-11-20 16:00:00+01:00,64.27858822127075
2018-11-20 17:00:00+01:00,67.91794464311053
2018-11-20 18:00:00+01:00,70.68731060658428
2018-11-20 19:00:00+01:00,70.96445324694322
2018-11-20 20:00:00+01:00,72.56908443983245
2018-11-20 21:00:00+01:00,66.95396937997474
2018-11-20 22:00:00+01:00,64.52283375525123
2018-11-20 23:00:00+01:00,58.66840528534841
2018-11-21 00:00:00+01:00,54.92024641627427
2018-11-21 01:00:00+01:00,50.188053527213114
2018-11-21 02:00:00+01:00,46.967984981273425
2018-11-21 03:00:00+01:00,47.28434485402278
2018-11-21 04:00:00+01:00,41.701654011161864
2018-11-21 05:00:00+01:00,43.50310673275311
2018-11-21 06:00:00+01:00,56.70422735040751
2018-11-21 07:00:00+01:00,61.326372230681116
2018-11-21 08:00:00+01:00,67.07959916006601
2018-11-21 09:00:00+01:00,67.73548190755137
2018-11-21 10:00:00+01:00,70.02891167740982
2018-11-21 11:00:00+01:00,68.47084020900292
2018-11-21 12:00:00+01:00,66.15890678693592
2018-11-21 13:00:00+01:00,65.09101690368273
2018-11-21 14:00:00+01:00,65.508089245365
2018-11-21 15:00:00+01:00,62.86606770034989
2018-11-21 16:00:00+01:00,64.65635220981072
2018-11-21 17:00:00+01:00,70.45980438961212
2018-11-21 18:00:00+01:00,71.70701847016313
2018-11-21 19:00:00+01:00,74.69087880960845
2018-11-21 20:00:00+01:00,75.0906494504235
2018-11-21 21:00:00+01:00,71.45505316245377
2018-11-21 22:00:00+01:00,67.34903084260615
2018-11-21 23:00:00+01:00,62.15676585964384
2018-11-22 00:00:00+01:00,57.21014031874534
2018-11-22 01:00:00+01:00,54.91551267797407
2018-11-22 02:00:00+01:00,52.2480455263723
2018-11-22 03:00:00+01:00,51.64281028372834
2018-11-22 04:00:00+01:00,51.11758406304958
2018-11-22 05:00:00+01:00,47.773388515187115
2018-11-22 06:00:00+01:00,58.78739668046793
2018-11-22 07:00:00+01:00,65.61158439515863
2018-11-22 08:00:00+01:00,72.53942156385176
2018-11-22 09:00:00+01:00,75.0680741892327
2018-11-22 10:00:00+01:00,72.85366681258722
2018-11-22 11:00:00+01:00,72.51863098196016
2018-11-22 12:00:00+01:00,70.1087024755049
2018-11-22 13:00:00+01:00,71.47569290535506
2018-11-22 14:00:00+01:00,68.69803716645616
2018-11-22 15:00:00+01:00,69.48843974365808
2018-11-22 16:00:00+01:00,71.67090473282838
2018-11-22 17:00:00+01:00,73.28837873045273
2018-11-22 18:00:00+01:00,75.72233048907172
2018-11-22 19:00:00+01:00,73.59666412365003
2018-11-22 20:00:00+01:00,74.42899819435254
2018-11-22 21:00:00+01:00,72.03557197650798
2018-11-22 22:00:00+01:00,69.25215397634115
2018-11-22 23:00:00+01:00,65.6050974253199
2018-11-23 00:00:00+01:00,59.364953219373945
2018-11-23 01:00:00+01:00,55.55947176771541
2018-11-23 02:00:00+01:00,51.591356864712445
2018-11-23 03:00:00+01:00,50.048642154085044
2018-11-23 04:00:00+01:00,50.33390891644197
2018-11-23 05:00:00+01:00,51.962374014226015
2018-11-23 06:00:00+01:00,58.685416431410474
2018-11-23 07:00:00+01:00,62.91463806414804
2018-11-23 08:00:00+01:00,74.62437971796425
2018-11-23 09:00:00+01:00,75.65026062972524
2018-11-23 10:00:00+01:00,73.92385143656199
2018-11-23 11:00:00+01:00,69.95982878500608
2018-11-23 12:00:00+01:00,70.29929741277697
2018-11-23 13:00:00+01:00,69.53338569451357
2018-11-23 14:00:00+01:00,69.45724426317888
2018-11-23 15:00:00+01:00,70.26213429490893
2018-11-23 16:00:00+01:00,70.92912430268463
2018-11-23 17:00:00+01:00,72.05127185409661
2018-11-23 18:00:00+01:00,71.42528488712598
2018-11-23 19:00:00+01:00,73.42324559413736
2018-11-23 20:00:00+01:00,73.9697317066725
2018-11-23 21:00:00+01:00,71.90649771211473
2018-11-23 22:00:00+01:00,69.62231327362714
2018-11-23 23:00:00+01:00,65.3621664530878
2018-11-24 00:00:00+01:00,60.211704207350444
2018-11-24 01:00:00+01:00,57.49069840584135
2018-11-24 02:00:00+01:00,54.641005879310455
2018-11-24 03:00:00+01:00,52.12385952454347
2018-11-24 04:00:00+01:00,53.850976208691776
2018-11-24 05:00:00+01:00,53.71204036382284
2018-11-24 06:00:00+01:00,54.907457326886444
2018-11-24 07:00:00+01:00,55.98298848900261
2018-11-24 08:00:00+01:00,63.29153019451381
2018-11-24 09:00:00+01:00,65.10144349776512
2018-11-24 10:00:00+01:00,65.76542574957352
2018-11-24 11:00:00+01:00,67.01709408689923
2018-11-24 12:00:00+01:00,66.49632860462208
2018-11-24 13:00:00+01:00,65.08625249732589
2018-11-24 14:00:00+01:00,63.925044453233
2018-11-24 15:00:00+01:00,61.26379803886934
2018-11-24 16:00:00+01:00,61.541884135840704
2018-11-24 17:00:00+01:00,64.97533310536257
2018-11-24 18:00:00+01:00,68.66746109583512
2018-11-24 19:00:00+01:00,70.69031097661481
2018-11-24 20:00:00+01:00,70.3355035222853
2018-11-24 21:00:00+01:00,64.95631716330165
2018-11-24 22:00:00+01:00,64.19627849044544
2018-11-24 23:00:00+01:00,60.33329843652043
2018-11-25 00:00:00+01:00,51.85018035116835
2018-11-25 01:00:00+01:00,52.3188997864462
2018-11-25 02:00:00+01:00,45.04218616401106
2018-11-25 03:00:00+01:00,44.07585960980525
2018-11-25 04:00:00+01:00,41.92655496448284
2018-11-25 05:00:00+01:00,41.67798495461534
2018-11-25 06:00:00+01:00,44.288329261235745
2018-11-25 07:00:00+01:00,48.64760371879393
2018-11-25 08:00:00+01:00,51.1669276178565
2018-11-25 09:00:00+01:00,56.55185822204187
2018-11-25 10:00:00+01:00,59.04642780824861
2018-11-25 11:00:00+01:00,58.61099695000447
2018-11-25 12:00:00+01:00,56.26048519373612
2018-11-25 13:00:00+01:00,55.152820511643036
2018-11-25 14:00:00+01:00,54.042733162905485
2018-11-25 15:00:00+01:00,50.29782496962122
2018-11-25 16:00:00+01:00,48.40493825455035
2018-11-25 17:00:00+01:00,57.72179382700554
2018-11-25 18:00:00+01:00,64.32271371218926
2018-11-25 19:00:00+01:00,68.09875246753991
2018-11-25 20:00:00+01:00,69.8284658753284
2018-11-25 21:00:00+01:00,64.55487832307878
2018-11-25 22:00:00+01:00,60.972324961987724
2018-11-25 23:00:00+01:00,56.54210330205998
2018-11-26 00:00:00+01:00,57.01001314886999
2018-11-26 01:00:00+01:00,48.49856870457704
2018-11-26 02:00:00+01:00,43.188708506835695
2018-11-26 03:00:00+01:00,40.87197002026762
2018-11-26 04:00:00+01:00,44.035610956584186
2018-11-26 05:00:00+01:00,40.75167131960497
2018-11-26 06:00:00+01:00,50.82801617463727
2018-11-26 07:00:00+01:00,59.353229934596854
2018-11-26 08:00:00+01:00,68.56959169381994
2018-11-26 09:00:00+01:00,69.0088354429262
2018-11-26 10:00:00+01:00,68.39327934629473
2018-11-26 11:00:00+01:00,70.19059066153565
2018-11-26 12:00:00+01:00,65.70984496986249
2018-11-26 13:00:00+01:00,65.25109829135117
2018-11-26 14:00:00+01:00,66.13598093087568
2018-11-26 15:00:00+01:00,63.9029176060892
2018-11-26 16:00:00+01:00,63.51356825604961
2018-11-26 17:00:00+01:00,65.41796035674406
2018-11-26 18:00:00+01:00,79.55158343808729
2018-11-26 19:00:00+01:00,75.04248158071638
2018-11-26 20:00:00+01:00,76.81618851885189
2018-11-26 21:00:00+01:00,77.722830311528
2018-11-26 22:00:00+01:00,70.56244625583908
2018-11-26 23:00:00+01:00,64.14107229622809
2018-11-27 00:00:00+01:00,57.07727076145306
2018-11-27 01:00:00+01:00,55.61357886986601
2018-11-27 02:00:00+01:00,51.28867720546408
2018-11-27 03:00:00+01:00,51.914245970094385
2018-11-27 04:00:00+01:00,51.83102302435829
2018-11-27 05:00:00+01:00,54.13604763222615
2018-11-27 06:00:00+01:00,60.86875823137238
2018-11-27 07:00:00+01:00,69.04138238589124
2018-11-27 08:00:00+01:00,77.0116591012267
2018-11-27 09:00:00+01:00,79.28050656193412
2018-11-27 10:00:00+01:00,79.54353545286467
2018-11-27 11:00:00+01:00,76.698003413733
2018-11-27 12:00:00+01:00,73.60691896313725
2018-11-27 13:00:00+01:00,71.18949442521738
2018-11-27 14:00:00+01:00,71.19304906138109
2018-11-27 15:00:00+01:00,71.7252865571583
2018-11-27 16:00:00+01:00,71.70965436918516
2018-11-27 17:00:00+01:00,74.74504612974904
2018-11-27 18:00:00+01:00,77.26680879780112
2018-11-27 19:00:00+01:00,79.08151509516698
2018-11-27 20:00:00+01:00,78.462028030565
2018-11-27 21:00:00+01:00,75.14731830916226
2018-11-27 22:00:00+01:00,70.53210864927372
2018-11-27 23:00:00+01:00,64.68493408642084
2018-11-28 00:00:00+01:00,60.495759802955796
2018-11-28 01:00:00+01:00,56.9804353039552
2018-11-28 02:00:00+01:00,52.907411650510554
2018-11-28 03:00:00+01:00,51.028618899021325
2018-11-28 04:00:00+01:00,53.09229117122682
2018-11-28 05:00:00+01:00,52.27762793935931
2018-11-28 06:00:00+01:00,59.709719633095794
2018-11-28 07:00:00+01:00,68.88202382028442
2018-11-28 08:00:00+01:00,74.48344895936621
2018-11-28 09:00:00+01:00,75.332602003535
2018-11-28 10:00:00+01:00,74.82063067531278
2018-11-28 11:00:00+01:00,75.28514487184147
2018-11-28 12:00:00+01:00,73.3590786192758
2018-11-28 13:00:00+01:00,71.78198207668285
2018-11-28 14:00:00+01:00,71.07285644346487
2018-11-28 15:00:00+01:00,71.06808916968238
2018-11-28 16:00:00+01:00,71.82787390756509
2018-11-28 17:00:00+01:00,75.75087116632015
2018-11-28 18:00:00+01:00,81.04935201930718
2018-11-28 19:00:00+01:00,78.06375911726892
2018-11-28 20:00:00+01:00,78.78283851222105
2018-11-28 21:00:00+01:00,75.94329349315663
2018-11-28 22:00:00+01:00,71.15970052961644
2018-11-28 23:00:00+01:00,67.11477551282293
2018-11-29 00:00:00+01:00,58.821798686015356
2018-11-29 01:00:00+01:00,54.90714206030778
2018-11-29 02:00:00+01:00,51.602733626806064
2018-11-29 03:00:00+01:00,52.13190240969523
2018-11-29 04:00:00+01:00,50.90047873791275
2018-11-29 05:00:00+01:00,51.79603116888431
2018-11-29 06:00:00+01:00,57.67078840726807
2018-11-29 07:00:00+01:00,66.87411839391433
2018-11-29 08:00:00+01:00,73.56601614778347
2018-11-29 09:00:00+01:00,73.74970008547812
2018-11-29 10:00:00+01:00,74.66813769320977
2018-11-29 11:00:00+01:00,74.65162617520885
2018-11-29 12:00:00+01:00,72.63588476974206
2018-11-29 13:00:00+01:00,72.27190913823775
2018-11-29 14:00:00+01:00,73.09703466697658
2018-11-29 15:00:00+01:00,72.15645984516715
2018-11-29 16:00:00+01:00,70.6236913570686
2018-11-29 17:00:00+01:00,75.69144356551365
2018-11-29 18:00:00+01:00,81.91899400913483
2018-11-29 19:00:00+01:00,82.88219016165766
2018-11-29 20:00:00+01:00,82.74547079571525
2018-11-29 21:00:00+01:00,78.08646686340936
2018-11-29 22:00:00+01:00,71.77579289539004
2018-11-29 23:00:00+01:00,65.74631145867741
2018-11-30 00:00:00+01:00,62.80138043879652
2018-11-30 01:00:00+01:00,59.90789004115743
2018-11-30 02:00:00+01:00,57.06760931650102
2018-11-30 03:00:00+01:00,55.30052780832095
2018-11-30 04:00:00+01:00,54.53028345132462
2018-11-30 05:00:00+01:00,54.58451590160703
2018-11-30 06:00:00+01:00,61.57253040710228
2018-11-30 07:00:00+01:00,71.41536564144322
2018-11-30 08:00:00+01:00,74.90473907980824
2018-11-30 09:00:00+01:00,77.85141241049185
2018-11-30 10:00:00+01:00,78.12863777576104
2018-11-30 11:00:00+01:00,76.90645677216126
2018-11-30 12:00:00+01:00,74.82761043822283
2018-11-30 13:00:00+01:00,74.18686917931123
2018-11-30 14:00:00+01:00,71.4322929765458
2018-11-30 15:00:00+01:00,71.15124841396255
2018-11-30 16:00:00+01:00,70.86872021748205
2018-11-30 17:00:00+01:00,71.90112958733017
2018-11-30 18:00:00+01:00,81.2756003150926
2018-11-30 19:00:00+01:00,82.6627686760014
2018-11-30 20:00:00+01:00,82.86221006984431
2018-11-30 21:00:00+01:00,81.34229834350366
2018-11-30 22:00:00+01:00,75.26059057621569
2018-11-30 23:00:00+01:00,69.487950919507
2018-12-01 00:00:00+01:00,65.02373142472482
2018-12-01 01:00:00+01:00,63.52168846253172
2018-12-01 02:00:00+01:00,60.0237208474978
2018-12-01 03:00:00+01:00,56.797720826784065
2018-12-01 04:00:00+01:00,54.88809901997284
2018-12-01 05:00:00+01:00,56.80620584160747
2018-12-01 06:00:00+01:00,59.01165976121288
2018-12-01 07:00:00+01:00,62.33762198445663
2018-12-01 08:00:00+01:00,65.84651807282974
2018-12-01 09:00:00+01:00,70.53876519920412
2018-12-01 10:00:00+01:00,72.14450457237756
2018-12-01 11:00:00+01:00,70.5363019865164
2018-12-01 12:00:00+01:00,68.65016222689866
2018-12-01 13:00:00+01:00,69.860795371014
2018-12-01 14:00:00+01:00,67.64625760504545
2018-12-01 15:00:00+01:00,67.90745455202601
2018-12-01 16:00:00+01:00,68.6907096330771
2018-12-01 17:00:00+01:00,73.13633041886624
2018-12-01 18:00:00+01:00,78.69121470570768
2018-12-01 19:00:00+01:00,79.74543116687543
2018-12-01 20:00:00+01:00,77.17901958490258
2018-12-01 21:00:00+01:00,75.86704934848713
2018-12-01 22:00:00+01:00,72.76590536227617
2018-12-01 23:00:00+01:00,67.43923360608993
2018-12-02 00:00:00+01:00,60.9451270721712
2018-12-02 01:00:00+01:00,57.50112528121274
2018-12-02 02:00:00+01:00,53.70504015844125
2018-12-02 03:00:00+01:00,51.648215015079224
2018-12-02 04:00:00+01:00,52.15017260470265
2018-12-02 05:00:00+01:00,51.41010330870727
2018-12-02 06:00:00+01:00,54.99984393233971
2018-12-02 07:00:00+01:00,59.94837982528414
2018-12-02 08:00:00+01:00,62.91080380067375
2018-12-02 09:00:00+01:00,64.5507094554158
2018-12-02 10:00:00+01:00,65.72554440872625
2018-12-02 11:00:00+01:00,63.939561713408516
2018-12-02 12:00:00+01:00,65.01052250524849
2018-12-02 13:00:00+01:00,63.332611019712026
2018-12-02 14:00:00+01:00,62.70879466260325
2018-12-02 15:00:00+01:00,62.934350576789676
2018-12-02 16:00:00+01:00,64.48580294680882
2018-12-02 17:00:00+01:00,67.50984184686915
2018-12-02 18:00:00+01:00,72.056394404694
2018-12-02 19:00:00+01:00,75.39534318866461
2018-12-02 20:00:00+01:00,75.14827089246543
2018-12-02 21:00:00+01:00,75.0198583047749
2018-12-02 22:00:00+01:00,71.93163181814842
2018-12-02 23:00:00+01:00,69.42155808308104
2018-12-03 00:00:00+01:00,58.48094190820936
2018-12-03 01:00:00+01:00,55.58125202900047
2018-12-03 02:00:00+01:00,51.2613172711352
2018-12-03 03:00:00+01:00,48.32655270100099
2018-12-03 04:00:00+01:00,50.74265420397528
2018-12-03 05:00:00+01:00,51.992609546524406
2018-12-03 06:00:00+01:00,56.575148731140935
2018-12-03 07:00:00+01:00,62.10275811420571
2018-12-03 08:00:00+01:00,73.53413223057524
2018-12-03 09:00:00+01:00,76.03244731936313
2018-12-03 10:00:00+01:00,75.85187264777505
2018-12-03 11:00:00+01:00,76.23785621255854
2018-12-03 12:00:00+01:00,75.2253283948105
2018-12-03 13:00:00+01:00,74.60318915986905
2018-12-03 14:00:00+01:00,73.68323360457953
2018-12-03 15:00:00+01:00,72.33319754459804
2018-12-03 16:00:00+01:00,74.10594493266908
2018-12-03 17:00:00+01:00,79.69923948374668
2018-12-03 18:00:00+01:00,81.5995138720372
2018-12-03 19:00:00+01:00,83.3848286207185
2018-12-03 20:00:00+01:00,81.6192789792533
2018-12-03 21:00:00+01:00,80.20411173048748
2018-12-03 22:00:00+01:00,75.48565749069162
2018-12-03 23:00:00+01:00,69.33296697161447
2018-12-04 00:00:00+01:00,61.39514427841112
2018-12-04 01:00:00+01:00,57.145159555585586
2018-12-04 02:00:00+01:00,53.91599021138218
2018-12-04 03:00:00+01:00,55.492891427768534
2018-12-04 04:00:00+01:00,56.25313535533179
2018-12-04 05:00:00+01:00,57.03400744970282
2018-12-04 06:00:00+01:00,63.82862142486247
2018-12-04 07:00:00+01:00,72.36460740965512
2018-12-04 08:00:00+01:00,79.12199026237963
2018-12-04 09:00:00+01:00,79.41433913254131
2018-12-04 10:00:00+01:00,77.7513973662961
2018-12-04 11:00:00+01:00,75.84904655895664
2018-12-04 12:00:00+01:00,74.81513269380459
2018-12-04 13:00:00+01:00,73.77207788988554
2018-12-04 14:00:00+01:00,72.48167872029335
2018-12-04 15:00:00+01:00,72.48288928723892
2018-12-04 16:00:00+01:00,72.4106871602982
2018-12-04 17:00:00+01:00,77.31639814437817
2018-12-04 18:00:00+01:00,81.84854674786169
2018-12-04 19:00:00+01:00,80.86618232215989
2018-12-04 20:00:00+01:00,80.39075052153083
2018-12-04 21:00:00+01:00,80.69488660288107
2018-12-04 22:00:00+01:00,75.94295147532576
2018-12-04 23:00:00+01:00,69.87920798061005
2018-12-05 00:00:00+01:00,66.35257311760388
2018-12-05 01:00:00+01:00,61.54031991449244
2018-12-05 02:00:00+01:00,58.53899778642721
2018-12-05 03:00:00+01:00,56.16959677038142
2018-12-05 04:00:00+01:00,55.27678217709977
2018-12-05 05:00:00+01:00,57.51675039111565
2018-12-05 06:00:00+01:00,66.04233376993241
2018-12-05 07:00:00+01:00,75.68109256799012
2018-12-05 08:00:00+01:00,80.95180284052014
2018-12-05 09:00:00+01:00,82.06328638441207
2018-12-05 10:00:00+01:00,81.11631731723044
2018-12-05 11:00:00+01:00,78.53974425117217
2018-12-05 12:00:00+01:00,77.30779898734902
2018-12-05 13:00:00+01:00,77.13666203211065
2018-12-05 14:00:00+01:00,76.68404177986349
2018-12-05 15:00:00+01:00,75.34506445902512
2018-12-05 16:00:00+01:00,76.19089504915648
2018-12-05 17:00:00+01:00,75.96723961547846
2018-12-05 18:00:00+01:00,81.8875623521901
2018-12-05 19:00:00+01:00,82.71403790365869
2018-12-05 20:00:00+01:00,83.0979747137089
2018-12-05 21:00:00+01:00,82.42770800764787
2018-12-05 22:00:00+01:00,76.51837140477936
2018-12-05 23:00:00+01:00,71.67468568355437
2018-12-06 00:00:00+01:00,69.74403001304223
2018-12-06 01:00:00+01:00,66.3673583970768
2018-12-06 02:00:00+01:00,63.868484574740656
2018-12-06 03:00:00+01:00,61.432430496745155
2018-12-06 04:00:00+01:00,59.42225900378229
2018-12-06 05:00:00+01:00,60.36231965672373
2018-12-06 06:00:00+01:00,65.79691963501642
2018-12-06 07:00:00+01:00,73.43411369697776
2018-12-06 08:00:00+01:00,79.22231048831149
2018-12-06 09:00:00+01:00,81.20604923017437
2018-12-06 10:00:00+01:00,80.9924390545348
2018-12-06 11:00:00+01:00,77.34634429093619
2018-12-06 12:00:00+01:00,76.38874347055943
2018-12-06 13:00:00+01:00,75.82794341278023
2018-12-06 14:00:00+01:00,75.89637633593556
2018-12-06 15:00:00+01:00,74.64847888503307
2018-12-06 16:00:00+01:00,75.06457328101462
2018-12-06 17:00:00+01:00,75.73414695698635
2018-12-06 18:00:00+01:00,82.46981273204275
2018-12-06 19:00:00+01:00,84.66208182296054
2018-12-06 20:00:00+01:00,85.03883641420096
2018-12-06 21:00:00+01:00,82.61647085286583
2018-12-06 22:00:00+01:00,76.16330210601281
2018-12-06 23:00:00+01:00,74.89837786899564
2018-12-07 00:00:00+01:00,69.31692683994756
2018-12-07 01:00:00+01:00,66.21786029475173
2018-12-07 02:00:00+01:00,62.96370452983678
2018-12-07 03:00:00+01:00,62.90255840547002
2018-12-07 04:00:00+01:00,62.48558994297035
2018-12-07 05:00:00+01:00,61.86907425624679
2018-12-07 06:00:00+01:00,70.63074216699059
2018-12-07 07:00:00+01:00,76.08871320456382
2018-12-07 08:00:00+01:00,80.06334670072893
2018-12-07 09:00:00+01:00,81.83020022162164
2018-12-07 10:00:00+01:00,81.86286065541269
2018-12-07 11:00:00+01:00,81.8158351796501
2018-12-07 12:00:00+01:00,79.32511639889933
2018-12-07 13:00:00+01:00,76.87778257162572
2018-12-07 14:00:00+01:00,77.49165192404769
2018-12-07 15:00:00+01:00,73.10988771124312
2018-12-07 16:00:00+01:00,76.13193242552319
2018-12-07 17:00:00+01:00,75.67268299848813
2018-12-07 18:00:00+01:00,78.17575753284822
2018-12-07 19:00:00+01:00,79.89625568685989
2018-12-07 20:00:00+01:00,82.16478323381298
2018-12-07 21:00:00+01:00,77.64570892464135
2018-12-07 22:00:00+01:00,72.77259298544224
2018-12-07 23:00:00+01:00,70.14761934812074
2018-12-08 00:00:00+01:00,66.31050330321976
2018-12-08 01:00:00+01:00,63.78263802856886
2018-12-08 02:00:00+01:00,60.251939135001216
2018-12-08 03:00:00+01:00,58.77248725207726
2018-12-08 04:00:00+01:00,58.08675246955714
2018-12-08 05:00:00+01:00,57.72616314536333
2018-12-08 06:00:00+01:00,60.29589398424929
2018-12-08 07:00:00+01:00,64.14857600267818
2018-12-08 08:00:00+01:00,66.52550958435913
2018-12-08 09:00:00+01:00,69.29289567249559
2018-12-08 10:00:00+01:00,72.31900672254393
2018-12-08 11:00:00+01:00,71.23683746385454
2018-12-08 12:00:00+01:00,68.05306362337059
2018-12-08 13:00:00+01:00,67.86878574826468
2018-12-08 14:00:00+01:00,65.47663124133598
2018-12-08 15:00:00+01:00,67.80745549479106
2018-12-08 16:00:00+01:00,69.84123692527557
2018-12-08 17:00:00+01:00,73.21704960738042
2018-12-08 18:00:00+01:00,77.37472361002766
2018-12-08 19:00:00+01:00,78.07146836976061
2018-12-08 20:00:00+01:00,77.62262557058666
2018-12-08 21:00:00+01:00,75.65917367476702
2018-12-08 22:00:00+01:00,71.30997262455159
2018-12-08 23:00:00+01:00,70.25318530786565
2018-12-09 00:00:00+01:00,64.79809307248553
2018-12-09 01:00:00+01:00,63.129668598410774
2018-12-09 02:00:00+01:00,60.14332533001261
2018-12-09 03:00:00+01:00,58.26720149771527
2018-12-09 04:00:00+01:00,56.838856952773554
2018-12-09 05:00:00+01:00,57.19761524140513
2018-12-09 06:00:00+01:00,58.68104027434896
2018-12-09 07:00:00+01:00,62.27708318929083
2018-12-09 08:00:00+01:00,65.10687285819468
2018-12-09 09:00:00+01:00,65.6906872927467
2018-12-09 10:00:00+01:00,60.21615713946268
2018-12-09 11:00:00+01:00,60.967335154000885
2018-12-09 12:00:00+01:00,61.095353826246196
2018-12-09 13:00:00+01:00,60.51732410475178
2018-12-09 14:00:00+01:00,60.29835786784063
2018-12-09 15:00:00+01:00,60.818318979107076
2018-12-09 16:00:00+01:00,60.296396881056616
2018-12-09 17:00:00+01:00,63.79777797480793
2018-12-09 18:00:00+01:00,68.68346125726615
2018-12-09 19:00:00+01:00,73.05991517832314
2018-12-09 20:00:00+01:00,73.9474503880928
2018-12-09 21:00:00+01:00,73.97561224858579
2018-12-09 22:00:00+01:00,71.27618298699642
2018-12-09 23:00:00+01:00,68.44088118093028
2018-12-10 00:00:00+01:00,60.191515064777505
2018-12-10 01:00:00+01:00,59.017572590604765
2018-12-10 02:00:00+01:00,55.28412796011477
2018-12-10 03:00:00+01:00,52.87499704581654
2018-12-10 04:00:00+01:00,53.551636942600155
2018-12-10 05:00:00+01:00,57.05255508172101
2018-12-10 06:00:00+01:00,66.34204293832703
2018-12-10 07:00:00+01:00,72.90785569192956
2018-12-10 08:00:00+01:00,79.01575293958983
2018-12-10 09:00:00+01:00,80.90245371395615
2018-12-10 10:00:00+01:00,80.01946226909791
2018-12-10 11:00:00+01:00,77.54702559393071
2018-12-10 12:00:00+01:00,76.27141508197862
2018-12-10 13:00:00+01:00,75.95430316464288
2018-12-10 14:00:00+01:00,75.01256513502872
2018-12-10 15:00:00+01:00,73.15828888115028
2018-12-10 16:00:00+01:00,73.55975511310389
2018-12-10 17:00:00+01:00,75.7786731456933
2018-12-10 18:00:00+01:00,82.73223713555583
2018-12-10 19:00:00+01:00,85.67833140017436
2018-12-10 20:00:00+01:00,86.23062521274615
2018-12-10 21:00:00+01:00,84.00920057019384
2018-12-10 22:00:00+01:00,77.29465039436076
2018-12-10 23:00:00+01:00,73.14373472224217
2018-12-11 00:00:00+01:00,65.52183005726084
2018-12-11 01:00:00+01:00,61.3060548084082
2018-12-11 02:00:00+01:00,58.4715929151086
2018-12-11 03:00:00+01:00,57.95588253398921
2018-12-11 04:00:00+01:00,59.81566938287991
2018-12-11 05:00:00+01:00,62.00386198251213
2018-12-11 06:00:00+01:00,66.88387118826849
2018-12-11 07:00:00+01:00,72.67717548133926
2018-12-11 08:00:00+01:00,82.60623903910542
2018-12-11 09:00:00+01:00,82.0793578392452
2018-12-11 10:00:00+01:00,79.626120894215
2018-12-11 11:00:00+01:00,79.30070868591756
2018-12-11 12:00:00+01:00,81.23782935280246
2018-12-11 13:00:00+01:00,78.10218981708128
2018-12-11 14:00:00+01:00,74.84537565662212
2018-12-11 15:00:00+01:00,75.05033165928876
2018-12-11 16:00:00+01:00,76.81401621829966
2018-12-11 17:00:00+01:00,78.16492714721755
2018-12-11 18:00:00+01:00,83.30520520301492
2018-12-11 19:00:00+01:00,86.56544198183572
2018-12-11 20:00:00+01:00,85.36361591025741
2018-12-11 21:00:00+01:00,81.8365898463667
2018-12-11 22:00:00+01:00,77.5557566273681
2018-12-11 23:00:00+01:00,73.23567941663666
2018-12-12 00:00:00+01:00,65.04947053949284
2018-12-12 01:00:00+01:00,61.29520861391125
2018-12-12 02:00:00+01:00,59.02834342603106
2018-12-12 03:00:00+01:00,57.87916404569962
2018-12-12 04:00:00+01:00,58.54122807792658
2018-12-12 05:00:00+01:00,58.38710852304399
2018-12-12 06:00:00+01:00,64.7502088937283
2018-12-12 07:00:00+01:00,72.71893579367664
2018-12-12 08:00:00+01:00,79.79047752085322
2018-12-12 09:00:00+01:00,80.45503861233927
2018-12-12 10:00:00+01:00,81.17933983165771
2018-12-12 11:00:00+01:00,78.07792816270283
2018-12-12 12:00:00+01:00,77.00152204607048
2018-12-12 13:00:00+01:00,76.78094456895712
2018-12-12 14:00:00+01:00,76.40974947205561
2018-12-12 15:00:00+01:00,75.4051929844937
2018-12-12 16:00:00+01:00,76.10623565775585
2018-12-12 17:00:00+01:00,78.17851248985049
2018-12-12 18:00:00+01:00,83.15928525844063
2018-12-12 19:00:00+01:00,83.79894817506054
2018-12-12 20:00:00+01:00,76.70888866677153
2018-12-12 21:00:00+01:00,76.62469716230905
2018-12-12 22:00:00+01:00,70.56213450307993
2018-12-12 23:00:00+01:00,63.19008394647521
2018-12-13 00:00:00+01:00,56.744216156367266
2018-12-13 01:00:00+01:00,52.92492581236363
2018-12-13 02:00:00+01:00,47.56160091100929
2018-12-13 03:00:00+01:00,43.04796578459182
2018-12-13 04:00:00+01:00,42.23598425279499
2018-12-13 05:00:00+01:00,43.18095039426551
2018-12-13 06:00:00+01:00,47.90465827216021
2018-12-13 07:00:00+01:00,60.80125772027423
2018-12-13 08:00:00+01:00,70.79788068823453
2018-12-13 09:00:00+01:00,70.71138580824783
2018-12-13 10:00:00+01:00,67.46669487567158
2018-12-13 11:00:00+01:00,67.9375815302695
2018-12-13 12:00:00+01:00,66.48925485472456
2018-12-13 13:00:00+01:00,67.4654014526718
2018-12-13 14:00:00+01:00,66.97784139289695
2018-12-13 15:00:00+01:00,64.95049035226972
2018-12-13 16:00:00+01:00,63.26106209498417
2018-12-13 17:00:00+01:00,64.6970270223905
2018-12-13 18:00:00+01:00,71.0308321802476
2018-12-13 19:00:00+01:00,69.75297474126766
2018-12-13 20:00:00+01:00,69.11279246833548
2018-12-13 21:00:00+01:00,71.57071862465035
2018-12-13 22:00:00+01:00,67.50433091726201
2018-12-13 23:00:00+01:00,61.91595222759462
2018-12-14 00:00:00+01:00,53.15252412394751
2018-12-14 01:00:00+01:00,50.91223948169619
2018-12-14 02:00:00+01:00,48.369576028641326
2018-12-14 03:00:00+01:00,46.166127199415804
2018-12-14 04:00:00+01:00,46.878583794140944
2018-12-14 05:00:00+01:00,48.36565580735534
2018-12-14 06:00:00+01:00,54.92362027044358
2018-12-14 07:00:00+01:00,64.69180351360849
2018-12-14 08:00:00+01:00,68.79561490217904
2018-12-14 09:00:00+01:00,73.2085151910995
2018-12-14 10:00:00+01:00,72.37023596551217
2018-12-14 11:00:00+01:00,68.40407095865362
2018-12-14 12:00:00+01:00,68.9741808375729
2018-12-14 13:00:00+01:00,68.74657116131486
2018-12-14 14:00:00+01:00,68.94879633843532
2018-12-14 15:00:00+01:00,67.777796964943
2018-12-14 16:00:00+01:00,68.11927682121967
2018-12-14 17:00:00+01:00,71.83071676203585
2018-12-14 18:00:00+01:00,77.82701650085808
2018-12-14 19:00:00+01:00,82.22349906682439
2018-12-14 20:00:00+01:00,79.06456690638576
2018-12-14 21:00:00+01:00,80.12560332152655
2018-12-14 22:00:00+01:00,74.65287012041988
2018-12-14 23:00:00+01:00,71.21954151876055
2018-12-15 00:00:00+01:00,64.1137421711081
2018-12-15 01:00:00+01:00,61.13656536825212
2018-12-15 02:00:00+01:00,56.003518444489856
2018-12-15 03:00:00+01:00,55.71357431871426
2018-12-15 04:00:00+01:00,55.18038107157819
2018-12-15 05:00:00+01:00,55.535990422061126
2018-12-15 06:00:00+01:00,55.1280995523536
2018-12-15 07:00:00+01:00,58.94846219013356
2018-12-15 08:00:00+01:00,63.04537492177771
2018-12-15 09:00:00+01:00,66.2788233016175
2018-12-15 10:00:00+01:00,69.17140807108036
2018-12-15 11:00:00+01:00,68.2034215037288
2018-12-15 12:00:00+01:00,68.36413467095583
2018-12-15 13:00:00+01:00,65.69534424033189
2018-12-15 14:00:00+01:00,63.53665824740423
2018-12-15 15:00:00+01:00,62.91106838347178
2018-12-15 16:00:00+01:00,62.07368573988799
2018-12-15 17:00:00+01:00,63.80783556697456
2018-12-15 18:00:00+01:00,70.61826725465171
2018-12-15 19:00:00+01:00,72.77712348409015
2018-12-15 20:00:00+01:00,72.15086375743665
2018-12-15 21:00:00+01:00,68.991130527547
2018-12-15 22:00:00+01:00,65.22568718902804
2018-12-15 23:00:00+01:00,63.38871170484143
2018-12-16 00:00:00+01:00,59.12166082537521
2018-12-16 01:00:00+01:00,54.44228284394408
2018-12-16 02:00:00+01:00,50.94027682899752
2018-12-16 03:00:00+01:00,47.575909543480506
2018-12-16 04:00:00+01:00,46.21900206693691
2018-12-16 05:00:00+01:00,46.67313355686376
2018-12-16 06:00:00+01:00,47.78941493205536
2018-12-16 07:00:00+01:00,52.440280460501796
2018-12-16 08:00:00+01:00,56.45157515826102
2018-12-16 09:00:00+01:00,58.2277935969117
2018-12-16 10:00:00+01:00,62.260689881373125
2018-12-16 11:00:00+01:00,62.923425647489495
2018-12-16 12:00:00+01:00,63.177380065315084
2018-12-16 13:00:00+01:00,59.887936204764266
2018-12-16 14:00:00+01:00,60.20849554804655
2018-12-16 15:00:00+01:00,56.87152912834154
2018-12-16 16:00:00+01:00,55.68713297441039
2018-12-16 17:00:00+01:00,60.269398440960494
2018-12-16 18:00:00+01:00,65.69722439021864
2018-12-16 19:00:00+01:00,67.42253218939081
2018-12-16 20:00:00+01:00,67.28467843425655
2018-12-16 21:00:00+01:00,72.7455592083912
2018-12-16 22:00:00+01:00,65.92538184599971
2018-12-16 23:00:00+01:00,63.83209045643371
2018-12-17 00:00:00+01:00,56.42744261946215
2018-12-17 01:00:00+01:00,53.25150992092655
2018-12-17 02:00:00+01:00,53.87059085404795
2018-12-17 03:00:00+01:00,51.45646399449864
2018-12-17 04:00:00+01:00,51.20513146028701
2018-12-17 05:00:00+01:00,54.24409984185502
2018-12-17 06:00:00+01:00,65.20837081257915
2018-12-17 07:00:00+01:00,71.29847913192363
2018-12-17 08:00:00+01:00,79.54445560995202
2018-12-17 09:00:00+01:00,78.73460786051675
2018-12-17 10:00:00+01:00,81.28650903126376
2018-12-17 11:00:00+01:00,80.93908100043268
2018-12-17 12:00:00+01:00,79.61177336626503
2018-12-17 13:00:00+01:00,77.0300333481032
2018-12-17 14:00:00+01:00,75.04785544267237
2018-12-17 15:00:00+01:00,74.02515823309804
2018-12-17 16:00:00+01:00,73.13717022982667
2018-12-17 17:00:00+01:00,76.09902436913067
2018-12-17 18:00:00+01:00,82.00667437075104
2018-12-17 19:00:00+01:00,85.59826111854957
2018-12-17 20:00:00+01:00,80.8344516614088
2018-12-17 21:00:00+01:00,79.10125455298214
2018-12-17 22:00:00+01:00,72.61854105200315
2018-12-17 23:00:00+01:00,66.74771918698922
2018-12-18 00:00:00+01:00,60.43841921162852
2018-12-18 01:00:00+01:00,53.620892541773095
2018-12-18 02:00:00+01:00,51.267123566665084
2018-12-18 03:00:00+01:00,51.40157566156162
2018-12-18 04:00:00+01:00,50.60298195985563
2018-12-18 05:00:00+01:00,51.350099991918896
2018-12-18 06:00:00+01:00,56.201028842864275
2018-12-18 07:00:00+01:00,63.757559702842485
2018-12-18 08:00:00+01:00,72.78913998114939
2018-12-18 09:00:00+01:00,75.5475691618597
2018-12-18 10:00:00+01:00,75.88191668343727
2018-12-18 11:00:00+01:00,77.57330851821403
2018-12-18 12:00:00+01:00,75.84571336269242
2018-12-18 13:00:00+01:00,76.1766299529806
2018-12-18 14:00:00+01:00,74.79566884536302
2018-12-18 15:00:00+01:00,74.37107923489562
2018-12-18 16:00:00+01:00,73.52104946015626
2018-12-18 17:00:00+01:00,77.58356424342179
2018-12-18 18:00:00+01:00,82.12019788042929
2018-12-18 19:00:00+01:00,82.74948150350707
2018-12-18 20:00:00+01:00,82.94063567735381
2018-12-18 21:00:00+01:00,78.1482673237827
2018-12-18 22:00:00+01:00,72.01988009789221
2018-12-18 23:00:00+01:00,65.70900220583233
2018-12-19 00:00:00+01:00,59.73899345006175
2018-12-19 01:00:00+01:00,57.64758894169988
2018-12-19 02:00:00+01:00,54.42037024434673
2018-12-19 03:00:00+01:00,53.2978345874585
2018-12-19 04:00:00+01:00,52.97921541868882
2018-12-19 05:00:00+01:00,49.5200136321091
2018-12-19 06:00:00+01:00,56.13929052655049
2018-12-19 07:00:00+01:00,66.53984402839771
2018-12-19 08:00:00+01:00,72.4198427772875
2018-12-19 09:00:00+01:00,73.95766351149581
2018-12-19 10:00:00+01:00,73.2770878714787
2018-12-19 11:00:00+01:00,74.12673022798599
2018-12-19 12:00:00+01:00,72.12675061510056
2018-12-19 13:00:00+01:00,69.15766076301031
2018-12-19 14:00:00+01:00,70.04492823347371
2018-12-19 15:00:00+01:00,69.59397350910012
2018-12-19 16:00:00+01:00,69.50122050052885
2018-12-19 17:00:00+01:00,74.45721461019743
2018-12-19 18:00:00+01:00,78.07706343200314
2018-12-19 19:00:00+01:00,85.00451578383203
2018-12-19 20:00:00+01:00,81.2830396335962
2018-12-19 21:00:00+01:00,80.06489953883504
2018-12-19 22:00:00+01:00,73.0631898216609
2018-12-19 23:00:00+01:00,68.00405594615411
2018-12-20 00:00:00+01:00,64.25196790948377
2018-12-20 01:00:00+01:00,60.32306291087976
2018-12-20 02:00:00+01:00,56.755962096002946
2018-12-20 03:00:00+01:00,52.505417581395875
2018-12-20 04:00:00+01:00,52.792135669060954
2018-12-20 05:00:00+01:00,53.711786651529245
2018-12-20 06:00:00+01:00,64.18809108979988
2018-12-20 07:00:00+01:00,70.13837325052287
2018-12-20 08:00:00+01:00,75.45425201567969
2018-12-20 09:00:00+01:00,76.0525398243986
2018-12-20 10:00:00+01:00,77.03064342533104
2018-12-20 11:00:00+01:00,77.92396908185937
2018-12-20 12:00:00+01:00,76.379997464289
2018-12-20 13:00:00+01:00,75.29873490548235
2018-12-20 14:00:00+01:00,73.15414367400324
2018-12-20 15:00:00+01:00,72.1794694192055
2018-12-20 16:00:00+01:00,74.20329481142407
2018-12-20 17:00:00+01:00,79.89666024333334
2018-12-20 18:00:00+01:00,83.64670065532117
2018-12-20 19:00:00+01:00,82.65369893462604
2018-12-20 20:00:00+01:00,81.98529583180002
2018-12-20 21:00:00+01:00,77.39600434402504
2018-12-20 22:00:00+01:00,70.90204838303457
2018-12-20 23:00:00+01:00,65.71068618232441
2018-12-21 00:00:00+01:00,61.592748161918955
2018-12-21 01:00:00+01:00,57.843374041609714
2018-12-21 02:00:00+01:00,55.08269581220754
2018-12-21 03:00:00+01:00,52.72553246150412
2018-12-21 04:00:00+01:00,52.89231101612068
2018-12-21 05:00:00+01:00,51.76569121200359
2018-12-21 06:00:00+01:00,56.967011571486545
2018-12-21 07:00:00+01:00,66.9407880663859
2018-12-21 08:00:00+01:00,73.9851198304146
2018-12-21 09:00:00+01:00,76.5108048457408
2018-12-21 10:00:00+01:00,76.89804496136283
2018-12-21 11:00:00+01:00,75.94599102222955
2018-12-21 12:00:00+01:00,75.27376068021618
2018-12-21 13:00:00+01:00,75.24363909458883
2018-12-21 14:00:00+01:00,71.492108228622
2018-12-21 15:00:00+01:00,73.7163907719746
2018-12-21 16:00:00+01:00,73.8520934635274
2018-12-21 17:00:00+01:00,77.90883021369379
2018-12-21 18:00:00+01:00,81.32907638061558
2018-12-21 19:00:00+01:00,82.33993523210029
2018-12-21 20:00:00+01:00,81.36515064649657
2018-12-21 21:00:00+01:00,78.105024308357
2018-12-21 22:00:00+01:00,73.40415019173652
2018-12-21 23:00:00+01:00,67.55814823193651
2018-12-22 00:00:00+01:00,58.43230259455125
2018-12-22 01:00:00+01:00,55.50542782260238
2018-12-22 02:00:00+01:00,55.223213911173204
2018-12-22 03:00:00+01:00,52.9565337756306
2018-12-22 04:00:00+01:00,52.68056678119747
2018-12-22 05:00:00+01:00,51.693655563311545
2018-12-22 06:00:00+01:00,53.50755190662131
2018-12-22 07:00:00+01:00,57.34730063266245
2018-12-22 08:00:00+01:00,60.0923194969389
2018-12-22 09:00:00+01:00,64.13238807153381
2018-12-22 10:00:00+01:00,66.33298692910259
2018-12-22 11:00:00+01:00,63.49575827016225
2018-12-22 12:00:00+01:00,62.92333389958524
2018-12-22 13:00:00+01:00,62.297330594003
2018-12-22 14:00:00+01:00,61.17012035287656
2018-12-22 15:00:00+01:00,61.71516970999664
2018-12-22 16:00:00+01:00,60.44779908027408
2018-12-22 17:00:00+01:00,66.18948353049468
2018-12-22 18:00:00+01:00,71.24338095160343
2018-12-22 19:00:00+01:00,70.6199043298844
2018-12-22 20:00:00+01:00,71.06197568766004
2018-12-22 21:00:00+01:00,70.67969216031263
2018-12-22 22:00:00+01:00,65.654820269919
2018-12-22 23:00:00+01:00,63.858004991578944
2018-12-23 00:00:00+01:00,58.684417871074096
2018-12-23 01:00:00+01:00,56.40841207822406
2018-12-23 02:00:00+01:00,52.86296153385013
2018-12-23 03:00:00+01:00,49.11738001626693
2018-12-23 04:00:00+01:00,48.453652557471784
2018-12-23 05:00:00+01:00,49.64766550052624
2018-12-23 06:00:00+01:00,50.994215986594426
2018-12-23 07:00:00+01:00,53.286528467247436
2018-12-23 08:00:00+01:00,57.072100386882965
2018-12-23 09:00:00+01:00,59.09658119799725
2018-12-23 10:00:00+01:00,61.38907579314061
2018-12-23 11:00:00+01:00,61.76143425450274
2018-12-23 12:00:00+01:00,59.45067957906058
2018-12-23 13:00:00+01:00,59.84810851054197
2018-12-23 14:00:00+01:00,59.6193879494143
2018-12-23 15:00:00+01:00,59.04616471215946
2018-12-23 16:00:00+01:00,58.54804405289923
2018-12-23 17:00:00+01:00,62.9680563334
2018-12-23 18:00:00+01:00,69.49642948546855
2018-12-23 19:00:00+01:00,71.96383232473214
2018-12-23 20:00:00+01:00,72.63257226335428
2018-12-23 21:00:00+01:00,71.9288042680061
2018-12-23 22:00:00+01:00,69.38696591841759
2018-12-23 23:00:00+01:00,65.09333872555867
2018-12-24 00:00:00+01:00,63.023884601772394
2018-12-24 01:00:00+01:00,56.77248010908818
2018-12-24 02:00:00+01:00,53.85991299589522
2018-12-24 03:00:00+01:00,52.863540514608864
2018-12-24 04:00:00+01:00,51.767116828653805
2018-12-24 05:00:00+01:00,52.51569625534704
2018-12-24 06:00:00+01:00,57.85875147058467
2018-12-24 07:00:00+01:00,63.583963534746175
2018-12-24 08:00:00+01:00,69.29823481906504
2018-12-24 09:00:00+01:00,71.65666296114952
2018-12-24 10:00:00+01:00,73.68640562163361
2018-12-24 11:00:00+01:00,73.40454307649021
2018-12-24 12:00:00+01:00,70.13126247567236
2018-12-24 13:00:00+01:00,67.97670292171316
2018-12-24 14:00:00+01:00,67.31394388519436
2018-12-24 15:00:00+01:00,68.01335850251971
2018-12-24 16:00:00+01:00,68.5300693497702
2018-12-24 17:00:00+01:00,72.97578706236254
2018-12-24 18:00:00+01:00,76.4178423387546
2018-12-24 19:00:00+01:00,78.65625149618901
2018-12-24 20:00:00+01:00,78.11955040785324
2018-12-24 21:00:00+01:00,77.66196228860287
2018-12-24 22:00:00+01:00,71.68577406725592
2018-12-24 23:00:00+01:00,67.89259219972026
2018-12-25 00:00:00+01:00,58.067163720108724
2018-12-25 01:00:00+01:00,52.803960604884566
2018-12-25 02:00:00+01:00,50.92760133753887
2018-12-25 03:00:00+01:00,50.58743301855587
2018-12-25 04:00:00+01:00,50.14728798939762
2018-12-25 05:00:00+01:00,50.45314855350326
2018-12-25 06:00:00+01:00,57.386596465121
2018-12-25 07:00:00+01:00,64.07937849342635
2018-12-25 08:00:00+01:00,69.0134325010527
2018-12-25 09:00:00+01:00,70.11454738103453
2018-12-25 10:00:00+01:00,70.47066183878036
2018-12-25 11:00:00+01:00,67.993622771408
2018-12-25 12:00:00+01:00,67.34184193127724
2018-12-25 13:00:00+01:00,65.17700905905556
2018-12-25 14:00:00+01:00,63.41408590317885
2018-12-25 15:00:00+01:00,63.09016713615064
2018-12-25 16:00:00+01:00,66.90337202412617
2018-12-25 17:00:00+01:00,70.78092725647836
2018-12-25 18:00:00+01:00,73.82594002250053
2018-12-25 19:00:00+01:00,74.34024625573241
2018-12-25 20:00:00+01:00,72.9946217180318
2018-12-25 21:00:00+01:00,72.78766504246508
2018-12-25 22:00:00+01:00,65.91825308025638
2018-12-25 23:00:00+01:00,62.67104768200651
2018-12-26 00:00:00+01:00,58.42312453983501
2018-12-26 01:00:00+01:00,52.724664332925144
2018-12-26 02:00:00+01:00,50.806809270787504
2018-12-26 03:00:00+01:00,48.50657528520656
2018-12-26 04:00:00+01:00,47.761719379082734
2018-12-26 05:00:00+01:00,49.14411406531728
2018-12-26 06:00:00+01:00,54.69830877882019
2018-12-26 07:00:00+01:00,62.31742303792489
2018-12-26 08:00:00+01:00,67.38664372355224
2018-12-26 09:00:00+01:00,69.96032238366888
2018-12-26 10:00:00+01:00,70.70196922836888
2018-12-26 11:00:00+01:00,70.37262338189379
2018-12-26 12:00:00+01:00,68.19006194332542
2018-12-26 13:00:00+01:00,67.48753932977291
2018-12-26 14:00:00+01:00,66.09966897354762
2018-12-26 15:00:00+01:00,64.34399428579356
2018-12-26 16:00:00+01:00,65.4744306660251
2018-12-26 17:00:00+01:00,68.98660621839142
2018-12-26 18:00:00+01:00,73.29591040928605
2018-12-26 19:00:00+01:00,73.9087292323951
2018-12-26 20:00:00+01:00,75.82292156508421
2018-12-26 21:00:00+01:00,71.81279905491829
2018-12-26 22:00:00+01:00,67.8646819326905
2018-12-26 23:00:00+01:00,64.12797806514632
2018-12-27 00:00:00+01:00,57.815552673000056
2018-12-27 01:00:00+01:00,53.31470473082252
2018-12-27 02:00:00+01:00,47.47825173110435
2018-12-27 03:00:00+01:00,47.06556063046788
2018-12-27 04:00:00+01:00,47.614488760317684
2018-12-27 05:00:00+01:00,48.2580311289586
2018-12-27 06:00:00+01:00,53.91752293852634
2018-12-27 07:00:00+01:00,61.545425156244626
2018-12-27 08:00:00+01:00,67.80502150413072
2018-12-27 09:00:00+01:00,71.23510982372594
2018-12-27 10:00:00+01:00,73.08419063036565
2018-12-27 11:00:00+01:00,71.86393818397875
2018-12-27 12:00:00+01:00,68.9758340320678
2018-12-27 13:00:00+01:00,67.92231215145775
2018-12-27 14:00:00+01:00,66.81604189014583
2018-12-27 15:00:00+01:00,67.19987327197225
2018-12-27 16:00:00+01:00,68.32362746091904
2018-12-27 17:00:00+01:00,70.52583187964326
2018-12-27 18:00:00+01:00,73.78602000202089
2018-12-27 19:00:00+01:00,74.49921281783737
2018-12-27 20:00:00+01:00,73.85554727038947
2018-12-27 21:00:00+01:00,71.53804390232747
2018-12-27 22:00:00+01:00,66.08827621805048
2018-12-27 23:00:00+01:00,63.10350910269011
2018-12-28 00:00:00+01:00,60.53616612550941
2018-12-28 01:00:00+01:00,53.568117998877014
2018-12-28 02:00:00+01:00,50.74353537716908
2018-12-28 03:00:00+01:00,49.81890361329617
2018-12-28 04:00:00+01:00,47.96684763277781
2018-12-28 05:00:00+01:00,48.134042659675394
2018-12-28 06:00:00+01:00,56.949597990712185
2018-12-28 07:00:00+01:00,62.1149606239909
2018-12-28 08:00:00+01:00,66.65191810780135
2018-12-28 09:00:00+01:00,67.59563195769994
2018-12-28 10:00:00+01:00,68.78416199614804
2018-12-28 11:00:00+01:00,69.41607765605322
2018-12-28 12:00:00+01:00,69.26981566518806
2018-12-28 13:00:00+01:00,68.71567422226487
2018-12-28 14:00:00+01:00,66.24268499204838
2018-12-28 15:00:00+01:00,63.42030806548667
2018-12-28 16:00:00+01:00,64.4772106511921
2018-12-28 17:00:00+01:00,68.39310407375136
2018-12-28 18:00:00+01:00,72.43495143253777
2018-12-28 19:00:00+01:00,72.75960599388897
2018-12-28 20:00:00+01:00,72.35720923955978
2018-12-28 21:00:00+01:00,70.6194629974401
2018-12-28 22:00:00+01:00,62.92343176622592
2018-12-28 23:00:00+01:00,61.268506562774746
2018-12-29 00:00:00+01:00,55.73683895277469
2018-12-29 01:00:00+01:00,53.644496406177645
2018-12-29 02:00:00+01:00,51.11524015108628
2018-12-29 03:00:00+01:00,44.214815411312564
2018-12-29 04:00:00+01:00,44.99001277570353
2018-12-29 05:00:00+01:00,45.640387991873624
2018-12-29 06:00:00+01:00,45.64186786250117
2018-12-29 07:00:00+01:00,52.698825832840214
2018-12-29 08:00:00+01:00,55.657903544868
2018-12-29 09:00:00+01:00,59.085241305437
2018-12-29 10:00:00+01:00,59.917536336506906
2018-12-29 11:00:00+01:00,60.03972154767995
2018-12-29 12:00:00+01:00,58.37482036893787
2018-12-29 13:00:00+01:00,55.95422516936705
2018-12-29 14:00:00+01:00,55.90527352937093
2018-12-29 15:00:00+01:00,53.72769773557113
2018-12-29 16:00:00+01:00,56.79808686714908
2018-12-29 17:00:00+01:00,60.370142567471
2018-12-29 18:00:00+01:00,65.57235156456113
2018-12-29 19:00:00+01:00,69.01550504571325
2018-12-29 20:00:00+01:00,68.21347055697404
2018-12-29 21:00:00+01:00,66.68791509306251
2018-12-29 22:00:00+01:00,60.579296636015776
2018-12-29 23:00:00+01:00,57.176386643234096
2018-12-30 00:00:00+01:00,54.35120973760217
2018-12-30 01:00:00+01:00,51.596532723606515
2018-12-30 02:00:00+01:00,44.567734400932395
2018-12-30 03:00:00+01:00,45.2722153149411
2018-12-30 04:00:00+01:00,46.12825847447758
2018-12-30 05:00:00+01:00,46.97606114137791
2018-12-30 06:00:00+01:00,46.95575969651617
2018-12-30 07:00:00+01:00,49.609626224749704
2018-12-30 08:00:00+01:00,50.86736945187204
2018-12-30 09:00:00+01:00,53.71767236022506
2018-12-30 10:00:00+01:00,56.3660637657394
2018-12-30 11:00:00+01:00,56.056753372289016
2018-12-30 12:00:00+01:00,54.70855488714826
2018-12-30 13:00:00+01:00,54.8182893798097
2018-12-30 14:00:00+01:00,53.59558217086902
2018-12-30 15:00:00+01:00,54.78361670038617
2018-12-30 16:00:00+01:00,55.30500805041788
2018-12-30 17:00:00+01:00,59.79030097256943
2018-12-30 18:00:00+01:00,65.63502758260188
2018-12-30 19:00:00+01:00,67.95733893478815
2018-12-30 20:00:00+01:00,69.11534920737479
2018-12-30 21:00:00+01:00,67.91030046372579
2018-12-30 22:00:00+01:00,62.080018678270456
2018-12-30 23:00:00+01:00,59.019627264227104
2018-12-31 00:00:00+01:00,55.127911361187834
2018-12-31 01:00:00+01:00,51.75538393126808
2018-12-31 02:00:00+01:00,50.164132294143144
2018-12-31 03:00:00+01:00,46.169481951309365
2018-12-31 04:00:00+01:00,45.713894574219786
2018-12-31 05:00:00+01:00,47.52498147465539
2018-12-31 06:00:00+01:00,53.4354548139129
2018-12-31 07:00:00+01:00,60.21274645619192
2018-12-31 08:00:00+01:00,64.90486866462805
2018-12-31 09:00:00+01:00,68.95142320990121
2018-12-31 10:00:00+01:00,70.44689163219532
2018-12-31 11:00:00+01:00,67.90240697330277
2018-12-31 12:00:00+01:00,66.17206387432665
2018-12-31 13:00:00+01:00,64.15924924098599
2018-12-31 14:00:00+01:00,63.093264222546004
2018-12-31 15:00:00+01:00,62.45011090451376
2018-12-31 16:00:00+01:00,62.62661342326528
2018-12-31 17:00:00+01:00,65.46415906049408
2018-12-31 18:00:00+01:00,69.38062911360475
2018-12-31 19:00:00+01:00,71.49010432069097
2018-12-31 20:00:00+01:00,72.77919341557723
2018-12-31 21:00:00+01:00,71.31551501594022
2018-12-31 22:00:00+01:00,65.4523792388001
2018-12-31 23:00:00+01:00,62.55778839005378
