2018-01-01 00:00:00+01:00,48.04046271857495
2018-01-01 01:00:00+01:00,46.44986399207511
2018-01-01 02:00:00+01:00,46.0991935438611
2018-01-01 03:00:00+01:00,45.973444277886735
2018-01-01 04:00:00+01:00,42.19747492604944
2018-01-01 05:00:00+01:00,41.80300725583877
2018-01-01 06:00:00+01:00,55.022828723239364
2018-01-01 07:00:00+01:00,60.46479959183393
2018-01-01 08:00:00+01:00,65.39722519027377
2018-01-01 09:00:00+01:00,71.34541667222582
2018-01-01 10:00:00+01:00,70.13926110291813
2018-01-01 11:00:00+01:00,69.05954610453763
2018-01-01 12:00:00+01:00,67.57646972826133
2018-01-01 13:00:00+01:00,64.24070013060053
2018-01-01 14:00:00+01:00,63.85023902049617
2018-01-01 15:00:00+01:00,61.21534331138929
2018-01-01 16:00:00+01:00,64.70067009790341
2018-01-01 17:00:00+01:00,70.4287457140221
2018-01-01 18:00:00+01:00,70.51617282676908
2018-01-01 19:00:00+01:00,72.71474609408334
2018-01-01 20:00:00+01:00,71.58522443860055
2018-01-01 21:00:00+01:00,70.1395016541218
2018-01-01 22:00:00+01:00,63.89941627111076
2018-01-01 23:00:00+01:00,64.85247460487648
2018-01-02 00:00:00+01:00,53.2148200257644
2018-01-02 01:00:00+01:00,45.9765306788478
2018-01-02 02:00:00+01:00,44.6609789553479
2018-01-02 03:00:00+01:00,44.117590219814524
2018-01-02 04:00:00+01:00,44.86194737876937
2018-01-02 05:00:00+01:00,45.01936005479261
2018-01-02 06:00:00+01:00,50.1246067590802
2018-01-02 07:00:00+01:00,58.63106468735318
2018-01-02 08:00:00+01:00,65.54282327611939
2018-01-02 09:00:00+01:00,68.7638183398965
2018-01-02 10:00:00+01:00,68.5555550765796
2018-01-02 11:00:00+01:00,65.85723936968901
2018-01-02 12:00:00+01:00,64.33118531372688
2018-01-02 13:00:00+01:00,68.33964777791773
2018-01-02 14:00:00+01:00,68.0865896173748
2018-01-02 15:00:00+01:00,69.4133313039262
2018-01-02 16:00:00+01:00,68.25154292269535
2018-01-02 17:00:00+01:00,72.37237316574955
2018-01-02 18:00:00+01:00,76.76262151021895
2018-01-02 19:00:00+01:00,74.89086679022472
2018-01-02 20:00:00+01:00,77.0240644543736
2018-01-02 21:00:00+01:00,71.24225041189491
2018-01-02 22:00:00+01:00,70.56745179396417
2018-01-02 23:00:00+01:00,64.39506647536142
2018-01-03 00:00:00+01:00,61.40265782451578
2018-01-03 01:00:00+01:00,56.77039600567145
2018-01-03 02:00:00+01:00,54.95868715847755
2018-01-03 03:00:00+01:00,52.37292691628112
2018-01-03 04:00:00+01:00,53.77704409756745
2018-01-03 05:00:00+01:00,54.68590462859576
2018-01-03 06:00:00+01:00,57.93702038307752
2018-01-03 07:00:00+01:00,66.84668847603363
2018-01-03 08:00:00+01:00,70.81706729611777
2018-01-03 09:00:00+01:00,76.75251504628888
2018-01-03 10:00:00+01:00,77.23345493792384
2018-01-03 11:00:00+01:00,75.34749599855878
2018-01-03 12:00:00+01:00,74.82233845026731
2018-01-03 13:00:00+01:00,75.01074349419541
2018-01-03 14:00:00+01:00,76.63968171464974
2018-01-03 15:00:00+01:00,75.20142392811628
2018-01-03 16:00:00+01:00,75.04887949514165
2018-01-03 17:00:00+01:00,78.42090276559685
2018-01-03 18:00:00+01:00,83.34468256761485
2018-01-03 19:00:00+01:00,85.0869894886715
2018-01-03 20:00:00+01:00,83.0847604110682
2018-01-03 21:00:00+01:00,81.01874246371138
2018-01-03 22:00:00+01:00,75.0093133065807
2018-01-03 23:00:00+01:00,71.11923997431369
2018-01-04 00:00:00+01:00,61.50116596301046
2018-01-04 01:00:00+01:00,56.6044055691415
2018-01-04 02:00:00+01:00,54.75233154687077
2018-01-04 03:00:00+01:00,54.91346865388158
2018-01-04 04:00:00+01:00,52.17531275785172
2018-01-04 05:00:00+01:00,55.46914514521033
2018-01-04 06:00:00+01:00,59.09891596160421
2018-01-04 07:00:00+01:00,69.80164132616405
2018-01-04 08:00:00+01:00,75.58204814614314
2018-01-04 09:00:00+01:00,78.8194867472897
2018-01-04 10:00:00+01:00,80.7961812447828
2018-01-04 11:00:00+01:00,79.07179203640455
2018-01-04 12:00:00+01:00,79.51838357553508
2018-01-04 13:00:00+01:00,78.68267446422931
2018-01-04 14:00:00+01:00,75.75168465155251
2018-01-04 15:00:00+01:00,74.57634992636748
2018-01-04 16:00:00+01:00,74.97929039516934
2018-01-04 17:00:00+01:00,77.00280582974736
2018-01-04 18:00:00+01:00,79.74841464859739
2018-01-04 19:00:00+01:00,85.41296169350797
2018-01-04 20:00:00+01:00,82.98837324226791
2018-01-04 21:00:00+01:00,79.66100539235704
2018-01-04 22:00:00+01:00,73.27479756665922
2018-01-04 23:00:00+01:00,70.12794136457178
2018-01-05 00:00:00+01:00,53.573840562345445
2018-01-05 01:00:00+01:00,51.34200912904421
2018-01-05 02:00:00+01:00,46.42797216788117
2018-01-05 03:00:00+01:00,45.778222046333354
2018-01-05 04:00:00+01:00,45.518191213448354
2018-01-05 05:00:00+01:00,46.11292739686595
2018-01-05 06:00:00+01:00,50.104270770043435
2018-01-05 07:00:00+01:00,55.47070342296744
2018-01-05 08:00:00+01:00,61.281835606580024
2018-01-05 09:00:00+01:00,65.02170945747126
2018-01-05 10:00:00+01:00,64.57686792815845
2018-01-05 11:00:00+01:00,67.09940647318922
2018-01-05 12:00:00+01:00,66.69273241808469
2018-01-05 13:00:00+01:00,61.70562839442926
2018-01-05 14:00:00+01:00,63.50679291647864
2018-01-05 15:00:00+01:00,61.6301501903794
2018-01-05 16:00:00+01:00,62.34536746757862
2018-01-05 17:00:00+01:00,65.46321070640158
2018-01-05 18:00:00+01:00,69.06879349701707
2018-01-05 19:00:00+01:00,72.62649459182192
2018-01-05 20:00:00+01:00,71.50750876770722
2018-01-05 21:00:00+01:00,68.86709860817452
2018-01-05 22:00:00+01:00,68.25244943142434
2018-01-05 23:00:00+01:00,63.10222837959967
2018-01-06 00:00:00+01:00,51.16774328455414
2018-01-06 01:00:00+01:00,49.27581826345064
2018-01-06 02:00:00+01:00,49.21346362019407
2018-01-06 03:00:00+01:00,47.48966778374421
2018-01-06 04:00:00+01:00,44.252031308788
2018-01-06 05:00:00+01:00,48.781927571987445
2018-01-06 06:00:00+01:00,47.118034254231766
2018-01-06 07:00:00+01:00,51.2918569679245
2018-01-06 08:00:00+01:00,59.24255316897268
2018-01-06 09:00:00+01:00,62.05224880449892
2018-01-06 10:00:00+01:00,63.61673905299477
2018-01-06 11:00:00+01:00,67.26850334677617
2018-01-06 12:00:00+01:00,67.49976674135526
2018-01-06 13:00:00+01:00,63.37055060229911
2018-01-06 14:00:00+01:00,62.52593306106493
2018-01-06 15:00:00+01:00,60.176638117867974
2018-01-06 16:00:00+01:00,60.284149979631515
2018-01-06 17:00:00+01:00,63.055347109075036
2018-01-06 18:00:00+01:00,69.23334214912556
2018-01-06 19:00:00+01:00,68.67340676582067
2018-01-06 20:00:00+01:00,70.42991009005031
2018-01-06 21:00:00+01:00,70.52052074742893
2018-01-06 22:00:00+01:00,67.62069811588464
2018-01-06 23:00:00+01:00,61.40776192620684
2018-01-07 00:00:00+01:00,60.18724633974495
2018-01-07 01:00:00+01:00,55.15701349167103
2018-01-07 02:00:00+01:00,55.11692321936417
2018-01-07 03:00:00+01:00,50.64596311708715
2018-01-07 04:00:00+01:00,49.1077287314335
2018-01-07 05:00:00+01:00,50.289367236835005
2018-01-07 06:00:00+01:00,48.05852492008688
2018-01-07 07:00:00+01:00,55.22981239720929
2018-01-07 08:00:00+01:00,61.20333753346375
2018-01-07 09:00:00+01:00,62.99758067279811
2018-01-07 10:00:00+01:00,66.98066192339239
2018-01-07 11:00:00+01:00,67.30925118315447
2018-01-07 12:00:00+01:00,67.20397966613245
2018-01-07 13:00:00+01:00,66.38913279814089
2018-01-07 14:00:00+01:00,63.682424238367844
2018-01-07 15:00:00+01:00,61.62327426442716
2018-01-07 16:00:00+01:00,59.58624774577314
2018-01-07 17:00:00+01:00,63.56514330743229
2018-01-07 18:00:00+01:00,72.00967758851316
2018-01-07 19:00:00+01:00,73.71892268503646
2018-01-07 20:00:00+01:00,74.38912981194136
2018-01-07 21:00:00+01:00,75.05088093082988
2018-01-07 22:00:00+01:00,71.54884246350336
2018-01-07 23:00:00+01:00,69.22859090407181
2018-01-08 00:00:00+01:00,66.47080627977545
2018-01-08 01:00:00+01:00,61.123352082609564
2018-01-08 02:00:00+01:00,58.760113183911734
2018-01-08 03:00:00+01:00,55.36306453453974
2018-01-08 04:00:00+01:00,58.349888933321175
2018-01-08 05:00:00+01:00,59.99635318449604
2018-01-08 06:00:00+01:00,65.96592925955166
2018-01-08 07:00:00+01:00,71.39951342604624
2018-01-08 08:00:00+01:00,77.48494812214126
2018-01-08 09:00:00+01:00,78.04122783932534
2018-01-08 10:00:00+01:00,81.4557969133301
2018-01-08 11:00:00+01:00,80.33376855985935
2018-01-08 12:00:00+01:00,80.10890518766313
2018-01-08 13:00:00+01:00,80.10753170457973
2018-01-08 14:00:00+01:00,79.00679612187753
2018-01-08 15:00:00+01:00,76.78005980349047
2018-01-08 16:00:00+01:00,76.40525414673561
2018-01-08 17:00:00+01:00,79.41845518871413
2018-01-08 18:00:00+01:00,82.75500559936513
2018-01-08 19:00:00+01:00,85.12316152769085
2018-01-08 20:00:00+01:00,84.05545153742734
2018-01-08 21:00:00+01:00,83.85568025932902
2018-01-08 22:00:00+01:00,78.86053426684413
2018-01-08 23:00:00+01:00,75.62322860042606
2018-01-09 00:00:00+01:00,68.93471381112938
2018-01-09 01:00:00+01:00,66.37194170757141
2018-01-09 02:00:00+01:00,62.62733845758793
2018-01-09 03:00:00+01:00,60.69477251182187
2018-01-09 04:00:00+01:00,59.15257594429831
2018-01-09 05:00:00+01:00,61.609496644992895
2018-01-09 06:00:00+01:00,68.78226555110717
2018-01-09 07:00:00+01:00,76.3304687047003
2018-01-09 08:00:00+01:00,81.52144647816705
2018-01-09 09:00:00+01:00,82.27209530749677
2018-01-09 10:00:00+01:00,83.75548398649038
2018-01-09 11:00:00+01:00,86.44823201533029
2018-01-09 12:00:00+01:00,85.55703057286604
2018-01-09 13:00:00+01:00,84.80854918820903
2018-01-09 14:00:00+01:00,83.81221917721103
2018-01-09 15:00:00+01:00,82.1658810833534
2018-01-09 16:00:00+01:00,84.81973984281156
2018-01-09 17:00:00+01:00,87.7910460124088
2018-01-09 18:00:00+01:00,90.84151280770294
2018-01-09 19:00:00+01:00,90.916583018989
2018-01-09 20:00:00+01:00,89.1043375436845
2018-01-09 21:00:00+01:00,87.32592913546084
2018-01-09 22:00:00+01:00,81.0562913295343
2018-01-09 23:00:00+01:00,78.34851569381713
2018-01-10 00:00:00+01:00,65.23432374756003
2018-01-10 01:00:00+01:00,64.20567822641989
2018-01-10 02:00:00+01:00,60.31111767232314
2018-01-10 03:00:00+01:00,59.896802761156174
2018-01-10 04:00:00+01:00,56.2644833549949
2018-01-10 05:00:00+01:00,57.99654277896513
2018-01-10 06:00:00+01:00,65.49707512732067
2018-01-10 07:00:00+01:00,73.55732662231564
2018-01-10 08:00:00+01:00,80.89796598632796
2018-01-10 09:00:00+01:00,83.00678710012288
2018-01-10 10:00:00+01:00,82.76446401913479
2018-01-10 11:00:00+01:00,83.59087019870613
2018-01-10 12:00:00+01:00,81.93000878012543
2018-01-10 13:00:00+01:00,80.83532427135778
2018-01-10 14:00:00+01:00,79.76972748709989
2018-01-10 15:00:00+01:00,76.62001141244752
2018-01-10 16:00:00+01:00,75.33724188346199
2018-01-10 17:00:00+01:00,76.5631354533464
2018-01-10 18:00:00+01:00,84.44020147424983
2018-01-10 19:00:00+01:00,85.90050924612517
2018-01-10 20:00:00+01:00,85.08640852608163
2018-01-10 21:00:00+01:00,84.94990312101822
2018-01-10 22:00:00+01:00,77.75363392264957
2018-01-10 23:00:00+01:00,73.95735282492606
2018-01-11 00:00:00+01:00,62.05405183168315
2018-01-11 01:00:00+01:00,58.8204340130969
2018-01-11 02:00:00+01:00,55.306074188533835
2018-01-11 03:00:00+01:00,53.20440546198835
2018-01-11 04:00:00+01:00,53.541730640012595
2018-01-11 05:00:00+01:00,55.11729115106825
2018-01-11 06:00:00+01:00,64.29961510455549
2018-01-11 07:00:00+01:00,74.0841500048329
2018-01-11 08:00:00+01:00,81.4961206633917
2018-01-11 09:00:00+01:00,84.22275439423866
2018-01-11 10:00:00+01:00,86.43982247939759
2018-01-11 11:00:00+01:00,83.08503979271313
2018-01-11 12:00:00+01:00,82.356743793191
2018-01-11 13:00:00+01:00,81.68082619668324
2018-01-11 14:00:00+01:00,79.20012636607234
2018-01-11 15:00:00+01:00,79.72152334448414
2018-01-11 16:00:00+01:00,81.20850302204911
2018-01-11 17:00:00+01:00,81.21780268695572
2018-01-11 18:00:00+01:00,86.01087702184368
2018-01-11 19:00:00+01:00,88.24449913926735
2018-01-11 20:00:00+01:00,88.30624567713728
2018-01-11 21:00:00+01:00,87.57301724038568
2018-01-11 22:00:00+01:00,81.77687426911187
2018-01-11 23:00:00+01:00,76.90755816931181
2018-01-12 00:00:00+01:00,67.59859200232295
2018-01-12 01:00:00+01:00,64.3893970968466
2018-01-12 02:00:00+01:00,59.46724971399286
2018-01-12 03:00:00+01:00,59.94148009342347
2018-01-12 04:00:00+01:00,60.97462871917093
2018-01-12 05:00:00+01:00,61.65763282024515
2018-01-12 06:00:00+01:00,66.97119320437142
2018-01-12 07:00:00+01:00,72.71264615728991
2018-01-12 08:00:00+01:00,77.85832208684786
2018-01-12 09:00:00+01:00,81.81349470357225
2018-01-12 10:00:00+01:00,82.43656146661733
2018-01-12 11:00:00+01:00,82.97846622404417
2018-01-12 12:00:00+01:00,83.46588649606805
2018-01-12 13:00:00+01:00,82.85826631935197
2018-01-12 14:00:00+01:00,80.97830846469996
2018-01-12 15:00:00+01:00,79.94720188352217
2018-01-12 16:00:00+01:00,79.17178941322288
2018-01-12 17:00:00+01:00,81.9302217408156
2018-01-12 18:00:00+01:00,85.75833790756873
2018-01-12 19:00:00+01:00,88.77715762715661
2018-01-12 20:00:00+01:00,86.11629401326057
2018-01-12 21:00:00+01:00,85.7635315353826
2018-01-12 22:00:00+01:00,80.42194999271467
2018-01-12 23:00:00+01:00,77.786521956913
2018-01-13 00:00:00+01:00,67.7176009380296
2018-01-13 01:00:00+01:00,61.54304675628446
2018-01-13 02:00:00+01:00,57.465533895854385
2018-01-13 03:00:00+01:00,56.55076715106407
2018-01-13 04:00:00+01:00,55.949088248788286
2018-01-13 05:00:00+01:00,55.82673727846464
2018-01-13 06:00:00+01:00,53.69349478087269
2018-01-13 07:00:00+01:00,59.29062945169258
2018-01-13 08:00:00+01:00,68.25016741012529
2018-01-13 09:00:00+01:00,66.76161105353157
2018-01-13 10:00:00+01:00,71.44790681877207
2018-01-13 11:00:00+01:00,70.55388346415008
2018-01-13 12:00:00+01:00,70.32873244243586
2018-01-13 13:00:00+01:00,69.26391924108695
2018-01-13 14:00:00+01:00,68.76844131300759
2018-01-13 15:00:00+01:00,69.51295447744242
2018-01-13 16:00:00+01:00,70.73845811133275
2018-01-13 17:00:00+01:00,74.53186358723637
2018-01-13 18:00:00+01:00,77.07380029009848
2018-01-13 19:00:00+01:00,79.204774201167
2018-01-13 20:00:00+01:00,79.59985067648212
2018-01-13 21:00:00+01:00,76.9560046242671
2018-01-13 22:00:00+01:00,71.60262377518184
2018-01-13 23:00:00+01:00,68.80726148002412
2018-01-14 00:00:00+01:00,65.38609710821758
2018-01-14 01:00:00+01:00,62.34484713127602
2018-01-14 02:00:00+01:00,58.379248945228845
2018-01-14 03:00:00+01:00,58.3000729064056
2018-01-14 04:00:00+01:00,55.215025515327916
2018-01-14 05:00:00+01:00,53.67822402892796
2018-01-14 06:00:00+01:00,55.98555773200633
2018-01-14 07:00:00+01:00,59.66131037589563
2018-01-14 08:00:00+01:00,60.86934455022919
2018-01-14 09:00:00+01:00,65.84427889776221
2018-01-14 10:00:00+01:00,67.715582008809
2018-01-14 11:00:00+01:00,69.14094929152465
2018-01-14 12:00:00+01:00,70.18045860029459
2018-01-14 13:00:00+01:00,69.85373874140473
2018-01-14 14:00:00+01:00,67.86057857921713
2018-01-14 15:00:00+01:00,66.47777727923109
2018-01-14 16:00:00+01:00,66.34164842814307
2018-01-14 17:00:00+01:00,71.20681039915478
2018-01-14 18:00:00+01:00,76.7246573234899
2018-01-14 19:00:00+01:00,79.97222080286635
2018-01-14 20:00:00+01:00,79.4203536861756
2018-01-14 21:00:00+01:00,78.72427287033716
2018-01-14 22:00:00+01:00,75.43038439695337
2018-01-14 23:00:00+01:00,71.9884886066449
2018-01-15 00:00:00+01:00,68.17081183696077
2018-01-15 01:00:00+01:00,64.45267013469943
2018-01-15 02:00:00+01:00,59.37131326618178
2018-01-15 03:00:00+01:00,57.518300666383745
2018-01-15 04:00:00+01:00,56.35192215125863
2018-01-15 05:00:00+01:00,56.81504157748689
2018-01-15 06:00:00+01:00,64.87911855678408
2018-01-15 07:00:00+01:00,71.3739763096899
2018-01-15 08:00:00+01:00,79.46330660567493
2018-01-15 09:00:00+01:00,82.86327384030737
2018-01-15 10:00:00+01:00,82.3089273761865
2018-01-15 11:00:00+01:00,83.55987326947115
2018-01-15 12:00:00+01:00,82.71643537538917
2018-01-15 13:00:00+01:00,81.1276921720031
2018-01-15 14:00:00+01:00,80.80924864532592
2018-01-15 15:00:00+01:00,79.17333376108327
2018-01-15 16:00:00+01:00,78.81273442323916
2018-01-15 17:00:00+01:00,80.96070922119912
2018-01-15 18:00:00+01:00,84.2431254362692
2018-01-15 19:00:00+01:00,88.20435021460673
2018-01-15 20:00:00+01:00,86.0404484730417
2018-01-15 21:00:00+01:00,83.11424449701664
2018-01-15 22:00:00+01:00,77.98656451213093
2018-01-15 23:00:00+01:00,74.67015735348961
2018-01-16 00:00:00+01:00,65.83749286398272
2018-01-16 01:00:00+01:00,61.544881671170316
2018-01-16 02:00:00+01:00,56.202938937605786
2018-01-16 03:00:00+01:00,55.92333123901065
2018-01-16 04:00:00+01:00,55.01228419611035
2018-01-16 05:00:00+01:00,55.191442778165886
2018-01-16 06:00:00+01:00,63.52023365423261
2018-01-16 07:00:00+01:00,72.32169217573563
2018-01-16 08:00:00+01:00,83.08179770978712
2018-01-16 09:00:00+01:00,84.72194325859472
2018-01-16 10:00:00+01:00,86.86330860203036
2018-01-16 11:00:00+01:00,87.16973132074456
2018-01-16 12:00:00+01:00,85.35143201187879
2018-01-16 13:00:00+01:00,83.54547883707365
2018-01-16 14:00:00+01:00,82.3133685452944
2018-01-16 15:00:00+01:00,77.83100238176087
2018-01-16 16:00:00+01:00,79.09249554438044
2018-01-16 17:00:00+01:00,83.80466050566797
2018-01-16 18:00:00+01:00,86.59300830506264
2018-01-16 19:00:00+01:00,89.39008565131633
2018-01-16 20:00:00+01:00,87.94919340458587
2018-01-16 21:00:00+01:00,86.0943343789648
2018-01-16 22:00:00+01:00,77.78340736771027
2018-01-16 23:00:00+01:00,73.53439656067951
2018-01-17 00:00:00+01:00,63.90461782760135
2018-01-17 01:00:00+01:00,59.560515075958676
2018-01-17 02:00:00+01:00,55.27084714198336
2018-01-17 03:00:00+01:00,53.52836257321744
2018-01-17 04:00:00+01:00,54.371977018405666
2018-01-17 05:00:00+01:00,53.719194153949935
2018-01-17 06:00:00+01:00,61.40942389011243
2018-01-17 07:00:00+01:00,71.2797028518333
2018-01-17 08:00:00+01:00,81.08910724534137
2018-01-17 09:00:00+01:00,82.7833791903454
2018-01-17 10:00:00+01:00,84.47876825231954
2018-01-17 11:00:00+01:00,81.14212790150465
2018-01-17 12:00:00+01:00,79.58125349899694
2018-01-17 13:00:00+01:00,77.57496039820593
2018-01-17 14:00:00+01:00,76.67924783942233
2018-01-17 15:00:00+01:00,76.30592326131229
2018-01-17 16:00:00+01:00,76.05904871389276
2018-01-17 17:00:00+01:00,79.35648401199332
2018-01-17 18:00:00+01:00,85.37030542300279
2018-01-17 19:00:00+01:00,88.4537031306141
2018-01-17 20:00:00+01:00,87.34436122237558
2018-01-17 21:00:00+01:00,85.87215063084939
2018-01-17 22:00:00+01:00,81.46166396970881
2018-01-17 23:00:00+01:00,78.05785524406032
2018-01-18 00:00:00+01:00,69.69814922349202
2018-01-18 01:00:00+01:00,65.08827290194029
2018-01-18 02:00:00+01:00,59.598089775257336
2018-01-18 03:00:00+01:00,60.161329139938175
2018-01-18 04:00:00+01:00,59.705105913034224
2018-01-18 05:00:00+01:00,59.71367741099785
2018-01-18 06:00:00+01:00,66.95575782992952
2018-01-18 07:00:00+01:00,77.34684074559095
2018-01-18 08:00:00+01:00,85.84224013110851
2018-01-18 09:00:00+01:00,88.44924447626062
2018-01-18 10:00:00+01:00,88.58920122210243
2018-01-18 11:00:00+01:00,87.78673564112046
2018-01-18 12:00:00+01:00,85.48270777759603
2018-01-18 13:00:00+01:00,83.93371142356663
2018-01-18 14:00:00+01:00,83.37277401291932
2018-01-18 15:00:00+01:00,80.7727541166094
2018-01-18 16:00:00+01:00,82.32141320158699
2018-01-18 17:00:00+01:00,84.77985738315816
2018-01-18 18:00:00+01:00,89.36736647326433
2018-01-18 19:00:00+01:00,93.51867835561715
2018-01-18 20:00:00+01:00,91.89791168183469
2018-01-18 21:00:00+01:00,89.1523227431573
2018-01-18 22:00:00+01:00,83.64498964152791
2018-01-18 23:00:00+01:00,80.13033784160203
2018-01-19 00:00:00+01:00,72.43325782326271
2018-01-19 01:00:00+01:00,68.93741204197595
2018-01-19 02:00:00+01:00,63.93302583384406
2018-01-19 03:00:00+01:00,60.45343276881078
2018-01-19 04:00:00+01:00,60.09464303964511
2018-01-19 05:00:00+01:00,63.71975928737586
2018-01-19 06:00:00+01:00,70.5448134229618
2018-01-19 07:00:00+01:00,78.08855599358913
2018-01-19 08:00:00+01:00,85.70433115615883
2018-01-19 09:00:00+01:00,87.27185290925206
2018-01-19 10:00:00+01:00,87.98334394236163
2018-01-19 11:00:00+01:00,86.64548915373496
2018-01-19 12:00:00+01:00,84.7957703490491
2018-01-19 13:00:00+01:00,82.62933836214914
2018-01-19 14:00:00+01:00,80.877062619276
2018-01-19 15:00:00+01:00,80.95645744945632
2018-01-19 16:00:00+01:00,81.64165276704598
2018-01-19 17:00:00+01:00,84.34524863873861
2018-01-19 18:00:00+01:00,88.83554280784766
2018-01-19 19:00:00+01:00,89.51444278484901
2018-01-19 20:00:00+01:00,88.90092252192308
2018-01-19 21:00:00+01:00,86.93578814573931
2018-01-19 22:00:00+01:00,80.76138036748686
2018-01-19 23:00:00+01:00,78.00393703062308
2018-01-20 00:00:00+01:00,71.7412355890782
2018-01-20 01:00:00+01:00,68.17061537166303
2018-01-20 02:00:00+01:00,63.71394330037435
2018-01-20 03:00:00+01:00,61.67200363787858
2018-01-20 04:00:00+01:00,61.988532609055085
2018-01-20 05:00:00+01:00,62.13146637340727
2018-01-20 06:00:00+01:00,63.209382101339706
2018-01-20 07:00:00+01:00,68.2022159179354
2018-01-20 08:00:00+01:00,72.56284888863439
2018-01-20 09:00:00+01:00,75.22974688081457
2018-01-20 10:00:00+01:00,77.78628259794773
2018-01-20 11:00:00+01:00,76.6571198373778
2018-01-20 12:00:00+01:00,74.66935782465677
2018-01-20 13:00:00+01:00,74.04224210489859
2018-01-20 14:00:00+01:00,71.2721824464827
2018-01-20 15:00:00+01:00,71.00481449406224
2018-01-20 16:00:00+01:00,71.39391916781449
2018-01-20 17:00:00+01:00,72.4874179327843
2018-01-20 18:00:00+01:00,79.17193809551752
2018-01-20 19:00:00+01:00,82.2676192775075
2018-01-20 20:00:00+01:00,82.100910031967
2018-01-20 21:00:00+01:00,79.76466641138433
2018-01-20 22:00:00+01:00,75.43012454926838
2018-01-20 23:00:00+01:00,72.04909251800376
2018-01-21 00:00:00+01:00,64.8543527719305
2018-01-21 01:00:00+01:00,61.83009094546268
2018-01-21 02:00:00+01:00,58.84537121984062
2018-01-21 03:00:00+01:00,55.97867051385568
2018-01-21 04:00:00+01:00,53.81148381425289
2018-01-21 05:00:00+01:00,53.36130271484391
2018-01-21 06:00:00+01:00,54.779960992645734
2018-01-21 07:00:00+01:00,58.08345031563557
2018-01-21 08:00:00+01:00,61.11262167864788
2018-01-21 09:00:00+01:00,64.53682630892547
2018-01-21 10:00:00+01:00,67.14887886227437
2018-01-21 11:00:00+01:00,67.12908676657345
2018-01-21 12:00:00+01:00,66.9233165094446
2018-01-21 13:00:00+01:00,66.62077169403557
2018-01-21 14:00:00+01:00,63.901760446467854
2018-01-21 15:00:00+01:00,63.85940716285396
2018-01-21 16:00:00+01:00,63.43080653783455
2018-01-21 17:00:00+01:00,67.06860367847277
2018-01-21 18:00:00+01:00,75.87848198517337
2018-01-21 19:00:00+01:00,81.08109654480273
2018-01-21 20:00:00+01:00,81.22178670932915
2018-01-21 21:00:00+01:00,80.43537999612492
2018-01-21 22:00:00+01:00,77.11601971174115
2018-01-21 23:00:00+01:00,72.71783714734839
2018-01-22 00:00:00+01:00,64.38554012641175
2018-01-22 01:00:00+01:00,60.89412490144472
2018-01-22 02:00:00+01:00,57.903233028662065
2018-01-22 03:00:00+01:00,56.99299106790662
2018-01-22 04:00:00+01:00,57.08342151343535
2018-01-22 05:00:00+01:00,58.014574139250776
2018-01-22 06:00:00+01:00,65.2729747749904
2018-01-22 07:00:00+01:00,73.66126768368456
2018-01-22 08:00:00+01:00,80.62710607320115
2018-01-22 09:00:00+01:00,82.6488190596443
2018-01-22 10:00:00+01:00,83.41342504245888
2018-01-22 11:00:00+01:00,80.5185136929293
2018-01-22 12:00:00+01:00,79.69890630966033
2018-01-22 13:00:00+01:00,79.51821890224456
2018-01-22 14:00:00+01:00,78.10700714261296
2018-01-22 15:00:00+01:00,76.77168484916187
2018-01-22 16:00:00+01:00,77.86542873018603
2018-01-22 17:00:00+01:00,78.57654473433412
2018-01-22 18:00:00+01:00,85.9278681355246
2018-01-22 19:00:00+01:00,86.7884314661952
2018-01-22 20:00:00+01:00,85.78091143259509
2018-01-22 21:00:00+01:00,85.04684991509205
2018-01-22 22:00:00+01:00,79.73286189911566
2018-01-22 23:00:00+01:00,76.0101558321522
2018-01-23 00:00:00+01:00,66.89493755646959
2018-01-23 01:00:00+01:00,61.98295132590397
2018-01-23 02:00:00+01:00,59.594691755731965
2018-01-23 03:00:00+01:00,57.45344073219919
2018-01-23 04:00:00+01:00,56.272252881891205
2018-01-23 05:00:00+01:00,58.527624242331655
2018-01-23 06:00:00+01:00,65.87558938779193
2018-01-23 07:00:00+01:00,75.46194451163596
2018-01-23 08:00:00+01:00,82.15734185532601
2018-01-23 09:00:00+01:00,82.84860978260605
2018-01-23 10:00:00+01:00,84.0329686766231
2018-01-23 11:00:00+01:00,83.57747068489219
2018-01-23 12:00:00+01:00,80.84203177566776
2018-01-23 13:00:00+01:00,80.84009305337536
2018-01-23 14:00:00+01:00,80.70659616498291
2018-01-23 15:00:00+01:00,80.51575766960684
2018-01-23 16:00:00+01:00,81.10038930047098
2018-01-23 17:00:00+01:00,83.09350019206319
2018-01-23 18:00:00+01:00,87.79529838920409
2018-01-23 19:00:00+01:00,90.34586921463494
2018-01-23 20:00:00+01:00,89.27052144747294
2018-01-23 21:00:00+01:00,86.12370055117113
2018-01-23 22:00:00+01:00,80.94451432273279
2018-01-23 23:00:00+01:00,76.41785247089484
2018-01-24 00:00:00+01:00,69.73743322427144
2018-01-24 01:00:00+01:00,66.32378719963675
2018-01-24 02:00:00+01:00,64.71103843133076
2018-01-24 03:00:00+01:00,61.69159341278205
2018-01-24 04:00:00+01:00,62.483503414929366
2018-01-24 05:00:00+01:00,61.05422038150408
2018-01-24 06:00:00+01:00,69.46783568674613
2018-01-24 07:00:00+01:00,77.03549581359013
2018-01-24 08:00:00+01:00,82.93559924992199
2018-01-24 09:00:00+01:00,84.99349562427592
2018-01-24 10:00:00+01:00,84.97904881796799
2018-01-24 11:00:00+01:00,84.0606252175788
2018-01-24 12:00:00+01:00,81.03363792323209
2018-01-24 13:00:00+01:00,79.38281258754245
2018-01-24 14:00:00+01:00,78.94746967041478
2018-01-24 15:00:00+01:00,78.6531661499275
2018-01-24 16:00:00+01:00,79.29947962430158
2018-01-24 17:00:00+01:00,81.03866950102379
2018-01-24 18:00:00+01:00,87.00783051334184
2018-01-24 19:00:00+01:00,88.13479911142512
2018-01-24 20:00:00+01:00,85.28604577298842
2018-01-24 21:00:00+01:00,83.99371134772748
2018-01-24 22:00:00+01:00,79.72432522661099
2018-01-24 23:00:00+01:00,75.52271053518487
2018-01-25 00:00:00+01:00,69.6611419694167
2018-01-25 01:00:00+01:00,64.59128754487357
2018-01-25 02:00:00+01:00,61.890582520702175
2018-01-25 03:00:00+01:00,60.733043795810765
2018-01-25 04:00:00+01:00,60.17875641964582
2018-01-25 05:00:00+01:00,60.62892958880917
2018-01-25 06:00:00+01:00,70.22929057073311
2018-01-25 07:00:00+01:00,77.34498564256616
2018-01-25 08:00:00+01:00,82.55022243951701
2018-01-25 09:00:00+01:00,83.51399680336029
2018-01-25 10:00:00+01:00,84.704493537233
2018-01-25 11:00:00+01:00,85.60287424143671
2018-01-25 12:00:00+01:00,83.73884160814303
2018-01-25 13:00:00+01:00,80.32389162389968
2018-01-25 14:00:00+01:00,79.0608925598995
2018-01-25 15:00:00+01:00,79.00613136516722
2018-01-25 16:00:00+01:00,79.65693986633717
2018-01-25 17:00:00+01:00,82.57771499485749
2018-01-25 18:00:00+01:00,85.60287265284921
2018-01-25 19:00:00+01:00,87.61279420707667
2018-01-25 20:00:00+01:00,84.80169144344951
2018-01-25 21:00:00+01:00,80.67226520497044
2018-01-25 22:00:00+01:00,76.37880751640394
2018-01-25 23:00:00+01:00,73.95776819596115
2018-01-26 00:00:00+01:00,66.65252396738394
2018-01-26 01:00:00+01:00,62.572070580176195
2018-01-26 02:00:00+01:00,56.70140853648427
2018-01-26 03:00:00+01:00,55.38794386009948
2018-01-26 04:00:00+01:00,51.54687471508425
2018-01-26 05:00:00+01:00,52.362024183513476
2018-01-26 06:00:00+01:00,58.01568265410202
2018-01-26 07:00:00+01:00,70.49159778710673
2018-01-26 08:00:00+01:00,77.54907940745144
2018-01-26 09:00:00+01:00,80.56219600840748
2018-01-26 10:00:00+01:00,79.40176126599836
2018-01-26 11:00:00+01:00,77.87608638399887
2018-01-26 12:00:00+01:00,79.7378577034989
2018-01-26 13:00:00+01:00,77.84574751911559
2018-01-26 14:00:00+01:00,77.35695339006588
2018-01-26 15:00:00+01:00,76.14414425600815
2018-01-26 16:00:00+01:00,75.78997012295781
2018-01-26 17:00:00+01:00,80.4070864245428
2018-01-26 18:00:00+01:00,81.74532817505803
2018-01-26 19:00:00+01:00,85.05078660336393
2018-01-26 20:00:00+01:00,85.94161690178608
2018-01-26 21:00:00+01:00,82.32139505900045
2018-01-26 22:00:00+01:00,76.3596706260427
2018-01-26 23:00:00+01:00,74.15340821333224
2018-01-27 00:00:00+01:00,61.314166196424615
2018-01-27 01:00:00+01:00,56.557360924602854
2018-01-27 02:00:00+01:00,52.51498134339784
2018-01-27 03:00:00+01:00,51.35035615842414
2018-01-27 04:00:00+01:00,47.183143706343344
2018-01-27 05:00:00+01:00,50.48772058857978
2018-01-27 06:00:00+01:00,50.95536483776353
2018-01-27 07:00:00+01:00,60.192206242490954
2018-01-27 08:00:00+01:00,63.87969512746228
2018-01-27 09:00:00+01:00,69.58814722450485
2018-01-27 10:00:00+01:00,70.89381759483398
2018-01-27 11:00:00+01:00,66.40990273355568
2018-01-27 12:00:00+01:00,65.84853238032217
2018-01-27 13:00:00+01:00,64.89209832775344
2018-01-27 14:00:00+01:00,62.42222314873762
2018-01-27 15:00:00+01:00,62.885553081873354
2018-01-27 16:00:00+01:00,61.367071832557464
2018-01-27 17:00:00+01:00,64.36338142989649
2018-01-27 18:00:00+01:00,70.78771089948128
2018-01-27 19:00:00+01:00,76.93863511765747
2018-01-27 20:00:00+01:00,77.47162282776036
2018-01-27 21:00:00+01:00,74.86125832501763
2018-01-27 22:00:00+01:00,69.53363080941506
2018-01-27 23:00:00+01:00,67.57328744631644
2018-01-28 00:00:00+01:00,61.68903290791479
2018-01-28 01:00:00+01:00,58.8088843211877
2018-01-28 02:00:00+01:00,54.67393551973405
2018-01-28 03:00:00+01:00,55.030283526111354
2018-01-28 04:00:00+01:00,53.47688455159658
2018-01-28 05:00:00+01:00,51.40889865364702
2018-01-28 06:00:00+01:00,51.63318665376372
2018-01-28 07:00:00+01:00,52.096194579557014
2018-01-28 08:00:00+01:00,57.58447013984116
2018-01-28 09:00:00+01:00,61.936441514175556
2018-01-28 10:00:00+01:00,64.2570267811689
2018-01-28 11:00:00+01:00,62.90264355797657
2018-01-28 12:00:00+01:00,62.014966888883926
2018-01-28 13:00:00+01:00,60.45302623676974
2018-01-28 14:00:00+01:00,58.5822477361564
2018-01-28 15:00:00+01:00,56.9895944504558
2018-01-28 16:00:00+01:00,56.126199844728774
2018-01-28 17:00:00+01:00,60.03727901730047
2018-01-28 18:00:00+01:00,68.18294494149414
2018-01-28 19:00:00+01:00,75.76043471170236
2018-01-28 20:00:00+01:00,76.57611854510738
2018-01-28 21:00:00+01:00,74.91870487869582
2018-01-28 22:00:00+01:00,72.59416608211565
2018-01-28 23:00:00+01:00,68.73923965669923
2018-01-29 00:00:00+01:00,64.51949134240495
2018-01-29 01:00:00+01:00,61.34803218720915
2018-01-29 02:00:00+01:00,58.13485470834189
2018-01-29 03:00:00+01:00,56.10979607685413
2018-01-29 04:00:00+01:00,56.37212054361313
2018-01-29 05:00:00+01:00,57.62592198002428
2018-01-29 06:00:00+01:00,64.46414937785731
2018-01-29 07:00:00+01:00,73.31565840211611
2018-01-29 08:00:00+01:00,78.44694117808149
2018-01-29 09:00:00+01:00,79.56045987332493
2018-01-29 10:00:00+01:00,81.47700105753992
2018-01-29 11:00:00+01:00,82.27576883318893
2018-01-29 12:00:00+01:00,80.64253838639722
2018-01-29 13:00:00+01:00,78.79927851071484
2018-01-29 14:00:00+01:00,76.68226846003178
2018-01-29 15:00:00+01:00,76.0584272137729
2018-01-29 16:00:00+01:00,74.58130750006585
2018-01-29 17:00:00+01:00,78.84253142295226
2018-01-29 18:00:00+01:00,82.85473477900173
2018-01-29 19:00:00+01:00,86.73530555761558
2018-01-29 20:00:00+01:00,86.80749455625853
2018-01-29 21:00:00+01:00,84.84205989498084
2018-01-29 22:00:00+01:00,78.89187537665502
2018-01-29 23:00:00+01:00,74.40259411825491
2018-01-30 00:00:00+01:00,68.63521092272953
2018-01-30 01:00:00+01:00,62.219330798335335
2018-01-30 02:00:00+01:00,56.87129379763248
2018-01-30 03:00:00+01:00,58.88399786612456
2018-01-30 04:00:00+01:00,58.659652776738746
2018-01-30 05:00:00+01:00,59.11056220637183
2018-01-30 06:00:00+01:00,66.99751167225716
2018-01-30 07:00:00+01:00,75.87163133159946
2018-01-30 08:00:00+01:00,81.39876673046646
2018-01-30 09:00:00+01:00,82.26707894929548
2018-01-30 10:00:00+01:00,83.11618156727911
2018-01-30 11:00:00+01:00,83.36483417263557
2018-01-30 12:00:00+01:00,81.14819945222375
2018-01-30 13:00:00+01:00,78.78171385206323
2018-01-30 14:00:00+01:00,78.14013874928783
2018-01-30 15:00:00+01:00,77.16533873215981
2018-01-30 16:00:00+01:00,77.9063119182599
2018-01-30 17:00:00+01:00,79.91883317106819
2018-01-30 18:00:00+01:00,83.48137453656871
2018-01-30 19:00:00+01:00,88.08608030889819
2018-01-30 20:00:00+01:00,87.6044831358552
2018-01-30 21:00:00+01:00,84.54337192352185
2018-01-30 22:00:00+01:00,79.41502433787205
2018-01-30 23:00:00+01:00,74.73833649858405
2018-01-31 00:00:00+01:00,69.60344001811823
2018-01-31 01:00:00+01:00,65.60379747861735
2018-01-31 02:00:00+01:00,61.54247897310024
2018-01-31 03:00:00+01:00,60.822007715595625
2018-01-31 04:00:00+01:00,59.93575679221042
2018-01-31 05:00:00+01:00,62.19100190578107
2018-01-31 06:00:00+01:00,68.61929058338904
2018-01-31 07:00:00+01:00,75.06625099964755
2018-01-31 08:00:00+01:00,81.3439854066054
2018-01-31 09:00:00+01:00,83.20941227212893
2018-01-31 10:00:00+01:00,84.12204139902242
2018-01-31 11:00:00+01:00,82.89526559711176
2018-01-31 12:00:00+01:00,81.04181883007533
2018-01-31 13:00:00+01:00,77.62172584528105
2018-01-31 14:00:00+01:00,77.0654311833875
2018-01-31 15:00:00+01:00,76.78524437133795
2018-01-31 16:00:00+01:00,77.29191081543622
2018-01-31 17:00:00+01:00,78.06788140978979
2018-01-31 18:00:00+01:00,83.26864203225658
2018-01-31 19:00:00+01:00,86.57457675687965
2018-01-31 20:00:00+01:00,86.03587827847639
2018-01-31 21:00:00+01:00,83.8942760638521
2018-01-31 22:00:00+01:00,77.57867789529935
2018-01-31 23:00:00+01:00,73.58276162013591
2018-02-01 00:00:00+01:00,61.9869288273012
2018-02-01 01:00:00+01:00,60.66663954717811
2018-02-01 02:00:00+01:00,57.5737014043232
2018-02-01 03:00:00+01:00,56.10325262154791
2018-02-01 04:00:00+01:00,55.16767090387418
2018-02-01 05:00:00+01:00,52.79675608234442
2018-02-01 06:00:00+01:00,58.95764459208075
2018-02-01 07:00:00+01:00,64.20233983744187
2018-02-01 08:00:00+01:00,69.5941367231106
2018-02-01 09:00:00+01:00,72.46538685517105
2018-02-01 10:00:00+01:00,72.93696070321546
2018-02-01 11:00:00+01:00,72.20703606467923
2018-02-01 12:00:00+01:00,69.31842016219517
2018-02-01 13:00:00+01:00,68.07067182040512
2018-02-01 14:00:00+01:00,67.99699539752719
2018-02-01 15:00:00+01:00,62.25019379852239
2018-02-01 16:00:00+01:00,62.4300243354347
2018-02-01 17:00:00+01:00,64.61307287957447
2018-02-01 18:00:00+01:00,70.13159920364713
2018-02-01 19:00:00+01:00,72.782261291434
2018-02-01 20:00:00+01:00,74.85571799043838
2018-02-01 21:00:00+01:00,73.52003501950382
2018-02-01 22:00:00+01:00,68.298887289282
2018-02-01 23:00:00+01:00,64.26686053663049
2018-02-02 00:00:00+01:00,47.84854931969027
2018-02-02 01:00:00+01:00,43.191908143364515
2018-02-02 02:00:00+01:00,42.41159450924906
2018-02-02 03:00:00+01:00,40.98108965954032
2018-02-02 04:00:00+01:00,43.56740624962983
2018-02-02 05:00:00+01:00,41.26788726784779
2018-02-02 06:00:00+01:00,47.44018059564439
2018-02-02 07:00:00+01:00,58.928526923609326
2018-02-02 08:00:00+01:00,67.48194553091732
2018-02-02 09:00:00+01:00,66.94443682167179
2018-02-02 10:00:00+01:00,69.67323322662021
2018-02-02 11:00:00+01:00,69.3523531235925
2018-02-02 12:00:00+01:00,63.50870346703574
2018-02-02 13:00:00+01:00,65.80839388863093
2018-02-02 14:00:00+01:00,59.57688644896723
2018-02-02 15:00:00+01:00,58.09438184289727
2018-02-02 16:00:00+01:00,60.445632667956225
2018-02-02 17:00:00+01:00,62.57707593197671
2018-02-02 18:00:00+01:00,68.88132573389902
2018-02-02 19:00:00+01:00,70.7780340864419
2018-02-02 20:00:00+01:00,71.40841728856952
2018-02-02 21:00:00+01:00,69.08597600223167
2018-02-02 22:00:00+01:00,61.11599903304478
2018-02-02 23:00:00+01:00,55.53340225925464
2018-02-03 00:00:00+01:00,51.15391098672989
2018-02-03 01:00:00+01:00,48.53237228047584
2018-02-03 02:00:00+01:00,46.33633960975195
2018-02-03 03:00:00+01:00,43.009834762162534
2018-02-03 04:00:00+01:00,44.29423668130579
2018-02-03 05:00:00+01:00,45.03103953612818
2018-02-03 06:00:00+01:00,47.14114968495259
2018-02-03 07:00:00+01:00,51.159829897254895
2018-02-03 08:00:00+01:00,57.28856636490226
2018-02-03 09:00:00+01:00,60.005706551526494
2018-02-03 10:00:00+01:00,60.46974352937709
2018-02-03 11:00:00+01:00,61.32785317159025
2018-02-03 12:00:00+01:00,60.55378326107573
2018-02-03 13:00:00+01:00,56.68946811452853
2018-02-03 14:00:00+01:00,54.39526617597391
2018-02-03 15:00:00+01:00,52.25887433068906
2018-02-03 16:00:00+01:00,50.80408205032223
2018-02-03 17:00:00+01:00,52.998533314211635
2018-02-03 18:00:00+01:00,59.41441974827587
2018-02-03 19:00:00+01:00,65.43652566243917
2018-02-03 20:00:00+01:00,67.17886958736705
2018-02-03 21:00:00+01:00,64.7572980107522
2018-02-03 22:00:00+01:00,58.68871477167539
2018-02-03 23:00:00+01:00,56.36904791963045
2018-02-04 00:00:00+01:00,41.643132886671594
2018-02-04 01:00:00+01:00,38.003976396793064
2018-02-04 02:00:00+01:00,39.03021365414441
2018-02-04 03:00:00+01:00,37.06396800545456
2018-02-04 04:00:00+01:00,39.049672174001536
2018-02-04 05:00:00+01:00,37.5469677676144
2018-02-04 06:00:00+01:00,40.14767539927539
2018-02-04 07:00:00+01:00,45.39611151805733
2018-02-04 08:00:00+01:00,51.39139275098298
2018-02-04 09:00:00+01:00,55.859199779360914
2018-02-04 10:00:00+01:00,58.55186660250126
2018-02-04 11:00:00+01:00,60.03247407253874
2018-02-04 12:00:00+01:00,58.4340667418196
2018-02-04 13:00:00+01:00,57.960170183786865
2018-02-04 14:00:00+01:00,57.38570076858357
2018-02-04 15:00:00+01:00,55.440251600014925
2018-02-04 16:00:00+01:00,52.39586467008797
2018-02-04 17:00:00+01:00,55.66659030558174
2018-02-04 18:00:00+01:00,61.94967378542375
2018-02-04 19:00:00+01:00,67.49691134569828
2018-02-04 20:00:00+01:00,67.82493489488452
2018-02-04 21:00:00+01:00,63.44358364023742
2018-02-04 22:00:00+01:00,60.27945761975375
2018-02-04 23:00:00+01:00,56.89468887364173
2018-02-05 00:00:00+01:00,52.11837947150055
2018-02-05 01:00:00+01:00,46.90515557380954
2018-02-05 02:00:00+01:00,46.24252740035141
2018-02-05 03:00:00+01:00,43.3183773772813
2018-02-05 04:00:00+01:00,44.47985862996029
2018-02-05 05:00:00+01:00,46.019562819762264
2018-02-05 06:00:00+01:00,53.18847641700708
2018-02-05 07:00:00+01:00,59.12141591561562
2018-02-05 08:00:00+01:00,65.25963870343509
2018-02-05 09:00:00+01:00,66.06399999724304
2018-02-05 10:00:00+01:00,66.24267014763178
2018-02-05 11:00:00+01:00,67.62429508975784
2018-02-05 12:00:00+01:00,68.06971560112584
2018-02-05 13:00:00+01:00,64.75895158797502
2018-02-05 14:00:00+01:00,63.38953922621528
2018-02-05 15:00:00+01:00,63.55884945508161
2018-02-05 16:00:00+01:00,66.47251640460324
2018-02-05 17:00:00+01:00,66.37938057477525
2018-02-05 18:00:00+01:00,71.05331063249616
2018-02-05 19:00:00+01:00,72.46690666768002
2018-02-05 20:00:00+01:00,70.66332737407802
2018-02-05 21:00:00+01:00,67.77026042455479
2018-02-05 22:00:00+01:00,61.014307319999965
2018-02-05 23:00:00+01:00,55.75801557445428
2018-02-06 00:00:00+01:00,50.99431145424748
2018-02-06 01:00:00+01:00,49.238682993507716
2018-02-06 02:00:00+01:00,43.51787569020985
2018-02-06 03:00:00+01:00,43.354488326573005
2018-02-06 04:00:00+01:00,43.44640683695334
2018-02-06 05:00:00+01:00,43.996313215799226
2018-02-06 06:00:00+01:00,54.76602903257068
2018-02-06 07:00:00+01:00,61.696806839418635
2018-02-06 08:00:00+01:00,71.0733790631226
2018-02-06 09:00:00+01:00,71.80332935300198
2018-02-06 10:00:00+01:00,71.90836988812761
2018-02-06 11:00:00+01:00,69.50771057766282
2018-02-06 12:00:00+01:00,66.499434737606
2018-02-06 13:00:00+01:00,68.09235321230763
2018-02-06 14:00:00+01:00,67.09180432491809
2018-02-06 15:00:00+01:00,61.530827633091526
2018-02-06 16:00:00+01:00,64.70869296766354
2018-02-06 17:00:00+01:00,67.54142284455514
2018-02-06 18:00:00+01:00,73.58292205505475
2018-02-06 19:00:00+01:00,74.42821596861711
2018-02-06 20:00:00+01:00,75.15647977827682
2018-02-06 21:00:00+01:00,71.36009102215796
2018-02-06 22:00:00+01:00,67.490963929404
2018-02-06 23:00:00+01:00,62.680516613071
2018-02-07 00:00:00+01:00,56.38429004968099
2018-02-07 01:00:00+01:00,51.51379247940634
2018-02-07 02:00:00+01:00,50.541715565742244
2018-02-07 03:00:00+01:00,49.2294720456702
2018-02-07 04:00:00+01:00,50.88384982405082
2018-02-07 05:00:00+01:00,53.15220523806598
2018-02-07 06:00:00+01:00,58.67679505757965
2018-02-07 07:00:00+01:00,65.89763761669111
2018-02-07 08:00:00+01:00,71.69419605099583
2018-02-07 09:00:00+01:00,74.24646358515716
2018-02-07 10:00:00+01:00,73.96648296056249
2018-02-07 11:00:00+01:00,73.14168102594557
2018-02-07 12:00:00+01:00,71.23000639362861
2018-02-07 13:00:00+01:00,70.20287478069457
2018-02-07 14:00:00+01:00,68.79190511434523
2018-02-07 15:00:00+01:00,66.27273165185277
2018-02-07 16:00:00+01:00,64.39145223157605
2018-02-07 17:00:00+01:00,68.08745195665553
2018-02-07 18:00:00+01:00,71.03862312992061
2018-02-07 19:00:00+01:00,76.19278925664338
2018-02-07 20:00:00+01:00,77.1510968416872
2018-02-07 21:00:00+01:00,75.72139903212097
2018-02-07 22:00:00+01:00,69.61303388817758
2018-02-07 23:00:00+01:00,67.32657167573558
2018-02-08 00:00:00+01:00,60.84602409479522
2018-02-08 01:00:00+01:00,59.01476223223715
2018-02-08 02:00:00+01:00,54.42003190190899
2018-02-08 03:00:00+01:00,53.134272487545324
2018-02-08 04:00:00+01:00,53.440641908214864
2018-02-08 05:00:00+01:00,55.10172241045322
2018-02-08 06:00:00+01:00,61.129552822895874
2018-02-08 07:00:00+01:00,68.3612719676391
2018-02-08 08:00:00+01:00,72.9527112585322
2018-02-08 09:00:00+01:00,74.94922581949446
2018-02-08 10:00:00+01:00,76.02540053361336
2018-02-08 11:00:00+01:00,74.73710079704125
2018-02-08 12:00:00+01:00,72.80707606185041
2018-02-08 13:00:00+01:00,71.95797306193619
2018-02-08 14:00:00+01:00,71.0068289684637
2018-02-08 15:00:00+01:00,70.80685740498406
2018-02-08 16:00:00+01:00,70.74387906158655
2018-02-08 17:00:00+01:00,72.98888825576877
2018-02-08 18:00:00+01:00,77.1859020999289
2018-02-08 19:00:00+01:00,78.09840443324393
2018-02-08 20:00:00+01:00,76.96384062047996
2018-02-08 21:00:00+01:00,76.61797117152913
2018-02-08 22:00:00+01:00,71.17907016028795
2018-02-08 23:00:00+01:00,66.90795902616479
2018-02-09 00:00:00+01:00,62.851897335721695
2018-02-09 01:00:00+01:00,59.41633365971961
2018-02-09 02:00:00+01:00,55.20190807561976
2018-02-09 03:00:00+01:00,54.1407847211244
2018-02-09 04:00:00+01:00,54.852458448880306
2018-02-09 05:00:00+01:00,56.56949513446648
2018-02-09 06:00:00+01:00,63.07683589640556
2018-02-09 07:00:00+01:00,68.38636670137963
2018-02-09 08:00:00+01:00,72.83357805860398
2018-02-09 09:00:00+01:00,74.73334067444428
2018-02-09 10:00:00+01:00,75.39397391202452
2018-02-09 11:00:00+01:00,75.49719304024768
2018-02-09 12:00:00+01:00,75.34857676201945
2018-02-09 13:00:00+01:00,75.17146163414559
2018-02-09 14:00:00+01:00,72.89113973694077
2018-02-09 15:00:00+01:00,71.51910518059937
2018-02-09 16:00:00+01:00,69.74965853911608
2018-02-09 17:00:00+01:00,70.4821531973563
2018-02-09 18:00:00+01:00,77.11117996782103
2018-02-09 19:00:00+01:00,76.60360177009147
2018-02-09 20:00:00+01:00,75.84762262019997
2018-02-09 21:00:00+01:00,75.29873949133194
2018-02-09 22:00:00+01:00,71.02463205277294
2018-02-09 23:00:00+01:00,66.682598706097
2018-02-10 00:00:00+01:00,57.36658348370016
2018-02-10 01:00:00+01:00,54.21444565390834
2018-02-10 02:00:00+01:00,52.00562665192991
2018-02-10 03:00:00+01:00,52.69043755609624
2018-02-10 04:00:00+01:00,49.862409924356136
2018-02-10 05:00:00+01:00,50.26847214485042
2018-02-10 06:00:00+01:00,48.64418139141804
2018-02-10 07:00:00+01:00,56.22838121663923
2018-02-10 08:00:00+01:00,59.97354594090634
2018-02-10 09:00:00+01:00,61.549211997832536
2018-02-10 10:00:00+01:00,64.92656402450503
2018-02-10 11:00:00+01:00,62.956989682417394
2018-02-10 12:00:00+01:00,62.39341623671984
2018-02-10 13:00:00+01:00,61.63520282522435
2018-02-10 14:00:00+01:00,60.040161913990524
2018-02-10 15:00:00+01:00,59.329759669877
2018-02-10 16:00:00+01:00,60.281930544554704
2018-02-10 17:00:00+01:00,61.98682667503038
2018-02-10 18:00:00+01:00,65.96072890157353
2018-02-10 19:00:00+01:00,70.55463789505332
2018-02-10 20:00:00+01:00,71.86607956477643
2018-02-10 21:00:00+01:00,70.39747076230287
2018-02-10 22:00:00+01:00,64.86936540263075
2018-02-10 23:00:00+01:00,63.3228393660547
2018-02-11 00:00:00+01:00,57.83241900539313
2018-02-11 01:00:00+01:00,54.885789879479724
2018-02-11 02:00:00+01:00,53.480356506709406
2018-02-11 03:00:00+01:00,51.11832038008159
2018-02-11 04:00:00+01:00,51.052942848750604
2018-02-11 05:00:00+01:00,49.900270368906924
2018-02-11 06:00:00+01:00,50.397847650844206
2018-02-11 07:00:00+01:00,53.54828820263594
2018-02-11 08:00:00+01:00,57.98207316600972
2018-02-11 09:00:00+01:00,59.74772411890495
2018-02-11 10:00:00+01:00,61.27177474752633
2018-02-11 11:00:00+01:00,60.61320413705929
2018-02-11 12:00:00+01:00,58.818415291730105
2018-02-11 13:00:00+01:00,57.00046248921371
2018-02-11 14:00:00+01:00,53.88391876166065
2018-02-11 15:00:00+01:00,53.15175222866224
2018-02-11 16:00:00+01:00,51.651927267936735
2018-02-11 17:00:00+01:00,54.09880533199304
2018-02-11 18:00:00+01:00,58.07912758720479
2018-02-11 19:00:00+01:00,61.0803260346172
2018-02-11 20:00:00+01:00,66.66033497575553
2018-02-11 21:00:00+01:00,65.92863885074645
2018-02-11 22:00:00+01:00,63.780078392464645
2018-02-11 23:00:00+01:00,61.624572581474894
2018-02-12 00:00:00+01:00,49.93585192019629
2018-02-12 01:00:00+01:00,45.830148473334184
2018-02-12 02:00:00+01:00,44.27687933982463
2018-02-12 03:00:00+01:00,42.65617893718496
2018-02-12 04:00:00+01:00,41.95846644905606
2018-02-12 05:00:00+01:00,44.676153820845165
2018-02-12 06:00:00+01:00,52.87999168413166
2018-02-12 07:00:00+01:00,58.20611374901909
2018-02-12 08:00:00+01:00,67.42460912263554
2018-02-12 09:00:00+01:00,68.79664601510649
2018-02-12 10:00:00+01:00,70.73725132486157
2018-02-12 11:00:00+01:00,70.83952880613074
2018-02-12 12:00:00+01:00,69.70260038415482
2018-02-12 13:00:00+01:00,68.02823063428146
2018-02-12 14:00:00+01:00,67.49950306710157
2018-02-12 15:00:00+01:00,67.03017109644067
2018-02-12 16:00:00+01:00,66.8878693878686
2018-02-12 17:00:00+01:00,67.97838771630539
2018-02-12 18:00:00+01:00,72.76304915741055
2018-02-12 19:00:00+01:00,73.35539957753105
2018-02-12 20:00:00+01:00,75.18425778579957
2018-02-12 21:00:00+01:00,75.98064784485483
2018-02-12 22:00:00+01:00,68.29816763598002
2018-02-12 23:00:00+01:00,66.67780809343417
2018-02-13 00:00:00+01:00,58.157641397495446
2018-02-13 01:00:00+01:00,55.808880094648806
2018-02-13 02:00:00+01:00,50.90131254722076
2018-02-13 03:00:00+01:00,48.48045686429518
2018-02-13 04:00:00+01:00,48.83462663107512
2018-02-13 05:00:00+01:00,49.225518181455904
2018-02-13 06:00:00+01:00,57.61332591694787
2018-02-13 07:00:00+01:00,64.50830830462202
2018-02-13 08:00:00+01:00,68.96363390732516
2018-02-13 09:00:00+01:00,69.26671402711837
2018-02-13 10:00:00+01:00,67.05822245231597
2018-02-13 11:00:00+01:00,65.70253860108456
2018-02-13 12:00:00+01:00,63.20654609630203
2018-02-13 13:00:00+01:00,61.313306676941636
2018-02-13 14:00:00+01:00,60.29946445321712
2018-02-13 15:00:00+01:00,57.956411145399045
2018-02-13 16:00:00+01:00,59.05245241643458
2018-02-13 17:00:00+01:00,59.49831403961819
2018-02-13 18:00:00+01:00,66.23250719890163
2018-02-13 19:00:00+01:00,64.44174174142812
2018-02-13 20:00:00+01:00,66.57632611623562
2018-02-13 21:00:00+01:00,64.35982501647764
2018-02-13 22:00:00+01:00,61.23396598940781
2018-02-13 23:00:00+01:00,57.73518380146831
2018-02-14 00:00:00+01:00,54.623997885994356
2018-02-14 01:00:00+01:00,48.36349474436317
2018-02-14 02:00:00+01:00,44.69526390924938
2018-02-14 03:00:00+01:00,43.97480039176336
2018-02-14 04:00:00+01:00,43.866512763849606
2018-02-14 05:00:00+01:00,45.00523023649517
2018-02-14 06:00:00+01:00,51.5459245418989
2018-02-14 07:00:00+01:00,58.99742026833914
2018-02-14 08:00:00+01:00,65.72655677620936
2018-02-14 09:00:00+01:00,66.88099750747853
2018-02-14 10:00:00+01:00,64.96398093329839
2018-02-14 11:00:00+01:00,63.835384801369166
2018-02-14 12:00:00+01:00,62.014385856693366
2018-02-14 13:00:00+01:00,61.08945148222367
2018-02-14 14:00:00+01:00,60.706928721328474
2018-02-14 15:00:00+01:00,59.94150479100253
2018-02-14 16:00:00+01:00,60.898036909044414
2018-02-14 17:00:00+01:00,62.04426643764077
2018-02-14 18:00:00+01:00,68.5453320140867
2018-02-14 19:00:00+01:00,72.23366328561293
2018-02-14 20:00:00+01:00,71.90640070029532
2018-02-14 21:00:00+01:00,71.27309788262194
2018-02-14 22:00:00+01:00,65.57760110446914
2018-02-14 23:00:00+01:00,62.76630985672548
2018-02-15 00:00:00+01:00,54.53364837049221
2018-02-15 01:00:00+01:00,49.19572324985592
2018-02-15 02:00:00+01:00,46.882958996281296
2018-02-15 03:00:00+01:00,49.07412904786221
2018-02-15 04:00:00+01:00,48.4253777075315
2018-02-15 05:00:00+01:00,47.87731833092143
2018-02-15 06:00:00+01:00,55.30652005931315
2018-02-15 07:00:00+01:00,62.56915752825423
2018-02-15 08:00:00+01:00,69.86852704796298
2018-02-15 09:00:00+01:00,70.82122468220315
2018-02-15 10:00:00+01:00,70.8898954267794
2018-02-15 11:00:00+01:00,69.19856422482285
2018-02-15 12:00:00+01:00,67.90921974169787
2018-02-15 13:00:00+01:00,67.18804994017614
2018-02-15 14:00:00+01:00,64.85242151670009
2018-02-15 15:00:00+01:00,64.39876343921867
2018-02-15 16:00:00+01:00,64.98802824759112
2018-02-15 17:00:00+01:00,65.1392321811724
2018-02-15 18:00:00+01:00,69.72528763026459
2018-02-15 19:00:00+01:00,73.01326850439864
2018-02-15 20:00:00+01:00,73.82213600469719
2018-02-15 21:00:00+01:00,73.89682507130512
2018-02-15 22:00:00+01:00,68.18034007734178
2018-02-15 23:00:00+01:00,63.726018083733074
2018-02-16 00:00:00+01:00,55.007381263177855
2018-02-16 01:00:00+01:00,53.99361675551432
2018-02-16 02:00:00+01:00,50.639382993637355
2018-02-16 03:00:00+01:00,49.47842482242813
2018-02-16 04:00:00+01:00,48.806944366058154
2018-02-16 05:00:00+01:00,50.128994462863574
2018-02-16 06:00:00+01:00,56.481951817512346
2018-02-16 07:00:00+01:00,65.45473738052381
2018-02-16 08:00:00+01:00,71.43950170654678
2018-02-16 09:00:00+01:00,73.5021903061582
2018-02-16 10:00:00+01:00,74.1188696207276
2018-02-16 11:00:00+01:00,72.85862587108774
2018-02-16 12:00:00+01:00,71.0115500043634
2018-02-16 13:00:00+01:00,70.57856767453639
2018-02-16 14:00:00+01:00,69.64712506871389
2018-02-16 15:00:00+01:00,68.38692637614186
2018-02-16 16:00:00+01:00,67.42279680776777
2018-02-16 17:00:00+01:00,70.29720658302848
2018-02-16 18:00:00+01:00,73.21681501763388
2018-02-16 19:00:00+01:00,76.26692304760061
2018-02-16 20:00:00+01:00,77.79583262912404
2018-02-16 21:00:00+01:00,75.96456275279176
2018-02-16 22:00:00+01:00,69.62946649218429
2018-02-16 23:00:00+01:00,65.2613470757204
2018-02-17 00:00:00+01:00,59.69154715679409
2018-02-17 01:00:00+01:00,57.396740512045
2018-02-17 02:00:00+01:00,54.34866736493931
2018-02-17 03:00:00+01:00,50.406299053350516
2018-02-17 04:00:00+01:00,49.80567864707212
2018-02-17 05:00:00+01:00,51.07502566552529
2018-02-17 06:00:00+01:00,50.90169032181214
2018-02-17 07:00:00+01:00,55.51366594664555
2018-02-17 08:00:00+01:00,58.717340556304805
2018-02-17 09:00:00+01:00,61.80585707756342
2018-02-17 10:00:00+01:00,63.224260090885245
2018-02-17 11:00:00+01:00,61.946905211285475
2018-02-17 12:00:00+01:00,60.73163605461363
2018-02-17 13:00:00+01:00,60.89073123131587
2018-02-17 14:00:00+01:00,60.346956083249665
2018-02-17 15:00:00+01:00,59.15912562373654
2018-02-17 16:00:00+01:00,59.12689695305479
2018-02-17 17:00:00+01:00,60.246655579834645
2018-02-17 18:00:00+01:00,65.19164021332365
2018-02-17 19:00:00+01:00,69.46529834240293
2018-02-17 20:00:00+01:00,70.8779658689668
2018-02-17 21:00:00+01:00,69.08131487924055
2018-02-17 22:00:00+01:00,64.86453336121893
2018-02-17 23:00:00+01:00,60.73871113286045
2018-02-18 00:00:00+01:00,56.84156442903578
2018-02-18 01:00:00+01:00,54.72474210098894
2018-02-18 02:00:00+01:00,51.711343190625975
2018-02-18 03:00:00+01:00,49.074892962665096
2018-02-18 04:00:00+01:00,46.47179909457588
2018-02-18 05:00:00+01:00,46.611011962388574
2018-02-18 06:00:00+01:00,48.32080380167156
2018-02-18 07:00:00+01:00,49.95341301027494
2018-02-18 08:00:00+01:00,52.53107680626342
2018-02-18 09:00:00+01:00,54.68033716380927
2018-02-18 10:00:00+01:00,56.64429907286888
2018-02-18 11:00:00+01:00,56.19923900018917
2018-02-18 12:00:00+01:00,56.28026417854006
2018-02-18 13:00:00+01:00,55.17214039439366
2018-02-18 14:00:00+01:00,54.826289825258534
2018-02-18 15:00:00+01:00,51.97997260905955
2018-02-18 16:00:00+01:00,50.85954638110265
2018-02-18 17:00:00+01:00,52.340190974476606
2018-02-18 18:00:00+01:00,58.623387403437825
2018-02-18 19:00:00+01:00,67.68572926928925
2018-02-18 20:00:00+01:00,69.93896103524106
2018-02-18 21:00:00+01:00,68.57097953832579
2018-02-18 22:00:00+01:00,65.49188505856777
2018-02-18 23:00:00+01:00,60.89738089011447
2018-02-19 00:00:00+01:00,55.212050359728835
2018-02-19 01:00:00+01:00,50.93968424666935
2018-02-19 02:00:00+01:00,48.90239336041057
2018-02-19 03:00:00+01:00,47.587407418915895
2018-02-19 04:00:00+01:00,46.415118427548286
2018-02-19 05:00:00+01:00,46.79845248308916
2018-02-19 06:00:00+01:00,54.40878251169918
2018-02-19 07:00:00+01:00,62.73606462495352
2018-02-19 08:00:00+01:00,66.10866929060911
2018-02-19 09:00:00+01:00,68.56443880241932
2018-02-19 10:00:00+01:00,68.0219285230631
2018-02-19 11:00:00+01:00,67.2698003655704
2018-02-19 12:00:00+01:00,65.20644148397706
2018-02-19 13:00:00+01:00,64.42684243642454
2018-02-19 14:00:00+01:00,63.71563510258496
2018-02-19 15:00:00+01:00,62.75508927558686
2018-02-19 16:00:00+01:00,61.82025629585087
2018-02-19 17:00:00+01:00,63.492814472958734
2018-02-19 18:00:00+01:00,66.77849050655459
2018-02-19 19:00:00+01:00,71.12562942135672
2018-02-19 20:00:00+01:00,70.77764689524928
2018-02-19 21:00:00+01:00,69.27683719105028
2018-02-19 22:00:00+01:00,62.76061031551067
2018-02-19 23:00:00+01:00,58.90029172609794
2018-02-20 00:00:00+01:00,52.78879677958866
2018-02-20 01:00:00+01:00,47.849392852632725
2018-02-20 02:00:00+01:00,42.74642516208502
2018-02-20 03:00:00+01:00,41.345073995168114
2018-02-20 04:00:00+01:00,42.50159471163261
2018-02-20 05:00:00+01:00,42.94283601898885
2018-02-20 06:00:00+01:00,45.74821355335967
2018-02-20 07:00:00+01:00,51.56938370809811
2018-02-20 08:00:00+01:00,60.48955194456627
2018-02-20 09:00:00+01:00,60.21940904063183
2018-02-20 10:00:00+01:00,63.29562381144971
2018-02-20 11:00:00+01:00,61.212740127023814
2018-02-20 12:00:00+01:00,58.737112184462454
2018-02-20 13:00:00+01:00,55.79681562985823
2018-02-20 14:00:00+01:00,55.34008662376301
2018-02-20 15:00:00+01:00,53.196959001533365
2018-02-20 16:00:00+01:00,53.35856199813483
2018-02-20 17:00:00+01:00,54.95891577335229
2018-02-20 18:00:00+01:00,66.9596029810878
2018-02-20 19:00:00+01:00,62.218886893106664
2018-02-20 20:00:00+01:00,61.775220538146954
2018-02-20 21:00:00+01:00,61.30484979116361
2018-02-20 22:00:00+01:00,57.07060175700287
2018-02-20 23:00:00+01:00,52.90599989988536
2018-02-21 00:00:00+01:00,45.809064719900306
2018-02-21 01:00:00+01:00,40.88596835806397
2018-02-21 02:00:00+01:00,39.4352258860123
2018-02-21 03:00:00+01:00,41.28205497774653
2018-02-21 04:00:00+01:00,36.332601515450115
2018-02-21 05:00:00+01:00,37.33376360422463
2018-02-21 06:00:00+01:00,42.83310817823053
2018-02-21 07:00:00+01:00,55.19518728394541
2018-02-21 08:00:00+01:00,61.993070784343985
2018-02-21 09:00:00+01:00,58.08870368842809
2018-02-21 10:00:00+01:00,57.2826207545682
2018-02-21 11:00:00+01:00,58.32911313058589
2018-02-21 12:00:00+01:00,56.18340943675495
2018-02-21 13:00:00+01:00,56.94731306414675
2018-02-21 14:00:00+01:00,53.53125688701507
2018-02-21 15:00:00+01:00,53.33112784892304
2018-02-21 16:00:00+01:00,53.9267128427004
2018-02-21 17:00:00+01:00,56.38530521296673
2018-02-21 18:00:00+01:00,63.78569534479525
2018-02-21 19:00:00+01:00,67.37403644531646
2018-02-21 20:00:00+01:00,68.62986065124825
2018-02-21 21:00:00+01:00,66.55885060018697
2018-02-21 22:00:00+01:00,62.231533340738544
2018-02-21 23:00:00+01:00,59.062721615964904
2018-02-22 00:00:00+01:00,49.07482905507726
2018-02-22 01:00:00+01:00,45.24332378247345
2018-02-22 02:00:00+01:00,44.085106698076515
2018-02-22 03:00:00+01:00,43.402369459513096
2018-02-22 04:00:00+01:00,43.63661898331291
2018-02-22 05:00:00+01:00,45.052585786462714
2018-02-22 06:00:00+01:00,49.644472434861505
2018-02-22 07:00:00+01:00,59.82130697400313
2018-02-22 08:00:00+01:00,64.91044241677956
2018-02-22 09:00:00+01:00,66.67299547634107
2018-02-22 10:00:00+01:00,66.68472734574074
2018-02-22 11:00:00+01:00,63.92866619803723
2018-02-22 12:00:00+01:00,61.98764594467212
2018-02-22 13:00:00+01:00,61.11781645315214
2018-02-22 14:00:00+01:00,59.74555258205486
2018-02-22 15:00:00+01:00,58.208044595511616
2018-02-22 16:00:00+01:00,59.76088320635794
2018-02-22 17:00:00+01:00,62.110769396261986
2018-02-22 18:00:00+01:00,65.61947732129673
2018-02-22 19:00:00+01:00,70.2658011246872
2018-02-22 20:00:00+01:00,72.01987677034867
2018-02-22 21:00:00+01:00,70.59960795335276
2018-02-22 22:00:00+01:00,63.807275683836075
2018-02-22 23:00:00+01:00,60.364793692494516
2018-02-23 00:00:00+01:00,51.81395084507628
2018-02-23 01:00:00+01:00,48.74366439268988
2018-02-23 02:00:00+01:00,45.539573060357895
2018-02-23 03:00:00+01:00,45.85220736080661
2018-02-23 04:00:00+01:00,45.74210821585277
2018-02-23 05:00:00+01:00,45.3968941944951
2018-02-23 06:00:00+01:00,54.280623117001596
2018-02-23 07:00:00+01:00,62.143210159267085
2018-02-23 08:00:00+01:00,66.40310273223098
2018-02-23 09:00:00+01:00,69.91937447629401
2018-02-23 10:00:00+01:00,70.12973823236236
2018-02-23 11:00:00+01:00,68.04156218957787
2018-02-23 12:00:00+01:00,64.82666433501988
2018-02-23 13:00:00+01:00,62.775935786200684
2018-02-23 14:00:00+01:00,60.99739058009482
2018-02-23 15:00:00+01:00,60.70332385259632
2018-02-23 16:00:00+01:00,58.91941032053449
2018-02-23 17:00:00+01:00,61.64163909200068
2018-02-23 18:00:00+01:00,65.55349956255145
2018-02-23 19:00:00+01:00,69.68326484222851
2018-02-23 20:00:00+01:00,72.71342102665115
2018-02-23 21:00:00+01:00,71.02767653201361
2018-02-23 22:00:00+01:00,64.50970512927951
2018-02-23 23:00:00+01:00,60.807355128827226
2018-02-24 00:00:00+01:00,53.746530257640735
2018-02-24 01:00:00+01:00,50.536974408566984
2018-02-24 02:00:00+01:00,47.658519225109494
2018-02-24 03:00:00+01:00,46.4943952801338
2018-02-24 04:00:00+01:00,46.229001761008696
2018-02-24 05:00:00+01:00,46.78604225995661
2018-02-24 06:00:00+01:00,48.78157474054259
2018-02-24 07:00:00+01:00,50.98317444375539
2018-02-24 08:00:00+01:00,55.0757057622885
2018-02-24 09:00:00+01:00,58.56826667467098
2018-02-24 10:00:00+01:00,58.82699587692298
2018-02-24 11:00:00+01:00,57.81663250526781
2018-02-24 12:00:00+01:00,55.91583873394553
2018-02-24 13:00:00+01:00,54.75168003807094
2018-02-24 14:00:00+01:00,52.21197559291594
2018-02-24 15:00:00+01:00,50.93664797207587
2018-02-24 16:00:00+01:00,49.554924661186554
2018-02-24 17:00:00+01:00,50.21353607115583
2018-02-24 18:00:00+01:00,55.56007698369998
2018-02-24 19:00:00+01:00,63.08353428983387
2018-02-24 20:00:00+01:00,65.39941539557974
2018-02-24 21:00:00+01:00,64.03338151441211
2018-02-24 22:00:00+01:00,60.51848574477521
2018-02-24 23:00:00+01:00,57.19061265127317
2018-02-25 00:00:00+01:00,55.91271184957708
2018-02-25 01:00:00+01:00,53.49407575605171
2018-02-25 02:00:00+01:00,50.58181645861465
2018-02-25 03:00:00+01:00,48.8290048558274
2018-02-25 04:00:00+01:00,47.82365079627315
2018-02-25 05:00:00+01:00,46.96610888389669
2018-02-25 06:00:00+01:00,47.65017149677862
2018-02-25 07:00:00+01:00,46.96972155082775
2018-02-25 08:00:00+01:00,50.37029567527971
2018-02-25 09:00:00+01:00,52.12542753272236
2018-02-25 10:00:00+01:00,54.56235571632564
2018-02-25 11:00:00+01:00,53.800682181122845
2018-02-25 12:00:00+01:00,51.02543325818061
2018-02-25 13:00:00+01:00,50.675052738874136
2018-02-25 14:00:00+01:00,47.92563986286916
2018-02-25 15:00:00+01:00,44.81478729132825
2018-02-25 16:00:00+01:00,43.21117667745769
2018-02-25 17:00:00+01:00,43.64170943175347
2018-02-25 18:00:00+01:00,49.899900818392446
2018-02-25 19:00:00+01:00,58.40634484587313
2018-02-25 20:00:00+01:00,64.41026376389767
2018-02-25 21:00:00+01:00,63.83005599645282
2018-02-25 22:00:00+01:00,60.36613578408444
2018-02-25 23:00:00+01:00,56.648786282357015
2018-02-26 00:00:00+01:00,56.27759688052523
2018-02-26 01:00:00+01:00,50.50550206011076
2018-02-26 02:00:00+01:00,48.76467148821215
2018-02-26 03:00:00+01:00,45.46893810326848
2018-02-26 04:00:00+01:00,46.1150048331838
2018-02-26 05:00:00+01:00,45.665416368736096
2018-02-26 06:00:00+01:00,53.937600168617685
2018-02-26 07:00:00+01:00,58.963634754828774
2018-02-26 08:00:00+01:00,65.39016271924476
2018-02-26 09:00:00+01:00,65.94562838793114
2018-02-26 10:00:00+01:00,66.83465665292967
2018-02-26 11:00:00+01:00,65.17885236412177
2018-02-26 12:00:00+01:00,62.51324061409023
2018-02-26 13:00:00+01:00,61.55864264904813
2018-02-26 14:00:00+01:00,60.52055742359781
2018-02-26 15:00:00+01:00,59.44620173801703
2018-02-26 16:00:00+01:00,58.119931518525846
2018-02-26 17:00:00+01:00,60.377540995265555
2018-02-26 18:00:00+01:00,64.7164055556866
2018-02-26 19:00:00+01:00,67.8928459413661
2018-02-26 20:00:00+01:00,71.59311788786299
2018-02-26 21:00:00+01:00,69.6828610229595
2018-02-26 22:00:00+01:00,64.44252783923616
2018-02-26 23:00:00+01:00,59.466218147972484
2018-02-27 00:00:00+01:00,54.47643387416084
2018-02-27 01:00:00+01:00,50.060464813795896
2018-02-27 02:00:00+01:00,46.52686972743651
2018-02-27 03:00:00+01:00,45.20703994412728
2018-02-27 04:00:00+01:00,42.63848699407994
2018-02-27 05:00:00+01:00,41.92745827476382
2018-02-27 06:00:00+01:00,53.084738561018376
2018-02-27 07:00:00+01:00,58.970004108725924
2018-02-27 08:00:00+01:00,64.96065972903811
2018-02-27 09:00:00+01:00,66.95139375833357
2018-02-27 10:00:00+01:00,68.33649351009801
2018-02-27 11:00:00+01:00,67.77350698362483
2018-02-27 12:00:00+01:00,65.5225059136096
2018-02-27 13:00:00+01:00,65.32895346803691
2018-02-27 14:00:00+01:00,63.30600645907953
2018-02-27 15:00:00+01:00,62.56743616626415
2018-02-27 16:00:00+01:00,63.30027454308162
2018-02-27 17:00:00+01:00,64.47082792993794
2018-02-27 18:00:00+01:00,68.7581992091837
2018-02-27 19:00:00+01:00,73.2432939221505
2018-02-27 20:00:00+01:00,74.17897544497491
2018-02-27 21:00:00+01:00,71.31573499264677
2018-02-27 22:00:00+01:00,65.06075772453602
2018-02-27 23:00:00+01:00,61.14194461966546
2018-02-28 00:00:00+01:00,55.51604144103163
2018-02-28 01:00:00+01:00,56.05816221618943
2018-02-28 02:00:00+01:00,53.19321345307168
2018-02-28 03:00:00+01:00,46.892046210297224
2018-02-28 04:00:00+01:00,44.167729777990104
2018-02-28 05:00:00+01:00,45.11784600650473
2018-02-28 06:00:00+01:00,50.68463033283171
2018-02-28 07:00:00+01:00,57.02437354802208
2018-02-28 08:00:00+01:00,65.68232951390884
2018-02-28 09:00:00+01:00,63.44702490177531
2018-02-28 10:00:00+01:00,68.91908883942045
2018-02-28 11:00:00+01:00,66.21633872921558
2018-02-28 12:00:00+01:00,65.59666167900586
2018-02-28 13:00:00+01:00,65.55177172691636
2018-02-28 14:00:00+01:00,63.04883599040699
2018-02-28 15:00:00+01:00,61.786740295491654
2018-02-28 16:00:00+01:00,59.07058756198205
2018-02-28 17:00:00+01:00,60.275626650487794
2018-02-28 18:00:00+01:00,65.29190787935549
2018-02-28 19:00:00+01:00,66.65744710015417
2018-02-28 20:00:00+01:00,67.16604416148562
2018-02-28 21:00:00+01:00,64.19945493216679
2018-02-28 22:00:00+01:00,59.945612129216784
2018-02-28 23:00:00+01:00,58.228587270095495
2018-03-01 00:00:00+01:00,43.624691078932806
2018-03-01 01:00:00+01:00,43.03981395439249
2018-03-01 02:00:00+01:00,39.643428869643365
2018-03-01 03:00:00+01:00,38.065276674768185
2018-03-01 04:00:00+01:00,38.35958454119804
2018-03-01 05:00:00+01:00,38.5417207947369
2018-03-01 06:00:00+01:00,42.66682319377548
2018-03-01 07:00:00+01:00,46.67453488097065
2018-03-01 08:00:00+01:00,52.522571631542604
2018-03-01 09:00:00+01:00,56.229812254105276
2018-03-01 10:00:00+01:00,55.67837621705316
2018-03-01 11:00:00+01:00,55.64108483282818
2018-03-01 12:00:00+01:00,53.47971206796459
2018-03-01 13:00:00+01:00,53.88826596857073
2018-03-01 14:00:00+01:00,53.04379921983946
2018-03-01 15:00:00+01:00,50.383074832869205
2018-03-01 16:00:00+01:00,49.33359675455441
2018-03-01 17:00:00+01:00,52.29027887688543
2018-03-01 18:00:00+01:00,54.986953570379576
2018-03-01 19:00:00+01:00,59.39160795600014
2018-03-01 20:00:00+01:00,59.50753592762925
2018-03-01 21:00:00+01:00,56.56788305944533
2018-03-01 22:00:00+01:00,48.83667485375861
2018-03-01 23:00:00+01:00,47.535912989676696
2018-03-02 00:00:00+01:00,37.38724538337834
2018-03-02 01:00:00+01:00,33.91017485577202
2018-03-02 02:00:00+01:00,29.976022092626085
2018-03-02 03:00:00+01:00,27.32284023451425
2018-03-02 04:00:00+01:00,30.2518577790534
2018-03-02 05:00:00+01:00,32.377021160587816
2018-03-02 06:00:00+01:00,40.25699463991995
2018-03-02 07:00:00+01:00,48.40879169585029
2018-03-02 08:00:00+01:00,55.707383948846065
2018-03-02 09:00:00+01:00,57.079364084661925
2018-03-02 10:00:00+01:00,57.830984014274094
2018-03-02 11:00:00+01:00,55.6505684728887
2018-03-02 12:00:00+01:00,54.61421201004996
2018-03-02 13:00:00+01:00,53.999915251039965
2018-03-02 14:00:00+01:00,53.77728746398278
2018-03-02 15:00:00+01:00,52.28512568658649
2018-03-02 16:00:00+01:00,53.58805380122178
2018-03-02 17:00:00+01:00,51.34085269617784
2018-03-02 18:00:00+01:00,56.268040841919024
2018-03-02 19:00:00+01:00,57.925775586298165
2018-03-02 20:00:00+01:00,58.09478209889414
2018-03-02 21:00:00+01:00,56.66185513765057
2018-03-02 22:00:00+01:00,49.70132986265554
2018-03-02 23:00:00+01:00,47.83964122082582
2018-03-03 00:00:00+01:00,40.71745099375081
2018-03-03 01:00:00+01:00,36.915254654526755
2018-03-03 02:00:00+01:00,33.007476442555685
2018-03-03 03:00:00+01:00,32.16756333946703
2018-03-03 04:00:00+01:00,29.54680339372744
2018-03-03 05:00:00+01:00,31.595515439275328
2018-03-03 06:00:00+01:00,32.47812566868246
2018-03-03 07:00:00+01:00,35.7342391961688
2018-03-03 08:00:00+01:00,40.470787423636125
2018-03-03 09:00:00+01:00,43.75371581834171
2018-03-03 10:00:00+01:00,45.44084074496045
2018-03-03 11:00:00+01:00,43.69580346358938
2018-03-03 12:00:00+01:00,41.53514274784163
2018-03-03 13:00:00+01:00,42.50784619119671
2018-03-03 14:00:00+01:00,40.02302629484999
2018-03-03 15:00:00+01:00,39.23530361036648
2018-03-03 16:00:00+01:00,39.15902755999099
2018-03-03 17:00:00+01:00,42.950869372168405
2018-03-03 18:00:00+01:00,48.28378494017873
2018-03-03 19:00:00+01:00,51.37911948884661
2018-03-03 20:00:00+01:00,56.59615822144625
2018-03-03 21:00:00+01:00,53.35052813337909
2018-03-03 22:00:00+01:00,46.86521176818443
2018-03-03 23:00:00+01:00,46.12361570850809
2018-03-04 00:00:00+01:00,37.21339076150819
2018-03-04 01:00:00+01:00,31.022000520396578
2018-03-04 02:00:00+01:00,31.120533059912844
2018-03-04 03:00:00+01:00,29.0445300254113
2018-03-04 04:00:00+01:00,30.307755314871688
2018-03-04 05:00:00+01:00,29.819880531337123
2018-03-04 06:00:00+01:00,30.78301460242429
2018-03-04 07:00:00+01:00,31.30056560761768
2018-03-04 08:00:00+01:00,38.275138681974184
2018-03-04 09:00:00+01:00,39.242762243330475
2018-03-04 10:00:00+01:00,42.38661420002297
2018-03-04 11:00:00+01:00,40.67189561326788
2018-03-04 12:00:00+01:00,37.571441568567685
2018-03-04 13:00:00+01:00,39.838036737000124
2018-03-04 14:00:00+01:00,35.93079075641818
2018-03-04 15:00:00+01:00,37.35098292763009
2018-03-04 16:00:00+01:00,36.242371152267296
2018-03-04 17:00:00+01:00,38.09739392920088
2018-03-04 18:00:00+01:00,41.84870174261204
2018-03-04 19:00:00+01:00,46.66984592701838
2018-03-04 20:00:00+01:00,50.34026344619639
2018-03-04 21:00:00+01:00,49.522690062739436
2018-03-04 22:00:00+01:00,46.819252838031936
2018-03-04 23:00:00+01:00,43.46673012700813
2018-03-05 00:00:00+01:00,41.753944973229856
2018-03-05 01:00:00+01:00,37.94970755433687
2018-03-05 02:00:00+01:00,33.08568245518256
2018-03-05 03:00:00+01:00,30.869027781633964
2018-03-05 04:00:00+01:00,29.537113229218974
2018-03-05 05:00:00+01:00,31.894237751919366
2018-03-05 06:00:00+01:00,38.6055835070376
2018-03-05 07:00:00+01:00,40.12399110937954
2018-03-05 08:00:00+01:00,46.46507625396049
2018-03-05 09:00:00+01:00,47.89727747379394
2018-03-05 10:00:00+01:00,52.540903824286254
2018-03-05 11:00:00+01:00,47.855301928589654
2018-03-05 12:00:00+01:00,45.936703882761186
2018-03-05 13:00:00+01:00,45.32454270814338
2018-03-05 14:00:00+01:00,45.66464967755714
2018-03-05 15:00:00+01:00,41.3999877840937
2018-03-05 16:00:00+01:00,41.35672643366039
2018-03-05 17:00:00+01:00,42.43079876976062
2018-03-05 18:00:00+01:00,46.14708738750793
2018-03-05 19:00:00+01:00,51.808072115661226
2018-03-05 20:00:00+01:00,52.2752894442479
2018-03-05 21:00:00+01:00,54.31676964792165
2018-03-05 22:00:00+01:00,48.64687527336633
2018-03-05 23:00:00+01:00,45.6087897051448
2018-03-06 00:00:00+01:00,43.411158196176196
2018-03-06 01:00:00+01:00,39.61801294058733
2018-03-06 02:00:00+01:00,36.34360518359748
2018-03-06 03:00:00+01:00,33.635091527207244
2018-03-06 04:00:00+01:00,32.56947489627919
2018-03-06 05:00:00+01:00,35.05272958439373
2018-03-06 06:00:00+01:00,40.70340352991596
2018-03-06 07:00:00+01:00,47.06228834329605
2018-03-06 08:00:00+01:00,49.639002625084856
2018-03-06 09:00:00+01:00,51.14413301948085
2018-03-06 10:00:00+01:00,51.04680573410784
2018-03-06 11:00:00+01:00,52.06431765439431
2018-03-06 12:00:00+01:00,47.190322937716815
2018-03-06 13:00:00+01:00,47.296222111591625
2018-03-06 14:00:00+01:00,45.751547200768755
2018-03-06 15:00:00+01:00,45.743186380958264
2018-03-06 16:00:00+01:00,45.32067313027904
2018-03-06 17:00:00+01:00,47.75821174513379
2018-03-06 18:00:00+01:00,50.60390536012247
2018-03-06 19:00:00+01:00,51.73764516908667
2018-03-06 20:00:00+01:00,55.69487723064702
2018-03-06 21:00:00+01:00,57.5991157517059
2018-03-06 22:00:00+01:00,52.43606978735513
2018-03-06 23:00:00+01:00,46.98133057142987
2018-03-07 00:00:00+01:00,41.83322353425583
2018-03-07 01:00:00+01:00,41.335957766170736
2018-03-07 02:00:00+01:00,40.09925251088056
2018-03-07 03:00:00+01:00,40.44935380081427
2018-03-07 04:00:00+01:00,37.61102312462325
2018-03-07 05:00:00+01:00,39.79238286127303
2018-03-07 06:00:00+01:00,44.18352555424435
2018-03-07 07:00:00+01:00,52.67201127248017
2018-03-07 08:00:00+01:00,54.941014390170416
2018-03-07 09:00:00+01:00,57.63134569392341
2018-03-07 10:00:00+01:00,56.726447945607624
2018-03-07 11:00:00+01:00,56.5377526716591
2018-03-07 12:00:00+01:00,53.705380182096214
2018-03-07 13:00:00+01:00,54.003441696962454
2018-03-07 14:00:00+01:00,52.72180482824624
2018-03-07 15:00:00+01:00,52.099266933968885
2018-03-07 16:00:00+01:00,51.355943372576185
2018-03-07 17:00:00+01:00,52.33194272376297
2018-03-07 18:00:00+01:00,55.51138535112491
2018-03-07 19:00:00+01:00,57.710706563918166
2018-03-07 20:00:00+01:00,59.08509170281264
2018-03-07 21:00:00+01:00,60.905259714222744
2018-03-07 22:00:00+01:00,55.834440003765145
2018-03-07 23:00:00+01:00,53.18974508447027
2018-03-08 00:00:00+01:00,49.90211906677837
2018-03-08 01:00:00+01:00,47.91235899706951
2018-03-08 02:00:00+01:00,45.18592801674933
2018-03-08 03:00:00+01:00,42.26172939928319
2018-03-08 04:00:00+01:00,44.27871702949787
2018-03-08 05:00:00+01:00,43.14296584203087
2018-03-08 06:00:00+01:00,47.243592697462894
2018-03-08 07:00:00+01:00,50.66996277262112
2018-03-08 08:00:00+01:00,54.55919986721875
2018-03-08 09:00:00+01:00,55.42187946975406
2018-03-08 10:00:00+01:00,56.616485358844834
2018-03-08 11:00:00+01:00,57.58361444075221
2018-03-08 12:00:00+01:00,57.19076242613454
2018-03-08 13:00:00+01:00,55.97439987750557
2018-03-08 14:00:00+01:00,52.417527309376915
2018-03-08 15:00:00+01:00,50.7772498235362
2018-03-08 16:00:00+01:00,50.418363570631776
2018-03-08 17:00:00+01:00,51.85088286241745
2018-03-08 18:00:00+01:00,54.80601370932129
2018-03-08 19:00:00+01:00,59.72447333253749
2018-03-08 20:00:00+01:00,58.948767593901955
2018-03-08 21:00:00+01:00,58.97612257202684
2018-03-08 22:00:00+01:00,55.164995862511574
2018-03-08 23:00:00+01:00,51.68982879555654
2018-03-09 00:00:00+01:00,46.9836656264913
2018-03-09 01:00:00+01:00,44.69860569652216
2018-03-09 02:00:00+01:00,43.08874252352967
2018-03-09 03:00:00+01:00,43.50622822615113
2018-03-09 04:00:00+01:00,42.880712296409484
2018-03-09 05:00:00+01:00,42.48755012474584
2018-03-09 06:00:00+01:00,47.10235375636171
2018-03-09 07:00:00+01:00,49.748134004469286
2018-03-09 08:00:00+01:00,52.24826300800294
2018-03-09 09:00:00+01:00,54.2695824919038
2018-03-09 10:00:00+01:00,53.036163699189
2018-03-09 11:00:00+01:00,53.35030003599243
2018-03-09 12:00:00+01:00,53.092517793136246
2018-03-09 13:00:00+01:00,51.18219472328324
2018-03-09 14:00:00+01:00,50.674644759802085
2018-03-09 15:00:00+01:00,48.07650388662527
2018-03-09 16:00:00+01:00,49.530208740017464
2018-03-09 17:00:00+01:00,48.31519344908924
2018-03-09 18:00:00+01:00,52.76450012611383
2018-03-09 19:00:00+01:00,53.461757163161735
2018-03-09 20:00:00+01:00,53.24060697473603
2018-03-09 21:00:00+01:00,52.08110182641634
2018-03-09 22:00:00+01:00,49.51208275831527
2018-03-09 23:00:00+01:00,46.158832631790496
2018-03-10 00:00:00+01:00,41.65803509898367
2018-03-10 01:00:00+01:00,35.73772115325449
2018-03-10 02:00:00+01:00,35.18305525288572
2018-03-10 03:00:00+01:00,33.65150081738426
2018-03-10 04:00:00+01:00,33.23175939094734
2018-03-10 05:00:00+01:00,34.9953249171052
2018-03-10 06:00:00+01:00,34.85814396243418
2018-03-10 07:00:00+01:00,34.18199163160512
2018-03-10 08:00:00+01:00,43.025090876458584
2018-03-10 09:00:00+01:00,41.63020961000765
2018-03-10 10:00:00+01:00,41.99494559538946
2018-03-10 11:00:00+01:00,45.66774047241202
2018-03-10 12:00:00+01:00,48.128349026933165
2018-03-10 13:00:00+01:00,47.151564639145796
2018-03-10 14:00:00+01:00,46.48666350992708
2018-03-10 15:00:00+01:00,42.981690111607186
2018-03-10 16:00:00+01:00,44.868288254593324
2018-03-10 17:00:00+01:00,42.33517968769508
2018-03-10 18:00:00+01:00,47.9551193266041
2018-03-10 19:00:00+01:00,47.463812007727846
2018-03-10 20:00:00+01:00,54.31506719440887
2018-03-10 21:00:00+01:00,51.87202843480029
2018-03-10 22:00:00+01:00,48.790767626350224
2018-03-10 23:00:00+01:00,42.49319025435043
2018-03-11 00:00:00+01:00,41.38039189277809
2018-03-11 01:00:00+01:00,33.574341464753594
2018-03-11 02:00:00+01:00,32.645023272555896
2018-03-11 03:00:00+01:00,30.93194103527181
2018-03-11 04:00:00+01:00,28.58665381839401
2018-03-11 05:00:00+01:00,31.5204939456253
2018-03-11 06:00:00+01:00,33.261618493025196
2018-03-11 07:00:00+01:00,33.340286580275745
2018-03-11 08:00:00+01:00,36.3116719055996
2018-03-11 09:00:00+01:00,37.691944871282224
2018-03-11 10:00:00+01:00,38.5995262637968
2018-03-11 11:00:00+01:00,37.62912635975517
2018-03-11 12:00:00+01:00,37.61094708814634
2018-03-11 13:00:00+01:00,37.14890684145621
2018-03-11 14:00:00+01:00,36.72162449424476
2018-03-11 15:00:00+01:00,35.51010020623584
2018-03-11 16:00:00+01:00,36.70607377597022
2018-03-11 17:00:00+01:00,37.74169602894079
2018-03-11 18:00:00+01:00,41.72588586480394
2018-03-11 19:00:00+01:00,46.070725279158715
2018-03-11 20:00:00+01:00,49.51448084340376
2018-03-11 21:00:00+01:00,50.318142422825645
2018-03-11 22:00:00+01:00,48.984002530726265
2018-03-11 23:00:00+01:00,44.67082960409979
2018-03-12 00:00:00+01:00,39.573927706052764
2018-03-12 01:00:00+01:00,35.84740932038538
2018-03-12 02:00:00+01:00,34.70513422254537
2018-03-12 03:00:00+01:00,34.340421814474745
2018-03-12 04:00:00+01:00,33.7436443561026
2018-03-12 05:00:00+01:00,33.873600287928745
2018-03-12 06:00:00+01:00,41.40335956494186
2018-03-12 07:00:00+01:00,48.71887243147136
2018-03-12 08:00:00+01:00,52.760348846795445
2018-03-12 09:00:00+01:00,54.29851009267639
2018-03-12 10:00:00+01:00,52.920173100591626
2018-03-12 11:00:00+01:00,51.0113499105423
2018-03-12 12:00:00+01:00,51.15272135216602
2018-03-12 13:00:00+01:00,49.95649284617343
2018-03-12 14:00:00+01:00,49.59988245292462
2018-03-12 15:00:00+01:00,48.43481560810854
2018-03-12 16:00:00+01:00,49.069623110792264
2018-03-12 17:00:00+01:00,50.46135181525676
2018-03-12 18:00:00+01:00,53.55600141860854
2018-03-12 19:00:00+01:00,54.68698632671707
2018-03-12 20:00:00+01:00,58.628966727620934
2018-03-12 21:00:00+01:00,59.70063705791301
2018-03-12 22:00:00+01:00,56.09010893934576
2018-03-12 23:00:00+01:00,52.96881119265236
2018-03-13 00:00:00+01:00,47.71744833985849
2018-03-13 01:00:00+01:00,43.24461542510412
2018-03-13 02:00:00+01:00,45.41155002199529
2018-03-13 03:00:00+01:00,43.89794356126853
2018-03-13 04:00:00+01:00,43.13976746035619
2018-03-13 05:00:00+01:00,45.94441783845389
2018-03-13 06:00:00+01:00,50.97592207059301
2018-03-13 07:00:00+01:00,55.15623236633511
2018-03-13 08:00:00+01:00,58.37229355600931
2018-03-13 09:00:00+01:00,59.82995903480214
2018-03-13 10:00:00+01:00,60.43883621543669
2018-03-13 11:00:00+01:00,57.52767500136184
2018-03-13 12:00:00+01:00,57.55951627320348
2018-03-13 13:00:00+01:00,54.70096511124706
2018-03-13 14:00:00+01:00,53.94961392294842
2018-03-13 15:00:00+01:00,51.97034848951662
2018-03-13 16:00:00+01:00,51.52429276652959
2018-03-13 17:00:00+01:00,51.78715214023334
2018-03-13 18:00:00+01:00,55.38764750020926
2018-03-13 19:00:00+01:00,57.62173496652642
2018-03-13 20:00:00+01:00,60.85682832938692
2018-03-13 21:00:00+01:00,60.57820030070445
2018-03-13 22:00:00+01:00,55.895985251991625
2018-03-13 23:00:00+01:00,53.59786976659141
2018-03-14 00:00:00+01:00,48.62550810996543
2018-03-14 01:00:00+01:00,45.396846336219056
2018-03-14 02:00:00+01:00,42.70973658267377
2018-03-14 03:00:00+01:00,38.91619455731611
2018-03-14 04:00:00+01:00,38.7822677875295
2018-03-14 05:00:00+01:00,39.687136606875725
2018-03-14 06:00:00+01:00,45.39112654085923
2018-03-14 07:00:00+01:00,51.82855522620869
2018-03-14 08:00:00+01:00,54.862609841479724
2018-03-14 09:00:00+01:00,53.57056655683947
2018-03-14 10:00:00+01:00,55.56534957626764
2018-03-14 11:00:00+01:00,53.25409554017536
2018-03-14 12:00:00+01:00,49.79110250061877
2018-03-14 13:00:00+01:00,47.13054729335036
2018-03-14 14:00:00+01:00,46.125306436618
2018-03-14 15:00:00+01:00,42.492221564408766
2018-03-14 16:00:00+01:00,42.539429783384136
2018-03-14 17:00:00+01:00,44.78502143439536
2018-03-14 18:00:00+01:00,51.485003400678075
2018-03-14 19:00:00+01:00,51.88530640159653
2018-03-14 20:00:00+01:00,53.335872637187414
2018-03-14 21:00:00+01:00,50.1196368426338
2018-03-14 22:00:00+01:00,50.01995581987652
2018-03-14 23:00:00+01:00,41.70298863631782
2018-03-15 00:00:00+01:00,36.87816220773553
2018-03-15 01:00:00+01:00,36.65058015413651
2018-03-15 02:00:00+01:00,37.15689851670496
2018-03-15 03:00:00+01:00,31.925170752709903
2018-03-15 04:00:00+01:00,33.261047538373795
2018-03-15 05:00:00+01:00,31.209103868864744
2018-03-15 06:00:00+01:00,39.950826007714475
2018-03-15 07:00:00+01:00,44.34460379982116
2018-03-15 08:00:00+01:00,49.86486318053334
2018-03-15 09:00:00+01:00,49.14361259718455
2018-03-15 10:00:00+01:00,47.89890070289442
2018-03-15 11:00:00+01:00,48.62454497521609
2018-03-15 12:00:00+01:00,48.28800432232708
2018-03-15 13:00:00+01:00,46.40795886810772
2018-03-15 14:00:00+01:00,44.82090448104595
2018-03-15 15:00:00+01:00,41.71999713337257
2018-03-15 16:00:00+01:00,42.39554327012268
2018-03-15 17:00:00+01:00,45.00396590715095
2018-03-15 18:00:00+01:00,49.28599265581328
2018-03-15 19:00:00+01:00,50.70549726396606
2018-03-15 20:00:00+01:00,53.95271518859433
2018-03-15 21:00:00+01:00,50.53014102468114
2018-03-15 22:00:00+01:00,47.91866602170786
2018-03-15 23:00:00+01:00,44.765592701013
2018-03-16 00:00:00+01:00,39.930649736613454
2018-03-16 01:00:00+01:00,38.7349578412018
2018-03-16 02:00:00+01:00,38.76400844716534
2018-03-16 03:00:00+01:00,36.77917872094265
2018-03-16 04:00:00+01:00,37.048096898729845
2018-03-16 05:00:00+01:00,36.34860908122888
2018-03-16 06:00:00+01:00,40.46325848308155
2018-03-16 07:00:00+01:00,47.85348425845108
2018-03-16 08:00:00+01:00,51.51101553289723
2018-03-16 09:00:00+01:00,53.360888159795564
2018-03-16 10:00:00+01:00,51.7576488406335
2018-03-16 11:00:00+01:00,51.340735400608004
2018-03-16 12:00:00+01:00,50.32959209533592
2018-03-16 13:00:00+01:00,48.97067846885432
2018-03-16 14:00:00+01:00,49.222435828654405
2018-03-16 15:00:00+01:00,47.59489044939096
2018-03-16 16:00:00+01:00,46.49650179908743
2018-03-16 17:00:00+01:00,45.90327644516591
2018-03-16 18:00:00+01:00,50.03987143307697
2018-03-16 19:00:00+01:00,52.55989534898779
2018-03-16 20:00:00+01:00,54.899266010384146
2018-03-16 21:00:00+01:00,54.81870647970538
2018-03-16 22:00:00+01:00,49.90042478536927
2018-03-16 23:00:00+01:00,46.28895380143617
2018-03-17 00:00:00+01:00,40.32646835981195
2018-03-17 01:00:00+01:00,37.62525491113508
2018-03-17 02:00:00+01:00,30.13440802765244
2018-03-17 03:00:00+01:00,29.869306891275837
2018-03-17 04:00:00+01:00,33.87397932747574
2018-03-17 05:00:00+01:00,32.419330817145465
2018-03-17 06:00:00+01:00,37.12580400765817
2018-03-17 07:00:00+01:00,38.883951701555546
2018-03-17 08:00:00+01:00,41.13107512828419
2018-03-17 09:00:00+01:00,46.15773689878356
2018-03-17 10:00:00+01:00,43.01265217430305
2018-03-17 11:00:00+01:00,44.32315114643088
2018-03-17 12:00:00+01:00,44.438860939947084
2018-03-17 13:00:00+01:00,42.506197386774744
2018-03-17 14:00:00+01:00,41.18245114996268
2018-03-17 15:00:00+01:00,39.8935973613902
2018-03-17 16:00:00+01:00,38.421242999683045
2018-03-17 17:00:00+01:00,41.3916069847213
2018-03-17 18:00:00+01:00,41.96886060971149
2018-03-17 19:00:00+01:00,45.256211210655444
2018-03-17 20:00:00+01:00,48.32869750691589
2018-03-17 21:00:00+01:00,49.044513735000635
2018-03-17 22:00:00+01:00,43.601459796355925
2018-03-17 23:00:00+01:00,43.16108917215734
2018-03-18 00:00:00+01:00,39.1218082326935
2018-03-18 01:00:00+01:00,36.57730508400645
2018-03-18 02:00:00+01:00,33.84950869599225
2018-03-18 03:00:00+01:00,32.50366170747104
2018-03-18 04:00:00+01:00,31.92882797860155
2018-03-18 05:00:00+01:00,34.62601930450451
2018-03-18 06:00:00+01:00,33.93439180700211
2018-03-18 07:00:00+01:00,35.07498823724916
2018-03-18 08:00:00+01:00,39.010700382679396
2018-03-18 09:00:00+01:00,41.01159164599653
2018-03-18 10:00:00+01:00,41.65240530965785
2018-03-18 11:00:00+01:00,39.40748675422652
2018-03-18 12:00:00+01:00,36.09075054005211
2018-03-18 13:00:00+01:00,37.454470126228316
2018-03-18 14:00:00+01:00,35.68387369982821
2018-03-18 15:00:00+01:00,33.44576723849638
2018-03-18 16:00:00+01:00,34.84314445600567
2018-03-18 17:00:00+01:00,31.964675160482884
2018-03-18 18:00:00+01:00,38.33156772790239
2018-03-18 19:00:00+01:00,43.38042429941702
2018-03-18 20:00:00+01:00,50.12218206284424
2018-03-18 21:00:00+01:00,48.015528753285004
2018-03-18 22:00:00+01:00,47.639869311985954
2018-03-18 23:00:00+01:00,46.75673981001898
2018-03-19 00:00:00+01:00,47.69220313970114
2018-03-19 01:00:00+01:00,40.515598997386064
2018-03-19 02:00:00+01:00,38.71487044239331
2018-03-19 03:00:00+01:00,36.486411719511864
2018-03-19 04:00:00+01:00,34.451759900844195
2018-03-19 05:00:00+01:00,39.22532518708436
2018-03-19 06:00:00+01:00,45.738324003287595
2018-03-19 07:00:00+01:00,49.25965759342575
2018-03-19 08:00:00+01:00,52.78399383550425
2018-03-19 09:00:00+01:00,54.16994995764332
2018-03-19 10:00:00+01:00,52.4184622916722
2018-03-19 11:00:00+01:00,49.99409249946669
2018-03-19 12:00:00+01:00,48.07933094159441
2018-03-19 13:00:00+01:00,47.2123643234508
2018-03-19 14:00:00+01:00,48.253206397583405
2018-03-19 15:00:00+01:00,44.33908862023109
2018-03-19 16:00:00+01:00,44.230866135920735
2018-03-19 17:00:00+01:00,45.77137628422276
2018-03-19 18:00:00+01:00,50.575362242135036
2018-03-19 19:00:00+01:00,57.546454050738085
2018-03-19 20:00:00+01:00,58.40074152533216
2018-03-19 21:00:00+01:00,55.69611479102321
2018-03-19 22:00:00+01:00,50.20832145065475
2018-03-19 23:00:00+01:00,47.771222568854974
2018-03-20 00:00:00+01:00,41.14848188419026
2018-03-20 01:00:00+01:00,37.34457437658681
2018-03-20 02:00:00+01:00,37.04342103668045
2018-03-20 03:00:00+01:00,39.22636970759597
2018-03-20 04:00:00+01:00,37.37035718925413
2018-03-20 05:00:00+01:00,39.81429055034915
2018-03-20 06:00:00+01:00,41.30945124754572
2018-03-20 07:00:00+01:00,48.127918767956466
2018-03-20 08:00:00+01:00,52.57385789493628
2018-03-20 09:00:00+01:00,53.86050389505766
2018-03-20 10:00:00+01:00,53.12043249360795
2018-03-20 11:00:00+01:00,52.94206316469439
2018-03-20 12:00:00+01:00,52.64760232966811
2018-03-20 13:00:00+01:00,51.946486157551725
2018-03-20 14:00:00+01:00,49.49722404389636
2018-03-20 15:00:00+01:00,48.22289271505582
2018-03-20 16:00:00+01:00,47.181230485864766
2018-03-20 17:00:00+01:00,48.05684531761214
2018-03-20 18:00:00+01:00,53.34345292971355
2018-03-20 19:00:00+01:00,54.44770551627221
2018-03-20 20:00:00+01:00,57.47482665353791
2018-03-20 21:00:00+01:00,54.67475208356262
2018-03-20 22:00:00+01:00,51.65783714208886
2018-03-20 23:00:00+01:00,48.189349437949325
2018-03-21 00:00:00+01:00,44.266510622206994
2018-03-21 01:00:00+01:00,38.38719039158128
2018-03-21 02:00:00+01:00,36.76558535104758
2018-03-21 03:00:00+01:00,38.31221087357792
2018-03-21 04:00:00+01:00,38.29925585170263
2018-03-21 05:00:00+01:00,39.057679884663955
2018-03-21 06:00:00+01:00,43.25930432291134
2018-03-21 07:00:00+01:00,52.264276953782506
2018-03-21 08:00:00+01:00,57.03263252141406
2018-03-21 09:00:00+01:00,58.09715551988111
2018-03-21 10:00:00+01:00,57.718482502132986
2018-03-21 11:00:00+01:00,55.713193326755125
2018-03-21 12:00:00+01:00,53.172862520071284
2018-03-21 13:00:00+01:00,53.856572224641006
2018-03-21 14:00:00+01:00,50.59505082469057
2018-03-21 15:00:00+01:00,48.51061653432899
2018-03-21 16:00:00+01:00,50.8539610884748
2018-03-21 17:00:00+01:00,51.5258869194798
2018-03-21 18:00:00+01:00,58.09351611723207
2018-03-21 19:00:00+01:00,60.91455578770361
2018-03-21 20:00:00+01:00,63.821313501809776
2018-03-21 21:00:00+01:00,59.819449058107296
2018-03-21 22:00:00+01:00,54.37513906189442
2018-03-21 23:00:00+01:00,50.88141571847317
2018-03-22 00:00:00+01:00,47.95256117362701
2018-03-22 01:00:00+01:00,43.2706950636163
2018-03-22 02:00:00+01:00,39.461376221632776
2018-03-22 03:00:00+01:00,40.13742145948809
2018-03-22 04:00:00+01:00,41.54147747172561
2018-03-22 05:00:00+01:00,42.63914369261911
2018-03-22 06:00:00+01:00,51.006816797871515
2018-03-22 07:00:00+01:00,54.65338302808186
2018-03-22 08:00:00+01:00,58.312058298327266
2018-03-22 09:00:00+01:00,59.61989974949892
2018-03-22 10:00:00+01:00,59.04002496544132
2018-03-22 11:00:00+01:00,57.91311757530701
2018-03-22 12:00:00+01:00,58.35166671492942
2018-03-22 13:00:00+01:00,55.54206815879485
2018-03-22 14:00:00+01:00,53.55205536795476
2018-03-22 15:00:00+01:00,52.05514192155022
2018-03-22 16:00:00+01:00,53.29720917463635
2018-03-22 17:00:00+01:00,53.33964400011076
2018-03-22 18:00:00+01:00,57.866573996840366
2018-03-22 19:00:00+01:00,59.28808724511301
2018-03-22 20:00:00+01:00,62.13739695256649
2018-03-22 21:00:00+01:00,61.273036052914854
2018-03-22 22:00:00+01:00,57.06921313800925
2018-03-22 23:00:00+01:00,55.247718601583436
2018-03-23 00:00:00+01:00,55.3373909336226
2018-03-23 01:00:00+01:00,49.88360739951437
2018-03-23 02:00:00+01:00,47.587416202898915
2018-03-23 03:00:00+01:00,45.164278406279756
2018-03-23 04:00:00+01:00,44.81956255763911
2018-03-23 05:00:00+01:00,46.34875259825185
2018-03-23 06:00:00+01:00,50.48522496206675
2018-03-23 07:00:00+01:00,54.3217506443167
2018-03-23 08:00:00+01:00,57.40072991479408
2018-03-23 09:00:00+01:00,58.7871988873138
2018-03-23 10:00:00+01:00,55.798396609102895
2018-03-23 11:00:00+01:00,54.96708723105658
2018-03-23 12:00:00+01:00,54.34491919455513
2018-03-23 13:00:00+01:00,52.36899881034173
2018-03-23 14:00:00+01:00,50.82164260089997
2018-03-23 15:00:00+01:00,49.70910844743659
2018-03-23 16:00:00+01:00,47.78626048749428
2018-03-23 17:00:00+01:00,49.02758935915593
2018-03-23 18:00:00+01:00,53.04414918473731
2018-03-23 19:00:00+01:00,54.45307781575429
2018-03-23 20:00:00+01:00,57.67472442628402
2018-03-23 21:00:00+01:00,54.96556948036069
2018-03-23 22:00:00+01:00,49.22840032908362
2018-03-23 23:00:00+01:00,45.24646949611125
2018-03-24 00:00:00+01:00,36.009489023851266
2018-03-24 01:00:00+01:00,33.876817285776504
2018-03-24 02:00:00+01:00,30.755093887018543
2018-03-24 03:00:00+01:00,29.510293147598578
2018-03-24 04:00:00+01:00,34.23353779371245
2018-03-24 05:00:00+01:00,33.26539667859483
2018-03-24 06:00:00+01:00,38.36969701502064
2018-03-24 07:00:00+01:00,37.93701340311153
2018-03-24 08:00:00+01:00,42.925068419144175
2018-03-24 09:00:00+01:00,44.515873494272434
2018-03-24 10:00:00+01:00,45.83728355975737
2018-03-24 11:00:00+01:00,45.91308202288145
2018-03-24 12:00:00+01:00,42.87752716518884
2018-03-24 13:00:00+01:00,40.98123680282935
2018-03-24 14:00:00+01:00,39.30054124472651
2018-03-24 15:00:00+01:00,36.86521752490245
2018-03-24 16:00:00+01:00,35.97298599310126
2018-03-24 17:00:00+01:00,36.71712348382916
2018-03-24 18:00:00+01:00,40.92093005851074
2018-03-24 19:00:00+01:00,45.124888390591366
2018-03-24 20:00:00+01:00,49.10927606658245
2018-03-24 21:00:00+01:00,46.30265498993219
2018-03-24 22:00:00+01:00,41.77238968934075
2018-03-24 23:00:00+01:00,38.09386936718032
2018-03-25 00:00:00+01:00,31.351378169627292
2018-03-25 01:00:00+01:00,29.968782016972586
2018-03-25 03:00:00+02:00,26.982912381238048
2018-03-25 04:00:00+02:00,29.894914654939512
2018-03-25 05:00:00+02:00,30.099049037774012
2018-03-25 06:00:00+02:00,29.050347124449335
2018-03-25 07:00:00+02:00,30.56551900040472
2018-03-25 08:00:00+02:00,34.08350574052918
2018-03-25 09:00:00+02:00,36.38796603120022
2018-03-25 10:00:00+02:00,39.86832403267342
2018-03-25 11:00:00+02:00,38.75799350981945
2018-03-25 12:00:00+02:00,38.46735567793655
2018-03-25 13:00:00+02:00,39.126738482984216
2018-03-25 14:00:00+02:00,41.566616634100335
2018-03-25 15:00:00+02:00,36.288534913116244
2018-03-25 16:00:00+02:00,34.53243407091517
2018-03-25 17:00:00+02:00,36.34281430336898
2018-03-25 18:00:00+02:00,38.61367568233383
2018-03-25 19:00:00+02:00,42.77865238391013
2018-03-25 20:00:00+02:00,49.03632507222385
2018-03-25 21:00:00+02:00,50.81657913078313
2018-03-25 22:00:00+02:00,50.4112373415822
2018-03-25 23:00:00+02:00,48.955558112236794
2018-03-26 00:00:00+02:00,47.3644924150904
2018-03-26 01:00:00+02:00,46.869137880486505
2018-03-26 02:00:00+02:00,44.75548895759818
2018-03-26 03:00:00+02:00,42.50837625784993
2018-03-26 04:00:00+02:00,41.00395704606964
2018-03-26 05:00:00+02:00,38.14120715955493
2018-03-26 06:00:00+02:00,46.69261824802149
2018-03-26 07:00:00+02:00,50.8246488278827
2018-03-26 08:00:00+02:00,55.03288661683815
2018-03-26 09:00:00+02:00,55.42261696777522
2018-03-26 10:00:00+02:00,56.46675425399766
2018-03-26 11:00:00+02:00,59.383078713385906
2018-03-26 12:00:00+02:00,54.147189427579065
2018-03-26 13:00:00+02:00,53.52016936299484
2018-03-26 14:00:00+02:00,52.76018642408011
2018-03-26 15:00:00+02:00,49.832970544137275
2018-03-26 16:00:00+02:00,49.19372783215249
2018-03-26 17:00:00+02:00,49.95979538568275
2018-03-26 18:00:00+02:00,54.10966058089474
2018-03-26 19:00:00+02:00,54.80413544936375
2018-03-26 20:00:00+02:00,58.12670526085498
2018-03-26 21:00:00+02:00,60.40853109066907
2018-03-26 22:00:00+02:00,57.510967937056584
2018-03-26 23:00:00+02:00,52.65109634940497
2018-03-27 00:00:00+02:00,52.740690319664715
2018-03-27 01:00:00+02:00,49.01759216769594
2018-03-27 02:00:00+02:00,45.891584618147306
2018-03-27 03:00:00+02:00,45.23807357363077
2018-03-27 04:00:00+02:00,44.424548962960735
2018-03-27 05:00:00+02:00,45.359722185435125
2018-03-27 06:00:00+02:00,47.18216174112251
2018-03-27 07:00:00+02:00,51.539748773205794
2018-03-27 08:00:00+02:00,51.88478784550593
2018-03-27 09:00:00+02:00,53.91505772154562
2018-03-27 10:00:00+02:00,56.57555427118748
2018-03-27 11:00:00+02:00,56.12040808021359
2018-03-27 12:00:00+02:00,54.463254038065884
2018-03-27 13:00:00+02:00,54.06212361115308
2018-03-27 14:00:00+02:00,53.39186351106256
2018-03-27 15:00:00+02:00,52.2092822759058
2018-03-27 16:00:00+02:00,51.766301398775944
2018-03-27 17:00:00+02:00,50.692850708391695
2018-03-27 18:00:00+02:00,54.67417020151398
2018-03-27 19:00:00+02:00,56.79241634022568
2018-03-27 20:00:00+02:00,58.433050726284414
2018-03-27 21:00:00+02:00,58.91708213411044
2018-03-27 22:00:00+02:00,56.08168480949939
2018-03-27 23:00:00+02:00,51.60518741866164
2018-03-28 00:00:00+02:00,50.1380878526331
2018-03-28 01:00:00+02:00,48.429579172564935
2018-03-28 02:00:00+02:00,45.97761559246877
2018-03-28 03:00:00+02:00,45.616419717579355
2018-03-28 04:00:00+02:00,44.852863205689225
2018-03-28 05:00:00+02:00,45.06981912641609
2018-03-28 06:00:00+02:00,49.217286248585445
2018-03-28 07:00:00+02:00,54.15888139497176
2018-03-28 08:00:00+02:00,58.000355981893044
2018-03-28 09:00:00+02:00,58.2905443138549
2018-03-28 10:00:00+02:00,58.958051452594866
2018-03-28 11:00:00+02:00,58.13916876295979
2018-03-28 12:00:00+02:00,55.41061358422394
2018-03-28 13:00:00+02:00,54.60481070389952
2018-03-28 14:00:00+02:00,52.651310658805784
2018-03-28 15:00:00+02:00,51.38991658665288
2018-03-28 16:00:00+02:00,47.898793138193305
2018-03-28 17:00:00+02:00,47.545850383962566
2018-03-28 18:00:00+02:00,47.973694554855605
2018-03-28 19:00:00+02:00,50.228758129578864
2018-03-28 20:00:00+02:00,53.28066370046702
2018-03-28 21:00:00+02:00,54.9234360882622
2018-03-28 22:00:00+02:00,53.17733412651038
2018-03-28 23:00:00+02:00,48.69708781300975
2018-03-29 00:00:00+02:00,45.168456975952644
2018-03-29 01:00:00+02:00,40.954697811746364
2018-03-29 02:00:00+02:00,38.685188152362485
2018-03-29 03:00:00+02:00,35.78402817617229
2018-03-29 04:00:00+02:00,35.626836918075185
2018-03-29 05:00:00+02:00,39.319371989295426
2018-03-29 06:00:00+02:00,42.300412460047156
2018-03-29 07:00:00+02:00,49.01796506229237
2018-03-29 08:00:00+02:00,53.3418159164836
2018-03-29 09:00:00+02:00,54.18975777258988
2018-03-29 10:00:00+02:00,54.71706459031865
2018-03-29 11:00:00+02:00,53.728676824178216
2018-03-29 12:00:00+02:00,53.93691899993985
2018-03-29 13:00:00+02:00,52.30138808887938
2018-03-29 14:00:00+02:00,51.24937724120762
2018-03-29 15:00:00+02:00,47.584885642595424
2018-03-29 16:00:00+02:00,46.098077274207576
2018-03-29 17:00:00+02:00,46.07750302693097
2018-03-29 18:00:00+02:00,47.738556041454196
2018-03-29 19:00:00+02:00,49.38894022990638
2018-03-29 20:00:00+02:00,51.4788608523132
2018-03-29 21:00:00+02:00,55.64512736371817
2018-03-29 22:00:00+02:00,52.28378919211391
2018-03-29 23:00:00+02:00,48.81291736030206
2018-03-30 00:00:00+02:00,41.87065873126601
2018-03-30 01:00:00+02:00,38.83761199509174
2018-03-30 02:00:00+02:00,37.072807925162806
2018-03-30 03:00:00+02:00,34.156718342604734
2018-03-30 04:00:00+02:00,32.73513658025268
2018-03-30 05:00:00+02:00,33.63130818821784
2018-03-30 06:00:00+02:00,39.035501066955504
2018-03-30 07:00:00+02:00,41.36306622099624
2018-03-30 08:00:00+02:00,50.19406607372912
2018-03-30 09:00:00+02:00,53.55448343565172
2018-03-30 10:00:00+02:00,52.98164265432036
2018-03-30 11:00:00+02:00,50.134335627926
2018-03-30 12:00:00+02:00,47.35802133852022
2018-03-30 13:00:00+02:00,46.247762263010486
2018-03-30 14:00:00+02:00,42.557950086812205
2018-03-30 15:00:00+02:00,40.35001431906175
2018-03-30 16:00:00+02:00,41.78422186600863
2018-03-30 17:00:00+02:00,40.58329886487865
2018-03-30 18:00:00+02:00,44.6579465814382
2018-03-30 19:00:00+02:00,43.657605254218105
2018-03-30 20:00:00+02:00,46.63245644638849
2018-03-30 21:00:00+02:00,51.62585470356561
2018-03-30 22:00:00+02:00,48.878736418879065
2018-03-30 23:00:00+02:00,42.86815374523812
2018-03-31 00:00:00+02:00,32.48045513460236
2018-03-31 01:00:00+02:00,29.109465259921677
2018-03-31 02:00:00+02:00,28.385953463695795
2018-03-31 03:00:00+02:00,26.894629725375513
2018-03-31 04:00:00+02:00,27.06678071859945
2018-03-31 05:00:00+02:00,26.248800567296495
2018-03-31 06:00:00+02:00,29.269203300702426
2018-03-31 07:00:00+02:00,34.271705016464985
2018-03-31 08:00:00+02:00,33.83896810001088
2018-03-31 09:00:00+02:00,35.65847517096302
2018-03-31 10:00:00+02:00,36.932105501533215
2018-03-31 11:00:00+02:00,37.2040360891915
2018-03-31 12:00:00+02:00,35.949810635090834
2018-03-31 13:00:00+02:00,36.33652066566406
2018-03-31 14:00:00+02:00,35.74996755588295
2018-03-31 15:00:00+02:00,33.81898978334613
2018-03-31 16:00:00+02:00,33.27472920404662
2018-03-31 17:00:00+02:00,34.30450978559821
2018-03-31 18:00:00+02:00,37.625935951939844
2018-03-31 19:00:00+02:00,41.01930437181162
2018-03-31 20:00:00+02:00,42.890009387615436
2018-03-31 21:00:00+02:00,44.73388228110185
2018-03-31 22:00:00+02:00,44.23359317153011
2018-03-31 23:00:00+02:00,46.29577552463598
2018-04-01 00:00:00+02:00,39.629546027767184
2018-04-01 01:00:00+02:00,39.8895231853254
2018-04-01 02:00:00+02:00,38.39788585487747
2018-04-01 03:00:00+02:00,38.51800240653741
2018-04-01 04:00:00+02:00,38.85685240463433
2018-04-01 05:00:00+02:00,39.71042668051413
2018-04-01 06:00:00+02:00,39.54764304049738
2018-04-01 07:00:00+02:00,38.897843873725655
2018-04-01 08:00:00+02:00,40.54359296874802
2018-04-01 09:00:00+02:00,43.0898217474738
2018-04-01 10:00:00+02:00,43.941633701380546
2018-04-01 11:00:00+02:00,42.95421943681722
2018-04-01 12:00:00+02:00,41.13719915990066
2018-04-01 13:00:00+02:00,41.87750826349164
2018-04-01 14:00:00+02:00,39.020286207704835
2018-04-01 15:00:00+02:00,37.30047370559972
2018-04-01 16:00:00+02:00,37.691146849966266
2018-04-01 17:00:00+02:00,36.50939097814955
2018-04-01 18:00:00+02:00,39.33294616786794
2018-04-01 19:00:00+02:00,41.82564002952246
2018-04-01 20:00:00+02:00,49.46046179014439
2018-04-01 21:00:00+02:00,51.01658811214666
2018-04-01 22:00:00+02:00,50.96049776136257
2018-04-01 23:00:00+02:00,46.156136115419194
2018-04-02 00:00:00+02:00,46.65735286542084
2018-04-02 01:00:00+02:00,40.473216125001215
2018-04-02 02:00:00+02:00,38.67007709138966
2018-04-02 03:00:00+02:00,37.492314911504444
2018-04-02 04:00:00+02:00,37.654862801710074
2018-04-02 05:00:00+02:00,40.52516980250106
2018-04-02 06:00:00+02:00,44.782407243558936
2018-04-02 07:00:00+02:00,49.91313212495677
2018-04-02 08:00:00+02:00,55.142210526106425
2018-04-02 09:00:00+02:00,57.15120221512604
2018-04-02 10:00:00+02:00,55.67007277420149
2018-04-02 11:00:00+02:00,54.848263064981204
2018-04-02 12:00:00+02:00,53.188671039785156
2018-04-02 13:00:00+02:00,52.75641902070319
2018-04-02 14:00:00+02:00,51.019211884699565
2018-04-02 15:00:00+02:00,49.0188569065638
2018-04-02 16:00:00+02:00,46.56135522726816
2018-04-02 17:00:00+02:00,47.41185334514131
2018-04-02 18:00:00+02:00,49.570437822624605
2018-04-02 19:00:00+02:00,51.07370264317104
2018-04-02 20:00:00+02:00,51.27521955541946
2018-04-02 21:00:00+02:00,52.83380325689375
2018-04-02 22:00:00+02:00,51.9468981333811
2018-04-02 23:00:00+02:00,47.75051623658738
2018-04-03 00:00:00+02:00,43.69911442984346
2018-04-03 01:00:00+02:00,43.97148667522859
2018-04-03 02:00:00+02:00,39.3704600794387
2018-04-03 03:00:00+02:00,38.79206488484381
2018-04-03 04:00:00+02:00,37.78622747853627
2018-04-03 05:00:00+02:00,39.39165281005945
2018-04-03 06:00:00+02:00,42.547561389758116
2018-04-03 07:00:00+02:00,46.273706858253576
2018-04-03 08:00:00+02:00,49.680138918107296
2018-04-03 09:00:00+02:00,52.32704963778118
2018-04-03 10:00:00+02:00,53.12820672361344
2018-04-03 11:00:00+02:00,53.19101259032325
2018-04-03 12:00:00+02:00,50.555063559549545
2018-04-03 13:00:00+02:00,49.84290335968572
2018-04-03 14:00:00+02:00,47.9444159342194
2018-04-03 15:00:00+02:00,45.890056407931645
2018-04-03 16:00:00+02:00,46.22012830749901
2018-04-03 17:00:00+02:00,45.254868775808156
2018-04-03 18:00:00+02:00,45.98228210374702
2018-04-03 19:00:00+02:00,48.16305463383636
2018-04-03 20:00:00+02:00,49.66929559894779
2018-04-03 21:00:00+02:00,51.59276400058494
2018-04-03 22:00:00+02:00,50.103519187847006
2018-04-03 23:00:00+02:00,47.32421614870277
2018-04-04 00:00:00+02:00,40.5568606225724
2018-04-04 01:00:00+02:00,40.058036714177604
2018-04-04 02:00:00+02:00,33.79758354072921
2018-04-04 03:00:00+02:00,31.400255858766513
2018-04-04 04:00:00+02:00,30.968664643596927
2018-04-04 05:00:00+02:00,31.753880081295353
2018-04-04 06:00:00+02:00,36.002008160290146
2018-04-04 07:00:00+02:00,43.52620687428734
2018-04-04 08:00:00+02:00,48.2225033971638
2018-04-04 09:00:00+02:00,49.23098416678423
2018-04-04 10:00:00+02:00,47.45289791247043
2018-04-04 11:00:00+02:00,47.2052614621219
2018-04-04 12:00:00+02:00,46.20751913779193
2018-04-04 13:00:00+02:00,45.742942758471735
2018-04-04 14:00:00+02:00,44.93542725729594
2018-04-04 15:00:00+02:00,43.914740367011234
2018-04-04 16:00:00+02:00,45.4888700394182
2018-04-04 17:00:00+02:00,45.33218830743183
2018-04-04 18:00:00+02:00,47.239686194984465
2018-04-04 19:00:00+02:00,49.987498493721056
2018-04-04 20:00:00+02:00,51.22329062589901
2018-04-04 21:00:00+02:00,52.42465424383848
2018-04-04 22:00:00+02:00,51.967726228700904
2018-04-04 23:00:00+02:00,49.75590936140085
2018-04-05 00:00:00+02:00,45.08994104101301
2018-04-05 01:00:00+02:00,41.3288783054699
2018-04-05 02:00:00+02:00,41.11452954453447
2018-04-05 03:00:00+02:00,42.32287004998432
2018-04-05 04:00:00+02:00,42.594578929201724
2018-04-05 05:00:00+02:00,43.39967189335962
2018-04-05 06:00:00+02:00,47.92746102549626
2018-04-05 07:00:00+02:00,52.844237966257424
2018-04-05 08:00:00+02:00,56.77805627947449
2018-04-05 09:00:00+02:00,56.016339238336826
2018-04-05 10:00:00+02:00,55.54307387091887
2018-04-05 11:00:00+02:00,52.135963428035446
2018-04-05 12:00:00+02:00,51.76699086220187
2018-04-05 13:00:00+02:00,52.336031529712436
2018-04-05 14:00:00+02:00,51.423045781211265
2018-04-05 15:00:00+02:00,50.35087796942793
2018-04-05 16:00:00+02:00,48.71283278156226
2018-04-05 17:00:00+02:00,49.862016356603995
2018-04-05 18:00:00+02:00,52.10934606210416
2018-04-05 19:00:00+02:00,53.85562209553558
2018-04-05 20:00:00+02:00,56.741570153198005
2018-04-05 21:00:00+02:00,57.936287940154706
2018-04-05 22:00:00+02:00,54.61616344711001
2018-04-05 23:00:00+02:00,51.02344655925399
2018-04-06 00:00:00+02:00,50.054762853221064
2018-04-06 01:00:00+02:00,46.328511129714826
2018-04-06 02:00:00+02:00,43.27891387008498
2018-04-06 03:00:00+02:00,43.02703808775163
2018-04-06 04:00:00+02:00,42.77897702485722
2018-04-06 05:00:00+02:00,43.06518538954402
2018-04-06 06:00:00+02:00,47.38745203425922
2018-04-06 07:00:00+02:00,50.837010729121424
2018-04-06 08:00:00+02:00,53.83646428244136
2018-04-06 09:00:00+02:00,55.07761692118485
2018-04-06 10:00:00+02:00,55.46846528272577
2018-04-06 11:00:00+02:00,53.547250943867105
2018-04-06 12:00:00+02:00,53.15016337620568
2018-04-06 13:00:00+02:00,53.21785939939078
2018-04-06 14:00:00+02:00,51.57950553613051
2018-04-06 15:00:00+02:00,48.9284798954013
2018-04-06 16:00:00+02:00,49.34258655859397
2018-04-06 17:00:00+02:00,48.99464782586025
2018-04-06 18:00:00+02:00,49.24796364108149
2018-04-06 19:00:00+02:00,49.46722204005786
2018-04-06 20:00:00+02:00,52.944768178765976
2018-04-06 21:00:00+02:00,55.385639032192415
2018-04-06 22:00:00+02:00,52.75628897294675
2018-04-06 23:00:00+02:00,53.203487958056975
2018-04-07 00:00:00+02:00,52.136838922685875
2018-04-07 01:00:00+02:00,46.51049234528188
2018-04-07 02:00:00+02:00,47.70510941491883
2018-04-07 03:00:00+02:00,43.344253669423786
2018-04-07 04:00:00+02:00,42.7923988203056
2018-04-07 05:00:00+02:00,48.599630963488465
2018-04-07 06:00:00+02:00,49.28597838421351
2018-04-07 07:00:00+02:00,45.81557209576655
2018-04-07 08:00:00+02:00,48.38428248454576
2018-04-07 09:00:00+02:00,50.28229930034536
2018-04-07 10:00:00+02:00,50.76023822826719
2018-04-07 11:00:00+02:00,49.70629403243893
2018-04-07 12:00:00+02:00,50.68853232091701
2018-04-07 13:00:00+02:00,47.636268819373505
2018-04-07 14:00:00+02:00,46.118316196531886
2018-04-07 15:00:00+02:00,43.58312772145635
2018-04-07 16:00:00+02:00,43.62205455069403
2018-04-07 17:00:00+02:00,42.82862162466828
2018-04-07 18:00:00+02:00,46.55359526594822
2018-04-07 19:00:00+02:00,48.192198312034435
2018-04-07 20:00:00+02:00,50.273851781030196
2018-04-07 21:00:00+02:00,52.766663727747094
2018-04-07 22:00:00+02:00,51.514260508345785
2018-04-07 23:00:00+02:00,49.223392501273224
2018-04-08 00:00:00+02:00,47.416171525542005
2018-04-08 01:00:00+02:00,44.707809607638175
2018-04-08 02:00:00+02:00,43.50832812220056
2018-04-08 03:00:00+02:00,42.673577214584725
2018-04-08 04:00:00+02:00,41.78276834738
2018-04-08 05:00:00+02:00,39.58082101706728
2018-04-08 06:00:00+02:00,40.10389748832551
2018-04-08 07:00:00+02:00,40.914435953387404
2018-04-08 08:00:00+02:00,42.521223990992816
2018-04-08 09:00:00+02:00,43.301497816711965
2018-04-08 10:00:00+02:00,43.24751271115136
2018-04-08 11:00:00+02:00,42.582761251157905
2018-04-08 12:00:00+02:00,39.023283866854946
2018-04-08 13:00:00+02:00,40.18698378333668
2018-04-08 14:00:00+02:00,36.799327332653746
2018-04-08 15:00:00+02:00,35.92899645851573
2018-04-08 16:00:00+02:00,38.17606307678876
2018-04-08 17:00:00+02:00,34.450763347071614
2018-04-08 18:00:00+02:00,38.412794198861945
2018-04-08 19:00:00+02:00,38.30504050153698
2018-04-08 20:00:00+02:00,41.89806020361973
2018-04-08 21:00:00+02:00,48.44402487230709
2018-04-08 22:00:00+02:00,45.790155935491605
2018-04-08 23:00:00+02:00,43.74847682177198
2018-04-09 00:00:00+02:00,43.84043766411571
2018-04-09 01:00:00+02:00,42.6990546667973
2018-04-09 02:00:00+02:00,38.18786658606011
2018-04-09 03:00:00+02:00,40.2713283981349
2018-04-09 04:00:00+02:00,38.99502985201794
2018-04-09 05:00:00+02:00,40.184101256140245
2018-04-09 06:00:00+02:00,45.461125017242836
2018-04-09 07:00:00+02:00,49.69744380169333
2018-04-09 08:00:00+02:00,54.7676821647266
2018-04-09 09:00:00+02:00,56.70943347839159
2018-04-09 10:00:00+02:00,55.74665292300617
2018-04-09 11:00:00+02:00,55.05341438374938
2018-04-09 12:00:00+02:00,53.39076614355448
2018-04-09 13:00:00+02:00,50.45303848597663
2018-04-09 14:00:00+02:00,49.98042650572165
2018-04-09 15:00:00+02:00,47.79069747629254
2018-04-09 16:00:00+02:00,47.486515264719145
2018-04-09 17:00:00+02:00,47.572911038532084
2018-04-09 18:00:00+02:00,48.874968606274315
2018-04-09 19:00:00+02:00,51.57452730568533
2018-04-09 20:00:00+02:00,52.480819918560975
2018-04-09 21:00:00+02:00,53.36073634097155
2018-04-09 22:00:00+02:00,53.268695214349265
2018-04-09 23:00:00+02:00,48.860783853714395
2018-04-10 00:00:00+02:00,45.23511590350449
2018-04-10 01:00:00+02:00,42.163152190231706
2018-04-10 02:00:00+02:00,41.44704189841292
2018-04-10 03:00:00+02:00,40.93035441795514
2018-04-10 04:00:00+02:00,40.4613824688498
2018-04-10 05:00:00+02:00,38.64526841926784
2018-04-10 06:00:00+02:00,43.646367683531615
2018-04-10 07:00:00+02:00,47.27303059529746
2018-04-10 08:00:00+02:00,52.33765554954255
2018-04-10 09:00:00+02:00,52.49017509671131
2018-04-10 10:00:00+02:00,53.20958071462957
2018-04-10 11:00:00+02:00,50.43853797932126
2018-04-10 12:00:00+02:00,50.44226706930618
2018-04-10 13:00:00+02:00,52.147621042460486
2018-04-10 14:00:00+02:00,49.97334707202584
2018-04-10 15:00:00+02:00,46.72715135600373
2018-04-10 16:00:00+02:00,48.3689392965662
2018-04-10 17:00:00+02:00,53.74155083938448
2018-04-10 18:00:00+02:00,52.77037761578314
2018-04-10 19:00:00+02:00,54.52679704046711
2018-04-10 20:00:00+02:00,58.21810682088145
2018-04-10 21:00:00+02:00,58.32364961559699
2018-04-10 22:00:00+02:00,57.40680630316583
2018-04-10 23:00:00+02:00,52.39014270463918
2018-04-11 00:00:00+02:00,48.01905700527772
2018-04-11 01:00:00+02:00,46.45018088666214
2018-04-11 02:00:00+02:00,42.27707453626382
2018-04-11 03:00:00+02:00,41.32308829319218
2018-04-11 04:00:00+02:00,39.37955204238555
2018-04-11 05:00:00+02:00,43.001715120344535
2018-04-11 06:00:00+02:00,46.579043931245394
2018-04-11 07:00:00+02:00,48.9539860896896
2018-04-11 08:00:00+02:00,51.72961032590545
2018-04-11 09:00:00+02:00,51.187506308685535
2018-04-11 10:00:00+02:00,50.319846089129705
2018-04-11 11:00:00+02:00,50.34562656695906
2018-04-11 12:00:00+02:00,49.69732732495402
2018-04-11 13:00:00+02:00,49.02168460102208
2018-04-11 14:00:00+02:00,47.29694770667197
2018-04-11 15:00:00+02:00,46.28508581648892
2018-04-11 16:00:00+02:00,45.64358449151401
2018-04-11 17:00:00+02:00,46.02532877289357
2018-04-11 18:00:00+02:00,48.62713395410918
2018-04-11 19:00:00+02:00,49.990488324806904
2018-04-11 20:00:00+02:00,51.68913303258174
2018-04-11 21:00:00+02:00,52.62065423136135
2018-04-11 22:00:00+02:00,50.60788161678827
2018-04-11 23:00:00+02:00,47.96058431289555
2018-04-12 00:00:00+02:00,39.88179718681604
2018-04-12 01:00:00+02:00,37.6019338043816
2018-04-12 02:00:00+02:00,35.60774759892145
2018-04-12 03:00:00+02:00,33.69814853455862
2018-04-12 04:00:00+02:00,33.622858397054884
2018-04-12 05:00:00+02:00,35.11124964480979
2018-04-12 06:00:00+02:00,40.777992027839986
2018-04-12 07:00:00+02:00,46.053904588431486
2018-04-12 08:00:00+02:00,54.071654919354025
2018-04-12 09:00:00+02:00,54.29573758100785
2018-04-12 10:00:00+02:00,53.43192967173294
2018-04-12 11:00:00+02:00,52.90462599821569
2018-04-12 12:00:00+02:00,52.22777404374849
2018-04-12 13:00:00+02:00,51.72862550648509
2018-04-12 14:00:00+02:00,50.93614905747631
2018-04-12 15:00:00+02:00,48.19526641028737
2018-04-12 16:00:00+02:00,49.189571032592404
2018-04-12 17:00:00+02:00,50.44250405397321
2018-04-12 18:00:00+02:00,52.459414114257974
2018-04-12 19:00:00+02:00,50.71974784620679
2018-04-12 20:00:00+02:00,53.152505861446194
2018-04-12 21:00:00+02:00,54.31476221192037
2018-04-12 22:00:00+02:00,53.78215248312089
2018-04-12 23:00:00+02:00,49.93466178340892
2018-04-13 00:00:00+02:00,47.49555373712445
2018-04-13 01:00:00+02:00,45.95152108298931
2018-04-13 02:00:00+02:00,42.026916434726516
2018-04-13 03:00:00+02:00,41.31874377324477
2018-04-13 04:00:00+02:00,39.39250487543745
2018-04-13 05:00:00+02:00,39.924357525970755
2018-04-13 06:00:00+02:00,43.8352882880226
2018-04-13 07:00:00+02:00,49.21982720688141
2018-04-13 08:00:00+02:00,53.779078260656554
2018-04-13 09:00:00+02:00,56.58983849626758
2018-04-13 10:00:00+02:00,53.65001816641482
2018-04-13 11:00:00+02:00,52.335404893063746
2018-04-13 12:00:00+02:00,52.43201291268338
2018-04-13 13:00:00+02:00,51.77399180588363
2018-04-13 14:00:00+02:00,50.067429421265786
2018-04-13 15:00:00+02:00,48.78494454715932
2018-04-13 16:00:00+02:00,47.716368238772226
2018-04-13 17:00:00+02:00,49.54153974120768
2018-04-13 18:00:00+02:00,49.467997666525626
2018-04-13 19:00:00+02:00,52.671161567587326
2018-04-13 20:00:00+02:00,54.37698204924279
2018-04-13 21:00:00+02:00,55.83264779835708
2018-04-13 22:00:00+02:00,54.63335568670929
2018-04-13 23:00:00+02:00,52.542006217643184
2018-04-14 00:00:00+02:00,50.27769527828522
2018-04-14 01:00:00+02:00,49.67692993080226
2018-04-14 02:00:00+02:00,48.65546277643133
2018-04-14 03:00:00+02:00,47.01308564145749
2018-04-14 04:00:00+02:00,46.21547436519447
2018-04-14 05:00:00+02:00,46.85912393087216
2018-04-14 06:00:00+02:00,47.60747016198445
2018-04-14 07:00:00+02:00,48.33374215732914
2018-04-14 08:00:00+02:00,50.137126881161954
2018-04-14 09:00:00+02:00,52.32410135390594
2018-04-14 10:00:00+02:00,51.791391404328685
2018-04-14 11:00:00+02:00,51.73039909212948
2018-04-14 12:00:00+02:00,52.73114057863404
2018-04-14 13:00:00+02:00,52.339960218895705
2018-04-14 14:00:00+02:00,51.025930344924205
2018-04-14 15:00:00+02:00,49.94943704789549
2018-04-14 16:00:00+02:00,48.58938659741415
2018-04-14 17:00:00+02:00,49.01064276537286
2018-04-14 18:00:00+02:00,49.16219683952204
2018-04-14 19:00:00+02:00,51.39133774958456
2018-04-14 20:00:00+02:00,52.85459729383145
2018-04-14 21:00:00+02:00,54.649091406295234
2018-04-14 22:00:00+02:00,55.164486316545805
2018-04-14 23:00:00+02:00,53.06088305703444
2018-04-15 00:00:00+02:00,50.078132065063926
2018-04-15 01:00:00+02:00,48.92792085105952
2018-04-15 02:00:00+02:00,45.356776257683975
2018-04-15 03:00:00+02:00,42.68721930070924
2018-04-15 04:00:00+02:00,43.13866273689603
2018-04-15 05:00:00+02:00,42.56986509654702
2018-04-15 06:00:00+02:00,41.74546996721896
2018-04-15 07:00:00+02:00,40.36474334978389
2018-04-15 08:00:00+02:00,43.96714181476417
2018-04-15 09:00:00+02:00,45.80876749488788
2018-04-15 10:00:00+02:00,45.7361922378934
2018-04-15 11:00:00+02:00,46.606573304664614
2018-04-15 12:00:00+02:00,44.04994054230503
2018-04-15 13:00:00+02:00,44.053052641933114
2018-04-15 14:00:00+02:00,41.85614039262895
2018-04-15 15:00:00+02:00,36.36570670409683
2018-04-15 16:00:00+02:00,33.67989910622294
2018-04-15 17:00:00+02:00,33.34574129591175
2018-04-15 18:00:00+02:00,36.26242062021452
2018-04-15 19:00:00+02:00,40.69797130558585
2018-04-15 20:00:00+02:00,45.192149996794875
2018-04-15 21:00:00+02:00,50.555194590719765
2018-04-15 22:00:00+02:00,51.041760574894944
2018-04-15 23:00:00+02:00,48.40861620426519
2018-04-16 00:00:00+02:00,48.679490294806975
2018-04-16 01:00:00+02:00,44.94067694667481
2018-04-16 02:00:00+02:00,39.17084007634153
2018-04-16 03:00:00+02:00,42.51521927854724
2018-04-16 04:00:00+02:00,40.27021844214823
2018-04-16 05:00:00+02:00,41.120435982503516
2018-04-16 06:00:00+02:00,46.165764651003265
2018-04-16 07:00:00+02:00,48.217812080216255
2018-04-16 08:00:00+02:00,53.08936049437137
2018-04-16 09:00:00+02:00,54.34891230270595
2018-04-16 10:00:00+02:00,54.67913824952664
2018-04-16 11:00:00+02:00,52.37869947368262
2018-04-16 12:00:00+02:00,51.97961481748201
2018-04-16 13:00:00+02:00,51.391052328190035
2018-04-16 14:00:00+02:00,52.96568996257857
2018-04-16 15:00:00+02:00,49.52904295904245
2018-04-16 16:00:00+02:00,49.16561876091672
2018-04-16 17:00:00+02:00,50.18048038205891
2018-04-16 18:00:00+02:00,51.88621772912118
2018-04-16 19:00:00+02:00,53.016826755613046
2018-04-16 20:00:00+02:00,56.184735160726255
2018-04-16 21:00:00+02:00,59.142115826714594
2018-04-16 22:00:00+02:00,56.337388071587135
2018-04-16 23:00:00+02:00,52.51628607819771
2018-04-17 00:00:00+02:00,50.561218546910105
2018-04-17 01:00:00+02:00,47.861233205326336
2018-04-17 02:00:00+02:00,45.35838116502521
2018-04-17 03:00:00+02:00,45.99401037624733
2018-04-17 04:00:00+02:00,44.74111344348433
2018-04-17 05:00:00+02:00,46.218262998316476
2018-04-17 06:00:00+02:00,50.971566520752354
2018-04-17 07:00:00+02:00,55.18095558650548
2018-04-17 08:00:00+02:00,58.9190966962065
2018-04-17 09:00:00+02:00,60.03530750500306
2018-04-17 10:00:00+02:00,58.04023952570909
2018-04-17 11:00:00+02:00,57.14018787939215
2018-04-17 12:00:00+02:00,56.632389512405375
2018-04-17 13:00:00+02:00,56.740379235986076
2018-04-17 14:00:00+02:00,55.52139843370745
2018-04-17 15:00:00+02:00,53.09149254863618
2018-04-17 16:00:00+02:00,51.55009610727118
2018-04-17 17:00:00+02:00,51.997871073259184
2018-04-17 18:00:00+02:00,53.660457541158415
2018-04-17 19:00:00+02:00,56.076353179224235
2018-04-17 20:00:00+02:00,56.6950827128615
2018-04-17 21:00:00+02:00,59.62864520348716
2018-04-17 22:00:00+02:00,57.61559402739139
2018-04-17 23:00:00+02:00,54.583458981865
2018-04-18 00:00:00+02:00,51.687153979790246
2018-04-18 01:00:00+02:00,48.06033210232872
2018-04-18 02:00:00+02:00,47.401333412882344
2018-04-18 03:00:00+02:00,47.30484909324017
2018-04-18 04:00:00+02:00,45.639047654941386
2018-04-18 05:00:00+02:00,47.48520642600175
2018-04-18 06:00:00+02:00,52.49851553634401
2018-04-18 07:00:00+02:00,55.082093448840546
2018-04-18 08:00:00+02:00,57.159161385398086
2018-04-18 09:00:00+02:00,57.59545589119856
2018-04-18 10:00:00+02:00,56.25054881342413
2018-04-18 11:00:00+02:00,55.37208377322338
2018-04-18 12:00:00+02:00,55.63842842195678
2018-04-18 13:00:00+02:00,56.55201201668607
2018-04-18 14:00:00+02:00,54.389923995767354
2018-04-18 15:00:00+02:00,53.35888520325776
2018-04-18 16:00:00+02:00,51.9298291200682
2018-04-18 17:00:00+02:00,52.38250368938949
2018-04-18 18:00:00+02:00,55.07792290505579
2018-04-18 19:00:00+02:00,55.123072617166564
2018-04-18 20:00:00+02:00,56.08733701298217
2018-04-18 21:00:00+02:00,58.017704680611466
2018-04-18 22:00:00+02:00,56.915556487397595
2018-04-18 23:00:00+02:00,54.71034747269349
2018-04-19 00:00:00+02:00,52.23212162765776
2018-04-19 01:00:00+02:00,46.12695022617282
2018-04-19 02:00:00+02:00,47.02649038388174
2018-04-19 03:00:00+02:00,46.89161299764151
2018-04-19 04:00:00+02:00,46.27722343200469
2018-04-19 05:00:00+02:00,47.13834639630934
2018-04-19 06:00:00+02:00,51.84711103660455
2018-04-19 07:00:00+02:00,53.910508725747995
2018-04-19 08:00:00+02:00,57.80406984642661
2018-04-19 09:00:00+02:00,56.60179453803403
2018-04-19 10:00:00+02:00,55.677490246008404
2018-04-19 11:00:00+02:00,54.72757520005279
2018-04-19 12:00:00+02:00,53.679083447532065
2018-04-19 13:00:00+02:00,52.20927077416604
2018-04-19 14:00:00+02:00,50.54881152984827
2018-04-19 15:00:00+02:00,48.42044892047992
2018-04-19 16:00:00+02:00,50.47245953996032
2018-04-19 17:00:00+02:00,49.332263316915736
2018-04-19 18:00:00+02:00,51.554627486277944
2018-04-19 19:00:00+02:00,50.78608399496297
2018-04-19 20:00:00+02:00,53.96290384694081
2018-04-19 21:00:00+02:00,55.706035026266626
2018-04-19 22:00:00+02:00,54.14231308156686
2018-04-19 23:00:00+02:00,51.685869825709595
2018-04-20 00:00:00+02:00,47.98074441998577
2018-04-20 01:00:00+02:00,46.14887484448633
2018-04-20 02:00:00+02:00,45.24375056971439
2018-04-20 03:00:00+02:00,46.58018399100563
2018-04-20 04:00:00+02:00,45.899464064247944
2018-04-20 05:00:00+02:00,46.57040467115335
2018-04-20 06:00:00+02:00,48.71152648365027
2018-04-20 07:00:00+02:00,51.42643300056243
2018-04-20 08:00:00+02:00,54.72867464014947
2018-04-20 09:00:00+02:00,54.670640903213695
2018-04-20 10:00:00+02:00,54.04717096964652
2018-04-20 11:00:00+02:00,52.64862743404939
2018-04-20 12:00:00+02:00,50.22247975317634
2018-04-20 13:00:00+02:00,49.95929419647158
2018-04-20 14:00:00+02:00,48.86850661393905
2018-04-20 15:00:00+02:00,48.17716057745759
2018-04-20 16:00:00+02:00,48.62398035702662
2018-04-20 17:00:00+02:00,48.36232641587648
2018-04-20 18:00:00+02:00,49.88561035439701
2018-04-20 19:00:00+02:00,52.18826661395315
2018-04-20 20:00:00+02:00,54.42073286292037
2018-04-20 21:00:00+02:00,57.06921890985589
2018-04-20 22:00:00+02:00,54.48901265538399
2018-04-20 23:00:00+02:00,51.75836818738097
2018-04-21 00:00:00+02:00,48.72155130977819
2018-04-21 01:00:00+02:00,46.007559477257
2018-04-21 02:00:00+02:00,43.715726238591486
2018-04-21 03:00:00+02:00,42.80302635805722
2018-04-21 04:00:00+02:00,45.100540227229466
2018-04-21 05:00:00+02:00,44.96673388526398
2018-04-21 06:00:00+02:00,45.511227098913004
2018-04-21 07:00:00+02:00,47.94124535680553
2018-04-21 08:00:00+02:00,50.16547695572341
2018-04-21 09:00:00+02:00,49.9735755750876
2018-04-21 10:00:00+02:00,51.08465086402797
2018-04-21 11:00:00+02:00,49.457513738967776
2018-04-21 12:00:00+02:00,49.51140330368074
2018-04-21 13:00:00+02:00,49.17493705991365
2018-04-21 14:00:00+02:00,46.68329310584934
2018-04-21 15:00:00+02:00,45.65679284593773
2018-04-21 16:00:00+02:00,44.9603276635605
2018-04-21 17:00:00+02:00,46.01444628770877
2018-04-21 18:00:00+02:00,47.265941924218716
2018-04-21 19:00:00+02:00,49.50027615710396
2018-04-21 20:00:00+02:00,52.893823275719335
2018-04-21 21:00:00+02:00,56.27842011135257
2018-04-21 22:00:00+02:00,52.662349926817875
2018-04-21 23:00:00+02:00,50.101396940154416
2018-04-22 00:00:00+02:00,45.37467416323597
2018-04-22 01:00:00+02:00,42.26068657508043
2018-04-22 02:00:00+02:00,42.51287773471202
2018-04-22 03:00:00+02:00,41.878038282236396
2018-04-22 04:00:00+02:00,41.89574903473027
2018-04-22 05:00:00+02:00,41.098472209309264
2018-04-22 06:00:00+02:00,41.6159595610039
2018-04-22 07:00:00+02:00,41.68841726112065
2018-04-22 08:00:00+02:00,45.48941682364667
2018-04-22 09:00:00+02:00,45.559804041085904
2018-04-22 10:00:00+02:00,45.6084443308971
2018-04-22 11:00:00+02:00,46.027982823606834
2018-04-22 12:00:00+02:00,45.44057306564923
2018-04-22 13:00:00+02:00,44.47861275516083
2018-04-22 14:00:00+02:00,42.505801724679024
2018-04-22 15:00:00+02:00,42.45809712619499
2018-04-22 16:00:00+02:00,41.27744704853871
2018-04-22 17:00:00+02:00,40.29659142518986
2018-04-22 18:00:00+02:00,41.23450586817311
2018-04-22 19:00:00+02:00,44.962917798790336
2018-04-22 20:00:00+02:00,50.84531591261645
2018-04-22 21:00:00+02:00,52.979914699168525
2018-04-22 22:00:00+02:00,53.12202279069415
2018-04-22 23:00:00+02:00,50.86806075673028
2018-04-23 00:00:00+02:00,48.407893549304646
2018-04-23 01:00:00+02:00,44.28325660150866
2018-04-23 02:00:00+02:00,42.05226970036239
2018-04-23 03:00:00+02:00,41.12095670156821
2018-04-23 04:00:00+02:00,41.377653783571
2018-04-23 05:00:00+02:00,42.69402794670489
2018-04-23 06:00:00+02:00,48.16632095162763
2018-04-23 07:00:00+02:00,50.95614636929664
2018-04-23 08:00:00+02:00,52.654165505016216
2018-04-23 09:00:00+02:00,53.85739150201906
2018-04-23 10:00:00+02:00,52.12876830181117
2018-04-23 11:00:00+02:00,52.23270970987042
2018-04-23 12:00:00+02:00,51.975821149321604
2018-04-23 13:00:00+02:00,51.36315938678759
2018-04-23 14:00:00+02:00,50.641948318886485
2018-04-23 15:00:00+02:00,49.60561487851485
2018-04-23 16:00:00+02:00,50.03768028635159
2018-04-23 17:00:00+02:00,49.48662482736322
2018-04-23 18:00:00+02:00,50.13929885878738
2018-04-23 19:00:00+02:00,51.82412875699624
2018-04-23 20:00:00+02:00,52.928301031806654
2018-04-23 21:00:00+02:00,58.3025515482692
2018-04-23 22:00:00+02:00,57.64626894578922
2018-04-23 23:00:00+02:00,50.195823725767504
2018-04-24 00:00:00+02:00,52.03795252404321
2018-04-24 01:00:00+02:00,49.62504313466335
2018-04-24 02:00:00+02:00,46.1878362887513
2018-04-24 03:00:00+02:00,43.61959107117514
2018-04-24 04:00:00+02:00,43.19555333586185
2018-04-24 05:00:00+02:00,45.175632903486445
2018-04-24 06:00:00+02:00,48.55749006923452
2018-04-24 07:00:00+02:00,52.131485083736926
2018-04-24 08:00:00+02:00,55.006428791510444
2018-04-24 09:00:00+02:00,55.63558162337662
2018-04-24 10:00:00+02:00,54.67055385773722
2018-04-24 11:00:00+02:00,54.90833429753652
2018-04-24 12:00:00+02:00,54.82392273141153
2018-04-24 13:00:00+02:00,55.432139830794476
2018-04-24 14:00:00+02:00,55.03830255519682
2018-04-24 15:00:00+02:00,52.007768928407295
2018-04-24 16:00:00+02:00,52.07576582095222
2018-04-24 17:00:00+02:00,51.186943829240136
2018-04-24 18:00:00+02:00,52.44405896400019
2018-04-24 19:00:00+02:00,52.96400478475409
2018-04-24 20:00:00+02:00,54.540010400584414
2018-04-24 21:00:00+02:00,59.90332267710013
2018-04-24 22:00:00+02:00,56.61045856349824
2018-04-24 23:00:00+02:00,53.246150491698735
2018-04-25 00:00:00+02:00,48.00191844918493
2018-04-25 01:00:00+02:00,46.829752731353445
2018-04-25 02:00:00+02:00,44.48483211785939
2018-04-25 03:00:00+02:00,43.09345624849741
2018-04-25 04:00:00+02:00,42.18689671230936
2018-04-25 05:00:00+02:00,44.57836428474706
2018-04-25 06:00:00+02:00,47.318463561225705
2018-04-25 07:00:00+02:00,51.52026652075269
2018-04-25 08:00:00+02:00,56.62946996791425
2018-04-25 09:00:00+02:00,57.14882216279015
2018-04-25 10:00:00+02:00,55.99389722939633
2018-04-25 11:00:00+02:00,54.93965306078288
2018-04-25 12:00:00+02:00,54.612145074718114
2018-04-25 13:00:00+02:00,52.67760713188443
2018-04-25 14:00:00+02:00,51.585581067803865
2018-04-25 15:00:00+02:00,51.46240780410448
2018-04-25 16:00:00+02:00,50.23287163007971
2018-04-25 17:00:00+02:00,48.516895874086366
2018-04-25 18:00:00+02:00,50.16458459371614
2018-04-25 19:00:00+02:00,50.870838414519476
2018-04-25 20:00:00+02:00,53.82515285244773
2018-04-25 21:00:00+02:00,56.56142318030387
2018-04-25 22:00:00+02:00,52.91363402877119
2018-04-25 23:00:00+02:00,50.92685709577213
2018-04-26 00:00:00+02:00,47.70055256519195
2018-04-26 01:00:00+02:00,44.55732612092752
2018-04-26 02:00:00+02:00,42.71572285335768
2018-04-26 03:00:00+02:00,42.19888420572938
2018-04-26 04:00:00+02:00,41.96467621832644
2018-04-26 05:00:00+02:00,43.08763992371335
2018-04-26 06:00:00+02:00,46.77590711779752
2018-04-26 07:00:00+02:00,52.49310209375327
2018-04-26 08:00:00+02:00,55.369389677106916
2018-04-26 09:00:00+02:00,56.233152134462735
2018-04-26 10:00:00+02:00,56.41930827429788
2018-04-26 11:00:00+02:00,55.68435716861447
2018-04-26 12:00:00+02:00,55.50718079974248
2018-04-26 13:00:00+02:00,55.43405639931944
2018-04-26 14:00:00+02:00,55.121114118233244
2018-04-26 15:00:00+02:00,52.6005716218998
2018-04-26 16:00:00+02:00,50.67041891957452
2018-04-26 17:00:00+02:00,50.11510335388093
2018-04-26 18:00:00+02:00,50.26499699614854
2018-04-26 19:00:00+02:00,50.65755810349091
2018-04-26 20:00:00+02:00,52.811369040803186
2018-04-26 21:00:00+02:00,57.50555625906302
2018-04-26 22:00:00+02:00,56.06374350208029
2018-04-26 23:00:00+02:00,52.886165713799734
2018-04-27 00:00:00+02:00,50.49968444152347
2018-04-27 01:00:00+02:00,46.0238303132856
2018-04-27 02:00:00+02:00,44.63808608232898
2018-04-27 03:00:00+02:00,44.00193141246904
2018-04-27 04:00:00+02:00,45.152807117549855
2018-04-27 05:00:00+02:00,45.339760613032716
2018-04-27 06:00:00+02:00,48.22361993937455
2018-04-27 07:00:00+02:00,52.0281252070072
2018-04-27 08:00:00+02:00,55.77670828448879
2018-04-27 09:00:00+02:00,55.71166531985593
2018-04-27 10:00:00+02:00,55.95189420118076
2018-04-27 11:00:00+02:00,53.97240325570319
2018-04-27 12:00:00+02:00,52.83881893661282
2018-04-27 13:00:00+02:00,51.77362867697826
2018-04-27 14:00:00+02:00,50.53075166341814
2018-04-27 15:00:00+02:00,49.198893696071934
2018-04-27 16:00:00+02:00,48.59652000655854
2018-04-27 17:00:00+02:00,48.338105983050724
2018-04-27 18:00:00+02:00,51.30729272184586
2018-04-27 19:00:00+02:00,53.044978620223446
2018-04-27 20:00:00+02:00,54.057657713799536
2018-04-27 21:00:00+02:00,58.84519495602296
2018-04-27 22:00:00+02:00,55.956197256288384
2018-04-27 23:00:00+02:00,53.40060097357698
2018-04-28 00:00:00+02:00,47.99085823813201
2018-04-28 01:00:00+02:00,44.73954347971394
2018-04-28 02:00:00+02:00,41.148869612734806
2018-04-28 03:00:00+02:00,40.13171066164223
2018-04-28 04:00:00+02:00,40.75293441331028
2018-04-28 05:00:00+02:00,41.48535054071676
2018-04-28 06:00:00+02:00,42.58257816667918
2018-04-28 07:00:00+02:00,46.032177544839726
2018-04-28 08:00:00+02:00,49.7749533130199
2018-04-28 09:00:00+02:00,51.461354755769925
2018-04-28 10:00:00+02:00,50.739410158673536
2018-04-28 11:00:00+02:00,50.65038038247513
2018-04-28 12:00:00+02:00,50.10611880916489
2018-04-28 13:00:00+02:00,48.64314842423727
2018-04-28 14:00:00+02:00,45.171198935529084
2018-04-28 15:00:00+02:00,41.93923363848507
2018-04-28 16:00:00+02:00,38.94502752481211
2018-04-28 17:00:00+02:00,39.270009890492325
2018-04-28 18:00:00+02:00,41.48651216863036
2018-04-28 19:00:00+02:00,43.15618681012262
2018-04-28 20:00:00+02:00,47.56249678897647
2018-04-28 21:00:00+02:00,51.554463561688614
2018-04-28 22:00:00+02:00,49.288964170869114
2018-04-28 23:00:00+02:00,44.45489826023864
2018-04-29 00:00:00+02:00,41.687539768577345
2018-04-29 01:00:00+02:00,40.11807613808724
2018-04-29 02:00:00+02:00,40.08981766500316
2018-04-29 03:00:00+02:00,37.79291974125018
2018-04-29 04:00:00+02:00,34.67646164711754
2018-04-29 05:00:00+02:00,31.05399643062209
2018-04-29 06:00:00+02:00,34.082669291176124
2018-04-29 07:00:00+02:00,36.18350249600744
2018-04-29 08:00:00+02:00,38.10116509700803
2018-04-29 09:00:00+02:00,40.19670829419596
2018-04-29 10:00:00+02:00,36.35662123031452
2018-04-29 11:00:00+02:00,35.35456405880593
2018-04-29 12:00:00+02:00,38.26525277960274
2018-04-29 13:00:00+02:00,33.6749157823839
2018-04-29 14:00:00+02:00,32.58294886070184
2018-04-29 15:00:00+02:00,30.963563087777302
2018-04-29 16:00:00+02:00,28.882164484955542
2018-04-29 17:00:00+02:00,30.26678385021978
2018-04-29 18:00:00+02:00,33.651712742689654
2018-04-29 19:00:00+02:00,35.480629560713616
2018-04-29 20:00:00+02:00,40.82136405836402
2018-04-29 21:00:00+02:00,45.7388195550589
2018-04-29 22:00:00+02:00,48.58520342274954
2018-04-29 23:00:00+02:00,45.717848432704756
2018-04-30 00:00:00+02:00,43.572381994201095
2018-04-30 01:00:00+02:00,41.142860188723915
2018-04-30 02:00:00+02:00,38.71905396010823
2018-04-30 03:00:00+02:00,36.213200100582874
2018-04-30 04:00:00+02:00,36.610985623953546
2018-04-30 05:00:00+02:00,37.32427588840694
2018-04-30 06:00:00+02:00,44.078663831961336
2018-04-30 07:00:00+02:00,49.60634395296834
2018-04-30 08:00:00+02:00,52.129159367950656
2018-04-30 09:00:00+02:00,52.27636184527932
2018-04-30 10:00:00+02:00,51.184191257421105
2018-04-30 11:00:00+02:00,51.103288758228295
2018-04-30 12:00:00+02:00,51.54130394836983
2018-04-30 13:00:00+02:00,50.556445592550624
2018-04-30 14:00:00+02:00,49.67248061867372
2018-04-30 15:00:00+02:00,48.31132313030191
2018-04-30 16:00:00+02:00,46.63055339006331
2018-04-30 17:00:00+02:00,47.575736267007166
2018-04-30 18:00:00+02:00,49.249238395818395
2018-04-30 19:00:00+02:00,51.38767183925498
2018-04-30 20:00:00+02:00,52.30049820755261
2018-04-30 21:00:00+02:00,54.10257744658812
2018-04-30 22:00:00+02:00,52.97102824122501
2018-04-30 23:00:00+02:00,49.35715539855929
2018-05-01 00:00:00+02:00,46.74299215317552
2018-05-01 01:00:00+02:00,46.01693043153531
2018-05-01 02:00:00+02:00,45.01419096056666
2018-05-01 03:00:00+02:00,44.532398863751716
2018-05-01 04:00:00+02:00,42.98818350860742
2018-05-01 05:00:00+02:00,46.06520492229762
2018-05-01 06:00:00+02:00,50.83808264643878
2018-05-01 07:00:00+02:00,53.768517626324815
2018-05-01 08:00:00+02:00,57.667447894367854
2018-05-01 09:00:00+02:00,58.738321965135015
2018-05-01 10:00:00+02:00,57.96358151500059
2018-05-01 11:00:00+02:00,56.13090334076895
2018-05-01 12:00:00+02:00,56.372490090915285
2018-05-01 13:00:00+02:00,56.386791818867714
2018-05-01 14:00:00+02:00,54.904197495658785
2018-05-01 15:00:00+02:00,52.57421431887658
2018-05-01 16:00:00+02:00,51.801796138583256
2018-05-01 17:00:00+02:00,51.76890324824142
2018-05-01 18:00:00+02:00,52.82857507144121
2018-05-01 19:00:00+02:00,54.44204168780908
2018-05-01 20:00:00+02:00,55.66587769781969
2018-05-01 21:00:00+02:00,57.888614160148165
2018-05-01 22:00:00+02:00,55.85376985715735
2018-05-01 23:00:00+02:00,53.58103225598427
2018-05-02 00:00:00+02:00,52.041563962147734
2018-05-02 01:00:00+02:00,49.474044814372036
2018-05-02 02:00:00+02:00,47.427720311404165
2018-05-02 03:00:00+02:00,46.84535954609904
2018-05-02 04:00:00+02:00,45.39904366607281
2018-05-02 05:00:00+02:00,46.696589342510975
2018-05-02 06:00:00+02:00,51.77272379333481
2018-05-02 07:00:00+02:00,53.88430085673982
2018-05-02 08:00:00+02:00,59.6949828340656
2018-05-02 09:00:00+02:00,60.52457135637322
2018-05-02 10:00:00+02:00,59.14570040104826
2018-05-02 11:00:00+02:00,56.36249251039968
2018-05-02 12:00:00+02:00,54.79566070583059
2018-05-02 13:00:00+02:00,54.24490160349372
2018-05-02 14:00:00+02:00,54.372636808886845
2018-05-02 15:00:00+02:00,50.18978453298166
2018-05-02 16:00:00+02:00,51.081725424332994
2018-05-02 17:00:00+02:00,52.21287254741233
2018-05-02 18:00:00+02:00,53.052662226214714
2018-05-02 19:00:00+02:00,53.53421983308717
2018-05-02 20:00:00+02:00,55.08756499378213
2018-05-02 21:00:00+02:00,59.502593798476504
2018-05-02 22:00:00+02:00,58.73403083916753
2018-05-02 23:00:00+02:00,55.220053543004326
2018-05-03 00:00:00+02:00,53.609350141418695
2018-05-03 01:00:00+02:00,49.83063213990571
2018-05-03 02:00:00+02:00,45.96215548565896
2018-05-03 03:00:00+02:00,45.1506271666611
2018-05-03 04:00:00+02:00,45.66070014690615
2018-05-03 05:00:00+02:00,45.97392787023503
2018-05-03 06:00:00+02:00,51.171262233243425
2018-05-03 07:00:00+02:00,56.42447963805662
2018-05-03 08:00:00+02:00,60.16456685400857
2018-05-03 09:00:00+02:00,60.20104690811558
2018-05-03 10:00:00+02:00,58.50690616399482
2018-05-03 11:00:00+02:00,58.19360758974759
2018-05-03 12:00:00+02:00,57.65236976882344
2018-05-03 13:00:00+02:00,55.77696723446735
2018-05-03 14:00:00+02:00,54.941517436308764
2018-05-03 15:00:00+02:00,54.376085627675586
2018-05-03 16:00:00+02:00,54.250722118311614
2018-05-03 17:00:00+02:00,54.208672899242664
2018-05-03 18:00:00+02:00,53.362045509922154
2018-05-03 19:00:00+02:00,54.24009463903676
2018-05-03 20:00:00+02:00,56.454324343860755
2018-05-03 21:00:00+02:00,56.794966740598575
2018-05-03 22:00:00+02:00,54.32180243169176
2018-05-03 23:00:00+02:00,51.277097843292175
2018-05-04 00:00:00+02:00,47.28305174137626
2018-05-04 01:00:00+02:00,43.120478550479135
2018-05-04 02:00:00+02:00,40.819297160633205
2018-05-04 03:00:00+02:00,41.47304486381898
2018-05-04 04:00:00+02:00,39.87209490494065
2018-05-04 05:00:00+02:00,39.58648175404687
2018-05-04 06:00:00+02:00,46.4132505464705
2018-05-04 07:00:00+02:00,51.784358215868
2018-05-04 08:00:00+02:00,55.593387549733166
2018-05-04 09:00:00+02:00,56.7744176244283
2018-05-04 10:00:00+02:00,55.957841685933225
2018-05-04 11:00:00+02:00,55.46180797102806
2018-05-04 12:00:00+02:00,56.44297707738399
2018-05-04 13:00:00+02:00,54.98367292445699
2018-05-04 14:00:00+02:00,53.1997629744499
2018-05-04 15:00:00+02:00,53.69151136372724
2018-05-04 16:00:00+02:00,53.301033538918006
2018-05-04 17:00:00+02:00,54.07769053592077
2018-05-04 18:00:00+02:00,54.369854435680644
2018-05-04 19:00:00+02:00,55.56141513091607
2018-05-04 20:00:00+02:00,57.92216373824732
2018-05-04 21:00:00+02:00,58.340150660757864
2018-05-04 22:00:00+02:00,56.86044390731606
2018-05-04 23:00:00+02:00,54.02446011009389
2018-05-05 00:00:00+02:00,50.3813885621704
2018-05-05 01:00:00+02:00,47.672015668545434
2018-05-05 02:00:00+02:00,46.14706004670882
2018-05-05 03:00:00+02:00,47.1438008664712
2018-05-05 04:00:00+02:00,46.26841576015869
2018-05-05 05:00:00+02:00,45.90730048129215
2018-05-05 06:00:00+02:00,47.7245142498819
2018-05-05 07:00:00+02:00,48.86941461414013
2018-05-05 08:00:00+02:00,51.135102562931046
2018-05-05 09:00:00+02:00,53.03486960673687
2018-05-05 10:00:00+02:00,53.679184583600296
2018-05-05 11:00:00+02:00,52.746375848379955
2018-05-05 12:00:00+02:00,50.67899034170974
2018-05-05 13:00:00+02:00,50.793937638573176
2018-05-05 14:00:00+02:00,49.53017804080699
2018-05-05 15:00:00+02:00,47.604336082528384
2018-05-05 16:00:00+02:00,47.07202884886417
2018-05-05 17:00:00+02:00,47.942750586051716
2018-05-05 18:00:00+02:00,49.80831957035503
2018-05-05 19:00:00+02:00,52.02007923576259
2018-05-05 20:00:00+02:00,55.850435733160225
2018-05-05 21:00:00+02:00,58.38138124651156
2018-05-05 22:00:00+02:00,56.31356057437464
2018-05-05 23:00:00+02:00,52.413112197431985
2018-05-06 00:00:00+02:00,47.072912511559984
2018-05-06 01:00:00+02:00,46.44708577408074
2018-05-06 02:00:00+02:00,46.04368283339693
2018-05-06 03:00:00+02:00,44.51313436857462
2018-05-06 04:00:00+02:00,45.421929391350886
2018-05-06 05:00:00+02:00,44.28605277597157
2018-05-06 06:00:00+02:00,45.93464242331114
2018-05-06 07:00:00+02:00,45.5855382355231
2018-05-06 08:00:00+02:00,47.23089237575076
2018-05-06 09:00:00+02:00,48.027265056186856
2018-05-06 10:00:00+02:00,47.440908723611905
2018-05-06 11:00:00+02:00,48.43234014468984
2018-05-06 12:00:00+02:00,48.73808527961079
2018-05-06 13:00:00+02:00,48.57571858033047
2018-05-06 14:00:00+02:00,49.52338138394307
2018-05-06 15:00:00+02:00,44.51683122318661
2018-05-06 16:00:00+02:00,44.705787335946404
2018-05-06 17:00:00+02:00,44.7025091559646
2018-05-06 18:00:00+02:00,46.68379513355404
2018-05-06 19:00:00+02:00,49.5790975899689
2018-05-06 20:00:00+02:00,54.79100467572561
2018-05-06 21:00:00+02:00,57.952646810169455
2018-05-06 22:00:00+02:00,58.35172875832453
2018-05-06 23:00:00+02:00,53.31987703320839
2018-05-07 00:00:00+02:00,55.04295110830257
2018-05-07 01:00:00+02:00,52.937603568124985
2018-05-07 02:00:00+02:00,51.08551434367445
2018-05-07 03:00:00+02:00,50.32421395775881
2018-05-07 04:00:00+02:00,50.19442569217396
2018-05-07 05:00:00+02:00,50.876159470918616
2018-05-07 06:00:00+02:00,54.13722420648228
2018-05-07 07:00:00+02:00,56.93417762253489
2018-05-07 08:00:00+02:00,58.432679843498484
2018-05-07 09:00:00+02:00,58.224231234871446
2018-05-07 10:00:00+02:00,58.704855810321106
2018-05-07 11:00:00+02:00,58.545329600295275
2018-05-07 12:00:00+02:00,59.8962474207434
2018-05-07 13:00:00+02:00,57.97390069071813
2018-05-07 14:00:00+02:00,58.330444083449635
2018-05-07 15:00:00+02:00,56.342036039957634
2018-05-07 16:00:00+02:00,55.224310926336294
2018-05-07 17:00:00+02:00,54.950189002705635
2018-05-07 18:00:00+02:00,56.287461226900724
2018-05-07 19:00:00+02:00,55.36197209104599
2018-05-07 20:00:00+02:00,56.947188582555206
2018-05-07 21:00:00+02:00,59.72272227218704
2018-05-07 22:00:00+02:00,58.39146022988057
2018-05-07 23:00:00+02:00,55.00625505254681
2018-05-08 00:00:00+02:00,55.28130912500665
2018-05-08 01:00:00+02:00,52.39950660228425
2018-05-08 02:00:00+02:00,49.534302725931475
2018-05-08 03:00:00+02:00,48.82166975001274
2018-05-08 04:00:00+02:00,48.02095353636127
2018-05-08 05:00:00+02:00,48.99839082929433
2018-05-08 06:00:00+02:00,51.122554250961706
2018-05-08 07:00:00+02:00,54.08259098176067
2018-05-08 08:00:00+02:00,56.88253186888005
2018-05-08 09:00:00+02:00,58.01896071030282
2018-05-08 10:00:00+02:00,56.9442114677448
2018-05-08 11:00:00+02:00,56.790020768015516
2018-05-08 12:00:00+02:00,55.95420028305938
2018-05-08 13:00:00+02:00,56.31406056021702
2018-05-08 14:00:00+02:00,54.21642398146876
2018-05-08 15:00:00+02:00,52.3741069064385
2018-05-08 16:00:00+02:00,52.292151258471215
2018-05-08 17:00:00+02:00,52.356534446958186
2018-05-08 18:00:00+02:00,53.59418465482457
2018-05-08 19:00:00+02:00,53.15737009337508
2018-05-08 20:00:00+02:00,54.37008459254307
2018-05-08 21:00:00+02:00,56.301386154526966
2018-05-08 22:00:00+02:00,54.81618042729843
2018-05-08 23:00:00+02:00,52.63565387688222
2018-05-09 00:00:00+02:00,50.13750097725879
2018-05-09 01:00:00+02:00,50.51893573449371
2018-05-09 02:00:00+02:00,47.78592394613554
2018-05-09 03:00:00+02:00,46.596749134519236
2018-05-09 04:00:00+02:00,45.28131555043793
2018-05-09 05:00:00+02:00,43.41652131525566
2018-05-09 06:00:00+02:00,48.68381743590771
2018-05-09 07:00:00+02:00,53.20304813401055
2018-05-09 08:00:00+02:00,57.190568742134666
2018-05-09 09:00:00+02:00,56.90103406558561
2018-05-09 10:00:00+02:00,56.72705505530598
2018-05-09 11:00:00+02:00,56.358255133731824
2018-05-09 12:00:00+02:00,55.692066235024534
2018-05-09 13:00:00+02:00,55.77561029619344
2018-05-09 14:00:00+02:00,54.96021760523419
2018-05-09 15:00:00+02:00,53.1905668210452
2018-05-09 16:00:00+02:00,53.10708095993135
2018-05-09 17:00:00+02:00,52.8238998016752
2018-05-09 18:00:00+02:00,53.376887096522495
2018-05-09 19:00:00+02:00,54.01607728556997
2018-05-09 20:00:00+02:00,55.08768694246239
2018-05-09 21:00:00+02:00,55.501297531518446
2018-05-09 22:00:00+02:00,54.116125648129575
2018-05-09 23:00:00+02:00,52.157017410628036
2018-05-10 00:00:00+02:00,52.172548005904076
2018-05-10 01:00:00+02:00,49.88129381244368
2018-05-10 02:00:00+02:00,47.724913419039474
2018-05-10 03:00:00+02:00,46.42938473716358
2018-05-10 04:00:00+02:00,45.936330686948956
2018-05-10 05:00:00+02:00,44.04961767324355
2018-05-10 06:00:00+02:00,49.26137739962491
2018-05-10 07:00:00+02:00,52.05085563959153
2018-05-10 08:00:00+02:00,57.07947708507362
2018-05-10 09:00:00+02:00,59.097341305505815
2018-05-10 10:00:00+02:00,59.57806604477738
2018-05-10 11:00:00+02:00,59.40226071000799
2018-05-10 12:00:00+02:00,59.19866582164611
2018-05-10 13:00:00+02:00,58.86550608116365
2018-05-10 14:00:00+02:00,58.27605761826708
2018-05-10 15:00:00+02:00,57.07994601403249
2018-05-10 16:00:00+02:00,57.54026845021872
2018-05-10 17:00:00+02:00,57.74307480867001
2018-05-10 18:00:00+02:00,58.79347760630831
2018-05-10 19:00:00+02:00,58.87670927630646
2018-05-10 20:00:00+02:00,59.77302830688739
2018-05-10 21:00:00+02:00,61.27011097715198
2018-05-10 22:00:00+02:00,60.14315360287927
2018-05-10 23:00:00+02:00,56.908195675452845
2018-05-11 00:00:00+02:00,56.81404731515061
2018-05-11 01:00:00+02:00,53.28471440328382
2018-05-11 02:00:00+02:00,51.206347640128
2018-05-11 03:00:00+02:00,49.004810690729386
2018-05-11 04:00:00+02:00,49.49261683388107
2018-05-11 05:00:00+02:00,50.267602694694595
2018-05-11 06:00:00+02:00,55.19580659915013
2018-05-11 07:00:00+02:00,58.75319686145889
2018-05-11 08:00:00+02:00,59.86337043584854
2018-05-11 09:00:00+02:00,59.41006337436077
2018-05-11 10:00:00+02:00,60.06920621766685
2018-05-11 11:00:00+02:00,58.69529015898079
2018-05-11 12:00:00+02:00,58.474213542038854
2018-05-11 13:00:00+02:00,59.526667235885746
2018-05-11 14:00:00+02:00,57.272403268032356
2018-05-11 15:00:00+02:00,54.94952949205109
2018-05-11 16:00:00+02:00,54.61519178501046
2018-05-11 17:00:00+02:00,54.58361391159776
2018-05-11 18:00:00+02:00,56.00725429706842
2018-05-11 19:00:00+02:00,56.65593201190666
2018-05-11 20:00:00+02:00,59.41141647698078
2018-05-11 21:00:00+02:00,59.887361120511436
2018-05-11 22:00:00+02:00,58.48544845111578
2018-05-11 23:00:00+02:00,55.1213841968372
2018-05-12 00:00:00+02:00,52.24413945353903
2018-05-12 01:00:00+02:00,49.60060008207981
2018-05-12 02:00:00+02:00,47.62684762027172
2018-05-12 03:00:00+02:00,46.18226293509887
2018-05-12 04:00:00+02:00,46.79974605715361
2018-05-12 05:00:00+02:00,47.692069089165564
2018-05-12 06:00:00+02:00,47.2536086808592
2018-05-12 07:00:00+02:00,48.28325866401955
2018-05-12 08:00:00+02:00,50.165750227294645
2018-05-12 09:00:00+02:00,49.39565918173155
2018-05-12 10:00:00+02:00,49.12898553979761
2018-05-12 11:00:00+02:00,52.363231491800185
2018-05-12 12:00:00+02:00,53.041813122201376
2018-05-12 13:00:00+02:00,51.99985598533625
2018-05-12 14:00:00+02:00,51.20078855250748
2018-05-12 15:00:00+02:00,47.06494337579152
2018-05-12 16:00:00+02:00,45.54881189511416
2018-05-12 17:00:00+02:00,44.89811336241441
2018-05-12 18:00:00+02:00,43.25271000642044
2018-05-12 19:00:00+02:00,48.07003244241398
2018-05-12 20:00:00+02:00,49.729497245556956
2018-05-12 21:00:00+02:00,51.88924238921277
2018-05-12 22:00:00+02:00,50.775441625646096
2018-05-12 23:00:00+02:00,47.91337734413397
2018-05-13 00:00:00+02:00,47.45489861623446
2018-05-13 01:00:00+02:00,46.04777145559225
2018-05-13 02:00:00+02:00,45.640288495645336
2018-05-13 03:00:00+02:00,44.86914610659135
2018-05-13 04:00:00+02:00,41.51026998707968
2018-05-13 05:00:00+02:00,43.640898427556714
2018-05-13 06:00:00+02:00,43.538269182562
2018-05-13 07:00:00+02:00,44.65753472504455
2018-05-13 08:00:00+02:00,45.31778140215521
2018-05-13 09:00:00+02:00,47.30344530971587
2018-05-13 10:00:00+02:00,47.51223487607209
2018-05-13 11:00:00+02:00,48.38877818914639
2018-05-13 12:00:00+02:00,48.741751949314526
2018-05-13 13:00:00+02:00,47.72957040456708
2018-05-13 14:00:00+02:00,44.71388600619803
2018-05-13 15:00:00+02:00,43.706727221778884
2018-05-13 16:00:00+02:00,41.056699563600695
2018-05-13 17:00:00+02:00,42.73009066741667
2018-05-13 18:00:00+02:00,45.123989807939154
2018-05-13 19:00:00+02:00,47.196634677655446
2018-05-13 20:00:00+02:00,52.61813020132777
2018-05-13 21:00:00+02:00,54.385220366723765
2018-05-13 22:00:00+02:00,55.12391747982059
2018-05-13 23:00:00+02:00,53.34828526079863
2018-05-14 00:00:00+02:00,49.07513974308009
2018-05-14 01:00:00+02:00,45.2165717347656
2018-05-14 02:00:00+02:00,42.95979489983046
2018-05-14 03:00:00+02:00,42.694968764428914
2018-05-14 04:00:00+02:00,42.06816446017383
2018-05-14 05:00:00+02:00,42.64885623277536
2018-05-14 06:00:00+02:00,48.30326394286533
2018-05-14 07:00:00+02:00,52.727269109333186
2018-05-14 08:00:00+02:00,54.34460358203384
2018-05-14 09:00:00+02:00,56.05953659246299
2018-05-14 10:00:00+02:00,54.396468255542004
2018-05-14 11:00:00+02:00,54.39911176992424
2018-05-14 12:00:00+02:00,54.67404495373555
2018-05-14 13:00:00+02:00,53.214709759625926
2018-05-14 14:00:00+02:00,52.58220668126855
2018-05-14 15:00:00+02:00,51.817601807363125
2018-05-14 16:00:00+02:00,50.442714234467694
2018-05-14 17:00:00+02:00,50.340616509929475
2018-05-14 18:00:00+02:00,51.15390103665302
2018-05-14 19:00:00+02:00,51.59117829289809
2018-05-14 20:00:00+02:00,53.217430073556535
2018-05-14 21:00:00+02:00,54.02273473645261
2018-05-14 22:00:00+02:00,53.547617655908404
2018-05-14 23:00:00+02:00,50.23111417227525
2018-05-15 00:00:00+02:00,48.83637587981514
2018-05-15 01:00:00+02:00,46.42812034762414
2018-05-15 02:00:00+02:00,44.072023495001396
2018-05-15 03:00:00+02:00,44.25015643072297
2018-05-15 04:00:00+02:00,43.25800707387362
2018-05-15 05:00:00+02:00,46.04180545157914
2018-05-15 06:00:00+02:00,48.797603451953336
2018-05-15 07:00:00+02:00,54.447552490969144
2018-05-15 08:00:00+02:00,56.97582133255026
2018-05-15 09:00:00+02:00,54.459760003349516
2018-05-15 10:00:00+02:00,54.06724734795941
2018-05-15 11:00:00+02:00,53.186686039156434
2018-05-15 12:00:00+02:00,53.020707879434745
2018-05-15 13:00:00+02:00,53.1097810037923
2018-05-15 14:00:00+02:00,51.535056399277245
2018-05-15 15:00:00+02:00,49.19727152385898
2018-05-15 16:00:00+02:00,48.631420307069426
2018-05-15 17:00:00+02:00,49.380109515824785
2018-05-15 18:00:00+02:00,50.7153771860103
2018-05-15 19:00:00+02:00,51.27908801550498
2018-05-15 20:00:00+02:00,53.921238634708175
2018-05-15 21:00:00+02:00,56.71010598552525
2018-05-15 22:00:00+02:00,53.70539734840227
2018-05-15 23:00:00+02:00,49.29509195143314
2018-05-16 00:00:00+02:00,49.08117010155331
2018-05-16 01:00:00+02:00,46.93432863727603
2018-05-16 02:00:00+02:00,46.95530193561202
2018-05-16 03:00:00+02:00,43.512566560309644
2018-05-16 04:00:00+02:00,43.65289760208455
2018-05-16 05:00:00+02:00,46.498467720424934
2018-05-16 06:00:00+02:00,49.578276443244114
2018-05-16 07:00:00+02:00,54.42981928940805
2018-05-16 08:00:00+02:00,54.67775366385957
2018-05-16 09:00:00+02:00,53.34598132399618
2018-05-16 10:00:00+02:00,53.14811443379357
2018-05-16 11:00:00+02:00,54.03954901131408
2018-05-16 12:00:00+02:00,53.568151156461106
2018-05-16 13:00:00+02:00,53.39244762659803
2018-05-16 14:00:00+02:00,53.35024659001334
2018-05-16 15:00:00+02:00,51.26026813898242
2018-05-16 16:00:00+02:00,51.023448330066365
2018-05-16 17:00:00+02:00,49.64488567151856
2018-05-16 18:00:00+02:00,51.10868976879985
2018-05-16 19:00:00+02:00,50.87688864830941
2018-05-16 20:00:00+02:00,53.832271848699065
2018-05-16 21:00:00+02:00,56.78380323472891
2018-05-16 22:00:00+02:00,55.426533309391026
2018-05-16 23:00:00+02:00,52.24706122318838
2018-05-17 00:00:00+02:00,52.47214119329639
2018-05-17 01:00:00+02:00,49.66484542525052
2018-05-17 02:00:00+02:00,46.58630884152453
2018-05-17 03:00:00+02:00,47.289703853236354
2018-05-17 04:00:00+02:00,47.647576429818855
2018-05-17 05:00:00+02:00,47.44802619820874
2018-05-17 06:00:00+02:00,50.27818924706113
2018-05-17 07:00:00+02:00,54.265829135987445
2018-05-17 08:00:00+02:00,55.38719622791829
2018-05-17 09:00:00+02:00,55.63786002153202
2018-05-17 10:00:00+02:00,54.645600275717406
2018-05-17 11:00:00+02:00,55.30013058841704
2018-05-17 12:00:00+02:00,55.15472156679943
2018-05-17 13:00:00+02:00,55.46340461205754
2018-05-17 14:00:00+02:00,52.9268098133002
2018-05-17 15:00:00+02:00,52.18041351428113
2018-05-17 16:00:00+02:00,50.803924875997126
2018-05-17 17:00:00+02:00,50.86138376747855
2018-05-17 18:00:00+02:00,51.71838110349156
2018-05-17 19:00:00+02:00,51.874984579282945
2018-05-17 20:00:00+02:00,53.40179601372619
2018-05-17 21:00:00+02:00,55.94247488783787
2018-05-17 22:00:00+02:00,54.42524679977668
2018-05-17 23:00:00+02:00,51.57635328743759
2018-05-18 00:00:00+02:00,50.56903330472911
2018-05-18 01:00:00+02:00,47.67845194198001
2018-05-18 02:00:00+02:00,47.72775963757933
2018-05-18 03:00:00+02:00,47.095079752802654
2018-05-18 04:00:00+02:00,45.32133550175328
2018-05-18 05:00:00+02:00,48.44051350752583
2018-05-18 06:00:00+02:00,49.61897869703836
2018-05-18 07:00:00+02:00,54.234499419019336
2018-05-18 08:00:00+02:00,54.97862846003435
2018-05-18 09:00:00+02:00,55.961272005327174
2018-05-18 10:00:00+02:00,55.86462204749906
2018-05-18 11:00:00+02:00,55.41294626378495
2018-05-18 12:00:00+02:00,55.79102510368795
2018-05-18 13:00:00+02:00,54.005849016128174
2018-05-18 14:00:00+02:00,52.08966563679942
2018-05-18 15:00:00+02:00,51.3033089214417
2018-05-18 16:00:00+02:00,50.370519165723316
2018-05-18 17:00:00+02:00,49.48225322426072
2018-05-18 18:00:00+02:00,51.579189364851494
2018-05-18 19:00:00+02:00,52.74662726807892
2018-05-18 20:00:00+02:00,53.81206395190923
2018-05-18 21:00:00+02:00,55.9286966915225
2018-05-18 22:00:00+02:00,54.87840476169908
2018-05-18 23:00:00+02:00,52.39098744128984
2018-05-19 00:00:00+02:00,52.5929453673493
2018-05-19 01:00:00+02:00,50.451127493262135
2018-05-19 02:00:00+02:00,48.799792683469235
2018-05-19 03:00:00+02:00,48.05481170293604
2018-05-19 04:00:00+02:00,49.62350801054887
2018-05-19 05:00:00+02:00,49.44551091972314
2018-05-19 06:00:00+02:00,48.87048293357723
2018-05-19 07:00:00+02:00,50.17796646447951
2018-05-19 08:00:00+02:00,51.12291825478102
2018-05-19 09:00:00+02:00,51.29288663579715
2018-05-19 10:00:00+02:00,52.30941996070684
2018-05-19 11:00:00+02:00,53.04899497891864
2018-05-19 12:00:00+02:00,52.860641085337306
2018-05-19 13:00:00+02:00,51.253958279378374
2018-05-19 14:00:00+02:00,50.41420265659955
2018-05-19 15:00:00+02:00,49.260785611320664
2018-05-19 16:00:00+02:00,47.69102411864467
2018-05-19 17:00:00+02:00,46.73981170355447
2018-05-19 18:00:00+02:00,48.61457804130445
2018-05-19 19:00:00+02:00,50.27677322990595
2018-05-19 20:00:00+02:00,52.813424096533616
2018-05-19 21:00:00+02:00,54.99778301262237
2018-05-19 22:00:00+02:00,56.09872065212266
2018-05-19 23:00:00+02:00,53.822362200947474
2018-05-20 00:00:00+02:00,53.40767365694424
2018-05-20 01:00:00+02:00,51.25741559682951
2018-05-20 02:00:00+02:00,44.236546579009314
2018-05-20 03:00:00+02:00,46.61807150667497
2018-05-20 04:00:00+02:00,46.74449174761403
2018-05-20 05:00:00+02:00,48.96559593747654
2018-05-20 06:00:00+02:00,47.70777242496289
2018-05-20 07:00:00+02:00,48.04430343554706
2018-05-20 08:00:00+02:00,46.93577807648975
2018-05-20 09:00:00+02:00,46.43050583217629
2018-05-20 10:00:00+02:00,48.983223346136526
2018-05-20 11:00:00+02:00,48.87012992885641
2018-05-20 12:00:00+02:00,48.51728351184462
2018-05-20 13:00:00+02:00,48.09722403079411
2018-05-20 14:00:00+02:00,44.92432604908338
2018-05-20 15:00:00+02:00,44.454467249221274
2018-05-20 16:00:00+02:00,42.436051311955374
2018-05-20 17:00:00+02:00,44.1372891928436
2018-05-20 18:00:00+02:00,44.87177710905331
2018-05-20 19:00:00+02:00,47.23122144557059
2018-05-20 20:00:00+02:00,53.095854599132416
2018-05-20 21:00:00+02:00,53.88224021123644
2018-05-20 22:00:00+02:00,55.868337427613106
2018-05-20 23:00:00+02:00,53.43107728722947
2018-05-21 00:00:00+02:00,54.568362846166416
2018-05-21 01:00:00+02:00,51.83377422373834
2018-05-21 02:00:00+02:00,49.57812304809723
2018-05-21 03:00:00+02:00,48.51681504948133
2018-05-21 04:00:00+02:00,48.69857800948402
2018-05-21 05:00:00+02:00,48.347419003551266
2018-05-21 06:00:00+02:00,51.738295897300794
2018-05-21 07:00:00+02:00,56.44400668888405
2018-05-21 08:00:00+02:00,58.384470540859475
2018-05-21 09:00:00+02:00,58.15520839866057
2018-05-21 10:00:00+02:00,59.236498700090884
2018-05-21 11:00:00+02:00,59.04192566679978
2018-05-21 12:00:00+02:00,58.86506863371515
2018-05-21 13:00:00+02:00,58.14033682845501
2018-05-21 14:00:00+02:00,57.13752331436012
2018-05-21 15:00:00+02:00,55.424174612945315
2018-05-21 16:00:00+02:00,54.81980240850018
2018-05-21 17:00:00+02:00,54.70012872060101
2018-05-21 18:00:00+02:00,54.89515931669589
2018-05-21 19:00:00+02:00,55.70195048500384
2018-05-21 20:00:00+02:00,57.87301143173888
2018-05-21 21:00:00+02:00,58.50818591365891
2018-05-21 22:00:00+02:00,57.938239528517165
2018-05-21 23:00:00+02:00,56.229652044967395
2018-05-22 00:00:00+02:00,53.91233650412414
2018-05-22 01:00:00+02:00,49.84649493375678
2018-05-22 02:00:00+02:00,47.66275667767906
2018-05-22 03:00:00+02:00,46.634919170417255
2018-05-22 04:00:00+02:00,47.92424481954058
2018-05-22 05:00:00+02:00,49.4147087282169
2018-05-22 06:00:00+02:00,52.07610042689881
2018-05-22 07:00:00+02:00,54.78845687964889
2018-05-22 08:00:00+02:00,58.08125767748052
2018-05-22 09:00:00+02:00,58.675442371594194
2018-05-22 10:00:00+02:00,58.48369936900462
2018-05-22 11:00:00+02:00,58.67010126802001
2018-05-22 12:00:00+02:00,58.358166205230965
2018-05-22 13:00:00+02:00,57.51808043524138
2018-05-22 14:00:00+02:00,56.31154144868773
2018-05-22 15:00:00+02:00,55.28678321850754
2018-05-22 16:00:00+02:00,54.697524444478766
2018-05-22 17:00:00+02:00,55.26007611507216
2018-05-22 18:00:00+02:00,56.03211265897761
2018-05-22 19:00:00+02:00,56.58486112245857
2018-05-22 20:00:00+02:00,57.418641766711744
2018-05-22 21:00:00+02:00,59.3034884002071
2018-05-22 22:00:00+02:00,58.08667289755718
2018-05-22 23:00:00+02:00,55.189301924376906
2018-05-23 00:00:00+02:00,55.57901248281911
2018-05-23 01:00:00+02:00,52.702009527021346
2018-05-23 02:00:00+02:00,50.21555571814894
2018-05-23 03:00:00+02:00,49.56981058711133
2018-05-23 04:00:00+02:00,48.97721437439035
2018-05-23 05:00:00+02:00,50.360355083665816
2018-05-23 06:00:00+02:00,52.73213897558528
2018-05-23 07:00:00+02:00,56.12200732042018
2018-05-23 08:00:00+02:00,57.73894700437484
2018-05-23 09:00:00+02:00,58.78610061734517
2018-05-23 10:00:00+02:00,58.60461086758372
2018-05-23 11:00:00+02:00,58.38490517527632
2018-05-23 12:00:00+02:00,58.271137526674174
2018-05-23 13:00:00+02:00,58.2939679761229
2018-05-23 14:00:00+02:00,57.40867868741241
2018-05-23 15:00:00+02:00,55.80951258431649
2018-05-23 16:00:00+02:00,54.875295551911826
2018-05-23 17:00:00+02:00,54.72402142640243
2018-05-23 18:00:00+02:00,55.91677837523986
2018-05-23 19:00:00+02:00,55.76537586548494
2018-05-23 20:00:00+02:00,55.39243571301338
2018-05-23 21:00:00+02:00,59.55879157484173
2018-05-23 22:00:00+02:00,57.616905441861
2018-05-23 23:00:00+02:00,55.74548537315837
2018-05-24 00:00:00+02:00,54.06152750851667
2018-05-24 01:00:00+02:00,51.09061711109339
2018-05-24 02:00:00+02:00,49.36681080494814
2018-05-24 03:00:00+02:00,50.481007109910855
2018-05-24 04:00:00+02:00,50.49867477605837
2018-05-24 05:00:00+02:00,50.00840277651261
2018-05-24 06:00:00+02:00,53.731758831114995
2018-05-24 07:00:00+02:00,54.892275757796305
2018-05-24 08:00:00+02:00,58.689834396635
2018-05-24 09:00:00+02:00,58.177977133937866
2018-05-24 10:00:00+02:00,59.26172403902711
2018-05-24 11:00:00+02:00,59.22365923068717
2018-05-24 12:00:00+02:00,58.02581133494356
2018-05-24 13:00:00+02:00,57.35066324168332
2018-05-24 14:00:00+02:00,57.00673153526478
2018-05-24 15:00:00+02:00,55.66930177083256
2018-05-24 16:00:00+02:00,54.64754009403592
2018-05-24 17:00:00+02:00,54.642246889717434
2018-05-24 18:00:00+02:00,55.14366587923674
2018-05-24 19:00:00+02:00,54.09851076859655
2018-05-24 20:00:00+02:00,57.91358616762093
2018-05-24 21:00:00+02:00,57.75781085243306
2018-05-24 22:00:00+02:00,56.581973818504316
2018-05-24 23:00:00+02:00,54.131143774917795
2018-05-25 00:00:00+02:00,52.03391684623184
2018-05-25 01:00:00+02:00,51.96273402237227
2018-05-25 02:00:00+02:00,49.791795042072785
2018-05-25 03:00:00+02:00,50.297964810036554
2018-05-25 04:00:00+02:00,51.122698826095956
2018-05-25 05:00:00+02:00,52.11139498227021
2018-05-25 06:00:00+02:00,52.642376450870984
2018-05-25 07:00:00+02:00,55.75609009133829
2018-05-25 08:00:00+02:00,59.24124639092489
2018-05-25 09:00:00+02:00,58.1159140097605
2018-05-25 10:00:00+02:00,58.76366529403279
2018-05-25 11:00:00+02:00,58.52342607434125
2018-05-25 12:00:00+02:00,58.957551162327114
2018-05-25 13:00:00+02:00,58.94637986346771
2018-05-25 14:00:00+02:00,58.53686972206248
2018-05-25 15:00:00+02:00,57.136826214344715
2018-05-25 16:00:00+02:00,56.37304783707102
2018-05-25 17:00:00+02:00,56.43976431812393
2018-05-25 18:00:00+02:00,56.055533494674215
2018-05-25 19:00:00+02:00,55.16907976539458
2018-05-25 20:00:00+02:00,55.89940930022883
2018-05-25 21:00:00+02:00,57.71658002087752
2018-05-25 22:00:00+02:00,56.37154663785653
2018-05-25 23:00:00+02:00,54.947751452923136
2018-05-26 00:00:00+02:00,55.88023825812363
2018-05-26 01:00:00+02:00,53.13263602275648
2018-05-26 02:00:00+02:00,51.06560367656598
2018-05-26 03:00:00+02:00,50.62353958592638
2018-05-26 04:00:00+02:00,50.85162393167507
2018-05-26 05:00:00+02:00,50.744782884637225
2018-05-26 06:00:00+02:00,50.656426608055206
2018-05-26 07:00:00+02:00,51.857327112101224
2018-05-26 08:00:00+02:00,52.79887714804147
2018-05-26 09:00:00+02:00,54.05871069668766
2018-05-26 10:00:00+02:00,53.8884905175166
2018-05-26 11:00:00+02:00,52.977355078227454
2018-05-26 12:00:00+02:00,52.57187574381186
2018-05-26 13:00:00+02:00,53.51139225689241
2018-05-26 14:00:00+02:00,52.5817970129116
2018-05-26 15:00:00+02:00,51.031502849584236
2018-05-26 16:00:00+02:00,50.60567874210989
2018-05-26 17:00:00+02:00,49.930568057909966
2018-05-26 18:00:00+02:00,50.436476672073184
2018-05-26 19:00:00+02:00,53.60354620903319
2018-05-26 20:00:00+02:00,56.70733702150765
2018-05-26 21:00:00+02:00,58.37120240285527
2018-05-26 22:00:00+02:00,58.36144369142525
2018-05-26 23:00:00+02:00,56.49571476995425
2018-05-27 00:00:00+02:00,55.72780133429043
2018-05-27 01:00:00+02:00,52.70028524039689
2018-05-27 02:00:00+02:00,50.70734944193199
2018-05-27 03:00:00+02:00,47.94739421203898
2018-05-27 04:00:00+02:00,46.73706535661188
2018-05-27 05:00:00+02:00,46.638364853793696
2018-05-27 06:00:00+02:00,46.64036018941399
2018-05-27 07:00:00+02:00,47.39763659490301
2018-05-27 08:00:00+02:00,47.880932245103146
2018-05-27 09:00:00+02:00,49.01499027199242
2018-05-27 10:00:00+02:00,49.9801512323535
2018-05-27 11:00:00+02:00,50.20052391665272
2018-05-27 12:00:00+02:00,50.05919045782773
2018-05-27 13:00:00+02:00,48.22699035609955
2018-05-27 14:00:00+02:00,48.00196460681977
2018-05-27 15:00:00+02:00,43.48461393053017
2018-05-27 16:00:00+02:00,42.215420578978105
2018-05-27 17:00:00+02:00,43.24237605368685
2018-05-27 18:00:00+02:00,43.65372823814268
2018-05-27 19:00:00+02:00,48.87330501664783
2018-05-27 20:00:00+02:00,52.042249067657046
2018-05-27 21:00:00+02:00,55.10746385479482
2018-05-27 22:00:00+02:00,55.7299546967598
2018-05-27 23:00:00+02:00,53.05281574765339
2018-05-28 00:00:00+02:00,53.0605790409223
2018-05-28 01:00:00+02:00,50.65871571587454
2018-05-28 02:00:00+02:00,48.26553914012902
2018-05-28 03:00:00+02:00,47.827739979769404
2018-05-28 04:00:00+02:00,49.02155829677313
2018-05-28 05:00:00+02:00,46.90510723843096
2018-05-28 06:00:00+02:00,50.43099345459752
2018-05-28 07:00:00+02:00,56.34202032748638
2018-05-28 08:00:00+02:00,58.46977385166439
2018-05-28 09:00:00+02:00,59.97106878916292
2018-05-28 10:00:00+02:00,59.04269448686389
2018-05-28 11:00:00+02:00,59.37459746611097
2018-05-28 12:00:00+02:00,59.40203064104472
2018-05-28 13:00:00+02:00,59.48785395412324
2018-05-28 14:00:00+02:00,59.22355453365969
2018-05-28 15:00:00+02:00,57.72167192456399
2018-05-28 16:00:00+02:00,56.627861208288685
2018-05-28 17:00:00+02:00,56.43539250785793
2018-05-28 18:00:00+02:00,56.73454789320251
2018-05-28 19:00:00+02:00,58.22824825969769
2018-05-28 20:00:00+02:00,58.18819512671029
2018-05-28 21:00:00+02:00,59.00242239302037
2018-05-28 22:00:00+02:00,58.38816947516827
2018-05-28 23:00:00+02:00,55.3280393612531
2018-05-29 00:00:00+02:00,55.474534882171746
2018-05-29 01:00:00+02:00,52.30786179452296
2018-05-29 02:00:00+02:00,50.40461905338369
2018-05-29 03:00:00+02:00,50.53192640618318
2018-05-29 04:00:00+02:00,50.55530009580843
2018-05-29 05:00:00+02:00,50.729274035882575
2018-05-29 06:00:00+02:00,53.41047973958796
2018-05-29 07:00:00+02:00,55.953336969605026
2018-05-29 08:00:00+02:00,58.83836153875666
2018-05-29 09:00:00+02:00,59.04877941060543
2018-05-29 10:00:00+02:00,59.74562691885513
2018-05-29 11:00:00+02:00,59.601501192479304
2018-05-29 12:00:00+02:00,59.303165175399364
2018-05-29 13:00:00+02:00,58.20501941791156
2018-05-29 14:00:00+02:00,57.2835196602688
2018-05-29 15:00:00+02:00,55.78747345231636
2018-05-29 16:00:00+02:00,52.21181410818151
2018-05-29 17:00:00+02:00,55.13977980854483
2018-05-29 18:00:00+02:00,56.200659744924934
2018-05-29 19:00:00+02:00,56.420626761643625
2018-05-29 20:00:00+02:00,57.19604232935967
2018-05-29 21:00:00+02:00,59.48976507510681
2018-05-29 22:00:00+02:00,58.28303936803866
2018-05-29 23:00:00+02:00,54.47331677415357
2018-05-30 00:00:00+02:00,55.781152889047426
2018-05-30 01:00:00+02:00,52.78043963818205
2018-05-30 02:00:00+02:00,50.77544676233384
2018-05-30 03:00:00+02:00,49.44611509830583
2018-05-30 04:00:00+02:00,48.99565587983978
2018-05-30 05:00:00+02:00,50.17370245561731
2018-05-30 06:00:00+02:00,52.29351435991892
2018-05-30 07:00:00+02:00,54.862861835122686
2018-05-30 08:00:00+02:00,57.904404670869134
2018-05-30 09:00:00+02:00,58.57170486954843
2018-05-30 10:00:00+02:00,58.73906981526583
2018-05-30 11:00:00+02:00,57.97818530276452
2018-05-30 12:00:00+02:00,58.22281383251135
2018-05-30 13:00:00+02:00,58.05483223955798
2018-05-30 14:00:00+02:00,56.41901196155644
2018-05-30 15:00:00+02:00,54.64485295727241
2018-05-30 16:00:00+02:00,52.706903378039556
2018-05-30 17:00:00+02:00,52.722901356482275
2018-05-30 18:00:00+02:00,54.546761738442534
2018-05-30 19:00:00+02:00,55.87939665972317
2018-05-30 20:00:00+02:00,56.72585584040445
2018-05-30 21:00:00+02:00,58.014194124652285
2018-05-30 22:00:00+02:00,57.19679763667625
2018-05-30 23:00:00+02:00,54.802673055599065
2018-05-31 00:00:00+02:00,55.65330407864487
2018-05-31 01:00:00+02:00,53.252368580589575
2018-05-31 02:00:00+02:00,50.8228887950116
2018-05-31 03:00:00+02:00,50.60869121247248
2018-05-31 04:00:00+02:00,49.93812101204414
2018-05-31 05:00:00+02:00,50.49751153020758
2018-05-31 06:00:00+02:00,52.922171754010854
2018-05-31 07:00:00+02:00,55.10790279272718
2018-05-31 08:00:00+02:00,57.889135617436075
2018-05-31 09:00:00+02:00,57.94538455079252
2018-05-31 10:00:00+02:00,58.60851420990844
2018-05-31 11:00:00+02:00,58.38130620860056
2018-05-31 12:00:00+02:00,58.04343137187613
2018-05-31 13:00:00+02:00,57.37294452855347
2018-05-31 14:00:00+02:00,56.01119536213546
2018-05-31 15:00:00+02:00,55.59876460428557
2018-05-31 16:00:00+02:00,54.440132535617636
2018-05-31 17:00:00+02:00,54.9046445271667
2018-05-31 18:00:00+02:00,56.07187238186
2018-05-31 19:00:00+02:00,56.18766871889204
2018-05-31 20:00:00+02:00,56.83722084312303
2018-05-31 21:00:00+02:00,57.93549431384408
2018-05-31 22:00:00+02:00,57.16211457904645
2018-05-31 23:00:00+02:00,54.25800169885449
2018-06-01 00:00:00+02:00,54.36531829237382
2018-06-01 01:00:00+02:00,55.02215657923472
2018-06-01 02:00:00+02:00,51.22660511869437
2018-06-01 03:00:00+02:00,51.61068996067297
2018-06-01 04:00:00+02:00,51.72333683432348
2018-06-01 05:00:00+02:00,51.91888328524565
2018-06-01 06:00:00+02:00,54.474864141015246
2018-06-01 07:00:00+02:00,56.651578807196984
2018-06-01 08:00:00+02:00,59.1345372504526
2018-06-01 09:00:00+02:00,59.39481767438926
2018-06-01 10:00:00+02:00,59.53404234166744
2018-06-01 11:00:00+02:00,59.492840806702695
2018-06-01 12:00:00+02:00,59.286920418748885
2018-06-01 13:00:00+02:00,58.58528371953552
2018-06-01 14:00:00+02:00,58.297718005330886
2018-06-01 15:00:00+02:00,56.33927296803171
2018-06-01 16:00:00+02:00,55.58720120573225
2018-06-01 17:00:00+02:00,55.63098095168643
2018-06-01 18:00:00+02:00,56.0628546757326
2018-06-01 19:00:00+02:00,56.07555143748316
2018-06-01 20:00:00+02:00,57.39510964817007
2018-06-01 21:00:00+02:00,58.20794243649548
2018-06-01 22:00:00+02:00,58.67580599290347
2018-06-01 23:00:00+02:00,54.58334481073848
2018-06-02 00:00:00+02:00,53.51325540067291
2018-06-02 01:00:00+02:00,53.49674258107998
2018-06-02 02:00:00+02:00,50.561140019890736
2018-06-02 03:00:00+02:00,51.358537403553896
2018-06-02 04:00:00+02:00,51.03429446204549
2018-06-02 05:00:00+02:00,51.11034869665766
2018-06-02 06:00:00+02:00,51.114465897694004
2018-06-02 07:00:00+02:00,51.78288415490804
2018-06-02 08:00:00+02:00,54.0591036439695
2018-06-02 09:00:00+02:00,54.291653871185964
2018-06-02 10:00:00+02:00,55.81848510093781
2018-06-02 11:00:00+02:00,56.59333544793145
2018-06-02 12:00:00+02:00,53.91892423284691
2018-06-02 13:00:00+02:00,54.81199960130389
2018-06-02 14:00:00+02:00,55.14820564655446
2018-06-02 15:00:00+02:00,54.003446231067095
2018-06-02 16:00:00+02:00,51.530390027993796
2018-06-02 17:00:00+02:00,52.325563720869646
2018-06-02 18:00:00+02:00,53.57250350739063
2018-06-02 19:00:00+02:00,50.51620519417779
2018-06-02 20:00:00+02:00,55.37143698521086
2018-06-02 21:00:00+02:00,56.239723645907134
2018-06-02 22:00:00+02:00,57.11405505111961
2018-06-02 23:00:00+02:00,54.64640714825975
2018-06-03 00:00:00+02:00,55.331218786147325
2018-06-03 01:00:00+02:00,51.347906569711796
2018-06-03 02:00:00+02:00,50.36801882434575
2018-06-03 03:00:00+02:00,48.14987440536378
2018-06-03 04:00:00+02:00,48.220363526879176
2018-06-03 05:00:00+02:00,47.9030236494325
2018-06-03 06:00:00+02:00,48.87455920208885
2018-06-03 07:00:00+02:00,49.03808704923347
2018-06-03 08:00:00+02:00,50.83170980886681
2018-06-03 09:00:00+02:00,51.54322010070879
2018-06-03 10:00:00+02:00,52.37407101351209
2018-06-03 11:00:00+02:00,52.06678576441158
2018-06-03 12:00:00+02:00,51.71343369442419
2018-06-03 13:00:00+02:00,51.09494953308032
2018-06-03 14:00:00+02:00,50.91380644855409
2018-06-03 15:00:00+02:00,47.45465971366601
2018-06-03 16:00:00+02:00,47.46324577549964
2018-06-03 17:00:00+02:00,47.69477801932951
2018-06-03 18:00:00+02:00,49.40549219894663
2018-06-03 19:00:00+02:00,50.62583734488836
2018-06-03 20:00:00+02:00,52.99831627989713
2018-06-03 21:00:00+02:00,58.84436777087239
2018-06-03 22:00:00+02:00,58.337821607606664
2018-06-03 23:00:00+02:00,58.02735804704536
2018-06-04 00:00:00+02:00,53.350549280462104
2018-06-04 01:00:00+02:00,50.667896455890336
2018-06-04 02:00:00+02:00,47.67743906866281
2018-06-04 03:00:00+02:00,45.81630140116755
2018-06-04 04:00:00+02:00,46.2362635115201
2018-06-04 05:00:00+02:00,48.27259777555156
2018-06-04 06:00:00+02:00,49.939868591129404
2018-06-04 07:00:00+02:00,54.44736778820414
2018-06-04 08:00:00+02:00,57.75488568763016
2018-06-04 09:00:00+02:00,60.09094802602599
2018-06-04 10:00:00+02:00,59.81873011527622
2018-06-04 11:00:00+02:00,58.99839415735434
2018-06-04 12:00:00+02:00,57.98682799401768
2018-06-04 13:00:00+02:00,57.50551196430664
2018-06-04 14:00:00+02:00,56.51952488091285
2018-06-04 15:00:00+02:00,55.59874382648988
2018-06-04 16:00:00+02:00,54.70810440555127
2018-06-04 17:00:00+02:00,55.39788565278946
2018-06-04 18:00:00+02:00,55.9159505675673
2018-06-04 19:00:00+02:00,56.0460553431811
2018-06-04 20:00:00+02:00,57.57284732354015
2018-06-04 21:00:00+02:00,56.923414891999435
2018-06-04 22:00:00+02:00,57.10697719712036
2018-06-04 23:00:00+02:00,53.73152262496569
2018-06-05 00:00:00+02:00,48.06030065721396
2018-06-05 01:00:00+02:00,46.05346804915535
2018-06-05 02:00:00+02:00,43.73867766529717
2018-06-05 03:00:00+02:00,41.874709108766545
2018-06-05 04:00:00+02:00,43.39886802152139
2018-06-05 05:00:00+02:00,42.49264632865046
2018-06-05 06:00:00+02:00,45.870291147991054
2018-06-05 07:00:00+02:00,52.493970220570326
2018-06-05 08:00:00+02:00,55.74227201205448
2018-06-05 09:00:00+02:00,56.567134801301954
2018-06-05 10:00:00+02:00,57.406345200302816
2018-06-05 11:00:00+02:00,56.39123630970105
2018-06-05 12:00:00+02:00,55.50600053436477
2018-06-05 13:00:00+02:00,54.64150814665686
2018-06-05 14:00:00+02:00,53.449059057912564
2018-06-05 15:00:00+02:00,53.470339392204416
2018-06-05 16:00:00+02:00,52.496501345527086
2018-06-05 17:00:00+02:00,53.16118280053605
2018-06-05 18:00:00+02:00,54.42697670371342
2018-06-05 19:00:00+02:00,55.348996090471786
2018-06-05 20:00:00+02:00,56.07599007795472
2018-06-05 21:00:00+02:00,57.56662985129183
2018-06-05 22:00:00+02:00,56.26734787350964
2018-06-05 23:00:00+02:00,52.01462816596493
2018-06-06 00:00:00+02:00,52.10830828062433
2018-06-06 01:00:00+02:00,51.17149420634551
2018-06-06 02:00:00+02:00,49.68646723160192
2018-06-06 03:00:00+02:00,48.32816928325212
2018-06-06 04:00:00+02:00,47.31520989170284
2018-06-06 05:00:00+02:00,48.08701147041565
2018-06-06 06:00:00+02:00,51.25044318212287
2018-06-06 07:00:00+02:00,54.12459554129614
2018-06-06 08:00:00+02:00,58.0287131829703
2018-06-06 09:00:00+02:00,58.580190952036126
2018-06-06 10:00:00+02:00,57.82575751454015
2018-06-06 11:00:00+02:00,58.46128262820502
2018-06-06 12:00:00+02:00,57.69110497392274
2018-06-06 13:00:00+02:00,58.42015875049301
2018-06-06 14:00:00+02:00,57.662284465013414
2018-06-06 15:00:00+02:00,55.23777297478838
2018-06-06 16:00:00+02:00,55.8213015447295
2018-06-06 17:00:00+02:00,56.53856843954079
2018-06-06 18:00:00+02:00,55.68368409751167
2018-06-06 19:00:00+02:00,57.44370132203318
2018-06-06 20:00:00+02:00,58.47280993899193
2018-06-06 21:00:00+02:00,59.443724245053566
2018-06-06 22:00:00+02:00,58.54519452478424
2018-06-06 23:00:00+02:00,55.39300528396938
2018-06-07 00:00:00+02:00,55.55557669920569
2018-06-07 01:00:00+02:00,53.96337767463523
2018-06-07 02:00:00+02:00,51.49520263702332
2018-06-07 03:00:00+02:00,50.574335767241415
2018-06-07 04:00:00+02:00,51.54682910237335
2018-06-07 05:00:00+02:00,51.189753309211376
2018-06-07 06:00:00+02:00,54.6664042529084
2018-06-07 07:00:00+02:00,57.750049952481284
2018-06-07 08:00:00+02:00,60.041515455787476
2018-06-07 09:00:00+02:00,61.26395008442737
2018-06-07 10:00:00+02:00,60.59179666529388
2018-06-07 11:00:00+02:00,61.132865603739695
2018-06-07 12:00:00+02:00,60.03405001903809
2018-06-07 13:00:00+02:00,59.48623619017919
2018-06-07 14:00:00+02:00,59.10998194972256
2018-06-07 15:00:00+02:00,57.45860276119763
2018-06-07 16:00:00+02:00,57.3575150960836
2018-06-07 17:00:00+02:00,56.59146823650911
2018-06-07 18:00:00+02:00,57.147664638418725
2018-06-07 19:00:00+02:00,56.920166917423465
2018-06-07 20:00:00+02:00,59.000478150201474
2018-06-07 21:00:00+02:00,60.84145521067322
2018-06-07 22:00:00+02:00,60.63099263827118
2018-06-07 23:00:00+02:00,57.65786103560766
2018-06-08 00:00:00+02:00,56.89021065975539
2018-06-08 01:00:00+02:00,52.55330164229732
2018-06-08 02:00:00+02:00,48.52443683675543
2018-06-08 03:00:00+02:00,49.74201605169005
2018-06-08 04:00:00+02:00,50.02103226173858
2018-06-08 05:00:00+02:00,50.86163671276952
2018-06-08 06:00:00+02:00,53.652867456066
2018-06-08 07:00:00+02:00,56.56781261281265
2018-06-08 08:00:00+02:00,59.993420859397304
2018-06-08 09:00:00+02:00,60.77804045264051
2018-06-08 10:00:00+02:00,60.55551126890765
2018-06-08 11:00:00+02:00,60.87476739182225
2018-06-08 12:00:00+02:00,61.059169869031656
2018-06-08 13:00:00+02:00,60.82049294932144
2018-06-08 14:00:00+02:00,60.22005768689977
2018-06-08 15:00:00+02:00,57.495249347280115
2018-06-08 16:00:00+02:00,55.90831644296889
2018-06-08 17:00:00+02:00,54.73670575263978
2018-06-08 18:00:00+02:00,55.639025175887674
2018-06-08 19:00:00+02:00,55.98482923070162
2018-06-08 20:00:00+02:00,56.92230489984896
2018-06-08 21:00:00+02:00,60.133467985279346
2018-06-08 22:00:00+02:00,60.14546558312842
2018-06-08 23:00:00+02:00,57.121045503367405
2018-06-09 00:00:00+02:00,57.446192989858766
2018-06-09 01:00:00+02:00,55.55104902157266
2018-06-09 02:00:00+02:00,52.27442315625649
2018-06-09 03:00:00+02:00,52.40210553795072
2018-06-09 04:00:00+02:00,50.871651262859075
2018-06-09 05:00:00+02:00,50.385666874718275
2018-06-09 06:00:00+02:00,51.07250779119689
2018-06-09 07:00:00+02:00,51.35887328562314
2018-06-09 08:00:00+02:00,53.22872261215203
2018-06-09 09:00:00+02:00,54.784149241933335
2018-06-09 10:00:00+02:00,55.68801591794519
2018-06-09 11:00:00+02:00,57.27993521508754
2018-06-09 12:00:00+02:00,57.260817953866955
2018-06-09 13:00:00+02:00,57.05791517712706
2018-06-09 14:00:00+02:00,56.197739088988804
2018-06-09 15:00:00+02:00,56.174995376715145
2018-06-09 16:00:00+02:00,54.4101617202347
2018-06-09 17:00:00+02:00,53.47000842291618
2018-06-09 18:00:00+02:00,52.935866000186856
2018-06-09 19:00:00+02:00,55.66493020334723
2018-06-09 20:00:00+02:00,56.694014742670085
2018-06-09 21:00:00+02:00,59.494406942226725
2018-06-09 22:00:00+02:00,60.00143327173462
2018-06-09 23:00:00+02:00,57.42242114655493
2018-06-10 00:00:00+02:00,56.61599723849415
2018-06-10 01:00:00+02:00,56.0749782374185
2018-06-10 02:00:00+02:00,50.582012600582146
2018-06-10 03:00:00+02:00,49.3652090542573
2018-06-10 04:00:00+02:00,48.68544209629036
2018-06-10 05:00:00+02:00,48.565095106788284
2018-06-10 06:00:00+02:00,49.270170366662285
2018-06-10 07:00:00+02:00,49.832731832817664
2018-06-10 08:00:00+02:00,52.37068826825405
2018-06-10 09:00:00+02:00,52.55557412309577
2018-06-10 10:00:00+02:00,52.146983006880895
2018-06-10 11:00:00+02:00,54.850457875926885
2018-06-10 12:00:00+02:00,56.976172898616404
2018-06-10 13:00:00+02:00,54.929560060303096
2018-06-10 14:00:00+02:00,52.95106737302755
2018-06-10 15:00:00+02:00,49.81864921219875
2018-06-10 16:00:00+02:00,46.83199891232045
2018-06-10 17:00:00+02:00,48.51118604697291
2018-06-10 18:00:00+02:00,49.19212290026621
2018-06-10 19:00:00+02:00,51.24052312002971
2018-06-10 20:00:00+02:00,55.335479090682405
2018-06-10 21:00:00+02:00,56.518574186952264
2018-06-10 22:00:00+02:00,57.16613423787757
2018-06-10 23:00:00+02:00,53.42123057569075
2018-06-11 00:00:00+02:00,51.95079168558948
2018-06-11 01:00:00+02:00,48.28567549017396
2018-06-11 02:00:00+02:00,45.86098819041977
2018-06-11 03:00:00+02:00,43.41670732989224
2018-06-11 04:00:00+02:00,42.782448697255724
2018-06-11 05:00:00+02:00,42.99845554889631
2018-06-11 06:00:00+02:00,48.172014851415945
2018-06-11 07:00:00+02:00,53.07581074564746
2018-06-11 08:00:00+02:00,57.754479981758806
2018-06-11 09:00:00+02:00,59.21567507494066
2018-06-11 10:00:00+02:00,58.91598364318812
2018-06-11 11:00:00+02:00,59.46145439000782
2018-06-11 12:00:00+02:00,59.99612717596164
2018-06-11 13:00:00+02:00,58.73568981549755
2018-06-11 14:00:00+02:00,57.34937551703166
2018-06-11 15:00:00+02:00,56.705953138067365
2018-06-11 16:00:00+02:00,56.58918733811486
2018-06-11 17:00:00+02:00,57.21381242335364
2018-06-11 18:00:00+02:00,57.95277795998344
2018-06-11 19:00:00+02:00,59.62763683386867
2018-06-11 20:00:00+02:00,59.59695284721251
2018-06-11 21:00:00+02:00,60.63025708917527
2018-06-11 22:00:00+02:00,59.95359667496522
2018-06-11 23:00:00+02:00,56.996310701386655
2018-06-12 00:00:00+02:00,51.755084785594484
2018-06-12 01:00:00+02:00,48.996218505199266
2018-06-12 02:00:00+02:00,46.753593013440316
2018-06-12 03:00:00+02:00,46.749680856905876
2018-06-12 04:00:00+02:00,46.09767544233345
2018-06-12 05:00:00+02:00,45.54111961771036
2018-06-12 06:00:00+02:00,49.74564399582861
2018-06-12 07:00:00+02:00,54.339005980624336
2018-06-12 08:00:00+02:00,57.09812093599476
2018-06-12 09:00:00+02:00,57.3713307250464
2018-06-12 10:00:00+02:00,58.12520118623868
2018-06-12 11:00:00+02:00,59.059960931819056
2018-06-12 12:00:00+02:00,56.73978461590613
2018-06-12 13:00:00+02:00,56.68824008254139
2018-06-12 14:00:00+02:00,56.13388818934703
2018-06-12 15:00:00+02:00,54.240938612997574
2018-06-12 16:00:00+02:00,54.8141088630652
2018-06-12 17:00:00+02:00,54.38781269771338
2018-06-12 18:00:00+02:00,54.43900062877796
2018-06-12 19:00:00+02:00,54.95769967838462
2018-06-12 20:00:00+02:00,56.14918971744843
2018-06-12 21:00:00+02:00,57.72389557253759
2018-06-12 22:00:00+02:00,56.475980169518294
2018-06-12 23:00:00+02:00,53.75309554336969
2018-06-13 00:00:00+02:00,51.471089894467354
2018-06-13 01:00:00+02:00,47.688502735578034
2018-06-13 02:00:00+02:00,44.29215767590163
2018-06-13 03:00:00+02:00,44.34098019474319
2018-06-13 04:00:00+02:00,44.837468285577565
2018-06-13 05:00:00+02:00,45.88845030735509
2018-06-13 06:00:00+02:00,49.16257560261406
2018-06-13 07:00:00+02:00,51.22186005965805
2018-06-13 08:00:00+02:00,55.33155480687055
2018-06-13 09:00:00+02:00,55.585177741254746
2018-06-13 10:00:00+02:00,55.87310660080123
2018-06-13 11:00:00+02:00,55.02470688660591
2018-06-13 12:00:00+02:00,55.382481706887766
2018-06-13 13:00:00+02:00,54.39073963729052
2018-06-13 14:00:00+02:00,53.81453174259616
2018-06-13 15:00:00+02:00,53.847821012997535
2018-06-13 16:00:00+02:00,53.01380178204237
2018-06-13 17:00:00+02:00,52.94040057421133
2018-06-13 18:00:00+02:00,52.627824628044664
2018-06-13 19:00:00+02:00,53.41356448199502
2018-06-13 20:00:00+02:00,55.79964160943118
2018-06-13 21:00:00+02:00,56.406158259820984
2018-06-13 22:00:00+02:00,55.977511770637456
2018-06-13 23:00:00+02:00,53.63722967852623
2018-06-14 00:00:00+02:00,51.9430763342757
2018-06-14 01:00:00+02:00,49.55887466986093
2018-06-14 02:00:00+02:00,46.338986487702904
2018-06-14 03:00:00+02:00,47.677903139606734
2018-06-14 04:00:00+02:00,47.292675721014085
2018-06-14 05:00:00+02:00,47.570859383123185
2018-06-14 06:00:00+02:00,51.20776095934459
2018-06-14 07:00:00+02:00,53.71290848913901
2018-06-14 08:00:00+02:00,56.765576873466635
2018-06-14 09:00:00+02:00,57.46890443361607
2018-06-14 10:00:00+02:00,57.40906882748903
2018-06-14 11:00:00+02:00,57.88329508907152
2018-06-14 12:00:00+02:00,57.3292793178645
2018-06-14 13:00:00+02:00,57.30102790455712
2018-06-14 14:00:00+02:00,57.04889021757263
2018-06-14 15:00:00+02:00,54.72340660966523
2018-06-14 16:00:00+02:00,53.759732357029264
2018-06-14 17:00:00+02:00,55.116738479804376
2018-06-14 18:00:00+02:00,55.238307403092286
2018-06-14 19:00:00+02:00,55.8254497211841
2018-06-14 20:00:00+02:00,57.64979347679426
2018-06-14 21:00:00+02:00,58.864632602789264
2018-06-14 22:00:00+02:00,56.411786829459565
2018-06-14 23:00:00+02:00,53.70771208393586
2018-06-15 00:00:00+02:00,53.17372135304904
2018-06-15 01:00:00+02:00,50.28496266596877
2018-06-15 02:00:00+02:00,50.745221693946576
2018-06-15 03:00:00+02:00,49.656380465823226
2018-06-15 04:00:00+02:00,49.83251976283308
2018-06-15 05:00:00+02:00,50.51289681807382
2018-06-15 06:00:00+02:00,52.320297643539085
2018-06-15 07:00:00+02:00,54.85736548426346
2018-06-15 08:00:00+02:00,56.71448009267966
2018-06-15 09:00:00+02:00,56.94829715206913
2018-06-15 10:00:00+02:00,56.63873944163083
2018-06-15 11:00:00+02:00,57.156626799116985
2018-06-15 12:00:00+02:00,57.77283854187709
2018-06-15 13:00:00+02:00,57.49492416810097
2018-06-15 14:00:00+02:00,56.51945735874853
2018-06-15 15:00:00+02:00,54.9545056939485
2018-06-15 16:00:00+02:00,54.675832181008445
2018-06-15 17:00:00+02:00,53.989750119831804
2018-06-15 18:00:00+02:00,54.45736266210769
2018-06-15 19:00:00+02:00,54.22388703824092
2018-06-15 20:00:00+02:00,54.636009656798706
2018-06-15 21:00:00+02:00,57.064851075150465
2018-06-15 22:00:00+02:00,55.788150794493184
2018-06-15 23:00:00+02:00,53.40096992023425
2018-06-16 00:00:00+02:00,53.00685010544493
2018-06-16 01:00:00+02:00,50.125759213858856
2018-06-16 02:00:00+02:00,49.1003429906429
2018-06-16 03:00:00+02:00,50.41112528116315
2018-06-16 04:00:00+02:00,47.90678485058415
2018-06-16 05:00:00+02:00,49.45513319811936
2018-06-16 06:00:00+02:00,49.11802860766318
2018-06-16 07:00:00+02:00,50.284766285016644
2018-06-16 08:00:00+02:00,51.79333069757922
2018-06-16 09:00:00+02:00,52.4120405723098
2018-06-16 10:00:00+02:00,53.40416118666921
2018-06-16 11:00:00+02:00,53.96675874586138
2018-06-16 12:00:00+02:00,53.92116277546765
2018-06-16 13:00:00+02:00,54.165285121616954
2018-06-16 14:00:00+02:00,53.62903451619896
2018-06-16 15:00:00+02:00,51.009191973709456
2018-06-16 16:00:00+02:00,49.99947854459225
2018-06-16 17:00:00+02:00,48.99054332409105
2018-06-16 18:00:00+02:00,48.33639186500067
2018-06-16 19:00:00+02:00,48.905643663836145
2018-06-16 20:00:00+02:00,50.47716421204054
2018-06-16 21:00:00+02:00,53.82084189926824
2018-06-16 22:00:00+02:00,53.07459414697707
2018-06-16 23:00:00+02:00,50.573831675329075
2018-06-17 00:00:00+02:00,49.51912230161836
2018-06-17 01:00:00+02:00,49.37429539460135
2018-06-17 02:00:00+02:00,45.08146571046057
2018-06-17 03:00:00+02:00,45.313569914995526
2018-06-17 04:00:00+02:00,45.73233911710704
2018-06-17 05:00:00+02:00,45.445942064000405
2018-06-17 06:00:00+02:00,44.42663701211334
2018-06-17 07:00:00+02:00,44.317553077097614
2018-06-17 08:00:00+02:00,46.32221906708346
2018-06-17 09:00:00+02:00,46.9923134584344
2018-06-17 10:00:00+02:00,48.47192550862931
2018-06-17 11:00:00+02:00,48.977173803609304
2018-06-17 12:00:00+02:00,49.50289475761894
2018-06-17 13:00:00+02:00,49.606092700174095
2018-06-17 14:00:00+02:00,48.99190306833475
2018-06-17 15:00:00+02:00,46.852130241568126
2018-06-17 16:00:00+02:00,45.648889710795835
2018-06-17 17:00:00+02:00,44.96978308297006
2018-06-17 18:00:00+02:00,46.37479347824054
2018-06-17 19:00:00+02:00,47.95120144050414
2018-06-17 20:00:00+02:00,51.37886176089902
2018-06-17 21:00:00+02:00,54.46105333355653
2018-06-17 22:00:00+02:00,55.84269195947846
2018-06-17 23:00:00+02:00,52.28951465934606
2018-06-18 00:00:00+02:00,51.40153381549772
2018-06-18 01:00:00+02:00,49.59531875013203
2018-06-18 02:00:00+02:00,46.282484812726494
2018-06-18 03:00:00+02:00,43.305071930436135
2018-06-18 04:00:00+02:00,44.19449937110289
2018-06-18 05:00:00+02:00,46.03434269923128
2018-06-18 06:00:00+02:00,50.38962175287828
2018-06-18 07:00:00+02:00,52.75098004334615
2018-06-18 08:00:00+02:00,54.448715821829694
2018-06-18 09:00:00+02:00,54.38126465842453
2018-06-18 10:00:00+02:00,54.82259217789389
2018-06-18 11:00:00+02:00,54.11459164131299
2018-06-18 12:00:00+02:00,56.00484068872796
2018-06-18 13:00:00+02:00,55.71634601891071
2018-06-18 14:00:00+02:00,55.995232193836706
2018-06-18 15:00:00+02:00,54.279024838932266
2018-06-18 16:00:00+02:00,54.273210014731596
2018-06-18 17:00:00+02:00,53.92600320940178
2018-06-18 18:00:00+02:00,52.700758592800035
2018-06-18 19:00:00+02:00,53.22061236978592
2018-06-18 20:00:00+02:00,53.735271129244445
2018-06-18 21:00:00+02:00,54.78666302907876
2018-06-18 22:00:00+02:00,54.43891725827647
2018-06-18 23:00:00+02:00,51.156642127409064
2018-06-19 00:00:00+02:00,50.78039571448402
2018-06-19 01:00:00+02:00,47.66781035139928
2018-06-19 02:00:00+02:00,44.69996604098674
2018-06-19 03:00:00+02:00,44.73989348540574
2018-06-19 04:00:00+02:00,44.29948785211338
2018-06-19 05:00:00+02:00,44.94467329694883
2018-06-19 06:00:00+02:00,50.248878336848556
2018-06-19 07:00:00+02:00,53.38462968399288
2018-06-19 08:00:00+02:00,55.61503144088917
2018-06-19 09:00:00+02:00,56.252650262089226
2018-06-19 10:00:00+02:00,56.00195863975447
2018-06-19 11:00:00+02:00,56.34783970865544
2018-06-19 12:00:00+02:00,56.27572964669969
2018-06-19 13:00:00+02:00,57.366226273807115
2018-06-19 14:00:00+02:00,56.29431132869886
2018-06-19 15:00:00+02:00,55.53200012516704
2018-06-19 16:00:00+02:00,55.070588533164624
2018-06-19 17:00:00+02:00,55.421251106484895
2018-06-19 18:00:00+02:00,55.19702507885429
2018-06-19 19:00:00+02:00,56.10048213221512
2018-06-19 20:00:00+02:00,56.416220713748054
2018-06-19 21:00:00+02:00,57.044249945337675
2018-06-19 22:00:00+02:00,56.31450133161798
2018-06-19 23:00:00+02:00,53.43696682514431
2018-06-20 00:00:00+02:00,53.41004041522884
2018-06-20 01:00:00+02:00,52.0019212242134
2018-06-20 02:00:00+02:00,48.52242540783908
2018-06-20 03:00:00+02:00,49.712170054464906
2018-06-20 04:00:00+02:00,49.195183578760556
2018-06-20 05:00:00+02:00,49.91161437829208
2018-06-20 06:00:00+02:00,53.08972929232709
2018-06-20 07:00:00+02:00,55.363250090976265
2018-06-20 08:00:00+02:00,57.60405994254368
2018-06-20 09:00:00+02:00,58.178793650968835
2018-06-20 10:00:00+02:00,58.03089078770211
2018-06-20 11:00:00+02:00,58.69302093835213
2018-06-20 12:00:00+02:00,58.70637279571349
2018-06-20 13:00:00+02:00,58.79083863117818
2018-06-20 14:00:00+02:00,58.5877758583633
2018-06-20 15:00:00+02:00,57.16535701414193
2018-06-20 16:00:00+02:00,56.5665723808936
2018-06-20 17:00:00+02:00,56.71466664448682
2018-06-20 18:00:00+02:00,56.625638303528966
2018-06-20 19:00:00+02:00,56.79766177140908
2018-06-20 20:00:00+02:00,57.4814376394047
2018-06-20 21:00:00+02:00,58.47111287781814
2018-06-20 22:00:00+02:00,57.86136027417442
2018-06-20 23:00:00+02:00,54.97327474941574
2018-06-21 00:00:00+02:00,53.479844673164536
2018-06-21 01:00:00+02:00,52.9739631406562
2018-06-21 02:00:00+02:00,50.149991658811494
2018-06-21 03:00:00+02:00,50.826105841258986
2018-06-21 04:00:00+02:00,51.46389632012329
2018-06-21 05:00:00+02:00,51.52656447404044
2018-06-21 06:00:00+02:00,53.74240787033045
2018-06-21 07:00:00+02:00,56.10244208579447
2018-06-21 08:00:00+02:00,58.944629888605256
2018-06-21 09:00:00+02:00,58.953517630286036
2018-06-21 10:00:00+02:00,59.23473200053849
2018-06-21 11:00:00+02:00,59.254890262834955
2018-06-21 12:00:00+02:00,59.84518235573188
2018-06-21 13:00:00+02:00,59.738935743188925
2018-06-21 14:00:00+02:00,59.51440269489991
2018-06-21 15:00:00+02:00,57.8388444473538
2018-06-21 16:00:00+02:00,57.362287672388085
2018-06-21 17:00:00+02:00,56.899568653371965
2018-06-21 18:00:00+02:00,56.42457363347116
2018-06-21 19:00:00+02:00,56.47873032764429
2018-06-21 20:00:00+02:00,56.49202282846704
2018-06-21 21:00:00+02:00,57.624134540614875
2018-06-21 22:00:00+02:00,57.90906483123649
2018-06-21 23:00:00+02:00,54.62265066776336
2018-06-22 00:00:00+02:00,54.05641476974182
2018-06-22 01:00:00+02:00,52.59110775619533
2018-06-22 02:00:00+02:00,50.54155740265818
2018-06-22 03:00:00+02:00,50.91020728217905
2018-06-22 04:00:00+02:00,50.07151237671917
2018-06-22 05:00:00+02:00,50.10324240736933
2018-06-22 06:00:00+02:00,51.98401724104116
2018-06-22 07:00:00+02:00,54.934285308858705
2018-06-22 08:00:00+02:00,57.27623684351331
2018-06-22 09:00:00+02:00,57.85744174132643
2018-06-22 10:00:00+02:00,57.5113494581781
2018-06-22 11:00:00+02:00,58.33865190385436
2018-06-22 12:00:00+02:00,58.654024509609805
2018-06-22 13:00:00+02:00,59.377729557670364
2018-06-22 14:00:00+02:00,58.44505526899402
2018-06-22 15:00:00+02:00,56.92449654237148
2018-06-22 16:00:00+02:00,56.434424444211714
2018-06-22 17:00:00+02:00,56.18215079680189
2018-06-22 18:00:00+02:00,55.559784769311825
2018-06-22 19:00:00+02:00,55.87870435006679
2018-06-22 20:00:00+02:00,55.99780227086922
2018-06-22 21:00:00+02:00,56.71543396121189
2018-06-22 22:00:00+02:00,57.42284812208161
2018-06-22 23:00:00+02:00,54.63987583896446
2018-06-23 00:00:00+02:00,53.274504615320815
2018-06-23 01:00:00+02:00,52.386681793825225
2018-06-23 02:00:00+02:00,49.65071556448972
2018-06-23 03:00:00+02:00,49.53928484762158
2018-06-23 04:00:00+02:00,50.19313010665923
2018-06-23 05:00:00+02:00,49.867567809935146
2018-06-23 06:00:00+02:00,49.91639060606743
2018-06-23 07:00:00+02:00,49.96999834626545
2018-06-23 08:00:00+02:00,51.91468838903529
2018-06-23 09:00:00+02:00,52.49786732281411
2018-06-23 10:00:00+02:00,53.54781648436583
2018-06-23 11:00:00+02:00,54.02642678057731
2018-06-23 12:00:00+02:00,55.4461762643029
2018-06-23 13:00:00+02:00,56.10214035828559
2018-06-23 14:00:00+02:00,54.570391121126455
2018-06-23 15:00:00+02:00,52.773605941972136
2018-06-23 16:00:00+02:00,52.30851107121333
2018-06-23 17:00:00+02:00,52.11271048511142
2018-06-23 18:00:00+02:00,52.76555242682904
2018-06-23 19:00:00+02:00,53.61035833290537
2018-06-23 20:00:00+02:00,55.53629625038218
2018-06-23 21:00:00+02:00,57.3755932824493
2018-06-23 22:00:00+02:00,56.96852055433169
2018-06-23 23:00:00+02:00,55.5831282844806
2018-06-24 00:00:00+02:00,55.138449823803704
2018-06-24 01:00:00+02:00,51.289912924506666
2018-06-24 02:00:00+02:00,49.800810153227964
2018-06-24 03:00:00+02:00,49.86449590181633
2018-06-24 04:00:00+02:00,48.98143683935255
2018-06-24 05:00:00+02:00,48.400015987787185
2018-06-24 06:00:00+02:00,48.37297963540849
2018-06-24 07:00:00+02:00,49.03720721794329
2018-06-24 08:00:00+02:00,47.97667837660458
2018-06-24 09:00:00+02:00,49.36429528447647
2018-06-24 10:00:00+02:00,51.06002225217991
2018-06-24 11:00:00+02:00,52.02445236132641
2018-06-24 12:00:00+02:00,52.93334814545102
2018-06-24 13:00:00+02:00,53.31706964914998
2018-06-24 14:00:00+02:00,51.817694106453466
2018-06-24 15:00:00+02:00,50.058035873896785
2018-06-24 16:00:00+02:00,49.38864568850858
2018-06-24 17:00:00+02:00,48.44495352341485
2018-06-24 18:00:00+02:00,49.98001708175813
2018-06-24 19:00:00+02:00,52.867471240785896
2018-06-24 20:00:00+02:00,55.493867078309655
2018-06-24 21:00:00+02:00,59.81503510923189
2018-06-24 22:00:00+02:00,59.76750576295138
2018-06-24 23:00:00+02:00,58.26115655058311
2018-06-25 00:00:00+02:00,56.7290374964011
2018-06-25 01:00:00+02:00,53.6455954136087
2018-06-25 02:00:00+02:00,50.2557779915984
2018-06-25 03:00:00+02:00,48.48805927197149
2018-06-25 04:00:00+02:00,48.37077503232158
2018-06-25 05:00:00+02:00,50.755832159187385
2018-06-25 06:00:00+02:00,54.817151461122364
2018-06-25 07:00:00+02:00,56.64535765514654
2018-06-25 08:00:00+02:00,59.56983484240984
2018-06-25 09:00:00+02:00,60.176233674139674
2018-06-25 10:00:00+02:00,60.89364488606183
2018-06-25 11:00:00+02:00,61.107539921095054
2018-06-25 12:00:00+02:00,62.05734617136375
2018-06-25 13:00:00+02:00,62.22509243696326
2018-06-25 14:00:00+02:00,61.87522154649172
2018-06-25 15:00:00+02:00,60.16807884644783
2018-06-25 16:00:00+02:00,59.69111630877283
2018-06-25 17:00:00+02:00,59.87521127662694
2018-06-25 18:00:00+02:00,59.413876132247005
2018-06-25 19:00:00+02:00,59.93542223105626
2018-06-25 20:00:00+02:00,59.08831594119912
2018-06-25 21:00:00+02:00,59.6301650974832
2018-06-25 22:00:00+02:00,59.919225315621304
2018-06-25 23:00:00+02:00,57.94355975410492
2018-06-26 00:00:00+02:00,56.71184145594882
2018-06-26 01:00:00+02:00,53.61866296394015
2018-06-26 02:00:00+02:00,50.975707241320556
2018-06-26 03:00:00+02:00,49.78633906048412
2018-06-26 04:00:00+02:00,48.770308092239425
2018-06-26 05:00:00+02:00,50.42056653267533
2018-06-26 06:00:00+02:00,53.41921143631265
2018-06-26 07:00:00+02:00,55.94118951484189
2018-06-26 08:00:00+02:00,59.20254474349391
2018-06-26 09:00:00+02:00,59.94349353638026
2018-06-26 10:00:00+02:00,59.983053709909804
2018-06-26 11:00:00+02:00,60.45276074095292
2018-06-26 12:00:00+02:00,60.46943244683217
2018-06-26 13:00:00+02:00,60.66131677256309
2018-06-26 14:00:00+02:00,59.80759570765449
2018-06-26 15:00:00+02:00,58.72246688217508
2018-06-26 16:00:00+02:00,58.15282717270427
2018-06-26 17:00:00+02:00,57.74940952670556
2018-06-26 18:00:00+02:00,57.387759724556815
2018-06-26 19:00:00+02:00,57.20778081984042
2018-06-26 20:00:00+02:00,57.60480778970737
2018-06-26 21:00:00+02:00,58.426831916641135
2018-06-26 22:00:00+02:00,58.786517057666344
2018-06-26 23:00:00+02:00,56.059502199786955
2018-06-27 00:00:00+02:00,53.943850517920225
2018-06-27 01:00:00+02:00,52.51913580628639
2018-06-27 02:00:00+02:00,50.224795171338904
2018-06-27 03:00:00+02:00,50.03474429904748
2018-06-27 04:00:00+02:00,49.1374868391124
2018-06-27 05:00:00+02:00,51.321255356040865
2018-06-27 06:00:00+02:00,54.5998625318513
2018-06-27 07:00:00+02:00,56.811219319389004
2018-06-27 08:00:00+02:00,58.75852948679266
2018-06-27 09:00:00+02:00,59.57714067334311
2018-06-27 10:00:00+02:00,59.90958100848601
2018-06-27 11:00:00+02:00,60.205271537633074
2018-06-27 12:00:00+02:00,60.80387198314486
2018-06-27 13:00:00+02:00,59.76201958679676
2018-06-27 14:00:00+02:00,59.62034243812361
2018-06-27 15:00:00+02:00,58.498124889388016
2018-06-27 16:00:00+02:00,57.784565087214126
2018-06-27 17:00:00+02:00,57.59271119323196
2018-06-27 18:00:00+02:00,56.663593850341975
2018-06-27 19:00:00+02:00,57.13332811524197
2018-06-27 20:00:00+02:00,57.47306888735622
2018-06-27 21:00:00+02:00,58.55538347944178
2018-06-27 22:00:00+02:00,57.77076465671717
2018-06-27 23:00:00+02:00,55.222492129111146
2018-06-28 00:00:00+02:00,54.379111183173656
2018-06-28 01:00:00+02:00,51.84494967716467
2018-06-28 02:00:00+02:00,49.442848686816355
2018-06-28 03:00:00+02:00,49.346997114601145
2018-06-28 04:00:00+02:00,49.151426420710244
2018-06-28 05:00:00+02:00,49.599009044140736
2018-06-28 06:00:00+02:00,52.23915004504526
2018-06-28 07:00:00+02:00,55.651076421211975
2018-06-28 08:00:00+02:00,58.69921794579776
2018-06-28 09:00:00+02:00,58.98847240092115
2018-06-28 10:00:00+02:00,58.716838896314556
2018-06-28 11:00:00+02:00,59.539183146505444
2018-06-28 12:00:00+02:00,60.560386519352875
2018-06-28 13:00:00+02:00,60.3406061360378
2018-06-28 14:00:00+02:00,59.05848805506245
2018-06-28 15:00:00+02:00,57.09374685426349
2018-06-28 16:00:00+02:00,56.33532218414228
2018-06-28 17:00:00+02:00,55.842716789538066
2018-06-28 18:00:00+02:00,55.53923559961678
2018-06-28 19:00:00+02:00,55.790019988978976
2018-06-28 20:00:00+02:00,59.08805896074589
2018-06-28 21:00:00+02:00,58.178280100119196
2018-06-28 22:00:00+02:00,58.122861564945104
2018-06-28 23:00:00+02:00,55.61601162644492
2018-06-29 00:00:00+02:00,55.33772466284614
2018-06-29 01:00:00+02:00,52.97007268439629
2018-06-29 02:00:00+02:00,50.0105150135707
2018-06-29 03:00:00+02:00,49.97600022004236
2018-06-29 04:00:00+02:00,49.34586300992766
2018-06-29 05:00:00+02:00,50.10498292525423
2018-06-29 06:00:00+02:00,52.72995252629898
2018-06-29 07:00:00+02:00,53.7387905457937
2018-06-29 08:00:00+02:00,58.86498537648549
2018-06-29 09:00:00+02:00,59.44697096009336
2018-06-29 10:00:00+02:00,59.34905361162307
2018-06-29 11:00:00+02:00,59.26793104935064
2018-06-29 12:00:00+02:00,59.02836354561166
2018-06-29 13:00:00+02:00,60.65400478945612
2018-06-29 14:00:00+02:00,58.97538828648313
2018-06-29 15:00:00+02:00,57.8087927817211
2018-06-29 16:00:00+02:00,56.784146500135456
2018-06-29 17:00:00+02:00,54.74034058489175
2018-06-29 18:00:00+02:00,53.84651882775887
2018-06-29 19:00:00+02:00,56.1207454109981
2018-06-29 20:00:00+02:00,57.22572960331223
2018-06-29 21:00:00+02:00,57.417055649984555
2018-06-29 22:00:00+02:00,57.34093751494124
2018-06-29 23:00:00+02:00,54.25750769907014
2018-06-30 00:00:00+02:00,51.992231519449035
2018-06-30 01:00:00+02:00,51.95357328310356
2018-06-30 02:00:00+02:00,50.967018574885834
2018-06-30 03:00:00+02:00,50.4310096388135
2018-06-30 04:00:00+02:00,49.01908460451716
2018-06-30 05:00:00+02:00,48.96454752996575
2018-06-30 06:00:00+02:00,48.90981647483324
2018-06-30 07:00:00+02:00,49.556190352189766
2018-06-30 08:00:00+02:00,50.82012845530296
2018-06-30 09:00:00+02:00,51.87719494017127
2018-06-30 10:00:00+02:00,52.59847996837188
2018-06-30 11:00:00+02:00,52.77112569242346
2018-06-30 12:00:00+02:00,53.73452287751201
2018-06-30 13:00:00+02:00,53.47166930648689
2018-06-30 14:00:00+02:00,52.033242920580356
2018-06-30 15:00:00+02:00,51.24183872262764
2018-06-30 16:00:00+02:00,50.88779576226531
2018-06-30 17:00:00+02:00,50.037483742857084
2018-06-30 18:00:00+02:00,50.48876274893461
2018-06-30 19:00:00+02:00,51.59236463050618
2018-06-30 20:00:00+02:00,53.91301214306398
2018-06-30 21:00:00+02:00,55.87650817503982
2018-06-30 22:00:00+02:00,55.38848566478551
2018-06-30 23:00:00+02:00,53.3636337174835
2018-07-01 00:00:00+02:00,50.925463212013206
2018-07-01 01:00:00+02:00,49.17999412886271
2018-07-01 02:00:00+02:00,46.50404621588703
2018-07-01 03:00:00+02:00,48.06435950279353
2018-07-01 04:00:00+02:00,47.164085372249815
2018-07-01 05:00:00+02:00,44.67070996431553
2018-07-01 06:00:00+02:00,43.93633106960319
2018-07-01 07:00:00+02:00,45.32939734651496
2018-07-01 08:00:00+02:00,47.884115410212736
2018-07-01 09:00:00+02:00,48.08915078822727
2018-07-01 10:00:00+02:00,48.63298514164791
2018-07-01 11:00:00+02:00,51.06522117210159
2018-07-01 12:00:00+02:00,50.92280285588216
2018-07-01 13:00:00+02:00,51.963379311007124
2018-07-01 14:00:00+02:00,49.457988677256026
2018-07-01 15:00:00+02:00,47.004829967122596
2018-07-01 16:00:00+02:00,46.233881193749596
2018-07-01 17:00:00+02:00,45.314530157546905
2018-07-01 18:00:00+02:00,46.986757228126066
2018-07-01 19:00:00+02:00,50.02836192571473
2018-07-01 20:00:00+02:00,52.66157168688281
2018-07-01 21:00:00+02:00,54.735474563216236
2018-07-01 22:00:00+02:00,57.08026472483771
2018-07-01 23:00:00+02:00,54.40198124427521
2018-07-02 00:00:00+02:00,51.22881219914624
2018-07-02 01:00:00+02:00,47.76024771624609
2018-07-02 02:00:00+02:00,46.90099165558337
2018-07-02 03:00:00+02:00,47.36510320873854
2018-07-02 04:00:00+02:00,46.88825121697112
2018-07-02 05:00:00+02:00,46.871993585367704
2018-07-02 06:00:00+02:00,51.559076803121705
2018-07-02 07:00:00+02:00,54.30147161244159
2018-07-02 08:00:00+02:00,58.745754835389995
2018-07-02 09:00:00+02:00,59.30723531703227
2018-07-02 10:00:00+02:00,60.77058898392185
2018-07-02 11:00:00+02:00,61.608665579434806
2018-07-02 12:00:00+02:00,61.678174758133935
2018-07-02 13:00:00+02:00,61.22845393621353
2018-07-02 14:00:00+02:00,60.31460501860149
2018-07-02 15:00:00+02:00,58.70330631735058
2018-07-02 16:00:00+02:00,58.047974741644
2018-07-02 17:00:00+02:00,58.301132102234845
2018-07-02 18:00:00+02:00,58.145226928658666
2018-07-02 19:00:00+02:00,57.66596290875189
2018-07-02 20:00:00+02:00,58.695398256347254
2018-07-02 21:00:00+02:00,59.68292651724595
2018-07-02 22:00:00+02:00,59.41289959784143
2018-07-02 23:00:00+02:00,56.74220347886601
2018-07-03 00:00:00+02:00,55.39734456537196
2018-07-03 01:00:00+02:00,50.78097027862331
2018-07-03 02:00:00+02:00,49.431884362189805
2018-07-03 03:00:00+02:00,48.391566978287926
2018-07-03 04:00:00+02:00,48.88327081330084
2018-07-03 05:00:00+02:00,48.35055685822385
2018-07-03 06:00:00+02:00,51.369751888092985
2018-07-03 07:00:00+02:00,55.96104917184249
2018-07-03 08:00:00+02:00,60.93028415138145
2018-07-03 09:00:00+02:00,61.130066478383135
2018-07-03 10:00:00+02:00,62.17907507086223
2018-07-03 11:00:00+02:00,63.12108305600761
2018-07-03 12:00:00+02:00,63.26993096607924
2018-07-03 13:00:00+02:00,63.52890180609055
2018-07-03 14:00:00+02:00,63.09177891078255
2018-07-03 15:00:00+02:00,61.91963716515113
2018-07-03 16:00:00+02:00,61.317475354930764
2018-07-03 17:00:00+02:00,61.11458657882138
2018-07-03 18:00:00+02:00,61.942518212389444
2018-07-03 19:00:00+02:00,61.05570092413448
2018-07-03 20:00:00+02:00,61.403295816901384
2018-07-03 21:00:00+02:00,62.93100924113039
2018-07-03 22:00:00+02:00,62.48053403037156
2018-07-03 23:00:00+02:00,57.92202299005408
2018-07-04 00:00:00+02:00,54.240068288387455
2018-07-04 01:00:00+02:00,51.943690317421556
2018-07-04 02:00:00+02:00,49.72228859190065
2018-07-04 03:00:00+02:00,48.547800348006376
2018-07-04 04:00:00+02:00,48.979363048780016
2018-07-04 05:00:00+02:00,49.464578291338036
2018-07-04 06:00:00+02:00,51.90928088852886
2018-07-04 07:00:00+02:00,57.0322189483418
2018-07-04 08:00:00+02:00,60.29884601977992
2018-07-04 09:00:00+02:00,61.696754369816745
2018-07-04 10:00:00+02:00,62.37319552310546
2018-07-04 11:00:00+02:00,61.28302339645945
2018-07-04 12:00:00+02:00,60.887809862694205
2018-07-04 13:00:00+02:00,62.15368879324024
2018-07-04 14:00:00+02:00,60.26737314417348
2018-07-04 15:00:00+02:00,59.03632364257836
2018-07-04 16:00:00+02:00,57.43851053714385
2018-07-04 17:00:00+02:00,57.91554966379732
2018-07-04 18:00:00+02:00,58.108843436288964
2018-07-04 19:00:00+02:00,58.16250491659414
2018-07-04 20:00:00+02:00,59.643124537902814
2018-07-04 21:00:00+02:00,60.02302777317457
2018-07-04 22:00:00+02:00,58.32465306014791
2018-07-04 23:00:00+02:00,55.407289735514496
2018-07-05 00:00:00+02:00,52.24850538827164
2018-07-05 01:00:00+02:00,50.65224812977732
2018-07-05 02:00:00+02:00,48.873689027798946
2018-07-05 03:00:00+02:00,46.98788147069585
2018-07-05 04:00:00+02:00,47.557173591288496
2018-07-05 05:00:00+02:00,48.12666170358383
2018-07-05 06:00:00+02:00,51.45597185927065
2018-07-05 07:00:00+02:00,54.983677985221995
2018-07-05 08:00:00+02:00,57.070942717303275
2018-07-05 09:00:00+02:00,56.8146291186377
2018-07-05 10:00:00+02:00,57.469715404036315
2018-07-05 11:00:00+02:00,56.95024800608846
2018-07-05 12:00:00+02:00,57.59258409032579
2018-07-05 13:00:00+02:00,58.00561611183344
2018-07-05 14:00:00+02:00,57.86674414200809
2018-07-05 15:00:00+02:00,56.383727516428785
2018-07-05 16:00:00+02:00,55.800808106636886
2018-07-05 17:00:00+02:00,55.87528495006321
2018-07-05 18:00:00+02:00,55.13692021467589
2018-07-05 19:00:00+02:00,55.449896281391744
2018-07-05 20:00:00+02:00,56.25660921505334
2018-07-05 21:00:00+02:00,57.983850644711104
2018-07-05 22:00:00+02:00,57.94814988089457
2018-07-05 23:00:00+02:00,54.7808438140317
2018-07-06 00:00:00+02:00,54.82614687270979
2018-07-06 01:00:00+02:00,51.84420546634771
2018-07-06 02:00:00+02:00,50.15606913191379
2018-07-06 03:00:00+02:00,49.30328245262009
2018-07-06 04:00:00+02:00,50.203614310608465
2018-07-06 05:00:00+02:00,49.94948126474784
2018-07-06 06:00:00+02:00,52.37182488792967
2018-07-06 07:00:00+02:00,55.946027068799225
2018-07-06 08:00:00+02:00,59.657978706963966
2018-07-06 09:00:00+02:00,59.758474375161676
2018-07-06 10:00:00+02:00,60.376688823791646
2018-07-06 11:00:00+02:00,60.47476869153587
2018-07-06 12:00:00+02:00,59.34026144573514
2018-07-06 13:00:00+02:00,59.88093294358697
2018-07-06 14:00:00+02:00,59.082444337215115
2018-07-06 15:00:00+02:00,57.46640573674227
2018-07-06 16:00:00+02:00,57.13624875151379
2018-07-06 17:00:00+02:00,56.775117838226834
2018-07-06 18:00:00+02:00,56.83898822045949
2018-07-06 19:00:00+02:00,57.27628159440076
2018-07-06 20:00:00+02:00,58.59369165378708
2018-07-06 21:00:00+02:00,59.822537632353935
2018-07-06 22:00:00+02:00,58.60303239832515
2018-07-06 23:00:00+02:00,55.414455079554784
2018-07-07 00:00:00+02:00,55.51542677029678
2018-07-07 01:00:00+02:00,53.10352346214878
2018-07-07 02:00:00+02:00,51.012116536087255
2018-07-07 03:00:00+02:00,50.224779441374096
2018-07-07 04:00:00+02:00,49.59887540256876
2018-07-07 05:00:00+02:00,49.39509480008606
2018-07-07 06:00:00+02:00,50.391033722494996
2018-07-07 07:00:00+02:00,51.5758719752556
2018-07-07 08:00:00+02:00,52.17755203518666
2018-07-07 09:00:00+02:00,53.80457530788493
2018-07-07 10:00:00+02:00,54.83907724705
2018-07-07 11:00:00+02:00,55.82850071228486
2018-07-07 12:00:00+02:00,55.89499308357072
2018-07-07 13:00:00+02:00,55.58827909995889
2018-07-07 14:00:00+02:00,54.88798196163852
2018-07-07 15:00:00+02:00,53.26820345905039
2018-07-07 16:00:00+02:00,51.56491406872925
2018-07-07 17:00:00+02:00,52.19659615118104
2018-07-07 18:00:00+02:00,51.614135006171665
2018-07-07 19:00:00+02:00,53.054593230541606
2018-07-07 20:00:00+02:00,56.71655158474116
2018-07-07 21:00:00+02:00,58.00545552398256
2018-07-07 22:00:00+02:00,57.00095252562735
2018-07-07 23:00:00+02:00,55.464961281618535
2018-07-08 00:00:00+02:00,54.50434378963604
2018-07-08 01:00:00+02:00,52.65607409089997
2018-07-08 02:00:00+02:00,50.22732783466958
2018-07-08 03:00:00+02:00,49.53549858622059
2018-07-08 04:00:00+02:00,48.44764459416399
2018-07-08 05:00:00+02:00,48.73628506104549
2018-07-08 06:00:00+02:00,48.66278434851577
2018-07-08 07:00:00+02:00,48.836720647534634
2018-07-08 08:00:00+02:00,49.32452200024468
2018-07-08 09:00:00+02:00,50.33519298844076
2018-07-08 10:00:00+02:00,52.444045261571524
2018-07-08 11:00:00+02:00,53.53134593499115
2018-07-08 12:00:00+02:00,53.8184036742698
2018-07-08 13:00:00+02:00,53.572844390918554
2018-07-08 14:00:00+02:00,54.313243982718866
2018-07-08 15:00:00+02:00,52.45695556547602
2018-07-08 16:00:00+02:00,50.753077631956934
2018-07-08 17:00:00+02:00,50.46838497603193
2018-07-08 18:00:00+02:00,49.21601366185053
2018-07-08 19:00:00+02:00,52.47059630351227
2018-07-08 20:00:00+02:00,56.69810094551493
2018-07-08 21:00:00+02:00,59.856842766061476
2018-07-08 22:00:00+02:00,60.100641148040886
2018-07-08 23:00:00+02:00,58.35465644232587
2018-07-09 00:00:00+02:00,55.912452654510616
2018-07-09 01:00:00+02:00,51.07244584041981
2018-07-09 02:00:00+02:00,46.43751031896165
2018-07-09 03:00:00+02:00,44.01463414058593
2018-07-09 04:00:00+02:00,44.794456150814405
2018-07-09 05:00:00+02:00,45.975324390967245
2018-07-09 06:00:00+02:00,49.83651176952514
2018-07-09 07:00:00+02:00,54.0585171155414
2018-07-09 08:00:00+02:00,57.04372180269621
2018-07-09 09:00:00+02:00,58.964773568437835
2018-07-09 10:00:00+02:00,59.223976409052504
2018-07-09 11:00:00+02:00,60.494696547137984
2018-07-09 12:00:00+02:00,60.933061927022074
2018-07-09 13:00:00+02:00,60.836498841164364
2018-07-09 14:00:00+02:00,60.850779422456895
2018-07-09 15:00:00+02:00,58.15204848708606
2018-07-09 16:00:00+02:00,58.89756433714124
2018-07-09 17:00:00+02:00,58.89032508215069
2018-07-09 18:00:00+02:00,58.89318670520322
2018-07-09 19:00:00+02:00,58.53264520647238
2018-07-09 20:00:00+02:00,58.52858568604518
2018-07-09 21:00:00+02:00,58.97174287733714
2018-07-09 22:00:00+02:00,58.13433813357627
2018-07-09 23:00:00+02:00,55.18109763093765
2018-07-10 00:00:00+02:00,55.72411485314547
2018-07-10 01:00:00+02:00,50.52726862412259
2018-07-10 02:00:00+02:00,49.242107751011766
2018-07-10 03:00:00+02:00,49.040857001671725
2018-07-10 04:00:00+02:00,47.96878776392799
2018-07-10 05:00:00+02:00,47.73361776583533
2018-07-10 06:00:00+02:00,52.18441767404022
2018-07-10 07:00:00+02:00,55.02495169480204
2018-07-10 08:00:00+02:00,60.08336667201052
2018-07-10 09:00:00+02:00,61.846926163787806
2018-07-10 10:00:00+02:00,61.76348653427908
2018-07-10 11:00:00+02:00,61.98183905044266
2018-07-10 12:00:00+02:00,61.75572993670522
2018-07-10 13:00:00+02:00,63.03307615096566
2018-07-10 14:00:00+02:00,62.137731253128976
2018-07-10 15:00:00+02:00,61.49216235217136
2018-07-10 16:00:00+02:00,59.905123674520134
2018-07-10 17:00:00+02:00,60.45308970829331
2018-07-10 18:00:00+02:00,60.259416377797145
2018-07-10 19:00:00+02:00,59.63749665466451
2018-07-10 20:00:00+02:00,60.43989088299107
2018-07-10 21:00:00+02:00,61.06276844457983
2018-07-10 22:00:00+02:00,60.93468569433916
2018-07-10 23:00:00+02:00,56.91652125712781
2018-07-11 00:00:00+02:00,54.79136888255575
2018-07-11 01:00:00+02:00,53.28338361108198
2018-07-11 02:00:00+02:00,51.58290419084815
2018-07-11 03:00:00+02:00,50.092609575926225
2018-07-11 04:00:00+02:00,50.57906760173207
2018-07-11 05:00:00+02:00,51.006751237125435
2018-07-11 06:00:00+02:00,53.30352760025719
2018-07-11 07:00:00+02:00,56.35304399815397
2018-07-11 08:00:00+02:00,60.58639661865751
2018-07-11 09:00:00+02:00,61.37456112005507
2018-07-11 10:00:00+02:00,61.76799132313719
2018-07-11 11:00:00+02:00,61.84909072464029
2018-07-11 12:00:00+02:00,61.677802657095754
2018-07-11 13:00:00+02:00,61.41455425284584
2018-07-11 14:00:00+02:00,59.69609862842814
2018-07-11 15:00:00+02:00,59.24912889979631
2018-07-11 16:00:00+02:00,58.12189889940529
2018-07-11 17:00:00+02:00,59.24037470273752
2018-07-11 18:00:00+02:00,59.668759655705166
2018-07-11 19:00:00+02:00,59.27564615806869
2018-07-11 20:00:00+02:00,60.51696564023928
2018-07-11 21:00:00+02:00,60.55983671689139
2018-07-11 22:00:00+02:00,59.674833983194624
2018-07-11 23:00:00+02:00,57.494506572852174
2018-07-12 00:00:00+02:00,53.696096138929875
2018-07-12 01:00:00+02:00,51.16293873320223
2018-07-12 02:00:00+02:00,48.56656548542954
2018-07-12 03:00:00+02:00,47.48029115167682
2018-07-12 04:00:00+02:00,47.160652244421954
2018-07-12 05:00:00+02:00,47.571096670409425
2018-07-12 06:00:00+02:00,49.372466826362654
2018-07-12 07:00:00+02:00,55.120355839021045
2018-07-12 08:00:00+02:00,58.28809790228826
2018-07-12 09:00:00+02:00,59.222327087886754
2018-07-12 10:00:00+02:00,59.97816797409293
2018-07-12 11:00:00+02:00,60.511772820305
2018-07-12 12:00:00+02:00,60.8554203384955
2018-07-12 13:00:00+02:00,60.35796103248268
2018-07-12 14:00:00+02:00,59.38375521416484
2018-07-12 15:00:00+02:00,59.21624441917364
2018-07-12 16:00:00+02:00,58.423874584221586
2018-07-12 17:00:00+02:00,57.66797890710334
2018-07-12 18:00:00+02:00,58.05446121408837
2018-07-12 19:00:00+02:00,57.82876281015698
2018-07-12 20:00:00+02:00,57.898939011812395
2018-07-12 21:00:00+02:00,60.067346958007704
2018-07-12 22:00:00+02:00,58.93108138061476
2018-07-12 23:00:00+02:00,56.40250243672691
2018-07-13 00:00:00+02:00,54.10063093050755
2018-07-13 01:00:00+02:00,52.368465787790264
2018-07-13 02:00:00+02:00,48.31118923930746
2018-07-13 03:00:00+02:00,49.23415962763901
2018-07-13 04:00:00+02:00,48.32067471493688
2018-07-13 05:00:00+02:00,49.155423547800666
2018-07-13 06:00:00+02:00,52.241669579812346
2018-07-13 07:00:00+02:00,54.92296247420046
2018-07-13 08:00:00+02:00,57.93593652743518
2018-07-13 09:00:00+02:00,57.49541846102763
2018-07-13 10:00:00+02:00,57.6542094164497
2018-07-13 11:00:00+02:00,58.765523387615325
2018-07-13 12:00:00+02:00,58.60488786278855
2018-07-13 13:00:00+02:00,58.857979585605214
2018-07-13 14:00:00+02:00,57.97413110980879
2018-07-13 15:00:00+02:00,56.69791133094929
2018-07-13 16:00:00+02:00,55.450930191345
2018-07-13 17:00:00+02:00,55.91902279230811
2018-07-13 18:00:00+02:00,55.50267848554995
2018-07-13 19:00:00+02:00,56.192378142707526
2018-07-13 20:00:00+02:00,58.24361282892729
2018-07-13 21:00:00+02:00,59.046033614731364
2018-07-13 22:00:00+02:00,57.6852753841703
2018-07-13 23:00:00+02:00,55.11617575633894
2018-07-14 00:00:00+02:00,55.826445798749866
2018-07-14 01:00:00+02:00,54.874640983291975
2018-07-14 02:00:00+02:00,52.136576079010446
2018-07-14 03:00:00+02:00,48.62615173834153
2018-07-14 04:00:00+02:00,47.58920032438622
2018-07-14 05:00:00+02:00,49.57774389048988
2018-07-14 06:00:00+02:00,51.30505538281431
2018-07-14 07:00:00+02:00,51.50810325650871
2018-07-14 08:00:00+02:00,53.30709874429974
2018-07-14 09:00:00+02:00,54.63479947063695
2018-07-14 10:00:00+02:00,55.844938169074545
2018-07-14 11:00:00+02:00,56.24842231576707
2018-07-14 12:00:00+02:00,56.71172067488185
2018-07-14 13:00:00+02:00,56.97566206537085
2018-07-14 14:00:00+02:00,54.786856349278445
2018-07-14 15:00:00+02:00,52.465441609998656
2018-07-14 16:00:00+02:00,53.032407775532384
2018-07-14 17:00:00+02:00,50.90737123846935
2018-07-14 18:00:00+02:00,51.74376353162478
2018-07-14 19:00:00+02:00,54.30661091782677
2018-07-14 20:00:00+02:00,57.57191706568951
2018-07-14 21:00:00+02:00,58.425604099924364
2018-07-14 22:00:00+02:00,57.24951933874551
2018-07-14 23:00:00+02:00,55.15907814933846
2018-07-15 00:00:00+02:00,54.10840360762171
2018-07-15 01:00:00+02:00,51.74069569767004
2018-07-15 02:00:00+02:00,49.98665374417276
2018-07-15 03:00:00+02:00,49.200788723058565
2018-07-15 04:00:00+02:00,49.07354847970348
2018-07-15 05:00:00+02:00,49.44289017626452
2018-07-15 06:00:00+02:00,48.1540998853793
2018-07-15 07:00:00+02:00,48.28405191435024
2018-07-15 08:00:00+02:00,49.0818191042917
2018-07-15 09:00:00+02:00,50.38854804004481
2018-07-15 10:00:00+02:00,51.65884367520791
2018-07-15 11:00:00+02:00,52.652325973950916
2018-07-15 12:00:00+02:00,52.33544518572356
2018-07-15 13:00:00+02:00,52.430708217144115
2018-07-15 14:00:00+02:00,50.68474856616075
2018-07-15 15:00:00+02:00,48.90005360314552
2018-07-15 16:00:00+02:00,47.56956400929115
2018-07-15 17:00:00+02:00,45.928980359106525
2018-07-15 18:00:00+02:00,45.95421810170063
2018-07-15 19:00:00+02:00,48.95899620903799
2018-07-15 20:00:00+02:00,51.23861887511589
2018-07-15 21:00:00+02:00,55.261813092531874
2018-07-15 22:00:00+02:00,54.48800606240693
2018-07-15 23:00:00+02:00,54.86109762524774
2018-07-16 00:00:00+02:00,54.89002477427383
2018-07-16 01:00:00+02:00,51.358578137670314
2018-07-16 02:00:00+02:00,47.81786794763835
2018-07-16 03:00:00+02:00,45.161127676469015
2018-07-16 04:00:00+02:00,46.01888887099032
2018-07-16 05:00:00+02:00,44.889676403411045
2018-07-16 06:00:00+02:00,49.87745001183927
2018-07-16 07:00:00+02:00,53.74159224187097
2018-07-16 08:00:00+02:00,56.17118207445376
2018-07-16 09:00:00+02:00,57.495545977925
2018-07-16 10:00:00+02:00,57.63749723260497
2018-07-16 11:00:00+02:00,58.81265640763285
2018-07-16 12:00:00+02:00,60.733013741387744
2018-07-16 13:00:00+02:00,60.14476301138376
2018-07-16 14:00:00+02:00,59.535546152677135
2018-07-16 15:00:00+02:00,59.5719382187913
2018-07-16 16:00:00+02:00,59.29581656755054
2018-07-16 17:00:00+02:00,59.72891286388168
2018-07-16 18:00:00+02:00,59.5160812536162
2018-07-16 19:00:00+02:00,59.19922477746356
2018-07-16 20:00:00+02:00,58.37886128383219
2018-07-16 21:00:00+02:00,60.39946662224839
2018-07-16 22:00:00+02:00,59.86721923058522
2018-07-16 23:00:00+02:00,57.46638386752588
2018-07-17 00:00:00+02:00,54.61304896745755
2018-07-17 01:00:00+02:00,52.56227769517531
2018-07-17 02:00:00+02:00,49.59676996739896
2018-07-17 03:00:00+02:00,48.519011874226976
2018-07-17 04:00:00+02:00,47.19335868397715
2018-07-17 05:00:00+02:00,46.99870211273126
2018-07-17 06:00:00+02:00,50.88820444120924
2018-07-17 07:00:00+02:00,54.615121064903946
2018-07-17 08:00:00+02:00,58.48005991680191
2018-07-17 09:00:00+02:00,58.96456767229241
2018-07-17 10:00:00+02:00,59.02044784475684
2018-07-17 11:00:00+02:00,58.372296001083136
2018-07-17 12:00:00+02:00,58.95668460647709
2018-07-17 13:00:00+02:00,59.27153613483065
2018-07-17 14:00:00+02:00,59.13493667546863
2018-07-17 15:00:00+02:00,58.63249166741782
2018-07-17 16:00:00+02:00,57.8119434545283
2018-07-17 17:00:00+02:00,57.873917623598665
2018-07-17 18:00:00+02:00,57.78921484505654
2018-07-17 19:00:00+02:00,57.63827568394195
2018-07-17 20:00:00+02:00,58.094395456209156
2018-07-17 21:00:00+02:00,59.18160123491771
2018-07-17 22:00:00+02:00,58.732776662877804
2018-07-17 23:00:00+02:00,56.52751687612886
2018-07-18 00:00:00+02:00,55.40072820131801
2018-07-18 01:00:00+02:00,53.316560084673334
2018-07-18 02:00:00+02:00,50.600709574465135
2018-07-18 03:00:00+02:00,46.4765128725702
2018-07-18 04:00:00+02:00,48.49396298614067
2018-07-18 05:00:00+02:00,49.96659965660884
2018-07-18 06:00:00+02:00,52.23168055166303
2018-07-18 07:00:00+02:00,54.519348383749126
2018-07-18 08:00:00+02:00,58.372911815091214
2018-07-18 09:00:00+02:00,59.788665295370684
2018-07-18 10:00:00+02:00,59.39995467824071
2018-07-18 11:00:00+02:00,59.898213277926324
2018-07-18 12:00:00+02:00,61.23902547378655
2018-07-18 13:00:00+02:00,60.83432353291618
2018-07-18 14:00:00+02:00,59.31298636421815
2018-07-18 15:00:00+02:00,57.90653367758434
2018-07-18 16:00:00+02:00,58.46600525993204
2018-07-18 17:00:00+02:00,56.9329285650925
2018-07-18 18:00:00+02:00,57.311024859194596
2018-07-18 19:00:00+02:00,57.4435977437314
2018-07-18 20:00:00+02:00,57.11088051249778
2018-07-18 21:00:00+02:00,59.170103337026035
2018-07-18 22:00:00+02:00,58.77330047849106
2018-07-18 23:00:00+02:00,56.310492865019434
2018-07-19 00:00:00+02:00,54.121176876054186
2018-07-19 01:00:00+02:00,51.35742272451862
2018-07-19 02:00:00+02:00,49.52572740662493
2018-07-19 03:00:00+02:00,49.50684666415005
2018-07-19 04:00:00+02:00,48.49462366364927
2018-07-19 05:00:00+02:00,48.52434999945376
2018-07-19 06:00:00+02:00,52.08300427171977
2018-07-19 07:00:00+02:00,56.409328110902834
2018-07-19 08:00:00+02:00,59.699868717439465
2018-07-19 09:00:00+02:00,59.79748635755999
2018-07-19 10:00:00+02:00,60.130707420161265
2018-07-19 11:00:00+02:00,60.79014451008998
2018-07-19 12:00:00+02:00,60.583133503482266
2018-07-19 13:00:00+02:00,61.098662231796986
2018-07-19 14:00:00+02:00,60.817399065632536
2018-07-19 15:00:00+02:00,59.43906662294999
2018-07-19 16:00:00+02:00,58.22699201354618
2018-07-19 17:00:00+02:00,57.7013190003015
2018-07-19 18:00:00+02:00,57.334634634139434
2018-07-19 19:00:00+02:00,57.44824977393849
2018-07-19 20:00:00+02:00,58.19478202791624
2018-07-19 21:00:00+02:00,58.971469360658126
2018-07-19 22:00:00+02:00,58.7605890606629
2018-07-19 23:00:00+02:00,55.94292482243617
2018-07-20 00:00:00+02:00,54.79308299678632
2018-07-20 01:00:00+02:00,51.45454518196877
2018-07-20 02:00:00+02:00,49.421262551528514
2018-07-20 03:00:00+02:00,49.31775038299886
2018-07-20 04:00:00+02:00,49.22162768145041
2018-07-20 05:00:00+02:00,49.02390996884437
2018-07-20 06:00:00+02:00,52.975817970269304
2018-07-20 07:00:00+02:00,55.80914342620761
2018-07-20 08:00:00+02:00,59.169563818376616
2018-07-20 09:00:00+02:00,60.091156122530016
2018-07-20 10:00:00+02:00,60.475439333939505
2018-07-20 11:00:00+02:00,61.3241357135957
2018-07-20 12:00:00+02:00,61.23396051399641
2018-07-20 13:00:00+02:00,61.133761218835296
2018-07-20 14:00:00+02:00,60.408849080685314
2018-07-20 15:00:00+02:00,58.7155325938732
2018-07-20 16:00:00+02:00,57.1829518629186
2018-07-20 17:00:00+02:00,56.33691382806375
2018-07-20 18:00:00+02:00,54.37686883690523
2018-07-20 19:00:00+02:00,55.18692157140512
2018-07-20 20:00:00+02:00,56.232810622399334
2018-07-20 21:00:00+02:00,57.64448985819928
2018-07-20 22:00:00+02:00,56.91978219530112
2018-07-20 23:00:00+02:00,54.02805862809951
2018-07-21 00:00:00+02:00,51.89247601679734
2018-07-21 01:00:00+02:00,51.39899896597526
2018-07-21 02:00:00+02:00,49.886969181954036
2018-07-21 03:00:00+02:00,49.71458727813586
2018-07-21 04:00:00+02:00,49.0575356738859
2018-07-21 05:00:00+02:00,49.00003417178763
2018-07-21 06:00:00+02:00,47.82961560338663
2018-07-21 07:00:00+02:00,48.07439942807941
2018-07-21 08:00:00+02:00,52.550049232227906
2018-07-21 09:00:00+02:00,52.934827243999756
2018-07-21 10:00:00+02:00,54.193489664486314
2018-07-21 11:00:00+02:00,55.28960698629049
2018-07-21 12:00:00+02:00,56.499995807634015
2018-07-21 13:00:00+02:00,56.921486760465
2018-07-21 14:00:00+02:00,55.41277498964178
2018-07-21 15:00:00+02:00,54.00330268603377
2018-07-21 16:00:00+02:00,52.29363185978696
2018-07-21 17:00:00+02:00,52.05136200143983
2018-07-21 18:00:00+02:00,51.2077542649518
2018-07-21 19:00:00+02:00,52.185929292612606
2018-07-21 20:00:00+02:00,55.906264756645136
2018-07-21 21:00:00+02:00,57.90743184477319
2018-07-21 22:00:00+02:00,57.953293186698204
2018-07-21 23:00:00+02:00,55.35263282175191
2018-07-22 00:00:00+02:00,50.12039152780637
2018-07-22 01:00:00+02:00,49.12912474881423
2018-07-22 02:00:00+02:00,47.18887815973735
2018-07-22 03:00:00+02:00,47.81783873127939
2018-07-22 04:00:00+02:00,47.298091211529204
2018-07-22 05:00:00+02:00,47.24404392528572
2018-07-22 06:00:00+02:00,46.25436116983101
2018-07-22 07:00:00+02:00,47.92569657299945
2018-07-22 08:00:00+02:00,48.358598194283665
2018-07-22 09:00:00+02:00,49.806939051188145
2018-07-22 10:00:00+02:00,51.449926867961885
2018-07-22 11:00:00+02:00,52.540858626706076
2018-07-22 12:00:00+02:00,53.37348945588341
2018-07-22 13:00:00+02:00,54.17831581446895
2018-07-22 14:00:00+02:00,53.39689384322913
2018-07-22 15:00:00+02:00,51.30993559230009
2018-07-22 16:00:00+02:00,50.39565201588281
2018-07-22 17:00:00+02:00,50.3534541613541
2018-07-22 18:00:00+02:00,51.610745954635185
2018-07-22 19:00:00+02:00,53.425946619129576
2018-07-22 20:00:00+02:00,56.36840723009186
2018-07-22 21:00:00+02:00,60.66788508417653
2018-07-22 22:00:00+02:00,61.96621684581775
2018-07-22 23:00:00+02:00,59.239575102837044
2018-07-23 00:00:00+02:00,56.419469096375444
2018-07-23 01:00:00+02:00,52.87108609717176
2018-07-23 02:00:00+02:00,49.05688524563854
2018-07-23 03:00:00+02:00,48.56639913796979
2018-07-23 04:00:00+02:00,48.4496526046438
2018-07-23 05:00:00+02:00,49.84630525243165
2018-07-23 06:00:00+02:00,53.87245988998222
2018-07-23 07:00:00+02:00,56.78933288464385
2018-07-23 08:00:00+02:00,59.49769205022708
2018-07-23 09:00:00+02:00,60.39765685355903
2018-07-23 10:00:00+02:00,60.54972663627993
2018-07-23 11:00:00+02:00,60.870006603356366
2018-07-23 12:00:00+02:00,61.898119153275445
2018-07-23 13:00:00+02:00,62.3566096863037
2018-07-23 14:00:00+02:00,62.04519175560935
2018-07-23 15:00:00+02:00,60.64287773296743
2018-07-23 16:00:00+02:00,60.730206362681834
2018-07-23 17:00:00+02:00,60.447469345787
2018-07-23 18:00:00+02:00,59.98629811480246
2018-07-23 19:00:00+02:00,60.750457529267386
2018-07-23 20:00:00+02:00,60.32998226008787
2018-07-23 21:00:00+02:00,61.19662364241208
2018-07-23 22:00:00+02:00,60.86441168557494
2018-07-23 23:00:00+02:00,58.16358995719889
2018-07-24 00:00:00+02:00,55.152950869703915
2018-07-24 01:00:00+02:00,51.911823679243135
2018-07-24 02:00:00+02:00,51.33261561527879
2018-07-24 03:00:00+02:00,50.70622366684992
2018-07-24 04:00:00+02:00,49.87687088298967
2018-07-24 05:00:00+02:00,51.425883337441036
2018-07-24 06:00:00+02:00,53.07749948569148
2018-07-24 07:00:00+02:00,56.00375006751536
2018-07-24 08:00:00+02:00,59.9645411726576
2018-07-24 09:00:00+02:00,60.98085576181911
2018-07-24 10:00:00+02:00,60.73418147160819
2018-07-24 11:00:00+02:00,59.7565183496885
2018-07-24 12:00:00+02:00,61.13539442333849
2018-07-24 13:00:00+02:00,61.6834270068609
2018-07-24 14:00:00+02:00,60.24383722655046
2018-07-24 15:00:00+02:00,58.92121079805253
2018-07-24 16:00:00+02:00,57.941231955276486
2018-07-24 17:00:00+02:00,57.06693020378007
2018-07-24 18:00:00+02:00,57.80148026527733
2018-07-24 19:00:00+02:00,58.129919080095284
2018-07-24 20:00:00+02:00,58.04122480799807
2018-07-24 21:00:00+02:00,59.157709187763054
2018-07-24 22:00:00+02:00,59.14722109122365
2018-07-24 23:00:00+02:00,56.19936037889863
2018-07-25 00:00:00+02:00,54.37222847116638
2018-07-25 01:00:00+02:00,50.86692115054069
2018-07-25 02:00:00+02:00,49.963039143575685
2018-07-25 03:00:00+02:00,49.78433185778689
2018-07-25 04:00:00+02:00,49.74946957651873
2018-07-25 05:00:00+02:00,49.74740646424752
2018-07-25 06:00:00+02:00,52.731123091314466
2018-07-25 07:00:00+02:00,55.18585391446381
2018-07-25 08:00:00+02:00,59.064256773170094
2018-07-25 09:00:00+02:00,59.700405323132166
2018-07-25 10:00:00+02:00,60.22680193817817
2018-07-25 11:00:00+02:00,61.151096062759514
2018-07-25 12:00:00+02:00,63.098230144797974
2018-07-25 13:00:00+02:00,63.473018572768524
2018-07-25 14:00:00+02:00,62.56928254235395
2018-07-25 15:00:00+02:00,60.290333134057335
2018-07-25 16:00:00+02:00,60.2990318362014
2018-07-25 17:00:00+02:00,59.358577301526786
2018-07-25 18:00:00+02:00,58.13494718097356
2018-07-25 19:00:00+02:00,58.477994406772495
2018-07-25 20:00:00+02:00,57.85229754057834
2018-07-25 21:00:00+02:00,59.659215309659366
2018-07-25 22:00:00+02:00,59.3613109634079
2018-07-25 23:00:00+02:00,57.01486536175202
2018-07-26 00:00:00+02:00,56.09164008589829
2018-07-26 01:00:00+02:00,54.83212178537999
2018-07-26 02:00:00+02:00,51.9414551736887
2018-07-26 03:00:00+02:00,51.43422459544636
2018-07-26 04:00:00+02:00,51.116090638230396
2018-07-26 05:00:00+02:00,51.07628061993727
2018-07-26 06:00:00+02:00,52.43567040603934
2018-07-26 07:00:00+02:00,56.65404301856152
2018-07-26 08:00:00+02:00,59.38264790530024
2018-07-26 09:00:00+02:00,60.37887565136442
2018-07-26 10:00:00+02:00,60.766888199409856
2018-07-26 11:00:00+02:00,61.76620544747743
2018-07-26 12:00:00+02:00,63.371201211931655
2018-07-26 13:00:00+02:00,63.66738058409092
2018-07-26 14:00:00+02:00,61.3295999737301
2018-07-26 15:00:00+02:00,59.58758929927836
2018-07-26 16:00:00+02:00,57.98790158180881
2018-07-26 17:00:00+02:00,57.73401817350404
2018-07-26 18:00:00+02:00,56.648723336485126
2018-07-26 19:00:00+02:00,57.149841885031115
2018-07-26 20:00:00+02:00,57.05039938089332
2018-07-26 21:00:00+02:00,58.9765150616436
2018-07-26 22:00:00+02:00,58.822406463172
2018-07-26 23:00:00+02:00,56.32564260717836
2018-07-27 00:00:00+02:00,55.3721813455057
2018-07-27 01:00:00+02:00,52.825277342362625
2018-07-27 02:00:00+02:00,50.790523701252425
2018-07-27 03:00:00+02:00,50.902202460028036
2018-07-27 04:00:00+02:00,49.76981988846359
2018-07-27 05:00:00+02:00,50.075613972641555
2018-07-27 06:00:00+02:00,52.890110509242184
2018-07-27 07:00:00+02:00,55.294986032520136
2018-07-27 08:00:00+02:00,58.82572935215817
2018-07-27 09:00:00+02:00,59.7221890217667
2018-07-27 10:00:00+02:00,61.09168685561051
2018-07-27 11:00:00+02:00,61.69741130043098
2018-07-27 12:00:00+02:00,63.45583499520336
2018-07-27 13:00:00+02:00,62.86910943843498
2018-07-27 14:00:00+02:00,61.25729224573676
2018-07-27 15:00:00+02:00,59.5249106503719
2018-07-27 16:00:00+02:00,58.83359666568589
2018-07-27 17:00:00+02:00,58.162123811788234
2018-07-27 18:00:00+02:00,56.21785532251041
2018-07-27 19:00:00+02:00,55.78005707504335
2018-07-27 20:00:00+02:00,55.99021698231807
2018-07-27 21:00:00+02:00,57.62994057044498
2018-07-27 22:00:00+02:00,57.41635201666181
2018-07-27 23:00:00+02:00,56.073149582177926
2018-07-28 00:00:00+02:00,53.696073430259595
2018-07-28 01:00:00+02:00,51.17013260198812
2018-07-28 02:00:00+02:00,49.833469542218616
2018-07-28 03:00:00+02:00,48.80730621884828
2018-07-28 04:00:00+02:00,49.19813599198573
2018-07-28 05:00:00+02:00,48.37747596613889
2018-07-28 06:00:00+02:00,48.164981037196696
2018-07-28 07:00:00+02:00,48.68288459149179
2018-07-28 08:00:00+02:00,52.03990479321535
2018-07-28 09:00:00+02:00,53.18630580537596
2018-07-28 10:00:00+02:00,54.20348455177492
2018-07-28 11:00:00+02:00,54.89611029888738
2018-07-28 12:00:00+02:00,56.09712197536553
2018-07-28 13:00:00+02:00,56.741207245883515
2018-07-28 14:00:00+02:00,54.30219417658305
2018-07-28 15:00:00+02:00,52.11875124441673
2018-07-28 16:00:00+02:00,50.84876017455659
2018-07-28 17:00:00+02:00,51.69377494768667
2018-07-28 18:00:00+02:00,50.23493237090933
2018-07-28 19:00:00+02:00,51.76654740462417
2018-07-28 20:00:00+02:00,54.14864200432541
2018-07-28 21:00:00+02:00,56.43125728937057
2018-07-28 22:00:00+02:00,58.17353407323818
2018-07-28 23:00:00+02:00,56.20645799176648
2018-07-29 00:00:00+02:00,55.36880780616091
2018-07-29 01:00:00+02:00,51.92930687369536
2018-07-29 02:00:00+02:00,48.4202416195346
2018-07-29 03:00:00+02:00,48.52159318311548
2018-07-29 04:00:00+02:00,49.86075225478368
2018-07-29 05:00:00+02:00,49.663424334931015
2018-07-29 06:00:00+02:00,48.59565684017522
2018-07-29 07:00:00+02:00,48.98389321622494
2018-07-29 08:00:00+02:00,49.91937302927037
2018-07-29 09:00:00+02:00,49.557696094128886
2018-07-29 10:00:00+02:00,51.38350194114546
2018-07-29 11:00:00+02:00,53.485745807826994
2018-07-29 12:00:00+02:00,53.91932081034478
2018-07-29 13:00:00+02:00,54.07838708504818
2018-07-29 14:00:00+02:00,52.81376265441573
2018-07-29 15:00:00+02:00,50.636991054913516
2018-07-29 16:00:00+02:00,49.66470410760706
2018-07-29 17:00:00+02:00,47.852800936852816
2018-07-29 18:00:00+02:00,48.38341946176124
2018-07-29 19:00:00+02:00,50.53679915880789
2018-07-29 20:00:00+02:00,53.246675360824476
2018-07-29 21:00:00+02:00,57.66574282651178
2018-07-29 22:00:00+02:00,60.64957538691382
2018-07-29 23:00:00+02:00,58.290945529117664
2018-07-30 00:00:00+02:00,56.40922270931085
2018-07-30 01:00:00+02:00,54.213761484225586
2018-07-30 02:00:00+02:00,51.31104057300025
2018-07-30 03:00:00+02:00,50.01996671264569
2018-07-30 04:00:00+02:00,49.49532414532674
2018-07-30 05:00:00+02:00,49.83051803652662
2018-07-30 06:00:00+02:00,53.37302722799601
2018-07-30 07:00:00+02:00,56.26871645712897
2018-07-30 08:00:00+02:00,59.6540738621408
2018-07-30 09:00:00+02:00,60.27840101342679
2018-07-30 10:00:00+02:00,61.37671394323513
2018-07-30 11:00:00+02:00,62.124454919593425
2018-07-30 12:00:00+02:00,62.90610422060005
2018-07-30 13:00:00+02:00,63.098628781104814
2018-07-30 14:00:00+02:00,63.323392841659675
2018-07-30 15:00:00+02:00,61.79457764563299
2018-07-30 16:00:00+02:00,60.93168980627146
2018-07-30 17:00:00+02:00,60.04762044860558
2018-07-30 18:00:00+02:00,59.890875426965145
2018-07-30 19:00:00+02:00,59.46086578733148
2018-07-30 20:00:00+02:00,59.98074405936698
2018-07-30 21:00:00+02:00,60.795239688779475
2018-07-30 22:00:00+02:00,60.325409041790884
2018-07-30 23:00:00+02:00,57.8382724904533
2018-07-31 00:00:00+02:00,56.83438194327706
2018-07-31 01:00:00+02:00,53.602268175831455
2018-07-31 02:00:00+02:00,50.645760256197526
2018-07-31 03:00:00+02:00,49.59271034118018
2018-07-31 04:00:00+02:00,49.67312464752292
2018-07-31 05:00:00+02:00,50.2527476582739
2018-07-31 06:00:00+02:00,53.173241176646
2018-07-31 07:00:00+02:00,56.29814870206431
2018-07-31 08:00:00+02:00,59.17238812225534
2018-07-31 09:00:00+02:00,59.853838755378185
2018-07-31 10:00:00+02:00,60.45523735714426
2018-07-31 11:00:00+02:00,61.38035478216432
2018-07-31 12:00:00+02:00,63.069241619890875
2018-07-31 13:00:00+02:00,63.14331566486248
2018-07-31 14:00:00+02:00,62.65761130593629
2018-07-31 15:00:00+02:00,60.31036529433737
2018-07-31 16:00:00+02:00,59.55208071161065
2018-07-31 17:00:00+02:00,58.82973500434773
2018-07-31 18:00:00+02:00,58.429226479868056
2018-07-31 19:00:00+02:00,58.26683720955892
2018-07-31 20:00:00+02:00,58.08843343162723
2018-07-31 21:00:00+02:00,59.37599895138743
2018-07-31 22:00:00+02:00,59.52462438387877
2018-07-31 23:00:00+02:00,56.069507654821386
2018-08-01 00:00:00+02:00,54.91175578125518
2018-08-01 01:00:00+02:00,51.756432134632604
2018-08-01 02:00:00+02:00,49.54808859652038
2018-08-01 03:00:00+02:00,49.140286065017015
2018-08-01 04:00:00+02:00,48.66006400256183
2018-08-01 05:00:00+02:00,49.197082004292064
2018-08-01 06:00:00+02:00,50.895687153779896
2018-08-01 07:00:00+02:00,55.293075146549796
2018-08-01 08:00:00+02:00,57.62580747209154
2018-08-01 09:00:00+02:00,58.44616764221343
2018-08-01 10:00:00+02:00,58.881704368315944
2018-08-01 11:00:00+02:00,60.26435049564364
2018-08-01 12:00:00+02:00,61.621055530588386
2018-08-01 13:00:00+02:00,62.29727079029275
2018-08-01 14:00:00+02:00,61.74285494108028
2018-08-01 15:00:00+02:00,60.422042658295936
2018-08-01 16:00:00+02:00,60.09532792897962
2018-08-01 17:00:00+02:00,58.82469702340066
2018-08-01 18:00:00+02:00,58.45313854798615
2018-08-01 19:00:00+02:00,57.9566815374395
2018-08-01 20:00:00+02:00,57.85333798581562
2018-08-01 21:00:00+02:00,58.716905685056304
2018-08-01 22:00:00+02:00,58.58855685892312
2018-08-01 23:00:00+02:00,55.82705354354356
2018-08-02 00:00:00+02:00,55.335224216154366
2018-08-02 01:00:00+02:00,52.60154607167086
2018-08-02 02:00:00+02:00,49.66537095840054
2018-08-02 03:00:00+02:00,49.54106815398379
2018-08-02 04:00:00+02:00,49.86455296595336
2018-08-02 05:00:00+02:00,50.123291873170324
2018-08-02 06:00:00+02:00,52.004270848514004
2018-08-02 07:00:00+02:00,55.2252260695195
2018-08-02 08:00:00+02:00,57.909504423277895
2018-08-02 09:00:00+02:00,59.834058566184986
2018-08-02 10:00:00+02:00,60.9315481969033
2018-08-02 11:00:00+02:00,62.47712280933562
2018-08-02 12:00:00+02:00,64.82193294672268
2018-08-02 13:00:00+02:00,65.63063586914774
2018-08-02 14:00:00+02:00,64.9932676429611
2018-08-02 15:00:00+02:00,63.65997825392449
2018-08-02 16:00:00+02:00,63.47688614906366
2018-08-02 17:00:00+02:00,62.840664329984634
2018-08-02 18:00:00+02:00,63.64201744609027
2018-08-02 19:00:00+02:00,62.879633444705746
2018-08-02 20:00:00+02:00,63.53866458640263
2018-08-02 21:00:00+02:00,64.98313397729994
2018-08-02 22:00:00+02:00,63.13067751158682
2018-08-02 23:00:00+02:00,60.11806103584672
2018-08-03 00:00:00+02:00,58.83078268017423
2018-08-03 01:00:00+02:00,55.50209677971423
2018-08-03 02:00:00+02:00,51.868723100603
2018-08-03 03:00:00+02:00,50.87824993680844
2018-08-03 04:00:00+02:00,50.65644414400885
2018-08-03 05:00:00+02:00,51.12092742096908
2018-08-03 06:00:00+02:00,53.879984148587745
2018-08-03 07:00:00+02:00,57.428225182996336
2018-08-03 08:00:00+02:00,61.32033842128391
2018-08-03 09:00:00+02:00,62.8097875388763
2018-08-03 10:00:00+02:00,64.07110137600684
2018-08-03 11:00:00+02:00,65.3957956071132
2018-08-03 12:00:00+02:00,67.10810966384503
2018-08-03 13:00:00+02:00,69.18141014903931
2018-08-03 14:00:00+02:00,68.4145619289605
2018-08-03 15:00:00+02:00,68.59471989917552
2018-08-03 16:00:00+02:00,67.82590420568413
2018-08-03 17:00:00+02:00,67.51215106291376
2018-08-03 18:00:00+02:00,67.23028023341742
2018-08-03 19:00:00+02:00,67.57049615558476
2018-08-03 20:00:00+02:00,66.96941706326656
2018-08-03 21:00:00+02:00,67.36831183861274
2018-08-03 22:00:00+02:00,66.22433625546621
2018-08-03 23:00:00+02:00,63.07302125423352
2018-08-04 00:00:00+02:00,56.5455983049232
2018-08-04 01:00:00+02:00,53.635163833453156
2018-08-04 02:00:00+02:00,52.27885935795111
2018-08-04 03:00:00+02:00,51.319277266783985
2018-08-04 04:00:00+02:00,50.04342218712278
2018-08-04 05:00:00+02:00,49.34307209142772
2018-08-04 06:00:00+02:00,49.48646115347242
2018-08-04 07:00:00+02:00,52.27509285841713
2018-08-04 08:00:00+02:00,54.38681985679611
2018-08-04 09:00:00+02:00,57.05440430118856
2018-08-04 10:00:00+02:00,58.45944378082995
2018-08-04 11:00:00+02:00,59.16826703882131
2018-08-04 12:00:00+02:00,59.507329008119804
2018-08-04 13:00:00+02:00,58.72213753309031
2018-08-04 14:00:00+02:00,57.69135436748423
2018-08-04 15:00:00+02:00,55.65101033543663
2018-08-04 16:00:00+02:00,55.466568628696315
2018-08-04 17:00:00+02:00,54.69190917310993
2018-08-04 18:00:00+02:00,56.694223344299864
2018-08-04 19:00:00+02:00,58.23388406578945
2018-08-04 20:00:00+02:00,60.7459673312221
2018-08-04 21:00:00+02:00,61.41008749953341
2018-08-04 22:00:00+02:00,60.5917322912841
2018-08-04 23:00:00+02:00,55.90383889806095
2018-08-05 00:00:00+02:00,53.30800780257088
2018-08-05 01:00:00+02:00,50.32068478144353
2018-08-05 02:00:00+02:00,47.47841981374299
2018-08-05 03:00:00+02:00,45.49172547373619
2018-08-05 04:00:00+02:00,43.67238281879491
2018-08-05 05:00:00+02:00,45.67337313773803
2018-08-05 06:00:00+02:00,44.58291080879
2018-08-05 07:00:00+02:00,44.52359047610315
2018-08-05 08:00:00+02:00,46.49125417503478
2018-08-05 09:00:00+02:00,48.20459552654049
2018-08-05 10:00:00+02:00,49.66994943713996
2018-08-05 11:00:00+02:00,51.26095046117507
2018-08-05 12:00:00+02:00,52.21334542533382
2018-08-05 13:00:00+02:00,52.40516442415886
2018-08-05 14:00:00+02:00,51.69823534006296
2018-08-05 15:00:00+02:00,48.23569362828925
2018-08-05 16:00:00+02:00,47.91166700566995
2018-08-05 17:00:00+02:00,48.048881808625005
2018-08-05 18:00:00+02:00,49.96772125912105
2018-08-05 19:00:00+02:00,53.022934562136584
2018-08-05 20:00:00+02:00,56.44829984203619
2018-08-05 21:00:00+02:00,59.64569403896494
2018-08-05 22:00:00+02:00,59.565103198750734
2018-08-05 23:00:00+02:00,58.56332363047778
2018-08-06 00:00:00+02:00,58.1990519178411
2018-08-06 01:00:00+02:00,52.983127431732385
2018-08-06 02:00:00+02:00,50.12236793157234
2018-08-06 03:00:00+02:00,50.293371262125355
2018-08-06 04:00:00+02:00,49.449905514742454
2018-08-06 05:00:00+02:00,50.41805586887306
2018-08-06 06:00:00+02:00,54.460198332955635
2018-08-06 07:00:00+02:00,57.72886792408909
2018-08-06 08:00:00+02:00,60.99686075100601
2018-08-06 09:00:00+02:00,62.434109466255144
2018-08-06 10:00:00+02:00,62.98587416703052
2018-08-06 11:00:00+02:00,63.58229015432577
2018-08-06 12:00:00+02:00,63.68645810474726
2018-08-06 13:00:00+02:00,63.388935987753094
2018-08-06 14:00:00+02:00,62.32816623937862
2018-08-06 15:00:00+02:00,60.88592534812091
2018-08-06 16:00:00+02:00,60.387132540919595
2018-08-06 17:00:00+02:00,59.90994718647219
2018-08-06 18:00:00+02:00,60.871168538581195
2018-08-06 19:00:00+02:00,61.190547853430296
2018-08-06 20:00:00+02:00,61.882380703411336
2018-08-06 21:00:00+02:00,62.904396602716766
2018-08-06 22:00:00+02:00,63.135099110521935
2018-08-06 23:00:00+02:00,59.47409870274754
2018-08-07 00:00:00+02:00,55.619288730676885
2018-08-07 01:00:00+02:00,53.523622433327766
2018-08-07 02:00:00+02:00,50.327998880550375
2018-08-07 03:00:00+02:00,48.41945720619041
2018-08-07 04:00:00+02:00,49.548693503007286
2018-08-07 05:00:00+02:00,49.699698874070926
2018-08-07 06:00:00+02:00,51.755664930265645
2018-08-07 07:00:00+02:00,55.835307767876635
2018-08-07 08:00:00+02:00,59.35798736026005
2018-08-07 09:00:00+02:00,60.96358131249617
2018-08-07 10:00:00+02:00,61.75445216707274
2018-08-07 11:00:00+02:00,62.93802738565853
2018-08-07 12:00:00+02:00,63.57865654853547
2018-08-07 13:00:00+02:00,63.3222480484807
2018-08-07 14:00:00+02:00,62.28445359105387
2018-08-07 15:00:00+02:00,61.29861177048608
2018-08-07 16:00:00+02:00,60.858072834492155
2018-08-07 17:00:00+02:00,57.014146044271065
2018-08-07 18:00:00+02:00,58.612056812926006
2018-08-07 19:00:00+02:00,57.1806055455402
2018-08-07 20:00:00+02:00,59.4998589566236
2018-08-07 21:00:00+02:00,62.13150837537639
2018-08-07 22:00:00+02:00,61.213372086574815
2018-08-07 23:00:00+02:00,58.2640652105546
2018-08-08 00:00:00+02:00,57.12179023846738
2018-08-08 01:00:00+02:00,53.776445889979044
2018-08-08 02:00:00+02:00,50.54709204179128
2018-08-08 03:00:00+02:00,51.50909534585995
2018-08-08 04:00:00+02:00,50.076430679649526
2018-08-08 05:00:00+02:00,50.0782755747317
2018-08-08 06:00:00+02:00,54.58067086959696
2018-08-08 07:00:00+02:00,58.49437957967958
2018-08-08 08:00:00+02:00,60.958200440722216
2018-08-08 09:00:00+02:00,61.28224495337653
2018-08-08 10:00:00+02:00,62.178522861701204
2018-08-08 11:00:00+02:00,63.21754208852325
2018-08-08 12:00:00+02:00,64.29435771134574
2018-08-08 13:00:00+02:00,63.62018503865594
2018-08-08 14:00:00+02:00,63.1409011589603
2018-08-08 15:00:00+02:00,62.00939466884972
2018-08-08 16:00:00+02:00,60.69940878309664
2018-08-08 17:00:00+02:00,60.40198887065907
2018-08-08 18:00:00+02:00,58.11926099511342
2018-08-08 19:00:00+02:00,59.19102907357135
2018-08-08 20:00:00+02:00,60.21917286659698
2018-08-08 21:00:00+02:00,62.34517756226049
2018-08-08 22:00:00+02:00,61.68826850597778
2018-08-08 23:00:00+02:00,59.4401865215641
2018-08-09 00:00:00+02:00,55.249527197653926
2018-08-09 01:00:00+02:00,51.41283283028965
2018-08-09 02:00:00+02:00,48.86561210019931
2018-08-09 03:00:00+02:00,45.62252479449396
2018-08-09 04:00:00+02:00,46.5732721106424
2018-08-09 05:00:00+02:00,47.76822850031646
2018-08-09 06:00:00+02:00,50.72375577834129
2018-08-09 07:00:00+02:00,56.083044831423024
2018-08-09 08:00:00+02:00,58.50101945829283
2018-08-09 09:00:00+02:00,61.15863082945713
2018-08-09 10:00:00+02:00,60.961338415091
2018-08-09 11:00:00+02:00,61.343675938901754
2018-08-09 12:00:00+02:00,62.116461125038086
2018-08-09 13:00:00+02:00,62.610070937527496
2018-08-09 14:00:00+02:00,60.740139501845
2018-08-09 15:00:00+02:00,58.675740144255634
2018-08-09 16:00:00+02:00,58.57657779019748
2018-08-09 17:00:00+02:00,57.333041002381115
2018-08-09 18:00:00+02:00,59.0239710890261
2018-08-09 19:00:00+02:00,58.247992431934534
2018-08-09 20:00:00+02:00,58.92811665090505
2018-08-09 21:00:00+02:00,58.86516328058955
2018-08-09 22:00:00+02:00,57.46706387684767
2018-08-09 23:00:00+02:00,53.67397118185585
2018-08-10 00:00:00+02:00,51.58239165259399
2018-08-10 01:00:00+02:00,48.77957171523238
2018-08-10 02:00:00+02:00,45.223492593492416
2018-08-10 03:00:00+02:00,44.53898908530372
2018-08-10 04:00:00+02:00,44.70713834256575
2018-08-10 05:00:00+02:00,45.16036719930272
2018-08-10 06:00:00+02:00,47.604425738378495
2018-08-10 07:00:00+02:00,52.874592235324634
2018-08-10 08:00:00+02:00,56.94515125505734
2018-08-10 09:00:00+02:00,57.587354682431396
2018-08-10 10:00:00+02:00,57.61533694149904
2018-08-10 11:00:00+02:00,58.54020505456984
2018-08-10 12:00:00+02:00,58.67873721938122
2018-08-10 13:00:00+02:00,58.286977642168644
2018-08-10 14:00:00+02:00,57.90905985320353
2018-08-10 15:00:00+02:00,57.872869992054156
2018-08-10 16:00:00+02:00,57.4702605667926
2018-08-10 17:00:00+02:00,56.20781453392465
2018-08-10 18:00:00+02:00,56.880953951622416
2018-08-10 19:00:00+02:00,57.11699539760489
2018-08-10 20:00:00+02:00,57.403762637845624
2018-08-10 21:00:00+02:00,58.22167785573766
2018-08-10 22:00:00+02:00,58.581775592235296
2018-08-10 23:00:00+02:00,54.5099143266792
2018-08-11 00:00:00+02:00,54.164926461113815
2018-08-11 01:00:00+02:00,52.46214811397838
2018-08-11 02:00:00+02:00,49.2277573492833
2018-08-11 03:00:00+02:00,47.37800630583231
2018-08-11 04:00:00+02:00,48.76473463433657
2018-08-11 05:00:00+02:00,48.91265191034126
2018-08-11 06:00:00+02:00,48.85990312519808
2018-08-11 07:00:00+02:00,49.88225000404515
2018-08-11 08:00:00+02:00,51.42864572191104
2018-08-11 09:00:00+02:00,53.36141350729765
2018-08-11 10:00:00+02:00,55.50199281663904
2018-08-11 11:00:00+02:00,56.23329545509851
2018-08-11 12:00:00+02:00,56.235159189595066
2018-08-11 13:00:00+02:00,56.51964092094071
2018-08-11 14:00:00+02:00,56.072155935426586
2018-08-11 15:00:00+02:00,53.79397002867785
2018-08-11 16:00:00+02:00,53.605206692308606
2018-08-11 17:00:00+02:00,53.1726263242981
2018-08-11 18:00:00+02:00,53.25476178871511
2018-08-11 19:00:00+02:00,55.37404039706416
2018-08-11 20:00:00+02:00,57.97706343871831
2018-08-11 21:00:00+02:00,57.62248892340367
2018-08-11 22:00:00+02:00,59.1796757176993
2018-08-11 23:00:00+02:00,56.65303906859251
2018-08-12 00:00:00+02:00,54.71584418620369
2018-08-12 01:00:00+02:00,52.54800770401215
2018-08-12 02:00:00+02:00,49.62645679812144
2018-08-12 03:00:00+02:00,48.62181941955435
2018-08-12 04:00:00+02:00,47.47412144098371
2018-08-12 05:00:00+02:00,47.7800083354058
2018-08-12 06:00:00+02:00,47.98514194219092
2018-08-12 07:00:00+02:00,48.30705383552334
2018-08-12 08:00:00+02:00,49.65385821549662
2018-08-12 09:00:00+02:00,50.82620065087176
2018-08-12 10:00:00+02:00,52.380427255567156
2018-08-12 11:00:00+02:00,52.50119751320526
2018-08-12 12:00:00+02:00,52.39064645145058
2018-08-12 13:00:00+02:00,52.83161756411522
2018-08-12 14:00:00+02:00,51.49134499269906
2018-08-12 15:00:00+02:00,49.1029707520639
2018-08-12 16:00:00+02:00,46.652400233138934
2018-08-12 17:00:00+02:00,45.26267137950368
2018-08-12 18:00:00+02:00,48.85814157033921
2018-08-12 19:00:00+02:00,52.27886522398975
2018-08-12 20:00:00+02:00,53.76801609480648
2018-08-12 21:00:00+02:00,55.21144783050835
2018-08-12 22:00:00+02:00,57.504891664926056
2018-08-12 23:00:00+02:00,56.942843504835444
2018-08-13 00:00:00+02:00,50.59187516160025
2018-08-13 01:00:00+02:00,48.20876610274191
2018-08-13 02:00:00+02:00,47.34101811962716
2018-08-13 03:00:00+02:00,45.34510883636353
2018-08-13 04:00:00+02:00,45.38995748959167
2018-08-13 05:00:00+02:00,47.42564358392946
2018-08-13 06:00:00+02:00,51.251672799914616
2018-08-13 07:00:00+02:00,54.0563176425327
2018-08-13 08:00:00+02:00,58.7365792735558
2018-08-13 09:00:00+02:00,59.43713094681592
2018-08-13 10:00:00+02:00,59.14777606423431
2018-08-13 11:00:00+02:00,59.32678353647736
2018-08-13 12:00:00+02:00,59.98531594152226
2018-08-13 13:00:00+02:00,59.73559448790767
2018-08-13 14:00:00+02:00,59.05696424304614
2018-08-13 15:00:00+02:00,57.601389246606594
2018-08-13 16:00:00+02:00,58.02622313321765
2018-08-13 17:00:00+02:00,57.8176116257117
2018-08-13 18:00:00+02:00,56.55168300619863
2018-08-13 19:00:00+02:00,56.391565888464584
2018-08-13 20:00:00+02:00,56.734150203578004
2018-08-13 21:00:00+02:00,58.333269538279445
2018-08-13 22:00:00+02:00,58.39655683367102
2018-08-13 23:00:00+02:00,56.27905948699861
2018-08-14 00:00:00+02:00,54.218342112580494
2018-08-14 01:00:00+02:00,51.05193813444675
2018-08-14 02:00:00+02:00,48.79110637121361
2018-08-14 03:00:00+02:00,48.17875742706522
2018-08-14 04:00:00+02:00,48.19152741589193
2018-08-14 05:00:00+02:00,47.25965372579092
2018-08-14 06:00:00+02:00,50.038904141350706
2018-08-14 07:00:00+02:00,55.11936431937624
2018-08-14 08:00:00+02:00,57.105778694727654
2018-08-14 09:00:00+02:00,58.66447487901155
2018-08-14 10:00:00+02:00,58.109169423663566
2018-08-14 11:00:00+02:00,58.23085981430887
2018-08-14 12:00:00+02:00,58.083855338210185
2018-08-14 13:00:00+02:00,58.70249905995356
2018-08-14 14:00:00+02:00,57.79986942936287
2018-08-14 15:00:00+02:00,56.68712696233573
2018-08-14 16:00:00+02:00,56.05671992564464
2018-08-14 17:00:00+02:00,55.57837227776643
2018-08-14 18:00:00+02:00,55.26210172735846
2018-08-14 19:00:00+02:00,55.77426018918513
2018-08-14 20:00:00+02:00,57.39745877796029
2018-08-14 21:00:00+02:00,58.07607639694448
2018-08-14 22:00:00+02:00,57.03004516369328
2018-08-14 23:00:00+02:00,52.99828725109862
2018-08-15 00:00:00+02:00,51.36048299288387
2018-08-15 01:00:00+02:00,49.5596945121764
2018-08-15 02:00:00+02:00,46.69670807503519
2018-08-15 03:00:00+02:00,45.627644453510435
2018-08-15 04:00:00+02:00,46.003997748706325
2018-08-15 05:00:00+02:00,47.48408961820687
2018-08-15 06:00:00+02:00,50.078763193432984
2018-08-15 07:00:00+02:00,53.95150928158171
2018-08-15 08:00:00+02:00,55.718654137192026
2018-08-15 09:00:00+02:00,56.30861884788323
2018-08-15 10:00:00+02:00,57.76439659601405
2018-08-15 11:00:00+02:00,58.25427544921178
2018-08-15 12:00:00+02:00,57.58261859829989
2018-08-15 13:00:00+02:00,57.24162688568669
2018-08-15 14:00:00+02:00,57.65839445825045
2018-08-15 15:00:00+02:00,56.16246765673753
2018-08-15 16:00:00+02:00,55.77072170842194
2018-08-15 17:00:00+02:00,56.26225641239018
2018-08-15 18:00:00+02:00,56.61829238903831
2018-08-15 19:00:00+02:00,56.58949970892461
2018-08-15 20:00:00+02:00,56.86341211026581
2018-08-15 21:00:00+02:00,57.981833415190756
2018-08-15 22:00:00+02:00,57.85669162509817
2018-08-15 23:00:00+02:00,55.62023980572379
2018-08-16 00:00:00+02:00,54.31909655643119
2018-08-16 01:00:00+02:00,52.02151928131635
2018-08-16 02:00:00+02:00,49.9525151189736
2018-08-16 03:00:00+02:00,47.69478692749826
2018-08-16 04:00:00+02:00,48.91667780438113
2018-08-16 05:00:00+02:00,49.32065393192775
2018-08-16 06:00:00+02:00,49.83075607196722
2018-08-16 07:00:00+02:00,54.55355158157641
2018-08-16 08:00:00+02:00,57.95336528863013
2018-08-16 09:00:00+02:00,58.43658578555193
2018-08-16 10:00:00+02:00,59.19108253584494
2018-08-16 11:00:00+02:00,59.88003049503513
2018-08-16 12:00:00+02:00,60.341358303303224
2018-08-16 13:00:00+02:00,60.83868263887431
2018-08-16 14:00:00+02:00,60.93214353790734
2018-08-16 15:00:00+02:00,59.360644884137294
2018-08-16 16:00:00+02:00,58.58141718943856
2018-08-16 17:00:00+02:00,58.54877867597688
2018-08-16 18:00:00+02:00,58.021457090892284
2018-08-16 19:00:00+02:00,57.42239442166751
2018-08-16 20:00:00+02:00,57.84959539410249
2018-08-16 21:00:00+02:00,59.019442572110385
2018-08-16 22:00:00+02:00,58.861625634941085
2018-08-16 23:00:00+02:00,56.340435102448
2018-08-17 00:00:00+02:00,55.38093130107067
2018-08-17 01:00:00+02:00,51.87919059052758
2018-08-17 02:00:00+02:00,49.021561524560205
2018-08-17 03:00:00+02:00,46.877115202728994
2018-08-17 04:00:00+02:00,48.438110422609704
2018-08-17 05:00:00+02:00,47.90154021169536
2018-08-17 06:00:00+02:00,50.30992561804893
2018-08-17 07:00:00+02:00,52.35388863869463
2018-08-17 08:00:00+02:00,55.277551247201465
2018-08-17 09:00:00+02:00,56.84252424759506
2018-08-17 10:00:00+02:00,55.625467819145484
2018-08-17 11:00:00+02:00,56.424422194728834
2018-08-17 12:00:00+02:00,56.238210027163895
2018-08-17 13:00:00+02:00,55.24577077442094
2018-08-17 14:00:00+02:00,54.89320358298727
2018-08-17 15:00:00+02:00,54.49541898364047
2018-08-17 16:00:00+02:00,54.391927899359935
2018-08-17 17:00:00+02:00,53.35315704045316
2018-08-17 18:00:00+02:00,54.28140833678819
2018-08-17 19:00:00+02:00,54.27681177747172
2018-08-17 20:00:00+02:00,54.640498541227714
2018-08-17 21:00:00+02:00,55.84069308533906
2018-08-17 22:00:00+02:00,54.026889947874714
2018-08-17 23:00:00+02:00,51.400476123971174
2018-08-18 00:00:00+02:00,49.964544304982745
2018-08-18 01:00:00+02:00,45.168812460444336
2018-08-18 02:00:00+02:00,44.48199818945642
2018-08-18 03:00:00+02:00,43.36370728479858
2018-08-18 04:00:00+02:00,43.90881977586634
2018-08-18 05:00:00+02:00,43.95117119565489
2018-08-18 06:00:00+02:00,47.585238054402886
2018-08-18 07:00:00+02:00,47.50543060077712
2018-08-18 08:00:00+02:00,49.434252776509595
2018-08-18 09:00:00+02:00,49.97261847581001
2018-08-18 10:00:00+02:00,50.38798532556416
2018-08-18 11:00:00+02:00,51.44229614315913
2018-08-18 12:00:00+02:00,51.216392280890055
2018-08-18 13:00:00+02:00,51.6215837924039
2018-08-18 14:00:00+02:00,51.93682047897433
2018-08-18 15:00:00+02:00,49.838119833154224
2018-08-18 16:00:00+02:00,49.975939624906765
2018-08-18 17:00:00+02:00,49.51785001109391
2018-08-18 18:00:00+02:00,49.209281319361025
2018-08-18 19:00:00+02:00,51.41907902302642
2018-08-18 20:00:00+02:00,53.87260303531087
2018-08-18 21:00:00+02:00,56.712642506087235
2018-08-18 22:00:00+02:00,55.31608227254272
2018-08-18 23:00:00+02:00,51.1590742813868
2018-08-19 00:00:00+02:00,49.45027476398246
2018-08-19 01:00:00+02:00,46.74033402010813
2018-08-19 02:00:00+02:00,46.646344427204184
2018-08-19 03:00:00+02:00,44.29213560429523
2018-08-19 04:00:00+02:00,45.406944817763986
2018-08-19 05:00:00+02:00,45.966439727246836
2018-08-19 06:00:00+02:00,44.0237632401337
2018-08-19 07:00:00+02:00,45.33913817705203
2018-08-19 08:00:00+02:00,47.243362607144206
2018-08-19 09:00:00+02:00,47.06690320111161
2018-08-19 10:00:00+02:00,47.33544737395869
2018-08-19 11:00:00+02:00,48.67980525493628
2018-08-19 12:00:00+02:00,49.44044197211292
2018-08-19 13:00:00+02:00,49.67088341537741
2018-08-19 14:00:00+02:00,50.190740519185304
2018-08-19 15:00:00+02:00,48.3655167893941
2018-08-19 16:00:00+02:00,48.09215041417582
2018-08-19 17:00:00+02:00,48.641903862821884
2018-08-19 18:00:00+02:00,48.14369406711264
2018-08-19 19:00:00+02:00,50.691206839693415
2018-08-19 20:00:00+02:00,56.28942193948487
2018-08-19 21:00:00+02:00,58.468421926080424
2018-08-19 22:00:00+02:00,57.83849487856232
2018-08-19 23:00:00+02:00,55.226293921817806
2018-08-20 00:00:00+02:00,51.65070265914636
2018-08-20 01:00:00+02:00,48.34515951049381
2018-08-20 02:00:00+02:00,46.21933728970788
2018-08-20 03:00:00+02:00,45.77810085106545
2018-08-20 04:00:00+02:00,45.68158413122858
2018-08-20 05:00:00+02:00,45.7782246600311
2018-08-20 06:00:00+02:00,49.95594386210251
2018-08-20 07:00:00+02:00,52.62861521005038
2018-08-20 08:00:00+02:00,56.182308515411215
2018-08-20 09:00:00+02:00,57.485037724052425
2018-08-20 10:00:00+02:00,57.58677648603622
2018-08-20 11:00:00+02:00,58.318969503980945
2018-08-20 12:00:00+02:00,58.60093956373478
2018-08-20 13:00:00+02:00,58.684515923342815
2018-08-20 14:00:00+02:00,58.77466287619726
2018-08-20 15:00:00+02:00,57.977609788422804
2018-08-20 16:00:00+02:00,56.66276406149078
2018-08-20 17:00:00+02:00,56.71367011038247
2018-08-20 18:00:00+02:00,57.31262953003838
2018-08-20 19:00:00+02:00,57.152311253960654
2018-08-20 20:00:00+02:00,58.00597801934504
2018-08-20 21:00:00+02:00,59.081874434490125
2018-08-20 22:00:00+02:00,58.45300743454724
2018-08-20 23:00:00+02:00,55.45970987282039
2018-08-21 00:00:00+02:00,53.64133286644869
2018-08-21 01:00:00+02:00,50.2716104992165
2018-08-21 02:00:00+02:00,48.130015115385646
2018-08-21 03:00:00+02:00,47.35290019485402
2018-08-21 04:00:00+02:00,47.50656870312677
2018-08-21 05:00:00+02:00,48.942931135705294
2018-08-21 06:00:00+02:00,51.470173543293434
2018-08-21 07:00:00+02:00,54.54738695466637
2018-08-21 08:00:00+02:00,57.21423166582091
2018-08-21 09:00:00+02:00,59.03008070909539
2018-08-21 10:00:00+02:00,57.950083931446834
2018-08-21 11:00:00+02:00,58.01327614714376
2018-08-21 12:00:00+02:00,59.49060645928205
2018-08-21 13:00:00+02:00,59.25721501806374
2018-08-21 14:00:00+02:00,59.46065092951153
2018-08-21 15:00:00+02:00,57.85423744809901
2018-08-21 16:00:00+02:00,57.39203865069004
2018-08-21 17:00:00+02:00,57.36461464201614
2018-08-21 18:00:00+02:00,57.09413150932426
2018-08-21 19:00:00+02:00,57.498253004921395
2018-08-21 20:00:00+02:00,58.24124585770743
2018-08-21 21:00:00+02:00,59.29880970815648
2018-08-21 22:00:00+02:00,59.173959059406606
2018-08-21 23:00:00+02:00,56.593352391006896
2018-08-22 00:00:00+02:00,53.16006928911455
2018-08-22 01:00:00+02:00,51.00653937292474
2018-08-22 02:00:00+02:00,49.51060133117139
2018-08-22 03:00:00+02:00,47.62161623181175
2018-08-22 04:00:00+02:00,48.39606942955786
2018-08-22 05:00:00+02:00,49.999478860268425
2018-08-22 06:00:00+02:00,53.38357400624917
2018-08-22 07:00:00+02:00,55.87955118548689
2018-08-22 08:00:00+02:00,58.05192254572116
2018-08-22 09:00:00+02:00,59.02206114974991
2018-08-22 10:00:00+02:00,58.832195193078014
2018-08-22 11:00:00+02:00,59.11220322251487
2018-08-22 12:00:00+02:00,59.56739354762896
2018-08-22 13:00:00+02:00,59.52142595490552
2018-08-22 14:00:00+02:00,58.93640294625712
2018-08-22 15:00:00+02:00,56.99816607142514
2018-08-22 16:00:00+02:00,57.217374799186835
2018-08-22 17:00:00+02:00,57.456196437777976
2018-08-22 18:00:00+02:00,56.483647524016384
2018-08-22 19:00:00+02:00,56.939852638016795
2018-08-22 20:00:00+02:00,58.423739603918214
2018-08-22 21:00:00+02:00,59.56783921157188
2018-08-22 22:00:00+02:00,59.485248811596
2018-08-22 23:00:00+02:00,56.10059408325949
2018-08-23 00:00:00+02:00,55.43934518051634
2018-08-23 01:00:00+02:00,53.21855927492436
2018-08-23 02:00:00+02:00,49.805796265126446
2018-08-23 03:00:00+02:00,48.97084985384662
2018-08-23 04:00:00+02:00,48.65202348980434
2018-08-23 05:00:00+02:00,49.537646334341154
2018-08-23 06:00:00+02:00,53.10618683495645
2018-08-23 07:00:00+02:00,55.38391316107508
2018-08-23 08:00:00+02:00,58.20762963340471
2018-08-23 09:00:00+02:00,58.94033679155191
2018-08-23 10:00:00+02:00,59.22705751623986
2018-08-23 11:00:00+02:00,59.62953884838597
2018-08-23 12:00:00+02:00,59.33363233724584
2018-08-23 13:00:00+02:00,59.26652995693022
2018-08-23 14:00:00+02:00,59.537771063306515
2018-08-23 15:00:00+02:00,57.34110261687988
2018-08-23 16:00:00+02:00,57.08083708737781
2018-08-23 17:00:00+02:00,56.87660365628923
2018-08-23 18:00:00+02:00,57.27189261639344
2018-08-23 19:00:00+02:00,56.03835358362901
2018-08-23 20:00:00+02:00,58.02787637523289
2018-08-23 21:00:00+02:00,58.71988316559574
2018-08-23 22:00:00+02:00,59.01965296069924
2018-08-23 23:00:00+02:00,55.18979775226197
2018-08-24 00:00:00+02:00,53.317053270653965
2018-08-24 01:00:00+02:00,50.39945870216076
2018-08-24 02:00:00+02:00,49.65854212720276
2018-08-24 03:00:00+02:00,48.38985024799478
2018-08-24 04:00:00+02:00,48.3838810561323
2018-08-24 05:00:00+02:00,47.831627025105256
2018-08-24 06:00:00+02:00,51.447745634558714
2018-08-24 07:00:00+02:00,53.82205321158538
2018-08-24 08:00:00+02:00,56.11372374136973
2018-08-24 09:00:00+02:00,57.92953327829324
2018-08-24 10:00:00+02:00,57.22101736268545
2018-08-24 11:00:00+02:00,58.226112049607536
2018-08-24 12:00:00+02:00,58.569406494257066
2018-08-24 13:00:00+02:00,58.84288054313316
2018-08-24 14:00:00+02:00,58.084836205172905
2018-08-24 15:00:00+02:00,56.85118387210553
2018-08-24 16:00:00+02:00,55.83641004776953
2018-08-24 17:00:00+02:00,55.000177003128776
2018-08-24 18:00:00+02:00,54.8749272009345
2018-08-24 19:00:00+02:00,54.95808249215216
2018-08-24 20:00:00+02:00,56.29774683782446
2018-08-24 21:00:00+02:00,57.682361573535566
2018-08-24 22:00:00+02:00,57.34044677410942
2018-08-24 23:00:00+02:00,54.335822179376144
2018-08-25 00:00:00+02:00,53.20093954710006
2018-08-25 01:00:00+02:00,49.501180855668416
2018-08-25 02:00:00+02:00,48.93658952489238
2018-08-25 03:00:00+02:00,47.96249976731547
2018-08-25 04:00:00+02:00,47.04913086918096
2018-08-25 05:00:00+02:00,47.56429369866478
2018-08-25 06:00:00+02:00,47.84913182895338
2018-08-25 07:00:00+02:00,49.53608338592088
2018-08-25 08:00:00+02:00,50.18298603590811
2018-08-25 09:00:00+02:00,51.89348692267391
2018-08-25 10:00:00+02:00,53.11922861547618
2018-08-25 11:00:00+02:00,53.5604937943763
2018-08-25 12:00:00+02:00,54.984573025780854
2018-08-25 13:00:00+02:00,53.9063882703909
2018-08-25 14:00:00+02:00,53.8169134035088
2018-08-25 15:00:00+02:00,51.1405188771107
2018-08-25 16:00:00+02:00,49.969270831244955
2018-08-25 17:00:00+02:00,49.35358869382091
2018-08-25 18:00:00+02:00,50.443360650469934
2018-08-25 19:00:00+02:00,52.10541012260501
2018-08-25 20:00:00+02:00,54.444929528958134
2018-08-25 21:00:00+02:00,56.56479449556499
2018-08-25 22:00:00+02:00,56.462930103030736
2018-08-25 23:00:00+02:00,53.486887663369735
2018-08-26 00:00:00+02:00,52.70350899578969
2018-08-26 01:00:00+02:00,49.96105950322968
2018-08-26 02:00:00+02:00,48.44469523122037
2018-08-26 03:00:00+02:00,47.33642018707715
2018-08-26 04:00:00+02:00,46.79319927321287
2018-08-26 05:00:00+02:00,46.75218830164366
2018-08-26 06:00:00+02:00,45.05981902383459
2018-08-26 07:00:00+02:00,46.60541903928933
2018-08-26 08:00:00+02:00,48.76324145672783
2018-08-26 09:00:00+02:00,49.48517319864152
2018-08-26 10:00:00+02:00,50.92818994635244
2018-08-26 11:00:00+02:00,52.4474191776687
2018-08-26 12:00:00+02:00,52.617899158266624
2018-08-26 13:00:00+02:00,52.99423688856408
2018-08-26 14:00:00+02:00,52.76628887785927
2018-08-26 15:00:00+02:00,50.9689083466144
2018-08-26 16:00:00+02:00,49.81828849122127
2018-08-26 17:00:00+02:00,47.98011326456913
2018-08-26 18:00:00+02:00,50.028041688724024
2018-08-26 19:00:00+02:00,52.262013351306145
2018-08-26 20:00:00+02:00,58.153056022147744
2018-08-26 21:00:00+02:00,59.79561725082655
2018-08-26 22:00:00+02:00,61.09651817710249
2018-08-26 23:00:00+02:00,57.03664489598933
2018-08-27 00:00:00+02:00,54.28317040224871
2018-08-27 01:00:00+02:00,50.01294215225587
2018-08-27 02:00:00+02:00,49.15395952696403
2018-08-27 03:00:00+02:00,48.296263183122626
2018-08-27 04:00:00+02:00,48.41049801134839
2018-08-27 05:00:00+02:00,48.57860105825848
2018-08-27 06:00:00+02:00,52.115626388635
2018-08-27 07:00:00+02:00,56.14198111853068
2018-08-27 08:00:00+02:00,58.340861729296485
2018-08-27 09:00:00+02:00,59.004812872682464
2018-08-27 10:00:00+02:00,59.06552575063129
2018-08-27 11:00:00+02:00,59.9827778327225
2018-08-27 12:00:00+02:00,60.78409642800051
2018-08-27 13:00:00+02:00,61.033241316339826
2018-08-27 14:00:00+02:00,59.93346079712901
2018-08-27 15:00:00+02:00,60.63799206736102
2018-08-27 16:00:00+02:00,58.98787364919252
2018-08-27 17:00:00+02:00,58.693375482168555
2018-08-27 18:00:00+02:00,58.06045215407162
2018-08-27 19:00:00+02:00,58.11986300714233
2018-08-27 20:00:00+02:00,59.54295168196407
2018-08-27 21:00:00+02:00,60.56108408706427
2018-08-27 22:00:00+02:00,59.787745171268625
2018-08-27 23:00:00+02:00,56.98966853642306
2018-08-28 00:00:00+02:00,55.51825341151643
2018-08-28 01:00:00+02:00,52.26265779333249
2018-08-28 02:00:00+02:00,48.594086406015755
2018-08-28 03:00:00+02:00,48.49634247469038
2018-08-28 04:00:00+02:00,47.21224188312976
2018-08-28 05:00:00+02:00,47.20500952308665
2018-08-28 06:00:00+02:00,52.115262909469386
2018-08-28 07:00:00+02:00,54.58645726599807
2018-08-28 08:00:00+02:00,57.45768886534089
2018-08-28 09:00:00+02:00,58.537645950692706
2018-08-28 10:00:00+02:00,58.16435790727434
2018-08-28 11:00:00+02:00,58.2160799505732
2018-08-28 12:00:00+02:00,58.369598673352236
2018-08-28 13:00:00+02:00,59.23735079983512
2018-08-28 14:00:00+02:00,58.462506291238526
2018-08-28 15:00:00+02:00,56.57037459276153
2018-08-28 16:00:00+02:00,55.83315446120765
2018-08-28 17:00:00+02:00,55.542409833853675
2018-08-28 18:00:00+02:00,56.34186372681258
2018-08-28 19:00:00+02:00,56.939996894603915
2018-08-28 20:00:00+02:00,58.14382312456903
2018-08-28 21:00:00+02:00,58.52188369912191
2018-08-28 22:00:00+02:00,58.412005128700564
2018-08-28 23:00:00+02:00,55.4701878336086
2018-08-29 00:00:00+02:00,52.97571651345654
2018-08-29 01:00:00+02:00,51.66146207439878
2018-08-29 02:00:00+02:00,46.56923717202084
2018-08-29 03:00:00+02:00,46.839314967491624
2018-08-29 04:00:00+02:00,46.122292867668826
2018-08-29 05:00:00+02:00,47.47914351983911
2018-08-29 06:00:00+02:00,52.055235424965986
2018-08-29 07:00:00+02:00,53.71369453604515
2018-08-29 08:00:00+02:00,57.37401493417553
2018-08-29 09:00:00+02:00,57.79408832473064
2018-08-29 10:00:00+02:00,58.70048801003739
2018-08-29 11:00:00+02:00,59.61139674776806
2018-08-29 12:00:00+02:00,60.2289549056199
2018-08-29 13:00:00+02:00,60.09568744468879
2018-08-29 14:00:00+02:00,59.051208710791684
2018-08-29 15:00:00+02:00,58.00446268921595
2018-08-29 16:00:00+02:00,57.41948511373098
2018-08-29 17:00:00+02:00,56.03046514146183
2018-08-29 18:00:00+02:00,56.25758635739792
2018-08-29 19:00:00+02:00,55.96181018118384
2018-08-29 20:00:00+02:00,57.18510196624967
2018-08-29 21:00:00+02:00,58.458986208903376
2018-08-29 22:00:00+02:00,57.33755652939383
2018-08-29 23:00:00+02:00,54.309230237566446
2018-08-30 00:00:00+02:00,52.30190149837271
2018-08-30 01:00:00+02:00,50.59666867208392
2018-08-30 02:00:00+02:00,46.73893279364564
2018-08-30 03:00:00+02:00,46.731406438613185
2018-08-30 04:00:00+02:00,46.46342355617488
2018-08-30 05:00:00+02:00,48.23455358744132
2018-08-30 06:00:00+02:00,50.677465944740696
2018-08-30 07:00:00+02:00,54.42162990573712
2018-08-30 08:00:00+02:00,57.286656250892555
2018-08-30 09:00:00+02:00,57.86586892900278
2018-08-30 10:00:00+02:00,58.75440991776202
2018-08-30 11:00:00+02:00,58.79325858690657
2018-08-30 12:00:00+02:00,59.89605536713545
2018-08-30 13:00:00+02:00,60.775214089028395
2018-08-30 14:00:00+02:00,59.896648474190584
2018-08-30 15:00:00+02:00,58.61301873648866
2018-08-30 16:00:00+02:00,57.769915989594146
2018-08-30 17:00:00+02:00,57.44758537320567
2018-08-30 18:00:00+02:00,57.273952414601844
2018-08-30 19:00:00+02:00,57.023194561096126
2018-08-30 20:00:00+02:00,58.6207177789641
2018-08-30 21:00:00+02:00,59.22805948464568
2018-08-30 22:00:00+02:00,58.0420468545708
2018-08-30 23:00:00+02:00,54.18219295603027
2018-08-31 00:00:00+02:00,53.770143412232045
2018-08-31 01:00:00+02:00,50.30720412298874
2018-08-31 02:00:00+02:00,49.37953175887753
2018-08-31 03:00:00+02:00,47.80238688489181
2018-08-31 04:00:00+02:00,48.183444819071575
2018-08-31 05:00:00+02:00,47.20168355095683
2018-08-31 06:00:00+02:00,51.84711918046693
2018-08-31 07:00:00+02:00,54.20452949435262
2018-08-31 08:00:00+02:00,57.340877030801266
2018-08-31 09:00:00+02:00,58.38017856206938
2018-08-31 10:00:00+02:00,58.71037350032622
2018-08-31 11:00:00+02:00,59.18757546096143
2018-08-31 12:00:00+02:00,59.412566528335866
2018-08-31 13:00:00+02:00,60.43754683704276
2018-08-31 14:00:00+02:00,59.5284974029862
2018-08-31 15:00:00+02:00,57.60154819878401
2018-08-31 16:00:00+02:00,57.41984341751486
2018-08-31 17:00:00+02:00,56.794465604903365
2018-08-31 18:00:00+02:00,56.89455183936457
2018-08-31 19:00:00+02:00,56.78862531981715
2018-08-31 20:00:00+02:00,58.42362846626691
2018-08-31 21:00:00+02:00,59.67535062236027
2018-08-31 22:00:00+02:00,57.94560979765452
2018-08-31 23:00:00+02:00,53.908428228609914
2018-09-01 00:00:00+02:00,53.82097215343302
2018-09-01 01:00:00+02:00,50.45982429283817
2018-09-01 02:00:00+02:00,51.21642826619228
2018-09-01 03:00:00+02:00,49.59410539436533
2018-09-01 04:00:00+02:00,48.92712957682911
2018-09-01 05:00:00+02:00,47.46888097825234
2018-09-01 06:00:00+02:00,49.86113516607745
2018-09-01 07:00:00+02:00,50.48864823642918
2018-09-01 08:00:00+02:00,51.879943764746436
2018-09-01 09:00:00+02:00,53.55574421616583
2018-09-01 10:00:00+02:00,54.31139342735198
2018-09-01 11:00:00+02:00,55.006198672290196
2018-09-01 12:00:00+02:00,55.08807713330189
2018-09-01 13:00:00+02:00,55.47722916768752
2018-09-01 14:00:00+02:00,55.288239441597
2018-09-01 15:00:00+02:00,53.901764262828074
2018-09-01 16:00:00+02:00,52.616291502915224
2018-09-01 17:00:00+02:00,51.937618632454786
2018-09-01 18:00:00+02:00,52.248825049665335
2018-09-01 19:00:00+02:00,54.223393693347994
2018-09-01 20:00:00+02:00,57.45732623970554
2018-09-01 21:00:00+02:00,60.13148066453069
2018-09-01 22:00:00+02:00,58.241723330681594
2018-09-01 23:00:00+02:00,55.65557784075091
2018-09-02 00:00:00+02:00,56.25257184608986
2018-09-02 01:00:00+02:00,54.43808760153133
2018-09-02 02:00:00+02:00,51.34688983145782
2018-09-02 03:00:00+02:00,49.98736165490331
2018-09-02 04:00:00+02:00,47.33086251262589
2018-09-02 05:00:00+02:00,47.68996068035366
2018-09-02 06:00:00+02:00,48.27281761524657
2018-09-02 07:00:00+02:00,49.09985627405604
2018-09-02 08:00:00+02:00,50.31466033588506
2018-09-02 09:00:00+02:00,51.46549364733459
2018-09-02 10:00:00+02:00,52.20107850262294
2018-09-02 11:00:00+02:00,53.668574235145776
2018-09-02 12:00:00+02:00,53.747595143047725
2018-09-02 13:00:00+02:00,54.449610748739275
2018-09-02 14:00:00+02:00,53.83961936581127
2018-09-02 15:00:00+02:00,51.46586101741914
2018-09-02 16:00:00+02:00,51.066883476504124
2018-09-02 17:00:00+02:00,50.73268783348072
2018-09-02 18:00:00+02:00,53.36682046158
2018-09-02 19:00:00+02:00,58.24726254209755
2018-09-02 20:00:00+02:00,62.50419690827471
2018-09-02 21:00:00+02:00,65.41889577944922
2018-09-02 22:00:00+02:00,62.95760008512904
2018-09-02 23:00:00+02:00,60.783895777124506
2018-09-03 00:00:00+02:00,59.17871219064114
2018-09-03 01:00:00+02:00,55.552176192090066
2018-09-03 02:00:00+02:00,52.529982580801764
2018-09-03 03:00:00+02:00,50.29163672988833
2018-09-03 04:00:00+02:00,49.56765034039239
2018-09-03 05:00:00+02:00,51.16103964545892
2018-09-03 06:00:00+02:00,55.444542986714225
2018-09-03 07:00:00+02:00,59.637905346580936
2018-09-03 08:00:00+02:00,65.40885719141487
2018-09-03 09:00:00+02:00,66.2192827976464
2018-09-03 10:00:00+02:00,66.66969636591274
2018-09-03 11:00:00+02:00,66.72771247600068
2018-09-03 12:00:00+02:00,65.7613933282758
2018-09-03 13:00:00+02:00,65.8262218779908
2018-09-03 14:00:00+02:00,65.24502330537175
2018-09-03 15:00:00+02:00,64.92237795382322
2018-09-03 16:00:00+02:00,64.91132367362268
2018-09-03 17:00:00+02:00,64.78724560372542
2018-09-03 18:00:00+02:00,64.36762696145678
2018-09-03 19:00:00+02:00,64.83096887154342
2018-09-03 20:00:00+02:00,65.30922174081478
2018-09-03 21:00:00+02:00,67.9604091691068
2018-09-03 22:00:00+02:00,64.92200600441583
2018-09-03 23:00:00+02:00,60.9687536783822
2018-09-04 00:00:00+02:00,55.46099149271408
2018-09-04 01:00:00+02:00,53.08335267149406
2018-09-04 02:00:00+02:00,49.461712912418356
2018-09-04 03:00:00+02:00,47.51864606763931
2018-09-04 04:00:00+02:00,48.27949439931148
2018-09-04 05:00:00+02:00,48.48077613120619
2018-09-04 06:00:00+02:00,52.208296626073405
2018-09-04 07:00:00+02:00,57.880972527217665
2018-09-04 08:00:00+02:00,61.588572439403265
2018-09-04 09:00:00+02:00,62.459263545057006
2018-09-04 10:00:00+02:00,62.53670831954084
2018-09-04 11:00:00+02:00,62.25103825910826
2018-09-04 12:00:00+02:00,62.121431105882266
2018-09-04 13:00:00+02:00,63.280314572922514
2018-09-04 14:00:00+02:00,62.31765224954901
2018-09-04 15:00:00+02:00,60.94244437068486
2018-09-04 16:00:00+02:00,60.44347206775421
2018-09-04 17:00:00+02:00,60.32402665964969
2018-09-04 18:00:00+02:00,60.927618512098434
2018-09-04 19:00:00+02:00,62.097266640995294
2018-09-04 20:00:00+02:00,63.66160560478219
2018-09-04 21:00:00+02:00,63.32867564645816
2018-09-04 22:00:00+02:00,61.34063625545906
2018-09-04 23:00:00+02:00,57.74043451825537
2018-09-05 00:00:00+02:00,57.00263538788636
2018-09-05 01:00:00+02:00,54.981164773377365
2018-09-05 02:00:00+02:00,51.27054342787023
2018-09-05 03:00:00+02:00,50.29338551378587
2018-09-05 04:00:00+02:00,49.86996370436327
2018-09-05 05:00:00+02:00,52.28138449709076
2018-09-05 06:00:00+02:00,54.42597900916419
2018-09-05 07:00:00+02:00,58.13104762119332
2018-09-05 08:00:00+02:00,62.10980898749793
2018-09-05 09:00:00+02:00,62.83229232431243
2018-09-05 10:00:00+02:00,63.177676566831195
2018-09-05 11:00:00+02:00,63.12266431565002
2018-09-05 12:00:00+02:00,63.30217428522983
2018-09-05 13:00:00+02:00,63.03279197951102
2018-09-05 14:00:00+02:00,62.803031677584734
2018-09-05 15:00:00+02:00,61.54772872924749
2018-09-05 16:00:00+02:00,60.10712733752166
2018-09-05 17:00:00+02:00,60.36014069831009
2018-09-05 18:00:00+02:00,59.95679743929666
2018-09-05 19:00:00+02:00,61.333505388168476
2018-09-05 20:00:00+02:00,62.36378304064166
2018-09-05 21:00:00+02:00,63.5925505137937
2018-09-05 22:00:00+02:00,61.902555801331495
2018-09-05 23:00:00+02:00,57.57586556431628
2018-09-06 00:00:00+02:00,56.92578241267694
2018-09-06 01:00:00+02:00,54.60525622827422
2018-09-06 02:00:00+02:00,50.104320649084194
2018-09-06 03:00:00+02:00,49.05309962991015
2018-09-06 04:00:00+02:00,50.32663621428037
2018-09-06 05:00:00+02:00,51.44326426322713
2018-09-06 06:00:00+02:00,55.53721864074487
2018-09-06 07:00:00+02:00,58.87653645146352
2018-09-06 08:00:00+02:00,62.58166314568927
2018-09-06 09:00:00+02:00,63.76190638890561
2018-09-06 10:00:00+02:00,63.39399440623887
2018-09-06 11:00:00+02:00,62.758181871637156
2018-09-06 12:00:00+02:00,63.01770855128492
2018-09-06 13:00:00+02:00,63.045023976083165
2018-09-06 14:00:00+02:00,62.41288466226465
2018-09-06 15:00:00+02:00,60.76572157528693
2018-09-06 16:00:00+02:00,59.59014145627726
2018-09-06 17:00:00+02:00,59.2931449996156
2018-09-06 18:00:00+02:00,59.61340341512798
2018-09-06 19:00:00+02:00,60.0686511637943
2018-09-06 20:00:00+02:00,62.216888609757554
2018-09-06 21:00:00+02:00,64.46581633804094
2018-09-06 22:00:00+02:00,60.99096919807774
2018-09-06 23:00:00+02:00,57.637035497765204
2018-09-07 00:00:00+02:00,56.28288725231166
2018-09-07 01:00:00+02:00,53.0054950729222
2018-09-07 02:00:00+02:00,50.63216304256131
2018-09-07 03:00:00+02:00,51.411297349835685
2018-09-07 04:00:00+02:00,50.57022990410072
2018-09-07 05:00:00+02:00,50.87310256817465
2018-09-07 06:00:00+02:00,54.13853550703089
2018-09-07 07:00:00+02:00,57.604326857170555
2018-09-07 08:00:00+02:00,60.75619190872751
2018-09-07 09:00:00+02:00,61.05729836931264
2018-09-07 10:00:00+02:00,61.24060627452343
2018-09-07 11:00:00+02:00,62.257369578466545
2018-09-07 12:00:00+02:00,62.04711977512422
2018-09-07 13:00:00+02:00,62.592985857567875
2018-09-07 14:00:00+02:00,61.23713881709364
2018-09-07 15:00:00+02:00,59.53777897567843
2018-09-07 16:00:00+02:00,58.99372971953733
2018-09-07 17:00:00+02:00,59.27749775568076
2018-09-07 18:00:00+02:00,60.05516591433977
2018-09-07 19:00:00+02:00,59.61425013631473
2018-09-07 20:00:00+02:00,61.127349763440606
2018-09-07 21:00:00+02:00,63.547987206658746
2018-09-07 22:00:00+02:00,61.35172763762656
2018-09-07 23:00:00+02:00,57.842015528983495
2018-09-08 00:00:00+02:00,57.13750615995327
2018-09-08 01:00:00+02:00,55.2841868427278
2018-09-08 02:00:00+02:00,53.96071329560689
2018-09-08 03:00:00+02:00,52.25555959654193
2018-09-08 04:00:00+02:00,52.09907763158723
2018-09-08 05:00:00+02:00,52.788627201186976
2018-09-08 06:00:00+02:00,53.06123695934667
2018-09-08 07:00:00+02:00,53.446337513019635
2018-09-08 08:00:00+02:00,54.930004532397426
2018-09-08 09:00:00+02:00,56.11179690917222
2018-09-08 10:00:00+02:00,57.305486804485206
2018-09-08 11:00:00+02:00,58.03792073411369
2018-09-08 12:00:00+02:00,57.93503014158008
2018-09-08 13:00:00+02:00,59.58727313938957
2018-09-08 14:00:00+02:00,58.578339331772916
2018-09-08 15:00:00+02:00,56.60509693936302
2018-09-08 16:00:00+02:00,56.22982275127935
2018-09-08 17:00:00+02:00,56.08051556318947
2018-09-08 18:00:00+02:00,56.67668523836213
2018-09-08 19:00:00+02:00,59.07917473310773
2018-09-08 20:00:00+02:00,60.92536039690071
2018-09-08 21:00:00+02:00,62.311616289678945
2018-09-08 22:00:00+02:00,60.10226111886981
2018-09-08 23:00:00+02:00,57.97599496438253
2018-09-09 00:00:00+02:00,56.03501355827316
2018-09-09 01:00:00+02:00,53.05921044488388
2018-09-09 02:00:00+02:00,51.30281201863058
2018-09-09 03:00:00+02:00,51.12479043360753
2018-09-09 04:00:00+02:00,50.15770859913084
2018-09-09 05:00:00+02:00,50.077221821253126
2018-09-09 06:00:00+02:00,50.996632689152705
2018-09-09 07:00:00+02:00,51.50138591357677
2018-09-09 08:00:00+02:00,54.09926535847842
2018-09-09 09:00:00+02:00,55.09974141557283
2018-09-09 10:00:00+02:00,55.96592521114413
2018-09-09 11:00:00+02:00,56.03367598763816
2018-09-09 12:00:00+02:00,55.597741080143415
2018-09-09 13:00:00+02:00,54.3572707156416
2018-09-09 14:00:00+02:00,55.776512269987535
2018-09-09 15:00:00+02:00,54.486564950761014
2018-09-09 16:00:00+02:00,54.05147094426485
2018-09-09 17:00:00+02:00,54.292015063864596
2018-09-09 18:00:00+02:00,53.97308106956018
2018-09-09 19:00:00+02:00,56.89596842364124
2018-09-09 20:00:00+02:00,60.80013990568597
2018-09-09 21:00:00+02:00,62.10243718809801
2018-09-09 22:00:00+02:00,60.15358028855749
2018-09-09 23:00:00+02:00,58.59065092477146
2018-09-10 00:00:00+02:00,55.22089627551503
2018-09-10 01:00:00+02:00,52.72041048105069
2018-09-10 02:00:00+02:00,49.8667528024779
2018-09-10 03:00:00+02:00,49.060146636372394
2018-09-10 04:00:00+02:00,48.37162425502254
2018-09-10 05:00:00+02:00,48.44316594447037
2018-09-10 06:00:00+02:00,53.2768989478735
2018-09-10 07:00:00+02:00,58.29879953132818
2018-09-10 08:00:00+02:00,62.41598892320045
2018-09-10 09:00:00+02:00,63.23567382527634
2018-09-10 10:00:00+02:00,63.17520373121844
2018-09-10 11:00:00+02:00,63.48166171431861
2018-09-10 12:00:00+02:00,62.74688219729993
2018-09-10 13:00:00+02:00,62.172574687821914
2018-09-10 14:00:00+02:00,61.64477041404323
2018-09-10 15:00:00+02:00,61.30030579957454
2018-09-10 16:00:00+02:00,60.492764843743636
2018-09-10 17:00:00+02:00,60.14702515944263
2018-09-10 18:00:00+02:00,60.903326591616064
2018-09-10 19:00:00+02:00,61.9664208954541
2018-09-10 20:00:00+02:00,62.52973121488037
2018-09-10 21:00:00+02:00,63.84367352136301
2018-09-10 22:00:00+02:00,61.29227633015213
2018-09-10 23:00:00+02:00,57.93934052028525
2018-09-11 00:00:00+02:00,56.86570795046428
2018-09-11 01:00:00+02:00,53.735056488647466
2018-09-11 02:00:00+02:00,50.55251433700954
2018-09-11 03:00:00+02:00,50.483026344860015
2018-09-11 04:00:00+02:00,50.17632069325847
2018-09-11 05:00:00+02:00,51.36314617167906
2018-09-11 06:00:00+02:00,54.87680462768845
2018-09-11 07:00:00+02:00,56.61255875295402
2018-09-11 08:00:00+02:00,60.36684595825468
2018-09-11 09:00:00+02:00,60.547877165616455
2018-09-11 10:00:00+02:00,60.025689000920885
2018-09-11 11:00:00+02:00,60.45310753560938
2018-09-11 12:00:00+02:00,59.83638264264005
2018-09-11 13:00:00+02:00,59.94895512566419
2018-09-11 14:00:00+02:00,59.04689040652494
2018-09-11 15:00:00+02:00,58.37653318051656
2018-09-11 16:00:00+02:00,58.625624758274284
2018-09-11 17:00:00+02:00,58.90672521632653
2018-09-11 18:00:00+02:00,59.82672100460311
2018-09-11 19:00:00+02:00,61.38940604403037
2018-09-11 20:00:00+02:00,61.24782555775178
2018-09-11 21:00:00+02:00,62.608058636787234
2018-09-11 22:00:00+02:00,60.42926780448828
2018-09-11 23:00:00+02:00,57.50107317183256
2018-09-12 00:00:00+02:00,55.11091401493545
2018-09-12 01:00:00+02:00,50.337652277277186
2018-09-12 02:00:00+02:00,49.708549017553445
2018-09-12 03:00:00+02:00,48.62045577304
2018-09-12 04:00:00+02:00,50.65731536556326
2018-09-12 05:00:00+02:00,51.16661836168859
2018-09-12 06:00:00+02:00,54.67972888099954
2018-09-12 07:00:00+02:00,57.98071796159184
2018-09-12 08:00:00+02:00,60.72646820388619
2018-09-12 09:00:00+02:00,61.293132891418246
2018-09-12 10:00:00+02:00,61.069898341340256
2018-09-12 11:00:00+02:00,60.91113167492807
2018-09-12 12:00:00+02:00,61.00908392891332
2018-09-12 13:00:00+02:00,60.68991538008205
2018-09-12 14:00:00+02:00,60.1847259470071
2018-09-12 15:00:00+02:00,58.47954794115253
2018-09-12 16:00:00+02:00,58.072126338707186
2018-09-12 17:00:00+02:00,57.51397540407987
2018-09-12 18:00:00+02:00,59.085972815653115
2018-09-12 19:00:00+02:00,59.10874324070755
2018-09-12 20:00:00+02:00,60.46632069658779
2018-09-12 21:00:00+02:00,61.45670512035914
2018-09-12 22:00:00+02:00,59.70668529702413
2018-09-12 23:00:00+02:00,56.29154909894903
2018-09-13 00:00:00+02:00,54.270506831051584
2018-09-13 01:00:00+02:00,52.35062416232395
2018-09-13 02:00:00+02:00,50.15245779461075
2018-09-13 03:00:00+02:00,49.944777779407964
2018-09-13 04:00:00+02:00,50.58063263433641
2018-09-13 05:00:00+02:00,50.786194848735924
2018-09-13 06:00:00+02:00,53.83851369172957
2018-09-13 07:00:00+02:00,58.37018691250777
2018-09-13 08:00:00+02:00,60.47780283613141
2018-09-13 09:00:00+02:00,60.86366611299798
2018-09-13 10:00:00+02:00,60.70228520361875
2018-09-13 11:00:00+02:00,60.51413260390629
2018-09-13 12:00:00+02:00,60.483835696131344
2018-09-13 13:00:00+02:00,60.164693772128295
2018-09-13 14:00:00+02:00,59.374543788477304
2018-09-13 15:00:00+02:00,58.24361906003141
2018-09-13 16:00:00+02:00,58.30633220113489
2018-09-13 17:00:00+02:00,58.01740857697231
2018-09-13 18:00:00+02:00,58.25410046221962
2018-09-13 19:00:00+02:00,59.41365211989088
2018-09-13 20:00:00+02:00,60.54674112110737
2018-09-13 21:00:00+02:00,61.04783228251673
2018-09-13 22:00:00+02:00,60.00196282076494
2018-09-13 23:00:00+02:00,56.524152191730714
2018-09-14 00:00:00+02:00,55.93169315483008
2018-09-14 01:00:00+02:00,51.50888932845337
2018-09-14 02:00:00+02:00,49.31995787605957
2018-09-14 03:00:00+02:00,48.94084301883432
2018-09-14 04:00:00+02:00,49.17327529971649
2018-09-14 05:00:00+02:00,50.034447285866655
2018-09-14 06:00:00+02:00,53.29391656566008
2018-09-14 07:00:00+02:00,55.44602444558544
2018-09-14 08:00:00+02:00,59.811375416158164
2018-09-14 09:00:00+02:00,60.26279371092202
2018-09-14 10:00:00+02:00,59.980321757887054
2018-09-14 11:00:00+02:00,58.93419316020945
2018-09-14 12:00:00+02:00,58.96216542846548
2018-09-14 13:00:00+02:00,58.281152807965036
2018-09-14 14:00:00+02:00,57.63597043275328
2018-09-14 15:00:00+02:00,56.805276270170225
2018-09-14 16:00:00+02:00,56.52501617262129
2018-09-14 17:00:00+02:00,56.75102646322242
2018-09-14 18:00:00+02:00,57.794507508003996
2018-09-14 19:00:00+02:00,58.95148347745201
2018-09-14 20:00:00+02:00,59.72250149815926
2018-09-14 21:00:00+02:00,59.02339594981299
2018-09-14 22:00:00+02:00,58.05577378551334
2018-09-14 23:00:00+02:00,54.574025715605494
2018-09-15 00:00:00+02:00,55.88741404893148
2018-09-15 01:00:00+02:00,53.41858347078736
2018-09-15 02:00:00+02:00,50.15313971749456
2018-09-15 03:00:00+02:00,49.118529557118826
2018-09-15 04:00:00+02:00,48.09962805044074
2018-09-15 05:00:00+02:00,49.36792955971402
2018-09-15 06:00:00+02:00,49.83043506372213
2018-09-15 07:00:00+02:00,49.95837845094879
2018-09-15 08:00:00+02:00,54.021461102322064
2018-09-15 09:00:00+02:00,55.435915301847245
2018-09-15 10:00:00+02:00,56.53132612172349
2018-09-15 11:00:00+02:00,56.58877688180519
2018-09-15 12:00:00+02:00,57.68434415214849
2018-09-15 13:00:00+02:00,57.681414715862246
2018-09-15 14:00:00+02:00,57.71631479488815
2018-09-15 15:00:00+02:00,54.43917017905893
2018-09-15 16:00:00+02:00,52.838226416264575
2018-09-15 17:00:00+02:00,53.869060614975126
2018-09-15 18:00:00+02:00,55.03829928775993
2018-09-15 19:00:00+02:00,57.26713359363222
2018-09-15 20:00:00+02:00,59.98384897044317
2018-09-15 21:00:00+02:00,61.0477735107438
2018-09-15 22:00:00+02:00,57.89856742461762
2018-09-15 23:00:00+02:00,56.59458941932436
2018-09-16 00:00:00+02:00,56.54336103332147
2018-09-16 01:00:00+02:00,54.046287996194586
2018-09-16 02:00:00+02:00,51.69301784159007
2018-09-16 03:00:00+02:00,51.947142980518755
2018-09-16 04:00:00+02:00,50.63711233309383
2018-09-16 05:00:00+02:00,50.78350036922219
2018-09-16 06:00:00+02:00,49.846104707873145
2018-09-16 07:00:00+02:00,50.399192102747804
2018-09-16 08:00:00+02:00,51.28198589490258
2018-09-16 09:00:00+02:00,51.84422334888247
2018-09-16 10:00:00+02:00,53.25235097361581
2018-09-16 11:00:00+02:00,53.42124127481759
2018-09-16 12:00:00+02:00,52.67643943262187
2018-09-16 13:00:00+02:00,52.6786364903272
2018-09-16 14:00:00+02:00,52.60080515067755
2018-09-16 15:00:00+02:00,51.06824004318557
2018-09-16 16:00:00+02:00,49.391903253810135
2018-09-16 17:00:00+02:00,49.768601885912325
2018-09-16 18:00:00+02:00,52.495340443946695
2018-09-16 19:00:00+02:00,56.23947313522684
2018-09-16 20:00:00+02:00,60.335252810218556
2018-09-16 21:00:00+02:00,62.88401358620781
2018-09-16 22:00:00+02:00,62.29419676861585
2018-09-16 23:00:00+02:00,59.39134386449408
2018-09-17 00:00:00+02:00,56.07241646160818
2018-09-17 01:00:00+02:00,53.131767909713595
2018-09-17 02:00:00+02:00,50.66322517555051
2018-09-17 03:00:00+02:00,49.829067921267836
2018-09-17 04:00:00+02:00,48.58105355167305
2018-09-17 05:00:00+02:00,49.15085368245735
2018-09-17 06:00:00+02:00,53.614795579612256
2018-09-17 07:00:00+02:00,55.07302722622338
2018-09-17 08:00:00+02:00,59.3870081378548
2018-09-17 09:00:00+02:00,59.193644172125914
2018-09-17 10:00:00+02:00,59.98478181149692
2018-09-17 11:00:00+02:00,59.58210344174267
2018-09-17 12:00:00+02:00,60.63752263867617
2018-09-17 13:00:00+02:00,60.20469201330901
2018-09-17 14:00:00+02:00,58.7817339270052
2018-09-17 15:00:00+02:00,58.39038122551792
2018-09-17 16:00:00+02:00,58.015227557939596
2018-09-17 17:00:00+02:00,57.766247382194855
2018-09-17 18:00:00+02:00,57.933956460007494
2018-09-17 19:00:00+02:00,59.03846797582214
2018-09-17 20:00:00+02:00,60.31915415229387
2018-09-17 21:00:00+02:00,61.190042977708636
2018-09-17 22:00:00+02:00,58.44882818036917
2018-09-17 23:00:00+02:00,56.103520973962354
2018-09-18 00:00:00+02:00,55.50531132443903
2018-09-18 01:00:00+02:00,50.484831424054
2018-09-18 02:00:00+02:00,47.80990414196818
2018-09-18 03:00:00+02:00,48.31703709792536
2018-09-18 04:00:00+02:00,49.17513910390596
2018-09-18 05:00:00+02:00,48.576033010774296
2018-09-18 06:00:00+02:00,54.17019793470306
2018-09-18 07:00:00+02:00,56.62152700169742
2018-09-18 08:00:00+02:00,58.91572146802837
2018-09-18 09:00:00+02:00,59.60121823925451
2018-09-18 10:00:00+02:00,60.06583389207637
2018-09-18 11:00:00+02:00,59.745896794118515
2018-09-18 12:00:00+02:00,60.034131211217336
2018-09-18 13:00:00+02:00,59.529447181449974
2018-09-18 14:00:00+02:00,58.84894494637561
2018-09-18 15:00:00+02:00,57.95385672603165
2018-09-18 16:00:00+02:00,57.29375877974587
2018-09-18 17:00:00+02:00,57.68066145957388
2018-09-18 18:00:00+02:00,56.94322089933116
2018-09-18 19:00:00+02:00,59.31077778539072
2018-09-18 20:00:00+02:00,60.62887670604088
2018-09-18 21:00:00+02:00,61.04008604961561
2018-09-18 22:00:00+02:00,58.69025649592415
2018-09-18 23:00:00+02:00,56.042490649751386
2018-09-19 00:00:00+02:00,56.60340671704706
2018-09-19 01:00:00+02:00,53.44540302342538
2018-09-19 02:00:00+02:00,51.406439972881806
2018-09-19 03:00:00+02:00,50.946403695716334
2018-09-19 04:00:00+02:00,51.07636402939505
2018-09-19 05:00:00+02:00,51.19400584327054
2018-09-19 06:00:00+02:00,54.105766571536684
2018-09-19 07:00:00+02:00,56.12949192397331
2018-09-19 08:00:00+02:00,59.66879423134041
2018-09-19 09:00:00+02:00,60.088676854878535
2018-09-19 10:00:00+02:00,59.44406327413446
2018-09-19 11:00:00+02:00,59.22183846722131
2018-09-19 12:00:00+02:00,59.24651250448306
2018-09-19 13:00:00+02:00,59.935247050685255
2018-09-19 14:00:00+02:00,59.45712387750121
2018-09-19 15:00:00+02:00,58.33429119635562
2018-09-19 16:00:00+02:00,58.18525400078477
2018-09-19 17:00:00+02:00,58.715017636556446
2018-09-19 18:00:00+02:00,58.64061753199305
2018-09-19 19:00:00+02:00,59.11254843459483
2018-09-19 20:00:00+02:00,60.43782510368501
2018-09-19 21:00:00+02:00,61.131647118809724
2018-09-19 22:00:00+02:00,59.090201831146835
2018-09-19 23:00:00+02:00,56.48462418782254
2018-09-20 00:00:00+02:00,56.261463078843015
2018-09-20 01:00:00+02:00,53.96032417326496
2018-09-20 02:00:00+02:00,52.07215719844086
2018-09-20 03:00:00+02:00,51.43082522796009
2018-09-20 04:00:00+02:00,51.63213304732372
2018-09-20 05:00:00+02:00,51.6321429988466
2018-09-20 06:00:00+02:00,54.17863569955593
2018-09-20 07:00:00+02:00,56.37005790046559
2018-09-20 08:00:00+02:00,59.57876891791867
2018-09-20 09:00:00+02:00,59.78234622941786
2018-09-20 10:00:00+02:00,59.755353691969475
2018-09-20 11:00:00+02:00,59.314726339357186
2018-09-20 12:00:00+02:00,59.55155250809363
2018-09-20 13:00:00+02:00,60.68777580277222
2018-09-20 14:00:00+02:00,58.93404957569525
2018-09-20 15:00:00+02:00,58.58112150316337
2018-09-20 16:00:00+02:00,58.33866663139286
2018-09-20 17:00:00+02:00,59.216330645288
2018-09-20 18:00:00+02:00,59.22828772805917
2018-09-20 19:00:00+02:00,59.657188724305435
2018-09-20 20:00:00+02:00,61.035523224918315
2018-09-20 21:00:00+02:00,62.0109454061321
2018-09-20 22:00:00+02:00,59.20371767021246
2018-09-20 23:00:00+02:00,56.382893836462735
2018-09-21 00:00:00+02:00,56.7052966635215
2018-09-21 01:00:00+02:00,54.12429007435262
2018-09-21 02:00:00+02:00,51.666161425038815
2018-09-21 03:00:00+02:00,49.29034533032268
2018-09-21 04:00:00+02:00,51.61482122991213
2018-09-21 05:00:00+02:00,51.028303826863976
2018-09-21 06:00:00+02:00,53.75208597346954
2018-09-21 07:00:00+02:00,55.93629315704923
2018-09-21 08:00:00+02:00,60.17899359535295
2018-09-21 09:00:00+02:00,60.045475804342935
2018-09-21 10:00:00+02:00,60.0883022396599
2018-09-21 11:00:00+02:00,59.35921062773367
2018-09-21 12:00:00+02:00,60.951720747195985
2018-09-21 13:00:00+02:00,60.62993570929299
2018-09-21 14:00:00+02:00,59.51022086949419
2018-09-21 15:00:00+02:00,58.57543369709754
2018-09-21 16:00:00+02:00,58.17880305450793
2018-09-21 17:00:00+02:00,58.267074118939924
2018-09-21 18:00:00+02:00,58.398256007990604
2018-09-21 19:00:00+02:00,59.421106347559174
2018-09-21 20:00:00+02:00,60.53773079489358
2018-09-21 21:00:00+02:00,61.57904154240092
2018-09-21 22:00:00+02:00,58.631516529716315
2018-09-21 23:00:00+02:00,55.167089004142504
2018-09-22 00:00:00+02:00,56.67211847427524
2018-09-22 01:00:00+02:00,53.579028034362786
2018-09-22 02:00:00+02:00,51.0778881786815
2018-09-22 03:00:00+02:00,48.81485819360122
2018-09-22 04:00:00+02:00,47.919314150408916
2018-09-22 05:00:00+02:00,48.20755380232555
2018-09-22 06:00:00+02:00,51.448779640054816
2018-09-22 07:00:00+02:00,52.80659872300213
2018-09-22 08:00:00+02:00,54.627552212721916
2018-09-22 09:00:00+02:00,54.98531998951943
2018-09-22 10:00:00+02:00,56.137407010662535
2018-09-22 11:00:00+02:00,56.13922202749732
2018-09-22 12:00:00+02:00,56.18543226761283
2018-09-22 13:00:00+02:00,57.29934115253398
2018-09-22 14:00:00+02:00,55.52527696031709
2018-09-22 15:00:00+02:00,54.42448117832242
2018-09-22 16:00:00+02:00,52.9916044093008
2018-09-22 17:00:00+02:00,52.43670195953049
2018-09-22 18:00:00+02:00,54.215490648477065
2018-09-22 19:00:00+02:00,56.732878034698224
2018-09-22 20:00:00+02:00,59.391626961594284
2018-09-22 21:00:00+02:00,61.71570892065048
2018-09-22 22:00:00+02:00,58.0573598443868
2018-09-22 23:00:00+02:00,55.72637045243769
2018-09-23 00:00:00+02:00,56.862682619714604
2018-09-23 01:00:00+02:00,54.74073528497242
2018-09-23 02:00:00+02:00,52.1823209572369
2018-09-23 03:00:00+02:00,51.3098694869185
2018-09-23 04:00:00+02:00,50.214668277415996
2018-09-23 05:00:00+02:00,50.17574643143454
2018-09-23 06:00:00+02:00,50.781263348436305
2018-09-23 07:00:00+02:00,50.62406084904367
2018-09-23 08:00:00+02:00,51.12201685086162
2018-09-23 09:00:00+02:00,52.39391170409066
2018-09-23 10:00:00+02:00,53.15987167964312
2018-09-23 11:00:00+02:00,53.32862683454596
2018-09-23 12:00:00+02:00,54.35118763702645
2018-09-23 13:00:00+02:00,54.560144571348694
2018-09-23 14:00:00+02:00,53.72328656932154
2018-09-23 15:00:00+02:00,51.669857010988956
2018-09-23 16:00:00+02:00,50.736365747052865
2018-09-23 17:00:00+02:00,50.30496655809724
2018-09-23 18:00:00+02:00,51.09209128095282
2018-09-23 19:00:00+02:00,56.30716625982876
2018-09-23 20:00:00+02:00,60.080240709318396
2018-09-23 21:00:00+02:00,62.56024582323789
2018-09-23 22:00:00+02:00,60.611043855043334
2018-09-23 23:00:00+02:00,57.69571481913709
2018-09-24 00:00:00+02:00,56.25332307191087
2018-09-24 01:00:00+02:00,52.62580172516909
2018-09-24 02:00:00+02:00,48.34108635024605
2018-09-24 03:00:00+02:00,48.12574046768165
2018-09-24 04:00:00+02:00,47.09024941861845
2018-09-24 05:00:00+02:00,46.7264050622424
2018-09-24 06:00:00+02:00,52.2939125277562
2018-09-24 07:00:00+02:00,55.25303894673166
2018-09-24 08:00:00+02:00,59.0137423014634
2018-09-24 09:00:00+02:00,59.84149659231971
2018-09-24 10:00:00+02:00,59.71085892179346
2018-09-24 11:00:00+02:00,58.986991753192434
2018-09-24 12:00:00+02:00,59.86087772240803
2018-09-24 13:00:00+02:00,59.72030028328211
2018-09-24 14:00:00+02:00,59.08404518629468
2018-09-24 15:00:00+02:00,58.110944154972564
2018-09-24 16:00:00+02:00,58.06545023576598
2018-09-24 17:00:00+02:00,57.641585729770156
2018-09-24 18:00:00+02:00,58.17245104335507
2018-09-24 19:00:00+02:00,57.81113444665774
2018-09-24 20:00:00+02:00,59.915157264856475
2018-09-24 21:00:00+02:00,60.72063072471454
2018-09-24 22:00:00+02:00,57.955137825949826
2018-09-24 23:00:00+02:00,54.710527031024526
2018-09-25 00:00:00+02:00,52.53859027343028
2018-09-25 01:00:00+02:00,50.957059194307476
2018-09-25 02:00:00+02:00,48.86864023408327
2018-09-25 03:00:00+02:00,46.92826581003167
2018-09-25 04:00:00+02:00,48.441824807751196
2018-09-25 05:00:00+02:00,49.57040505520558
2018-09-25 06:00:00+02:00,52.5949670402181
2018-09-25 07:00:00+02:00,55.95485107901953
2018-09-25 08:00:00+02:00,60.12169624925365
2018-09-25 09:00:00+02:00,60.293324727533815
2018-09-25 10:00:00+02:00,59.91382292964416
2018-09-25 11:00:00+02:00,59.600715964987636
2018-09-25 12:00:00+02:00,59.87603246688985
2018-09-25 13:00:00+02:00,59.54569960684342
2018-09-25 14:00:00+02:00,58.180317965063985
2018-09-25 15:00:00+02:00,58.69535320688269
2018-09-25 16:00:00+02:00,57.94477185415818
2018-09-25 17:00:00+02:00,58.78568677430434
2018-09-25 18:00:00+02:00,59.2755642311115
2018-09-25 19:00:00+02:00,59.538341208034296
2018-09-25 20:00:00+02:00,60.01848280689731
2018-09-25 21:00:00+02:00,62.218081532277346
2018-09-25 22:00:00+02:00,60.26274894770489
2018-09-25 23:00:00+02:00,56.189445790738034
2018-09-26 00:00:00+02:00,53.05469807523215
2018-09-26 01:00:00+02:00,48.266292740238065
2018-09-26 02:00:00+02:00,46.95732560661133
2018-09-26 03:00:00+02:00,47.67990077950166
2018-09-26 04:00:00+02:00,49.883121443681915
2018-09-26 05:00:00+02:00,50.16530655458956
2018-09-26 06:00:00+02:00,51.2804949210977
2018-09-26 07:00:00+02:00,57.890450662387444
2018-09-26 08:00:00+02:00,59.861240503183645
2018-09-26 09:00:00+02:00,58.77171721023351
2018-09-26 10:00:00+02:00,59.822517152203005
2018-09-26 11:00:00+02:00,59.23875140792658
2018-09-26 12:00:00+02:00,59.99882166445553
2018-09-26 13:00:00+02:00,59.80852059012643
2018-09-26 14:00:00+02:00,58.37484027895268
2018-09-26 15:00:00+02:00,57.927612069442525
2018-09-26 16:00:00+02:00,57.19289945277645
2018-09-26 17:00:00+02:00,58.28888376971596
2018-09-26 18:00:00+02:00,58.81946275384252
2018-09-26 19:00:00+02:00,60.05809353184321
2018-09-26 20:00:00+02:00,61.09212535501708
2018-09-26 21:00:00+02:00,60.951311599835584
2018-09-26 22:00:00+02:00,59.75739216510082
2018-09-26 23:00:00+02:00,55.89692879964869
2018-09-27 00:00:00+02:00,51.05487467134745
2018-09-27 01:00:00+02:00,49.06638887377903
2018-09-27 02:00:00+02:00,48.79125989788641
2018-09-27 03:00:00+02:00,48.07167140664612
2018-09-27 04:00:00+02:00,47.025811737426785
2018-09-27 05:00:00+02:00,47.9845959478094
2018-09-27 06:00:00+02:00,52.4135009274853
2018-09-27 07:00:00+02:00,56.78037053419812
2018-09-27 08:00:00+02:00,60.63427864597088
2018-09-27 09:00:00+02:00,60.589247037256094
2018-09-27 10:00:00+02:00,60.06415793518687
2018-09-27 11:00:00+02:00,59.76481990364152
2018-09-27 12:00:00+02:00,60.59944621174648
2018-09-27 13:00:00+02:00,60.20755408285178
2018-09-27 14:00:00+02:00,59.730362543356506
2018-09-27 15:00:00+02:00,59.62755243847251
2018-09-27 16:00:00+02:00,59.3003953462102
2018-09-27 17:00:00+02:00,58.95359942272152
2018-09-27 18:00:00+02:00,60.08465118891055
2018-09-27 19:00:00+02:00,61.0252980704843
2018-09-27 20:00:00+02:00,62.43704110990375
2018-09-27 21:00:00+02:00,63.66047370101868
2018-09-27 22:00:00+02:00,61.0071941046269
2018-09-27 23:00:00+02:00,57.52341166502723
2018-09-28 00:00:00+02:00,56.26399566299935
2018-09-28 01:00:00+02:00,54.16796264393846
2018-09-28 02:00:00+02:00,51.20223407684232
2018-09-28 03:00:00+02:00,50.984510322527285
2018-09-28 04:00:00+02:00,51.69288134765562
2018-09-28 05:00:00+02:00,52.71875986679921
2018-09-28 06:00:00+02:00,55.591426944090564
2018-09-28 07:00:00+02:00,58.27200452606041
2018-09-28 08:00:00+02:00,61.05413041811075
2018-09-28 09:00:00+02:00,60.94811904929574
2018-09-28 10:00:00+02:00,60.85580109295925
2018-09-28 11:00:00+02:00,61.35472151834222
2018-09-28 12:00:00+02:00,61.382877354365434
2018-09-28 13:00:00+02:00,61.3183611734456
2018-09-28 14:00:00+02:00,59.68678601244997
2018-09-28 15:00:00+02:00,58.276221912325305
2018-09-28 16:00:00+02:00,58.24655666284104
2018-09-28 17:00:00+02:00,58.21676310621515
2018-09-28 18:00:00+02:00,58.477267844304
2018-09-28 19:00:00+02:00,59.657484246335684
2018-09-28 20:00:00+02:00,61.56941114047347
2018-09-28 21:00:00+02:00,62.78257636550609
2018-09-28 22:00:00+02:00,61.22138046707357
2018-09-28 23:00:00+02:00,57.057218213226825
2018-09-29 00:00:00+02:00,57.01976416056902
2018-09-29 01:00:00+02:00,56.036226415617506
2018-09-29 02:00:00+02:00,53.577378932982946
2018-09-29 03:00:00+02:00,52.69200706349898
2018-09-29 04:00:00+02:00,52.62369732073987
2018-09-29 05:00:00+02:00,53.13438824191838
2018-09-29 06:00:00+02:00,53.17665660977389
2018-09-29 07:00:00+02:00,53.80734744409451
2018-09-29 08:00:00+02:00,54.700360494767004
2018-09-29 09:00:00+02:00,56.09934935079502
2018-09-29 10:00:00+02:00,56.60964421919207
2018-09-29 11:00:00+02:00,56.338395698620566
2018-09-29 12:00:00+02:00,56.79015244400702
2018-09-29 13:00:00+02:00,56.81914794025903
2018-09-29 14:00:00+02:00,55.93350751969148
2018-09-29 15:00:00+02:00,53.22782540833173
2018-09-29 16:00:00+02:00,52.18079044951361
2018-09-29 17:00:00+02:00,52.36957232498613
2018-09-29 18:00:00+02:00,52.68312901863342
2018-09-29 19:00:00+02:00,55.89572608177778
2018-09-29 20:00:00+02:00,60.57285484588075
2018-09-29 21:00:00+02:00,61.977792970811
2018-09-29 22:00:00+02:00,58.63601092353107
2018-09-29 23:00:00+02:00,56.99377887720109
2018-09-30 00:00:00+02:00,54.89164759415461
2018-09-30 01:00:00+02:00,53.43257657536867
2018-09-30 02:00:00+02:00,49.68694309070188
2018-09-30 03:00:00+02:00,50.08261206527081
2018-09-30 04:00:00+02:00,48.86879081756973
2018-09-30 05:00:00+02:00,48.59967063149657
2018-09-30 06:00:00+02:00,49.139209856395006
2018-09-30 07:00:00+02:00,48.87582426223523
2018-09-30 08:00:00+02:00,50.11338720929184
2018-09-30 09:00:00+02:00,50.93541846907369
2018-09-30 10:00:00+02:00,52.95448471977949
2018-09-30 11:00:00+02:00,53.727872471685494
2018-09-30 12:00:00+02:00,54.33671905929278
2018-09-30 13:00:00+02:00,54.4151078749318
2018-09-30 14:00:00+02:00,53.10238743102457
2018-09-30 15:00:00+02:00,51.909853357687155
2018-09-30 16:00:00+02:00,50.496811627397655
2018-09-30 17:00:00+02:00,49.34031720048094
2018-09-30 18:00:00+02:00,51.60510485387008
2018-09-30 19:00:00+02:00,55.700723586275785
2018-09-30 20:00:00+02:00,60.05185965026424
2018-09-30 21:00:00+02:00,63.04805397924688
2018-09-30 22:00:00+02:00,61.29884006455641
2018-09-30 23:00:00+02:00,57.544805830362456
2018-10-01 00:00:00+02:00,56.624412918952935
2018-10-01 01:00:00+02:00,53.594350711908056
2018-10-01 02:00:00+02:00,51.37439355703187
2018-10-01 03:00:00+02:00,50.19315515412999
2018-10-01 04:00:00+02:00,49.81214734821106
2018-10-01 05:00:00+02:00,49.982127403272834
2018-10-01 06:00:00+02:00,53.98190452352414
2018-10-01 07:00:00+02:00,59.28207288269357
2018-10-01 08:00:00+02:00,63.50236437811784
2018-10-01 09:00:00+02:00,64.88354501323903
2018-10-01 10:00:00+02:00,64.67900889486494
2018-10-01 11:00:00+02:00,64.38870385801665
2018-10-01 12:00:00+02:00,64.86333128754548
2018-10-01 13:00:00+02:00,63.74900404799828
2018-10-01 14:00:00+02:00,64.51669380764034
2018-10-01 15:00:00+02:00,62.88097217861895
2018-10-01 16:00:00+02:00,61.87914700149863
2018-10-01 17:00:00+02:00,62.3999480037326
2018-10-01 18:00:00+02:00,65.34851665971037
2018-10-01 19:00:00+02:00,65.37682350978564
2018-10-01 20:00:00+02:00,67.10119303430248
2018-10-01 21:00:00+02:00,68.27846382912209
2018-10-01 22:00:00+02:00,64.11026115252541
2018-10-01 23:00:00+02:00,61.28828839335733
2018-10-02 00:00:00+02:00,57.0613336401973
2018-10-02 01:00:00+02:00,53.80683862841002
2018-10-02 02:00:00+02:00,49.55229103823004
2018-10-02 03:00:00+02:00,51.17182781535454
2018-10-02 04:00:00+02:00,49.47277021747464
2018-10-02 05:00:00+02:00,52.50249225781389
2018-10-02 06:00:00+02:00,58.43510256917855
2018-10-02 07:00:00+02:00,61.61156776340912
2018-10-02 08:00:00+02:00,65.50132400108782
2018-10-02 09:00:00+02:00,66.97235080482913
2018-10-02 10:00:00+02:00,67.59159798915294
2018-10-02 11:00:00+02:00,65.79101018532243
2018-10-02 12:00:00+02:00,66.47145238454577
2018-10-02 13:00:00+02:00,65.6466957405088
2018-10-02 14:00:00+02:00,63.83493945369992
2018-10-02 15:00:00+02:00,62.809397370122554
2018-10-02 16:00:00+02:00,62.819453750542976
2018-10-02 17:00:00+02:00,63.00246097020719
2018-10-02 18:00:00+02:00,66.3391469028658
2018-10-02 19:00:00+02:00,68.60012638729917
2018-10-02 20:00:00+02:00,70.74474909742061
2018-10-02 21:00:00+02:00,70.53176928679598
2018-10-02 22:00:00+02:00,65.75002078503633
2018-10-02 23:00:00+02:00,62.27676102772005
2018-10-03 00:00:00+02:00,57.14307542173183
2018-10-03 01:00:00+02:00,56.46438184919705
2018-10-03 02:00:00+02:00,53.89368177406018
2018-10-03 03:00:00+02:00,51.962277769880586
2018-10-03 04:00:00+02:00,52.13682679249609
2018-10-03 05:00:00+02:00,52.74700963119793
2018-10-03 06:00:00+02:00,59.07247618350312
2018-10-03 07:00:00+02:00,63.4876682612957
2018-10-03 08:00:00+02:00,68.55439813237793
2018-10-03 09:00:00+02:00,67.66870321947994
2018-10-03 10:00:00+02:00,68.43701496092571
2018-10-03 11:00:00+02:00,67.82634044791858
2018-10-03 12:00:00+02:00,66.57707270633142
2018-10-03 13:00:00+02:00,65.8864775269219
2018-10-03 14:00:00+02:00,64.97872611164355
2018-10-03 15:00:00+02:00,63.30279981961031
2018-10-03 16:00:00+02:00,62.94958613192521
2018-10-03 17:00:00+02:00,62.9122339000582
2018-10-03 18:00:00+02:00,66.77763231345469
2018-10-03 19:00:00+02:00,68.98100323969452
2018-10-03 20:00:00+02:00,70.66385108488502
2018-10-03 21:00:00+02:00,70.36861428749778
2018-10-03 22:00:00+02:00,67.35545017656342
2018-10-03 23:00:00+02:00,62.23967391403807
2018-10-04 00:00:00+02:00,59.25453869810725
2018-10-04 01:00:00+02:00,56.44191141686861
2018-10-04 02:00:00+02:00,51.82964701485446
2018-10-04 03:00:00+02:00,52.97824901220349
2018-10-04 04:00:00+02:00,53.39447259588554
2018-10-04 05:00:00+02:00,53.6588736420699
2018-10-04 06:00:00+02:00,59.400941399601926
2018-10-04 07:00:00+02:00,65.53662655898002
2018-10-04 08:00:00+02:00,68.8192558409537
2018-10-04 09:00:00+02:00,70.30557261953261
2018-10-04 10:00:00+02:00,69.31266159433581
2018-10-04 11:00:00+02:00,68.6749215164667
2018-10-04 12:00:00+02:00,68.49711952574366
2018-10-04 13:00:00+02:00,68.25204849680317
2018-10-04 14:00:00+02:00,66.196313905452
2018-10-04 15:00:00+02:00,66.47962678382082
2018-10-04 16:00:00+02:00,65.57914141127729
2018-10-04 17:00:00+02:00,64.88576058225989
2018-10-04 18:00:00+02:00,68.04058439623726
2018-10-04 19:00:00+02:00,69.09682857003521
2018-10-04 20:00:00+02:00,70.86762451779441
2018-10-04 21:00:00+02:00,70.8990744179829
2018-10-04 22:00:00+02:00,67.65665477362471
2018-10-04 23:00:00+02:00,64.28972395226634
2018-10-05 00:00:00+02:00,59.645208008625076
2018-10-05 01:00:00+02:00,56.783498392656305
2018-10-05 02:00:00+02:00,52.852743283654895
2018-10-05 03:00:00+02:00,52.08968957173763
2018-10-05 04:00:00+02:00,51.35269471358632
2018-10-05 05:00:00+02:00,52.130339307041595
2018-10-05 06:00:00+02:00,56.24036906310198
2018-10-05 07:00:00+02:00,63.501753993462735
2018-10-05 08:00:00+02:00,67.90881745475838
2018-10-05 09:00:00+02:00,68.4300705202644
2018-10-05 10:00:00+02:00,68.01729846184115
2018-10-05 11:00:00+02:00,67.76863245986644
2018-10-05 12:00:00+02:00,66.84479020577079
2018-10-05 13:00:00+02:00,65.64084530522199
2018-10-05 14:00:00+02:00,65.13782569182449
2018-10-05 15:00:00+02:00,64.11113401759177
2018-10-05 16:00:00+02:00,63.95074608917151
2018-10-05 17:00:00+02:00,64.89192020103879
2018-10-05 18:00:00+02:00,66.41664404914358
2018-10-05 19:00:00+02:00,69.13815197127411
2018-10-05 20:00:00+02:00,69.57482378316745
2018-10-05 21:00:00+02:00,69.90102760163778
2018-10-05 22:00:00+02:00,66.74562685325616
2018-10-05 23:00:00+02:00,63.08116402748691
2018-10-06 00:00:00+02:00,60.298071893793555
2018-10-06 01:00:00+02:00,56.83648187806827
2018-10-06 02:00:00+02:00,56.4040503089287
2018-10-06 03:00:00+02:00,55.02732852840535
2018-10-06 04:00:00+02:00,54.47043808107537
2018-10-06 05:00:00+02:00,54.36733155848211
2018-10-06 06:00:00+02:00,55.47303262957382
2018-10-06 07:00:00+02:00,57.5660909330378
2018-10-06 08:00:00+02:00,59.46728955361464
2018-10-06 09:00:00+02:00,61.05785697466205
2018-10-06 10:00:00+02:00,61.28144826238411
2018-10-06 11:00:00+02:00,61.10831154101671
2018-10-06 12:00:00+02:00,61.01440951600389
2018-10-06 13:00:00+02:00,59.16922402678002
2018-10-06 14:00:00+02:00,58.4391708271132
2018-10-06 15:00:00+02:00,56.53146959062703
2018-10-06 16:00:00+02:00,54.69199707661016
2018-10-06 17:00:00+02:00,53.07342517445594
2018-10-06 18:00:00+02:00,56.43634016359285
2018-10-06 19:00:00+02:00,58.790085785387156
2018-10-06 20:00:00+02:00,62.21122642996189
2018-10-06 21:00:00+02:00,62.160871258113616
2018-10-06 22:00:00+02:00,59.68655170001091
2018-10-06 23:00:00+02:00,56.73587140234355
2018-10-07 00:00:00+02:00,54.307357388231146
2018-10-07 01:00:00+02:00,52.552788588404646
2018-10-07 02:00:00+02:00,48.63561691822673
2018-10-07 03:00:00+02:00,46.6665551409838
2018-10-07 04:00:00+02:00,47.8675154431672
2018-10-07 05:00:00+02:00,45.28964953896905
2018-10-07 06:00:00+02:00,47.20315769735268
2018-10-07 07:00:00+02:00,48.48224945723217
2018-10-07 08:00:00+02:00,50.407783653705586
2018-10-07 09:00:00+02:00,53.76640779234972
2018-10-07 10:00:00+02:00,55.1311927976877
2018-10-07 11:00:00+02:00,56.393523639042634
2018-10-07 12:00:00+02:00,54.929605740689816
2018-10-07 13:00:00+02:00,55.83013968199646
2018-10-07 14:00:00+02:00,54.100601123125095
2018-10-07 15:00:00+02:00,51.61016552917721
2018-10-07 16:00:00+02:00,52.32894440405289
2018-10-07 17:00:00+02:00,50.60786117954535
2018-10-07 18:00:00+02:00,54.7745856337501
2018-10-07 19:00:00+02:00,58.389950209402194
2018-10-07 20:00:00+02:00,60.995835770630784
2018-10-07 21:00:00+02:00,64.81931632956936
2018-10-07 22:00:00+02:00,62.92538848358267
2018-10-07 23:00:00+02:00,59.765429829109955
2018-10-08 00:00:00+02:00,53.08246662709598
2018-10-08 01:00:00+02:00,51.97548460851044
2018-10-08 02:00:00+02:00,49.17140338183808
2018-10-08 03:00:00+02:00,49.50238490563663
2018-10-08 04:00:00+02:00,49.882011053487446
2018-10-08 05:00:00+02:00,49.26614708696076
2018-10-08 06:00:00+02:00,54.51335692583947
2018-10-08 07:00:00+02:00,59.76063093708728
2018-10-08 08:00:00+02:00,66.46606765918547
2018-10-08 09:00:00+02:00,67.58292493287605
2018-10-08 10:00:00+02:00,67.94045598868031
2018-10-08 11:00:00+02:00,67.94195045126234
2018-10-08 12:00:00+02:00,68.32990710066967
2018-10-08 13:00:00+02:00,67.63872599801049
2018-10-08 14:00:00+02:00,66.6736231915608
2018-10-08 15:00:00+02:00,65.17505787962979
2018-10-08 16:00:00+02:00,65.45005216985604
2018-10-08 17:00:00+02:00,65.0454579064665
2018-10-08 18:00:00+02:00,68.49883006094053
2018-10-08 19:00:00+02:00,69.56948417594856
2018-10-08 20:00:00+02:00,70.98195162222137
2018-10-08 21:00:00+02:00,71.47472284853585
2018-10-08 22:00:00+02:00,67.04119569017861
2018-10-08 23:00:00+02:00,64.08523319367934
2018-10-09 00:00:00+02:00,60.56689935812208
2018-10-09 01:00:00+02:00,58.59922641045298
2018-10-09 02:00:00+02:00,55.31269480141159
2018-10-09 03:00:00+02:00,53.596252889196286
2018-10-09 04:00:00+02:00,54.10215309636851
2018-10-09 05:00:00+02:00,52.5395797841792
2018-10-09 06:00:00+02:00,58.50197905417601
2018-10-09 07:00:00+02:00,63.29515021735687
2018-10-09 08:00:00+02:00,70.1996989924936
2018-10-09 09:00:00+02:00,70.45845620450659
2018-10-09 10:00:00+02:00,69.6583901303268
2018-10-09 11:00:00+02:00,69.60923040367311
2018-10-09 12:00:00+02:00,70.12616861207866
2018-10-09 13:00:00+02:00,69.39578690238278
2018-10-09 14:00:00+02:00,68.7584420213675
2018-10-09 15:00:00+02:00,67.45539477157699
2018-10-09 16:00:00+02:00,66.68364686865662
2018-10-09 17:00:00+02:00,66.81385494274717
2018-10-09 18:00:00+02:00,69.00116949572165
2018-10-09 19:00:00+02:00,68.72764178241526
2018-10-09 20:00:00+02:00,69.03394522678745
2018-10-09 21:00:00+02:00,71.00246508947772
2018-10-09 22:00:00+02:00,66.11304454290199
2018-10-09 23:00:00+02:00,61.128493004484255
2018-10-10 00:00:00+02:00,57.08715038198779
2018-10-10 01:00:00+02:00,52.800048114739326
2018-10-10 02:00:00+02:00,53.665636191633496
2018-10-10 03:00:00+02:00,50.85740382071589
2018-10-10 04:00:00+02:00,47.319653826083545
2018-10-10 05:00:00+02:00,51.59080173763635
2018-10-10 06:00:00+02:00,54.652503032411026
2018-10-10 07:00:00+02:00,61.54185826843807
2018-10-10 08:00:00+02:00,65.42776325301058
2018-10-10 09:00:00+02:00,67.09574891725514
2018-10-10 10:00:00+02:00,67.5775333006765
2018-10-10 11:00:00+02:00,68.6514777777145
2018-10-10 12:00:00+02:00,67.33107779854517
2018-10-10 13:00:00+02:00,66.27186411843023
2018-10-10 14:00:00+02:00,66.01017321644726
2018-10-10 15:00:00+02:00,64.5886799461315
2018-10-10 16:00:00+02:00,64.56550910816257
2018-10-10 17:00:00+02:00,65.49510014028968
2018-10-10 18:00:00+02:00,68.18342913417126
2018-10-10 19:00:00+02:00,68.72144293584648
2018-10-10 20:00:00+02:00,70.30571627328779
2018-10-10 21:00:00+02:00,71.84213062603017
2018-10-10 22:00:00+02:00,68.05881868727501
2018-10-10 23:00:00+02:00,63.97946389777335
2018-10-11 00:00:00+02:00,55.454392810693115
2018-10-11 01:00:00+02:00,51.7177671857955
2018-10-11 02:00:00+02:00,49.255342759197696
2018-10-11 03:00:00+02:00,49.05619493285224
2018-10-11 04:00:00+02:00,48.62420707934499
2018-10-11 05:00:00+02:00,47.60615250572158
2018-10-11 06:00:00+02:00,54.21355621210852
2018-10-11 07:00:00+02:00,60.12637359431837
2018-10-11 08:00:00+02:00,65.75819072314529
2018-10-11 09:00:00+02:00,66.15085782117346
2018-10-11 10:00:00+02:00,67.62569176619942
2018-10-11 11:00:00+02:00,67.94875018799873
2018-10-11 12:00:00+02:00,67.36587008592494
2018-10-11 13:00:00+02:00,67.33108624598408
2018-10-11 14:00:00+02:00,65.30373059913256
2018-10-11 15:00:00+02:00,62.53305993464378
2018-10-11 16:00:00+02:00,62.047273151267746
2018-10-11 17:00:00+02:00,63.3636430542669
2018-10-11 18:00:00+02:00,67.07218640986513
2018-10-11 19:00:00+02:00,67.97399641011559
2018-10-11 20:00:00+02:00,70.66077465304502
2018-10-11 21:00:00+02:00,71.35561702144206
2018-10-11 22:00:00+02:00,67.69370705341676
2018-10-11 23:00:00+02:00,63.59866759014764
2018-10-12 00:00:00+02:00,60.63605697349288
2018-10-12 01:00:00+02:00,55.54923416597838
2018-10-12 02:00:00+02:00,52.146770840196496
2018-10-12 03:00:00+02:00,51.618930994000415
2018-10-12 04:00:00+02:00,53.072051665832646
2018-10-12 05:00:00+02:00,49.78198843567932
2018-10-12 06:00:00+02:00,54.823256174624966
2018-10-12 07:00:00+02:00,62.505766325986706
2018-10-12 08:00:00+02:00,65.4125328682282
2018-10-12 09:00:00+02:00,65.7249238787706
2018-10-12 10:00:00+02:00,66.75865097615385
2018-10-12 11:00:00+02:00,68.87663439324712
2018-10-12 12:00:00+02:00,67.31929494404828
2018-10-12 13:00:00+02:00,67.52950332202862
2018-10-12 14:00:00+02:00,66.77900857537504
2018-10-12 15:00:00+02:00,65.02708403687001
2018-10-12 16:00:00+02:00,63.99888036406889
2018-10-12 17:00:00+02:00,67.08751255020339
2018-10-12 18:00:00+02:00,67.6726144044543
2018-10-12 19:00:00+02:00,69.63176992374501
2018-10-12 20:00:00+02:00,71.45585862203747
2018-10-12 21:00:00+02:00,71.18492672319636
2018-10-12 22:00:00+02:00,66.462391569009
2018-10-12 23:00:00+02:00,63.801466182422764
2018-10-13 00:00:00+02:00,56.42934384719376
2018-10-13 01:00:00+02:00,55.17794929277827
2018-10-13 02:00:00+02:00,51.60060060537662
2018-10-13 03:00:00+02:00,51.951624056648576
2018-10-13 04:00:00+02:00,48.56715763011425
2018-10-13 05:00:00+02:00,48.72171894343734
2018-10-13 06:00:00+02:00,50.52556637527065
2018-10-13 07:00:00+02:00,54.27396317666004
2018-10-13 08:00:00+02:00,56.62367191412911
2018-10-13 09:00:00+02:00,58.716772479780644
2018-10-13 10:00:00+02:00,60.05293233533147
2018-10-13 11:00:00+02:00,60.21637877458093
2018-10-13 12:00:00+02:00,59.58139624815842
2018-10-13 13:00:00+02:00,59.865281527171966
2018-10-13 14:00:00+02:00,58.99166586645364
2018-10-13 15:00:00+02:00,57.574524802858036
2018-10-13 16:00:00+02:00,56.71762349085204
2018-10-13 17:00:00+02:00,58.11002153946779
2018-10-13 18:00:00+02:00,62.076027252318774
2018-10-13 19:00:00+02:00,63.466340238735604
2018-10-13 20:00:00+02:00,65.46037947452264
2018-10-13 21:00:00+02:00,65.47877666747205
2018-10-13 22:00:00+02:00,61.54665817597953
2018-10-13 23:00:00+02:00,58.97350169744277
2018-10-14 00:00:00+02:00,51.43375209365943
2018-10-14 01:00:00+02:00,49.218121608022614
2018-10-14 02:00:00+02:00,46.63523024283674
2018-10-14 03:00:00+02:00,42.719547797251785
2018-10-14 04:00:00+02:00,40.6657992863996
2018-10-14 05:00:00+02:00,40.75067383255885
2018-10-14 06:00:00+02:00,47.67093110356459
2018-10-14 07:00:00+02:00,47.58586219722141
2018-10-14 08:00:00+02:00,46.89149715121627
2018-10-14 09:00:00+02:00,50.363838092914925
2018-10-14 10:00:00+02:00,48.67864029308228
2018-10-14 11:00:00+02:00,49.296613198331045
2018-10-14 12:00:00+02:00,48.84142231693723
2018-10-14 13:00:00+02:00,49.2606885249206
2018-10-14 14:00:00+02:00,48.01643267314646
2018-10-14 15:00:00+02:00,46.13501959578045
2018-10-14 16:00:00+02:00,45.18841762743795
2018-10-14 17:00:00+02:00,49.98765641844813
2018-10-14 18:00:00+02:00,52.470287683683416
2018-10-14 19:00:00+02:00,57.594455801409445
2018-10-14 20:00:00+02:00,60.25916228785017
2018-10-14 21:00:00+02:00,60.431950268383794
2018-10-14 22:00:00+02:00,59.041709496833555
2018-10-14 23:00:00+02:00,55.6165426647571
2018-10-15 00:00:00+02:00,51.51472044591287
2018-10-15 01:00:00+02:00,47.32860942566074
2018-10-15 02:00:00+02:00,43.50999428937263
2018-10-15 03:00:00+02:00,45.17139866223465
2018-10-15 04:00:00+02:00,44.80231932660794
2018-10-15 05:00:00+02:00,45.69552670817677
2018-10-15 06:00:00+02:00,53.209567162215
2018-10-15 07:00:00+02:00,60.55856424037693
2018-10-15 08:00:00+02:00,67.6191121902376
2018-10-15 09:00:00+02:00,68.6733119971562
2018-10-15 10:00:00+02:00,65.97171033110558
2018-10-15 11:00:00+02:00,66.59488368333474
2018-10-15 12:00:00+02:00,66.90663371751572
2018-10-15 13:00:00+02:00,66.55565529655115
2018-10-15 14:00:00+02:00,65.12021509661058
2018-10-15 15:00:00+02:00,61.985572220532525
2018-10-15 16:00:00+02:00,62.57189617633092
2018-10-15 17:00:00+02:00,62.581656093530285
2018-10-15 18:00:00+02:00,67.77689182736731
2018-10-15 19:00:00+02:00,69.67181182996559
2018-10-15 20:00:00+02:00,72.37583684808203
2018-10-15 21:00:00+02:00,70.30582933065936
2018-10-15 22:00:00+02:00,67.33806833854972
2018-10-15 23:00:00+02:00,63.89060770468743
2018-10-16 00:00:00+02:00,57.24824109558245
2018-10-16 01:00:00+02:00,53.21178890637069
2018-10-16 02:00:00+02:00,50.40435519558963
2018-10-16 03:00:00+02:00,49.57667031682456
2018-10-16 04:00:00+02:00,50.57408946804194
2018-10-16 05:00:00+02:00,51.19120684626796
2018-10-16 06:00:00+02:00,56.879621546064676
2018-10-16 07:00:00+02:00,63.355947067676404
2018-10-16 08:00:00+02:00,68.19303681222458
2018-10-16 09:00:00+02:00,69.30482609692064
2018-10-16 10:00:00+02:00,68.26236556428672
2018-10-16 11:00:00+02:00,69.8437741608755
2018-10-16 12:00:00+02:00,69.35468865935843
2018-10-16 13:00:00+02:00,68.68482741731252
2018-10-16 14:00:00+02:00,68.34589328289606
2018-10-16 15:00:00+02:00,66.05026568936906
2018-10-16 16:00:00+02:00,67.26268660283421
2018-10-16 17:00:00+02:00,66.16783997872822
2018-10-16 18:00:00+02:00,69.00017927857812
2018-10-16 19:00:00+02:00,71.2945023282291
2018-10-16 20:00:00+02:00,72.88899069278081
2018-10-16 21:00:00+02:00,72.24537006718275
2018-10-16 22:00:00+02:00,68.55316609138363
2018-10-16 23:00:00+02:00,64.45797465031633
2018-10-17 00:00:00+02:00,60.24510985971194
2018-10-17 01:00:00+02:00,57.367034353132034
2018-10-17 02:00:00+02:00,54.59627150639482
2018-10-17 03:00:00+02:00,54.302455922431925
2018-10-17 04:00:00+02:00,54.49730962475644
2018-10-17 05:00:00+02:00,55.1645792310847
2018-10-17 06:00:00+02:00,59.835633009677416
2018-10-17 07:00:00+02:00,64.29103428982214
2018-10-17 08:00:00+02:00,70.029494081662
2018-10-17 09:00:00+02:00,70.20124113557456
2018-10-17 10:00:00+02:00,69.91438736763729
2018-10-17 11:00:00+02:00,69.82728316693708
2018-10-17 12:00:00+02:00,70.12525581862172
2018-10-17 13:00:00+02:00,69.5197558251407
2018-10-17 14:00:00+02:00,69.22286375645776
2018-10-17 15:00:00+02:00,67.62601074424776
2018-10-17 16:00:00+02:00,66.00616363908306
2018-10-17 17:00:00+02:00,65.29588992651826
2018-10-17 18:00:00+02:00,67.99170372103356
2018-10-17 19:00:00+02:00,69.90970010018383
2018-10-17 20:00:00+02:00,70.70339625586598
2018-10-17 21:00:00+02:00,71.90883607550451
2018-10-17 22:00:00+02:00,68.76008261797016
2018-10-17 23:00:00+02:00,62.717787263357074
2018-10-18 00:00:00+02:00,60.143441499046794
2018-10-18 01:00:00+02:00,57.2971540393824
2018-10-18 02:00:00+02:00,54.32148398976363
2018-10-18 03:00:00+02:00,52.94364173057304
2018-10-18 04:00:00+02:00,53.02408065363787
2018-10-18 05:00:00+02:00,53.746338642366574
2018-10-18 06:00:00+02:00,56.67927201937973
2018-10-18 07:00:00+02:00,63.405584100133694
2018-10-18 08:00:00+02:00,69.51813648910029
2018-10-18 09:00:00+02:00,69.46403014607579
2018-10-18 10:00:00+02:00,69.92050066257463
2018-10-18 11:00:00+02:00,68.85486009130535
2018-10-18 12:00:00+02:00,69.1997098059519
2018-10-18 13:00:00+02:00,66.73060341520228
2018-10-18 14:00:00+02:00,66.60031138238577
2018-10-18 15:00:00+02:00,66.37030340650973
2018-10-18 16:00:00+02:00,64.61789552857662
2018-10-18 17:00:00+02:00,67.15165506623275
2018-10-18 18:00:00+02:00,68.9103417658768
2018-10-18 19:00:00+02:00,72.62428265467953
2018-10-18 20:00:00+02:00,71.15465602601135
2018-10-18 21:00:00+02:00,70.79213520543219
2018-10-18 22:00:00+02:00,65.54224375914146
2018-10-18 23:00:00+02:00,59.767402499674084
2018-10-19 00:00:00+02:00,54.481730287401206
2018-10-19 01:00:00+02:00,51.30110133769699
2018-10-19 02:00:00+02:00,48.320616186737006
2018-10-19 03:00:00+02:00,45.98140036033831
2018-10-19 04:00:00+02:00,46.41570754113218
2018-10-19 05:00:00+02:00,49.00353727165535
2018-10-19 06:00:00+02:00,54.17064302546663
2018-10-19 07:00:00+02:00,61.06661896504114
2018-10-19 08:00:00+02:00,66.29224617489112
2018-10-19 09:00:00+02:00,69.13772329764764
2018-10-19 10:00:00+02:00,67.58092381571167
2018-10-19 11:00:00+02:00,66.79688366515171
2018-10-19 12:00:00+02:00,68.19618010360726
2018-10-19 13:00:00+02:00,66.86961608475463
2018-10-19 14:00:00+02:00,63.80457069219462
2018-10-19 15:00:00+02:00,63.070763567057504
2018-10-19 16:00:00+02:00,63.67581000493188
2018-10-19 17:00:00+02:00,66.10831755458692
2018-10-19 18:00:00+02:00,68.7330946277339
2018-10-19 19:00:00+02:00,69.76569317707163
2018-10-19 20:00:00+02:00,69.96880490567433
2018-10-19 21:00:00+02:00,69.46562374609954
2018-10-19 22:00:00+02:00,65.47445290861226
2018-10-19 23:00:00+02:00,60.73824749406148
2018-10-20 00:00:00+02:00,56.141641995048495
2018-10-20 01:00:00+02:00,54.308497620761955
2018-10-20 02:00:00+02:00,51.35185948619651
2018-10-20 03:00:00+02:00,52.158502658581256
2018-10-20 04:00:00+02:00,52.536146687099745
2018-10-20 05:00:00+02:00,52.49485543830024
2018-10-20 06:00:00+02:00,53.58581725976584
2018-10-20 07:00:00+02:00,56.525731901464106
2018-10-20 08:00:00+02:00,58.503556700193364
2018-10-20 09:00:00+02:00,60.432548068886824
2018-10-20 10:00:00+02:00,61.580968769721416
2018-10-20 11:00:00+02:00,61.17581893996658
2018-10-20 12:00:00+02:00,61.57957573117943
2018-10-20 13:00:00+02:00,59.25987571434391
2018-10-20 14:00:00+02:00,59.688846548757304
2018-10-20 15:00:00+02:00,56.18132827150964
2018-10-20 16:00:00+02:00,56.58558970008031
2018-10-20 17:00:00+02:00,58.71799534183251
2018-10-20 18:00:00+02:00,61.448011428532716
2018-10-20 19:00:00+02:00,63.882279523451324
2018-10-20 20:00:00+02:00,67.16604481025597
2018-10-20 21:00:00+02:00,66.80136366707434
2018-10-20 22:00:00+02:00,62.079530086340334
2018-10-20 23:00:00+02:00,58.96752816736208
2018-10-21 00:00:00+02:00,57.49180996610007
2018-10-21 01:00:00+02:00,53.52914173704892
2018-10-21 02:00:00+02:00,51.57345677877725
2018-10-21 03:00:00+02:00,48.82694472710623
2018-10-21 04:00:00+02:00,47.499861671423695
2018-10-21 05:00:00+02:00,49.33676824386493
2018-10-21 06:00:00+02:00,49.896479804516666
2018-10-21 07:00:00+02:00,51.83312488465537
2018-10-21 08:00:00+02:00,53.750626334728544
2018-10-21 09:00:00+02:00,54.82673201330388
2018-10-21 10:00:00+02:00,53.99587842169941
2018-10-21 11:00:00+02:00,56.485453618636164
2018-10-21 12:00:00+02:00,56.72075097154872
2018-10-21 13:00:00+02:00,56.82894553534381
2018-10-21 14:00:00+02:00,55.77335347555064
2018-10-21 15:00:00+02:00,55.055650450420764
2018-10-21 16:00:00+02:00,53.586148673047724
2018-10-21 17:00:00+02:00,54.597067997599545
2018-10-21 18:00:00+02:00,58.78784178161186
2018-10-21 19:00:00+02:00,63.712684522955875
2018-10-21 20:00:00+02:00,67.4391906347331
2018-10-21 21:00:00+02:00,68.63783339656091
2018-10-21 22:00:00+02:00,64.45284289964077
2018-10-21 23:00:00+02:00,61.48841834453095
2018-10-22 00:00:00+02:00,56.27636741177403
2018-10-22 01:00:00+02:00,54.732032665170316
2018-10-22 02:00:00+02:00,51.6986076620265
2018-10-22 03:00:00+02:00,50.705674130807296
2018-10-22 04:00:00+02:00,51.40308583708484
2018-10-22 05:00:00+02:00,51.01671141857853
2018-10-22 06:00:00+02:00,55.26567412315285
2018-10-22 07:00:00+02:00,62.082917340853335
2018-10-22 08:00:00+02:00,66.00114944299803
2018-10-22 09:00:00+02:00,66.28442814253839
2018-10-22 10:00:00+02:00,67.9782168597453
2018-10-22 11:00:00+02:00,66.90448173405615
2018-10-22 12:00:00+02:00,66.35083644082383
2018-10-22 13:00:00+02:00,65.831343165749
2018-10-22 14:00:00+02:00,64.44136992934743
2018-10-22 15:00:00+02:00,63.78631486321185
2018-10-22 16:00:00+02:00,63.56561067526508
2018-10-22 17:00:00+02:00,64.55684457944166
2018-10-22 18:00:00+02:00,67.87188042751244
2018-10-22 19:00:00+02:00,70.40942351335858
2018-10-22 20:00:00+02:00,69.65976854528036
2018-10-22 21:00:00+02:00,68.26071625225605
2018-10-22 22:00:00+02:00,65.74346052846859
2018-10-22 23:00:00+02:00,61.97335648689923
2018-10-23 00:00:00+02:00,54.71657036952798
2018-10-23 01:00:00+02:00,54.61173985406564
2018-10-23 02:00:00+02:00,51.89974656793438
2018-10-23 03:00:00+02:00,52.09554826672068
2018-10-23 04:00:00+02:00,51.47991052782439
2018-10-23 05:00:00+02:00,52.246789950982276
2018-10-23 06:00:00+02:00,57.718611336278
2018-10-23 07:00:00+02:00,63.87750144427954
2018-10-23 08:00:00+02:00,68.08247852226447
2018-10-23 09:00:00+02:00,68.62973361118465
2018-10-23 10:00:00+02:00,69.9649758019874
2018-10-23 11:00:00+02:00,69.15017261352658
2018-10-23 12:00:00+02:00,68.57338406277697
2018-10-23 13:00:00+02:00,68.46225332482055
2018-10-23 14:00:00+02:00,66.99858472071878
2018-10-23 15:00:00+02:00,64.21325709154638
2018-10-23 16:00:00+02:00,64.96353993098022
2018-10-23 17:00:00+02:00,65.78705447176684
2018-10-23 18:00:00+02:00,70.31473115764096
2018-10-23 19:00:00+02:00,71.57707503665203
2018-10-23 20:00:00+02:00,72.65372655200342
2018-10-23 21:00:00+02:00,71.1846238347037
2018-10-23 22:00:00+02:00,66.30245147223856
2018-10-23 23:00:00+02:00,62.58464964373646
2018-10-24 00:00:00+02:00,57.33657176628092
2018-10-24 01:00:00+02:00,55.828045038824335
2018-10-24 02:00:00+02:00,54.1766574796007
2018-10-24 03:00:00+02:00,52.66353493915786
2018-10-24 04:00:00+02:00,52.530580812832994
2018-10-24 05:00:00+02:00,53.371719905793356
2018-10-24 06:00:00+02:00,58.116818307028005
2018-10-24 07:00:00+02:00,63.64924151407629
2018-10-24 08:00:00+02:00,69.33176019228601
2018-10-24 09:00:00+02:00,69.79079497834609
2018-10-24 10:00:00+02:00,69.49074273145558
2018-10-24 11:00:00+02:00,69.51195606117271
2018-10-24 12:00:00+02:00,68.53650516443902
2018-10-24 13:00:00+02:00,66.66834365152312
2018-10-24 14:00:00+02:00,67.5183412829801
2018-10-24 15:00:00+02:00,65.58229563211631
2018-10-24 16:00:00+02:00,65.17790603362731
2018-10-24 17:00:00+02:00,66.64133195017308
2018-10-24 18:00:00+02:00,69.7891931192873
2018-10-24 19:00:00+02:00,72.46894159895986
2018-10-24 20:00:00+02:00,73.5039390411515
2018-10-24 21:00:00+02:00,72.33322118243804
2018-10-24 22:00:00+02:00,67.41090161391078
2018-10-24 23:00:00+02:00,62.94020232717141
2018-10-25 00:00:00+02:00,59.56067545939047
2018-10-25 01:00:00+02:00,57.126843432402524
2018-10-25 02:00:00+02:00,55.49520089653154
2018-10-25 03:00:00+02:00,54.48798433409459
2018-10-25 04:00:00+02:00,54.3328692377249
2018-10-25 05:00:00+02:00,55.387987156869
2018-10-25 06:00:00+02:00,60.180829786979395
2018-10-25 07:00:00+02:00,67.75760972631953
2018-10-25 08:00:00+02:00,73.1225353387807
2018-10-25 09:00:00+02:00,73.95018262438221
2018-10-25 10:00:00+02:00,72.2419514945841
2018-10-25 11:00:00+02:00,70.54283982626492
2018-10-25 12:00:00+02:00,69.70393362491859
2018-10-25 13:00:00+02:00,69.78225121289772
2018-10-25 14:00:00+02:00,68.67127794703629
2018-10-25 15:00:00+02:00,67.5595739492562
2018-10-25 16:00:00+02:00,66.06974397680027
2018-10-25 17:00:00+02:00,66.36563335931622
2018-10-25 18:00:00+02:00,70.97330154258258
2018-10-25 19:00:00+02:00,71.42333859900619
2018-10-25 20:00:00+02:00,74.56295121458199
2018-10-25 21:00:00+02:00,73.41059866287397
2018-10-25 22:00:00+02:00,69.07330556082276
2018-10-25 23:00:00+02:00,64.24205385413457
2018-10-26 00:00:00+02:00,60.19885664315828
2018-10-26 01:00:00+02:00,57.501012547379396
2018-10-26 02:00:00+02:00,54.994963337188665
2018-10-26 03:00:00+02:00,54.07967852589834
2018-10-26 04:00:00+02:00,54.42336139049949
2018-10-26 05:00:00+02:00,55.310177865835385
2018-10-26 06:00:00+02:00,59.557130123039485
2018-10-26 07:00:00+02:00,66.7649223875734
2018-10-26 08:00:00+02:00,71.90054057692011
2018-10-26 09:00:00+02:00,72.81291199052508
2018-10-26 10:00:00+02:00,71.99052376249487
2018-10-26 11:00:00+02:00,70.80644435677404
2018-10-26 12:00:00+02:00,70.3140086523319
2018-10-26 13:00:00+02:00,70.01969449704102
2018-10-26 14:00:00+02:00,69.01772017226544
2018-10-26 15:00:00+02:00,64.6015722197403
2018-10-26 16:00:00+02:00,62.778096474150374
2018-10-26 17:00:00+02:00,65.76264098224938
2018-10-26 18:00:00+02:00,70.66020887847675
2018-10-26 19:00:00+02:00,72.25648204478564
2018-10-26 20:00:00+02:00,71.31784769939394
2018-10-26 21:00:00+02:00,69.77016164029733
2018-10-26 22:00:00+02:00,65.59102182587388
2018-10-26 23:00:00+02:00,62.383114810983706
2018-10-27 00:00:00+02:00,56.31244083078341
2018-10-27 01:00:00+02:00,53.096865679230866
2018-10-27 02:00:00+02:00,51.04525553831012
2018-10-27 03:00:00+02:00,47.67755022474419
2018-10-27 04:00:00+02:00,47.856641208612935
2018-10-27 05:00:00+02:00,47.4512083656474
2018-10-27 06:00:00+02:00,49.276751485743326
2018-10-27 07:00:00+02:00,54.99764249644701
2018-10-27 08:00:00+02:00,57.95593469856141
2018-10-27 09:00:00+02:00,59.43549342799014
2018-10-27 10:00:00+02:00,59.98880128810015
2018-10-27 11:00:00+02:00,60.802937360613264
2018-10-27 12:00:00+02:00,58.451025052696544
2018-10-27 13:00:00+02:00,57.83597217619984
2018-10-27 14:00:00+02:00,56.098048604897095
2018-10-27 15:00:00+02:00,56.26183775766096
2018-10-27 16:00:00+02:00,54.70812243914374
2018-10-27 17:00:00+02:00,57.86185048340972
2018-10-27 18:00:00+02:00,62.179521843866006
2018-10-27 19:00:00+02:00,63.80914156234351
2018-10-27 20:00:00+02:00,67.60668284435614
2018-10-27 21:00:00+02:00,62.80324054463651
2018-10-27 22:00:00+02:00,60.78188511678176
2018-10-27 23:00:00+02:00,52.6472956536733
2018-10-28 00:00:00+02:00,51.05096823901702
2018-10-28 01:00:00+02:00,49.11687544934471
2018-10-28 02:00:00+02:00,48.4468397394946
2018-10-28 02:00:00+01:00,45.3909260825809
2018-10-28 03:00:00+01:00,44.45079190185061
2018-10-28 04:00:00+01:00,45.88268972332901
2018-10-28 05:00:00+01:00,46.10278390015503
2018-10-28 06:00:00+01:00,45.45672148463879
2018-10-28 07:00:00+01:00,49.52344220374348
2018-10-28 08:00:00+01:00,53.0715743289126
2018-10-28 09:00:00+01:00,55.28006358328383
2018-10-28 10:00:00+01:00,55.66983100060244
2018-10-28 11:00:00+01:00,57.572853464708174
2018-10-28 12:00:00+01:00,53.839941823812694
2018-10-28 13:00:00+01:00,55.755288757476166
2018-10-28 14:00:00+01:00,54.4826222478542
2018-10-28 15:00:00+01:00,51.63057633437919
2018-10-28 16:00:00+01:00,47.61110797095474
2018-10-28 17:00:00+01:00,50.73097427247305
2018-10-28 18:00:00+01:00,57.9228964811752
2018-10-28 19:00:00+01:00,65.38032028240929
2018-10-28 20:00:00+01:00,63.358871182788015
2018-10-28 21:00:00+01:00,63.04998807408544
2018-10-28 22:00:00+01:00,59.09328832246826
2018-10-28 23:00:00+01:00,55.74265553777786
2018-10-29 00:00:00+01:00,52.3302973179966
2018-10-29 01:00:00+01:00,49.131297431683095
2018-10-29 02:00:00+01:00,46.762483684659706
2018-10-29 03:00:00+01:00,46.36373206509904
2018-10-29 04:00:00+01:00,44.56101709186378
2018-10-29 05:00:00+01:00,46.624427596765656
2018-10-29 06:00:00+01:00,51.15119115880432
2018-10-29 07:00:00+01:00,55.59109839426637
2018-10-29 08:00:00+01:00,59.242846571685725
2018-10-29 09:00:00+01:00,60.23214993438619
2018-10-29 10:00:00+01:00,59.68167125454497
2018-10-29 11:00:00+01:00,59.54020286451466
2018-10-29 12:00:00+01:00,58.69281849044736
2018-10-29 13:00:00+01:00,57.544926541565765
2018-10-29 14:00:00+01:00,58.63982471868484
2018-10-29 15:00:00+01:00,55.21204003260553
2018-10-29 16:00:00+01:00,55.03202342597485
2018-10-29 17:00:00+01:00,58.60755044652537
2018-10-29 18:00:00+01:00,63.144286096379936
2018-10-29 19:00:00+01:00,70.00214329775683
2018-10-29 20:00:00+01:00,68.67219822560826
2018-10-29 21:00:00+01:00,64.84501893435439
2018-10-29 22:00:00+01:00,58.15209361444545
2018-10-29 23:00:00+01:00,57.56801923511034
2018-10-30 00:00:00+01:00,48.971173629905344
2018-10-30 01:00:00+01:00,44.74066009769359
2018-10-30 02:00:00+01:00,43.868742816902056
2018-10-30 03:00:00+01:00,40.99133553840917
2018-10-30 04:00:00+01:00,40.093318674320194
2018-10-30 05:00:00+01:00,43.25143355316187
2018-10-30 06:00:00+01:00,50.267931873331065
2018-10-30 07:00:00+01:00,58.57643380974812
2018-10-30 08:00:00+01:00,65.69724877377944
2018-10-30 09:00:00+01:00,63.55042606907599
2018-10-30 10:00:00+01:00,65.32248617019415
2018-10-30 11:00:00+01:00,65.52541860989595
2018-10-30 12:00:00+01:00,64.12568286896091
2018-10-30 13:00:00+01:00,62.69796212180342
2018-10-30 14:00:00+01:00,62.88359757228898
2018-10-30 15:00:00+01:00,62.26953473946168
2018-10-30 16:00:00+01:00,65.68362453127081
2018-10-30 17:00:00+01:00,66.80642584168498
2018-10-30 18:00:00+01:00,69.78965971733221
2018-10-30 19:00:00+01:00,71.98484303243924
2018-10-30 20:00:00+01:00,70.03170411450473
2018-10-30 21:00:00+01:00,69.0070950200941
2018-10-30 22:00:00+01:00,62.40205276530292
2018-10-30 23:00:00+01:00,57.674148610074816
2018-10-31 00:00:00+01:00,54.18589198175428
2018-10-31 01:00:00+01:00,51.48239906767916
2018-10-31 02:00:00+01:00,49.717033044095224
2018-10-31 03:00:00+01:00,48.53757192854342
2018-10-31 04:00:00+01:00,47.59431019100864
2018-10-31 05:00:00+01:00,50.52807640408704
2018-10-31 06:00:00+01:00,56.873794264718015
2018-10-31 07:00:00+01:00,63.1982298145244
2018-10-31 08:00:00+01:00,67.21168867035101
2018-10-31 09:00:00+01:00,67.7638380384114
2018-10-31 10:00:00+01:00,66.46166765561581
2018-10-31 11:00:00+01:00,66.21956419250253
2018-10-31 12:00:00+01:00,62.565518151618285
2018-10-31 13:00:00+01:00,64.55203333908122
2018-10-31 14:00:00+01:00,63.185681742305825
2018-10-31 15:00:00+01:00,62.26371504009098
2018-10-31 16:00:00+01:00,62.71250776698031
2018-10-31 17:00:00+01:00,66.03341074962593
2018-10-31 18:00:00+01:00,69.6151028104146
2018-10-31 19:00:00+01:00,70.42666791057495
2018-10-31 20:00:00+01:00,71.53968234825695
2018-10-31 21:00:00+01:00,72.05548994499834
2018-10-31 22:00:00+01:00,66.88985925233982
2018-10-31 23:00:00+01:00,60.87738531696734
2018-11-01 00:00:00+01:00,55.108988710047306
2018-11-01 01:00:00+01:00,52.536084471839274
2018-11-01 02:00:00+01:00,50.48037798082729
2018-11-01 03:00:00+01:00,50.39682774151627
2018-11-01 04:00:00+01:00,50.752602317030515
2018-11-01 05:00:00+01:00,52.64565820258378
2018-11-01 06:00:00+01:00,59.34774779176183
2018-11-01 07:00:00+01:00,67.54574482466465
2018-11-01 08:00:00+01:00,74.306128937718
2018-11-01 09:00:00+01:00,74.30939400744305
2018-11-01 10:00:00+01:00,74.79688795264757
2018-11-01 11:00:00+01:00,73.06878617897975
2018-11-01 12:00:00+01:00,71.73739527251101
2018-11-01 13:00:00+01:00,71.22054991024356
2018-11-01 14:00:00+01:00,71.39211323894732
2018-11-01 15:00:00+01:00,70.22129911028267
2018-11-01 16:00:00+01:00,71.35728367565326
2018-11-01 17:00:00+01:00,72.46286780563865
2018-11-01 18:00:00+01:00,74.76304208806476
2018-11-01 19:00:00+01:00,77.23802419933367
2018-11-01 20:00:00+01:00,76.0244276279842
2018-11-01 21:00:00+01:00,73.95357994139587
2018-11-01 22:00:00+01:00,68.90730008238721
2018-11-01 23:00:00+01:00,64.03399674006661
2018-11-02 00:00:00+01:00,58.006433217577886
2018-11-02 01:00:00+01:00,52.330039690007844
2018-11-02 02:00:00+01:00,50.31579433983709
2018-11-02 03:00:00+01:00,49.89747418703168
2018-11-02 04:00:00+01:00,51.825504021044395
2018-11-02 05:00:00+01:00,52.16559651702033
2018-11-02 06:00:00+01:00,57.63396359953392
2018-11-02 07:00:00+01:00,66.75496537134673
2018-11-02 08:00:00+01:00,72.92720939314042
2018-11-02 09:00:00+01:00,72.67144320962849
2018-11-02 10:00:00+01:00,71.50237006282336
2018-11-02 11:00:00+01:00,70.57621863483615
2018-11-02 12:00:00+01:00,70.13971278683724
2018-11-02 13:00:00+01:00,71.94613288898545
2018-11-02 14:00:00+01:00,68.104421337571
2018-11-02 15:00:00+01:00,68.91607460059122
2018-11-02 16:00:00+01:00,69.82382517950454
2018-11-02 17:00:00+01:00,72.7627049192953
2018-11-02 18:00:00+01:00,76.6450046136041
2018-11-02 19:00:00+01:00,78.27408261014999
2018-11-02 20:00:00+01:00,79.60719813894428
2018-11-02 21:00:00+01:00,76.44727791473406
2018-11-02 22:00:00+01:00,72.1731971946247
2018-11-02 23:00:00+01:00,68.25778658612276
2018-11-03 00:00:00+01:00,59.46476618042285
2018-11-03 01:00:00+01:00,56.70972801389039
2018-11-03 02:00:00+01:00,54.702116905195815
2018-11-03 03:00:00+01:00,54.4548061196756
2018-11-03 04:00:00+01:00,53.446340365781374
2018-11-03 05:00:00+01:00,52.90963216994701
2018-11-03 06:00:00+01:00,54.45901256941895
2018-11-03 07:00:00+01:00,59.102506692952296
2018-11-03 08:00:00+01:00,62.71545953331461
2018-11-03 09:00:00+01:00,63.29919816638128
2018-11-03 10:00:00+01:00,65.62660871713385
2018-11-03 11:00:00+01:00,62.99756811739841
2018-11-03 12:00:00+01:00,62.61858942071689
2018-11-03 13:00:00+01:00,62.46789571070652
2018-11-03 14:00:00+01:00,61.85100548094143
2018-11-03 15:00:00+01:00,61.2557484075082
2018-11-03 16:00:00+01:00,61.94376990605991
2018-11-03 17:00:00+01:00,65.06720656986839
2018-11-03 18:00:00+01:00,70.76337057642355
2018-11-03 19:00:00+01:00,72.66639753035786
2018-11-03 20:00:00+01:00,73.84619193527865
2018-11-03 21:00:00+01:00,72.308073319833
2018-11-03 22:00:00+01:00,68.14369132058012
2018-11-03 23:00:00+01:00,65.73216521454489
2018-11-04 00:00:00+01:00,57.89517195940581
2018-11-04 01:00:00+01:00,53.61694751480169
2018-11-04 02:00:00+01:00,51.42804729984429
2018-11-04 03:00:00+01:00,49.629820321268305
2018-11-04 04:00:00+01:00,48.5257526030833
2018-11-04 05:00:00+01:00,48.940746488532845
2018-11-04 06:00:00+01:00,48.64648210283135
2018-11-04 07:00:00+01:00,52.39233910587604
2018-11-04 08:00:00+01:00,56.558010513061
2018-11-04 09:00:00+01:00,58.0796190645485
2018-11-04 10:00:00+01:00,59.62626303624114
2018-11-04 11:00:00+01:00,59.442559158539645
2018-11-04 12:00:00+01:00,55.47013358636895
2018-11-04 13:00:00+01:00,54.936100007534094
2018-11-04 14:00:00+01:00,52.581560626804695
2018-11-04 15:00:00+01:00,49.53615982380114
2018-11-04 16:00:00+01:00,44.65245464595009
2018-11-04 17:00:00+01:00,48.69931938703758
2018-11-04 18:00:00+01:00,58.81174084933665
2018-11-04 19:00:00+01:00,60.00611706608071
2018-11-04 20:00:00+01:00,63.398669774158826
2018-11-04 21:00:00+01:00,63.190514307190334
2018-11-04 22:00:00+01:00,60.89911530545053
2018-11-04 23:00:00+01:00,57.47742785789101
2018-11-05 00:00:00+01:00,48.02211617398109
2018-11-05 01:00:00+01:00,45.910344844600566
2018-11-05 02:00:00+01:00,42.28239966113551
2018-11-05 03:00:00+01:00,45.73847966229934
2018-11-05 04:00:00+01:00,44.876852822324935
2018-11-05 05:00:00+01:00,44.99508076106247
2018-11-05 06:00:00+01:00,46.07666251074077
2018-11-05 07:00:00+01:00,55.419237648182104
2018-11-05 08:00:00+01:00,62.99315424441534
2018-11-05 09:00:00+01:00,65.87025036802005
2018-11-05 10:00:00+01:00,64.67559342069451
2018-11-05 11:00:00+01:00,67.7521603607568
2018-11-05 12:00:00+01:00,64.42851461834637
2018-11-05 13:00:00+01:00,61.5519211627913
2018-11-05 14:00:00+01:00,59.95216624663993
2018-11-05 15:00:00+01:00,60.786530434641584
2018-11-05 16:00:00+01:00,60.249837576950775
2018-11-05 17:00:00+01:00,62.06300631654582
2018-11-05 18:00:00+01:00,66.72440991359689
2018-11-05 19:00:00+01:00,69.77980000080707
2018-11-05 20:00:00+01:00,72.43769417661694
2018-11-05 21:00:00+01:00,66.34938089993024
2018-11-05 22:00:00+01:00,63.67573738231084
2018-11-05 23:00:00+01:00,60.82532661281764
2018-11-06 00:00:00+01:00,53.15621828523107
2018-11-06 01:00:00+01:00,46.5388524546359
2018-11-06 02:00:00+01:00,46.1149747840903
2018-11-06 03:00:00+01:00,47.30255421621374
2018-11-06 04:00:00+01:00,47.14897275415936
2018-11-06 05:00:00+01:00,46.41611181976683
2018-11-06 06:00:00+01:00,48.86636577952303
2018-11-06 07:00:00+01:00,57.46261109389451
2018-11-06 08:00:00+01:00,66.64039719148649
2018-11-06 09:00:00+01:00,67.06863212107616
2018-11-06 10:00:00+01:00,68.20672937619105
2018-11-06 11:00:00+01:00,64.0803879412411
2018-11-06 12:00:00+01:00,63.566794915656935
2018-11-06 13:00:00+01:00,63.21094313978394
2018-11-06 14:00:00+01:00,63.232895423253325
2018-11-06 15:00:00+01:00,62.268797323708355
2018-11-06 16:00:00+01:00,60.394189744599146
2018-11-06 17:00:00+01:00,64.31226971615177
2018-11-06 18:00:00+01:00,68.68971048763659
2018-11-06 19:00:00+01:00,71.80458491597393
2018-11-06 20:00:00+01:00,70.40892997787257
2018-11-06 21:00:00+01:00,70.43437504537731
2018-11-06 22:00:00+01:00,66.50657282705248
2018-11-06 23:00:00+01:00,62.821610826076096
2018-11-07 00:00:00+01:00,55.16848883449955
2018-11-07 01:00:00+01:00,50.76903547714971
2018-11-07 02:00:00+01:00,48.46544865120114
2018-11-07 03:00:00+01:00,45.0266738425054
2018-11-07 04:00:00+01:00,43.70771413442296
2018-11-07 05:00:00+01:00,47.228078941481954
2018-11-07 06:00:00+01:00,53.09332986230871
2018-11-07 07:00:00+01:00,62.566216714853304
2018-11-07 08:00:00+01:00,65.50482991851553
2018-11-07 09:00:00+01:00,67.64453324301797
2018-11-07 10:00:00+01:00,72.0298654991254
2018-11-07 11:00:00+01:00,70.3279253032617
2018-11-07 12:00:00+01:00,67.5973706570497
2018-11-07 13:00:00+01:00,66.85606947822495
2018-11-07 14:00:00+01:00,66.00503196965258
2018-11-07 15:00:00+01:00,64.79415477050331
2018-11-07 16:00:00+01:00,66.57342052462688
2018-11-07 17:00:00+01:00,72.80111336590612
2018-11-07 18:00:00+01:00,75.27826168434602
2018-11-07 19:00:00+01:00,76.4881888446858
2018-11-07 20:00:00+01:00,75.29652655629735
2018-11-07 21:00:00+01:00,73.74186018404463
2018-11-07 22:00:00+01:00,69.88943200007263
2018-11-07 23:00:00+01:00,68.65198685482632
2018-11-08 00:00:00+01:00,62.02762527280054
2018-11-08 01:00:00+01:00,58.24270664255537
2018-11-08 02:00:00+01:00,56.13037762759268
2018-11-08 03:00:00+01:00,56.171032756267266
2018-11-08 04:00:00+01:00,56.00060952960365
2018-11-08 05:00:00+01:00,54.59255619825374
2018-11-08 06:00:00+01:00,62.353124924973066
2018-11-08 07:00:00+01:00,66.71509489717089
2018-11-08 08:00:00+01:00,72.30196104452125
2018-11-08 09:00:00+01:00,70.79065796533699
2018-11-08 10:00:00+01:00,71.51233352915204
2018-11-08 11:00:00+01:00,70.63487931740008
2018-11-08 12:00:00+01:00,69.63494011541702
2018-11-08 13:00:00+01:00,67.49764264612332
2018-11-08 14:00:00+01:00,69.47843608990554
2018-11-08 15:00:00+01:00,67.2080818367138
2018-11-08 16:00:00+01:00,68.86568348532235
2018-11-08 17:00:00+01:00,69.1245290003652
2018-11-08 18:00:00+01:00,72.32046747331266
2018-11-08 19:00:00+01:00,72.3876231355906
2018-11-08 20:00:00+01:00,71.5560645787279
2018-11-08 21:00:00+01:00,69.64946823191778
2018-11-08 22:00:00+01:00,65.95230046384843
2018-11-08 23:00:00+01:00,62.41980185432109
2018-11-09 00:00:00+01:00,57.30625698059007
2018-11-09 01:00:00+01:00,54.941670609768295
2018-11-09 02:00:00+01:00,50.710430496222976
2018-11-09 03:00:00+01:00,48.60461183613645
2018-11-09 04:00:00+01:00,48.51962388114103
2018-11-09 05:00:00+01:00,48.48199514794711
2018-11-09 06:00:00+01:00,53.31335701284592
2018-11-09 07:00:00+01:00,61.212820918906296
2018-11-09 08:00:00+01:00,71.4649151638037
2018-11-09 09:00:00+01:00,72.42828306918231
2018-11-09 10:00:00+01:00,69.56345962411771
2018-11-09 11:00:00+01:00,65.97754795228285
2018-11-09 12:00:00+01:00,64.47801560513875
2018-11-09 13:00:00+01:00,66.01352871288918
2018-11-09 14:00:00+01:00,63.99927492631898
2018-11-09 15:00:00+01:00,63.59807480082287
2018-11-09 16:00:00+01:00,62.874660021165056
2018-11-09 17:00:00+01:00,65.1664593053841
2018-11-09 18:00:00+01:00,69.65055008199909
2018-11-09 19:00:00+01:00,70.64366058291921
2018-11-09 20:00:00+01:00,70.2477343839303
2018-11-09 21:00:00+01:00,68.88033679972216
2018-11-09 22:00:00+01:00,64.55985385238806
2018-11-09 23:00:00+01:00,62.63065134054523
2018-11-10 00:00:00+01:00,51.98407515253794
2018-11-10 01:00:00+01:00,49.46168289275321
2018-11-10 02:00:00+01:00,48.79394657234539
2018-11-10 03:00:00+01:00,43.890459148226476
2018-11-10 04:00:00+01:00,43.37261812402079
2018-11-10 05:00:00+01:00,44.41921700330541
2018-11-10 06:00:00+01:00,45.70685063912859
2018-11-10 07:00:00+01:00,50.54292969879276
2018-11-10 08:00:00+01:00,54.118511138131055
2018-11-10 09:00:00+01:00,56.80821524347368
2018-11-10 10:00:00+01:00,56.94374688638922
2018-11-10 11:00:00+01:00,57.455565479070735
2018-11-10 12:00:00+01:00,59.93452869261824
2018-11-10 13:00:00+01:00,58.84027797040804
2018-11-10 14:00:00+01:00,57.40108393006625
2018-11-10 15:00:00+01:00,55.25284241569824
2018-11-10 16:00:00+01:00,56.4639725524244
2018-11-10 17:00:00+01:00,58.55483890120629
2018-11-10 18:00:00+01:00,61.5942083490516
2018-11-10 19:00:00+01:00,66.85164068675527
2018-11-10 20:00:00+01:00,67.34755700714778
2018-11-10 21:00:00+01:00,64.65857064562157
2018-11-10 22:00:00+01:00,61.315538063496795
2018-11-10 23:00:00+01:00,58.08048743332495
2018-11-11 00:00:00+01:00,50.17389217372545
2018-11-11 01:00:00+01:00,47.8780528597332
2018-11-11 02:00:00+01:00,42.112640267193825
2018-11-11 03:00:00+01:00,41.556389272630256
2018-11-11 04:00:00+01:00,41.26207240966625
2018-11-11 05:00:00+01:00,41.58236483870105
2018-11-11 06:00:00+01:00,42.500096079557565
2018-11-11 07:00:00+01:00,48.45665296469419
2018-11-11 08:00:00+01:00,47.82616805270255
2018-11-11 09:00:00+01:00,49.71604646924029
2018-11-11 10:00:00+01:00,55.238248279351986
2018-11-11 11:00:00+01:00,55.74357055762587
2018-11-11 12:00:00+01:00,53.35847598825429
2018-11-11 13:00:00+01:00,56.3731835215301
2018-11-11 14:00:00+01:00,53.60667032984858
2018-11-11 15:00:00+01:00,54.696239291947705
2018-11-11 16:00:00+01:00,53.0829211649423
2018-11-11 17:00:00+01:00,57.36047029815378
2018-11-11 18:00:00+01:00,63.887030976690376
2018-11-11 19:00:00+01:00,68.02190846561764
2018-11-11 20:00:00+01:00,68.92718008216394
2018-11-11 21:00:00+01:00,69.2721285191872
2018-11-11 22:00:00+01:00,65.54620666962187
2018-11-11 23:00:00+01:00,60.3982924987111
2018-11-12 00:00:00+01:00,57.578639727931
2018-11-12 01:00:00+01:00,51.64611094095175
2018-11-12 02:00:00+01:00,49.57231189523142
2018-11-12 03:00:00+01:00,50.54269600259037
2018-11-12 04:00:00+01:00,50.121899366133086
2018-11-12 05:00:00+01:00,51.836550246852745
2018-11-12 06:00:00+01:00,57.27370277197707
2018-11-12 07:00:00+01:00,61.525419995302116
2018-11-12 08:00:00+01:00,72.03825267714164
2018-11-12 09:00:00+01:00,73.81080859283999
2018-11-12 10:00:00+01:00,72.68877579868479
2018-11-12 11:00:00+01:00,72.95156779455819
2018-11-12 12:00:00+01:00,71.88951354155408
2018-11-12 13:00:00+01:00,71.9491661361665
2018-11-12 14:00:00+01:00,70.63985059119915
2018-11-12 15:00:00+01:00,70.43508401397004
2018-11-12 16:00:00+01:00,71.68884493127369
2018-11-12 17:00:00+01:00,73.058180441512
2018-11-12 18:00:00+01:00,76.41464913344502
2018-11-12 19:00:00+01:00,77.35565714098517
2018-11-12 20:00:00+01:00,76.38443896730134
2018-11-12 21:00:00+01:00,74.94049756678055
2018-11-12 22:00:00+01:00,69.80794834213445
2018-11-12 23:00:00+01:00,66.27116193534656
2018-11-13 00:00:00+01:00,61.22104542969216
2018-11-13 01:00:00+01:00,57.414572638786716
2018-11-13 02:00:00+01:00,55.110177594864325
2018-11-13 03:00:00+01:00,53.449889115574585
2018-11-13 04:00:00+01:00,53.12578641925796
2018-11-13 05:00:00+01:00,53.44292183075845
2018-11-13 06:00:00+01:00,59.57257784989218
2018-11-13 07:00:00+01:00,65.77783313939743
2018-11-13 08:00:00+01:00,71.49655684228861
2018-11-13 09:00:00+01:00,72.62707946991917
2018-11-13 10:00:00+01:00,72.1001933829959
2018-11-13 11:00:00+01:00,71.52922385651601
2018-11-13 12:00:00+01:00,70.23651741536257
2018-11-13 13:00:00+01:00,69.81105979993708
2018-11-13 14:00:00+01:00,69.76423759462273
2018-11-13 15:00:00+01:00,68.46346207927898
2018-11-13 16:00:00+01:00,69.98198566344034
2018-11-13 17:00:00+01:00,70.9122110386402
2018-11-13 18:00:00+01:00,74.459236714873
2018-11-13 19:00:00+01:00,76.87146057527764
2018-11-13 20:00:00+01:00,75.44630787521501
2018-11-13 21:00:00+01:00,73.93435443468752
2018-11-13 22:00:00+01:00,68.88133864594424
2018-11-13 23:00:00+01:00,64.56837735521663
2018-11-14 00:00:00+01:00,61.091566840640404
2018-11-14 01:00:00+01:00,57.697132223459676
2018-11-14 02:00:00+01:00,55.39267440527065
2018-11-14 03:00:00+01:00,55.54958271812078
2018-11-14 04:00:00+01:00,52.98168398294217
2018-11-14 05:00:00+01:00,54.458443692323975
2018-11-14 06:00:00+01:00,57.37811131203258
2018-11-14 07:00:00+01:00,64.18975459812224
2018-11-14 08:00:00+01:00,71.40821788446078
2018-11-14 09:00:00+01:00,70.40911335687423
2018-11-14 10:00:00+01:00,70.29079701991888
2018-11-14 11:00:00+01:00,70.00155430364578
2018-11-14 12:00:00+01:00,69.76320479316117
2018-11-14 13:00:00+01:00,68.25269438791474
2018-11-14 14:00:00+01:00,70.08924899274291
2018-11-14 15:00:00+01:00,68.40173492823581
2018-11-14 16:00:00+01:00,67.87691558970204
2018-11-14 17:00:00+01:00,71.83789040501274
2018-11-14 18:00:00+01:00,75.6197704957168
2018-11-14 19:00:00+01:00,76.0341356491469
2018-11-14 20:00:00+01:00,72.93911539070358
2018-11-14 21:00:00+01:00,71.39688679177557
2018-11-14 22:00:00+01:00,67.49591303687029
2018-11-14 23:00:00+01:00,62.84411422096107
2018-11-15 00:00:00+01:00,60.83139225719837
2018-11-15 01:00:00+01:00,57.14072580468903
2018-11-15 02:00:00+01:00,55.29047625597107
2018-11-15 03:00:00+01:00,51.378057278394266
2018-11-15 04:00:00+01:00,54.055047712472316
2018-11-15 05:00:00+01:00,54.894008564266336
2018-11-15 06:00:00+01:00,57.62979728735066
2018-11-15 07:00:00+01:00,63.53305991529646
2018-11-15 08:00:00+01:00,71.36858467201131
2018-11-15 09:00:00+01:00,70.34671811024153
2018-11-15 10:00:00+01:00,71.68364849228243
2018-11-15 11:00:00+01:00,72.2253328416092
2018-11-15 12:00:00+01:00,72.18156276769129
2018-11-15 13:00:00+01:00,70.77147010790294
2018-11-15 14:00:00+01:00,69.75777582613505
2018-11-15 15:00:00+01:00,71.19498462955666
2018-11-15 16:00:00+01:00,70.6358198487962
2018-11-15 17:00:00+01:00,74.29520583102834
2018-11-15 18:00:00+01:00,76.80307352462593
2018-11-15 19:00:00+01:00,77.90050884552194
2018-11-15 20:00:00+01:00,76.00641238187342
2018-11-15 21:00:00+01:00,74.42408137636328
2018-11-15 22:00:00+01:00,69.62992168644152
2018-11-15 23:00:00+01:00,65.39949408936184
2018-11-16 00:00:00+01:00,61.68496744054568
2018-11-16 01:00:00+01:00,58.08284898451054
2018-11-16 02:00:00+01:00,54.17112085772333
2018-11-16 03:00:00+01:00,52.03334949191725
2018-11-16 04:00:00+01:00,52.744134292019
2018-11-16 05:00:00+01:00,53.91208210150419
2018-11-16 06:00:00+01:00,59.3501892428416
2018-11-16 07:00:00+01:00,63.57692222605808
2018-11-16 08:00:00+01:00,71.13162869462128
2018-11-16 09:00:00+01:00,71.52891689983765
2018-11-16 10:00:00+01:00,71.53648036791985
2018-11-16 11:00:00+01:00,71.94973301712504
2018-11-16 12:00:00+01:00,70.74740126233979
2018-11-16 13:00:00+01:00,70.77336974674233
2018-11-16 14:00:00+01:00,70.24887547341659
2018-11-16 15:00:00+01:00,70.08023185694451
2018-11-16 16:00:00+01:00,69.7056292867638
2018-11-16 17:00:00+01:00,72.06476039335229
2018-11-16 18:00:00+01:00,74.90237430200511
2018-11-16 19:00:00+01:00,75.31550478377703
2018-11-16 20:00:00+01:00,75.32457676204442
2018-11-16 21:00:00+01:00,72.89166462846559
2018-11-16 22:00:00+01:00,68.18061565277831
2018-11-16 23:00:00+01:00,64.00891288573452
2018-11-17 00:00:00+01:00,59.86464123659493
2018-11-17 01:00:00+01:00,57.82200458004374
2018-11-17 02:00:00+01:00,54.81120897538878
2018-11-17 03:00:00+01:00,53.206049769508304
2018-11-17 04:00:00+01:00,51.973577687754215
2018-11-17 05:00:00+01:00,53.64791577547771
2018-11-17 06:00:00+01:00,54.15948845663481
2018-11-17 07:00:00+01:00,57.18424143206058
2018-11-17 08:00:00+01:00,61.461161373006966
2018-11-17 09:00:00+01:00,64.35721786456249
2018-11-17 10:00:00+01:00,63.428995436757795
2018-11-17 11:00:00+01:00,61.96728716149371
2018-11-17 12:00:00+01:00,61.607005575296206
2018-11-17 13:00:00+01:00,62.4355615200364
2018-11-17 14:00:00+01:00,62.10348908076099
2018-11-17 15:00:00+01:00,61.97439837259102
2018-11-17 16:00:00+01:00,63.34819164903027
2018-11-17 17:00:00+01:00,65.13461816698852
2018-11-17 18:00:00+01:00,69.72786759254323
2018-11-17 19:00:00+01:00,72.22919540634874
2018-11-17 20:00:00+01:00,71.83686749562233
2018-11-17 21:00:00+01:00,70.45998067129464
2018-11-17 22:00:00+01:00,66.33029824986409
2018-11-17 23:00:00+01:00,61.73446874455439
2018-11-18 00:00:00+01:00,58.4317015529123
2018-11-18 01:00:00+01:00,55.88223227516861
2018-11-18 02:00:00+01:00,49.30637077602186
2018-11-18 03:00:00+01:00,52.814027265495675
2018-11-18 04:00:00+01:00,51.504960109542715
2018-11-18 05:00:00+01:00,49.688103159152035
2018-11-18 06:00:00+01:00,48.502992671540845
2018-11-18 07:00:00+01:00,53.295528202850214
2018-11-18 08:00:00+01:00,54.51354035272215
2018-11-18 09:00:00+01:00,57.52048192963051
2018-11-18 10:00:00+01:00,58.179696165255955
2018-11-18 11:00:00+01:00,57.05559702327442
2018-11-18 12:00:00+01:00,56.80866389091273
2018-11-18 13:00:00+01:00,56.90794433973056
2018-11-18 14:00:00+01:00,55.7588343698601
2018-11-18 15:00:00+01:00,53.324230984456925
2018-11-18 16:00:00+01:00,53.69919652034336
2018-11-18 17:00:00+01:00,58.310629125975176
2018-11-18 18:00:00+01:00,64.09839568736464
2018-11-18 19:00:00+01:00,65.52648725875424
2018-11-18 20:00:00+01:00,66.45143579422366
2018-11-18 21:00:00+01:00,64.74315575701304
2018-11-18 22:00:00+01:00,60.49544544519546
2018-11-18 23:00:00+01:00,56.06332293822729
2018-11-19 00:00:00+01:00,52.75090593631956
2018-11-19 01:00:00+01:00,48.73806240699761
2018-11-19 02:00:00+01:00,46.050197366727275
2018-11-19 03:00:00+01:00,43.54783355606329
2018-11-19 04:00:00+01:00,43.45135225500553
2018-11-19 05:00:00+01:00,45.02463065007254
2018-11-19 06:00:00+01:00,51.8102711635068
2018-11-19 07:00:00+01:00,60.49913402261689
2018-11-19 08:00:00+01:00,68.02821201180747
2018-11-19 09:00:00+01:00,66.22794248102856
2018-11-19 10:00:00+01:00,68.07204286150055
2018-11-19 11:00:00+01:00,69.9524577427169
2018-11-19 12:00:00+01:00,70.62409215450361
2018-11-19 13:00:00+01:00,70.27498271559341
2018-11-19 14:00:00+01:00,69.61712966130786
2018-11-19 15:00:00+01:00,68.89987708811019
2018-11-19 16:00:00+01:00,69.51303143116085
2018-11-19 17:00:00+01:00,72.12979607269158
2018-11-19 18:00:00+01:00,72.38202400413228
2018-11-19 19:00:00+01:00,74.18528466346693
2018-11-19 20:00:00+01:00,72.15183970095474
2018-11-19 21:00:00+01:00,69.51459783404984
2018-11-19 22:00:00+01:00,66.95420694550963
2018-11-19 23:00:00+01:00,62.54175334731887
2018-11-20 00:00:00+01:00,57.19262271186299
2018-11-20 01:00:00+01:00,50.54420109184429
2018-11-20 02:00:00+01:00,51.07834863107892
2018-11-20 03:00:00+01:00,48.74670744957081
2018-11-20 04:00:00+01:00,45.64432726114273
2018-11-20 05:00:00+01:00,46.3266772598428
2018-11-20 06:00:00+01:00,54.024838458569356
2018-11-20 07:00:00+01:00,60.660751422642285
2018-11-20 08:00:00+01:00,65.86751764016634
2018-11-20 09:00:00+01:00,66.85715322689327
2018-11-20 10:00:00+01:00,68.53099111470893
2018-11-20 11:00:00+01:00,65.69468304299308
2018-11-20 12:00:00+01:00,66.8010028729389
2018-11-20 13:00:00+01:00,69.83811699237897
2018-11-20 14:00:00+01:00,66.80808069751122
2018-11-20 15:00:00+01:00,64.04734731109387
2018-11-20 16:00:00+01:00,63.748404954443124
2018-11-20 17:00:00+01:00,67.43205212320466
2018-11-20 18:00:00+01:00,71.46251103667838
2018-11-20 19:00:00+01:00,72.13472136183759
2018-11-20 20:00:00+01:00,73.09850306154863
2018-11-20 21:00:00+01:00,68.57527013144866
2018-11-20 22:00:00+01:00,66.13218142765886
2018-11-20 23:00:00+01:00,59.92790515465425
2018-11-21 00:00:00+01:00,53.98292802658676
2018-11-21 01:00:00+01:00,49.34451927277465
2018-11-21 02:00:00+01:00,46.96143433629776
2018-11-21 03:00:00+01:00,48.61895215834304
2018-11-21 04:00:00+01:00,43.37010114361834
2018-11-21 05:00:00+01:00,45.05757299435792
2018-11-21 06:00:00+01:00,56.004189224705385
2018-11-21 07:00:00+01:00,63.17590175880769
2018-11-21 08:00:00+01:00,67.54450159941798
2018-11-21 09:00:00+01:00,68.65798619313767
2018-11-21 10:00:00+01:00,70.44826524687184
2018-11-21 11:00:00+01:00,68.70311464143263
2018-11-21 12:00:00+01:00,66.35448776520757
2018-11-21 13:00:00+01:00,65.36690571573634
2018-11-21 14:00:00+01:00,65.29783019363725
2018-11-21 15:00:00+01:00,62.89251457404449
2018-11-21 16:00:00+01:00,64.87009445385773
2018-11-21 17:00:00+01:00,70.39309672832762
2018-11-21 18:00:00+01:00,72.62177784410795
2018-11-21 19:00:00+01:00,76.5787050496827
2018-11-21 20:00:00+01:00,76.41693875045611
2018-11-21 21:00:00+01:00,72.40817516580259
2018-11-21 22:00:00+01:00,68.74528078847372
2018-11-21 23:00:00+01:00,62.761962544538704
2018-11-22 00:00:00+01:00,57.02100801809019
2018-11-22 01:00:00+01:00,54.72682606490073
2018-11-22 02:00:00+01:00,53.019859550059984
2018-11-22 03:00:00+01:00,52.456463070015616
2018-11-22 04:00:00+01:00,51.763536880576574
2018-11-22 05:00:00+01:00,49.83189397911013
2018-11-22 06:00:00+01:00,58.59911870113671
2018-11-22 07:00:00+01:00,66.12958831664109
2018-11-22 08:00:00+01:00,73.37951458001483
2018-11-22 09:00:00+01:00,75.53602916011988
2018-11-22 10:00:00+01:00,73.94240315076598
2018-11-22 11:00:00+01:00,73.1703115609183
2018-11-22 12:00:00+01:00,71.00049544644621
2018-11-22 13:00:00+01:00,71.72786769253828
2018-11-22 14:00:00+01:00,69.69238851633598
2018-11-22 15:00:00+01:00,69.62894533181577
2018-11-22 16:00:00+01:00,71.45581943894987
2018-11-22 17:00:00+01:00,73.80866786532394
2018-11-22 18:00:00+01:00,76.70627645044657
2018-11-22 19:00:00+01:00,76.36625915005268
2018-11-22 20:00:00+01:00,76.36598011972605
2018-11-22 21:00:00+01:00,73.72605554485176
2018-11-22 22:00:00+01:00,70.67526030906397
2018-11-22 23:00:00+01:00,66.04078785258203
2018-11-23 00:00:00+01:00,59.86288762269862
2018-11-23 01:00:00+01:00,56.34357547992559
2018-11-23 02:00:00+01:00,53.360214404619505
2018-11-23 03:00:00+01:00,52.0812502351225
2018-11-23 04:00:00+01:00,51.754065943686356
2018-11-23 05:00:00+01:00,53.78485756283161
2018-11-23 06:00:00+01:00,58.162345517420135
2018-11-23 07:00:00+01:00,63.217756794003556
2018-11-23 08:00:00+01:00,73.63004123227549
2018-11-23 09:00:00+01:00,73.97953007371882
2018-11-23 10:00:00+01:00,73.13881787279863
2018-11-23 11:00:00+01:00,71.07596040694344
2018-11-23 12:00:00+01:00,71.11671483184641
2018-11-23 13:00:00+01:00,70.46476492250726
2018-11-23 14:00:00+01:00,70.45321468093192
2018-11-23 15:00:00+01:00,70.15344965898089
2018-11-23 16:00:00+01:00,70.19485163704475
2018-11-23 17:00:00+01:00,71.52207672660218
2018-11-23 18:00:00+01:00,72.40014955004506
2018-11-23 19:00:00+01:00,75.64316397392726
2018-11-23 20:00:00+01:00,75.6240871740499
2018-11-23 21:00:00+01:00,73.56567376119843
2018-11-23 22:00:00+01:00,70.05061113817077
2018-11-23 23:00:00+01:00,65.89426804882778
2018-11-24 00:00:00+01:00,60.777071798712576
2018-11-24 01:00:00+01:00,57.47007778424604
2018-11-24 02:00:00+01:00,54.99654801957754
2018-11-24 03:00:00+01:00,52.41548080470893
2018-11-24 04:00:00+01:00,53.47712026447187
2018-11-24 05:00:00+01:00,53.43818664118049
2018-11-24 06:00:00+01:00,55.13732438969665
2018-11-24 07:00:00+01:00,56.29437544013168
2018-11-24 08:00:00+01:00,63.375209135475
2018-11-24 09:00:00+01:00,65.26259115052517
2018-11-24 10:00:00+01:00,66.0139487057637
2018-11-24 11:00:00+01:00,65.01104412009154
2018-11-24 12:00:00+01:00,63.92585346013333
2018-11-24 13:00:00+01:00,62.6097846042612
2018-11-24 14:00:00+01:00,61.91667394992607
2018-11-24 15:00:00+01:00,59.08713231401584
2018-11-24 16:00:00+01:00,58.98091107294059
2018-11-24 17:00:00+01:00,62.65866174832235
2018-11-24 18:00:00+01:00,67.77222191505432
2018-11-24 19:00:00+01:00,69.46397774751038
2018-11-24 20:00:00+01:00,69.61857366856613
2018-11-24 21:00:00+01:00,65.63460543844839
2018-11-24 22:00:00+01:00,62.570810666541156
2018-11-24 23:00:00+01:00,58.624301721593135
2018-11-25 00:00:00+01:00,52.395051019657245
2018-11-25 01:00:00+01:00,52.12267265637115
2018-11-25 02:00:00+01:00,44.63808357063987
2018-11-25 03:00:00+01:00,44.25373686914785
2018-11-25 04:00:00+01:00,42.557937400899526
2018-11-25 05:00:00+01:00,42.51809044650999
2018-11-25 06:00:00+01:00,42.973318910820716
2018-11-25 07:00:00+01:00,44.47461087794586
2018-11-25 08:00:00+01:00,50.29712964796091
2018-11-25 09:00:00+01:00,54.653722072019185
2018-11-25 10:00:00+01:00,56.31006064656302
2018-11-25 11:00:00+01:00,55.35412104113482
2018-11-25 12:00:00+01:00,53.96140605035
2018-11-25 13:00:00+01:00,52.525276976551424
2018-11-25 14:00:00+01:00,51.57309789891176
2018-11-25 15:00:00+01:00,48.98249752664145
2018-11-25 16:00:00+01:00,48.20153638768151
2018-11-25 17:00:00+01:00,54.438854419250305
2018-11-25 18:00:00+01:00,63.06423723602342
2018-11-25 19:00:00+01:00,67.37685232384938
2018-11-25 20:00:00+01:00,68.66562728758142
2018-11-25 21:00:00+01:00,63.6620508326557
2018-11-25 22:00:00+01:00,59.98606357160342
2018-11-25 23:00:00+01:00,56.792241969012224
2018-11-26 00:00:00+01:00,57.68329558213028
2018-11-26 01:00:00+01:00,49.19460899335554
2018-11-26 02:00:00+01:00,43.47785135396142
2018-11-26 03:00:00+01:00,41.963116483914426
2018-11-26 04:00:00+01:00,44.74417914585518
2018-11-26 05:00:00+01:00,41.53514444430741
2018-11-26 06:00:00+01:00,50.60811698190654
2018-11-26 07:00:00+01:00,59.258100274565486
2018-11-26 08:00:00+01:00,67.29140718084538
2018-11-26 09:00:00+01:00,68.54033797583698
2018-11-26 10:00:00+01:00,69.6873526431976
2018-11-26 11:00:00+01:00,69.46042098861369
2018-11-26 12:00:00+01:00,66.42181455537293
2018-11-26 13:00:00+01:00,65.46699990343227
2018-11-26 14:00:00+01:00,65.69133836887839
2018-11-26 15:00:00+01:00,64.16400849155941
2018-11-26 16:00:00+01:00,64.44834631907032
2018-11-26 17:00:00+01:00,66.92497298140752
2018-11-26 18:00:00+01:00,78.98325185498918
2018-11-26 19:00:00+01:00,76.55412544933593
2018-11-26 20:00:00+01:00,75.44751581699524
2018-11-26 21:00:00+01:00,75.5333542655529
2018-11-26 22:00:00+01:00,69.7657451763779
2018-11-26 23:00:00+01:00,64.46438224313316
2018-11-27 00:00:00+01:00,56.495930593917656
2018-11-27 01:00:00+01:00,55.05915604460332
2018-11-27 02:00:00+01:00,50.57166418094577
2018-11-27 03:00:00+01:00,51.82978260479994
2018-11-27 04:00:00+01:00,52.01049750507374
2018-11-27 05:00:00+01:00,54.54280850943797
2018-11-27 06:00:00+01:00,60.3445789676523
2018-11-27 07:00:00+01:00,67.93995428923448
2018-11-27 08:00:00+01:00,75.6573930284517
2018-11-27 09:00:00+01:00,77.63204946674374
2018-11-27 10:00:00+01:00,77.19135835357542
2018-11-27 11:00:00+01:00,75.04818536149021
2018-11-27 12:00:00+01:00,72.50517153750609
2018-11-27 13:00:00+01:00,70.80004164844568
2018-11-27 14:00:00+01:00,70.67884923588608
2018-11-27 15:00:00+01:00,70.1220799855203
2018-11-27 16:00:00+01:00,70.61288380068375
2018-11-27 17:00:00+01:00,72.98764024905627
2018-11-27 18:00:00+01:00,76.74973824115206
2018-11-27 19:00:00+01:00,78.74365604135328
2018-11-27 20:00:00+01:00,77.58227004296826
2018-11-27 21:00:00+01:00,74.85866516532751
2018-11-27 22:00:00+01:00,70.25452005384922
2018-11-27 23:00:00+01:00,64.43808682543455
2018-11-28 00:00:00+01:00,58.7994242874941
2018-11-28 01:00:00+01:00,56.49759151942008
2018-11-28 02:00:00+01:00,53.055217617307086
2018-11-28 03:00:00+01:00,50.98980884902479
2018-11-28 04:00:00+01:00,52.02039808698654
2018-11-28 05:00:00+01:00,51.97162048330492
2018-11-28 06:00:00+01:00,58.74232636158819
2018-11-28 07:00:00+01:00,67.14933182454664
2018-11-28 08:00:00+01:00,73.005877846391
2018-11-28 09:00:00+01:00,72.89025605113513
2018-11-28 10:00:00+01:00,72.18815111859335
2018-11-28 11:00:00+01:00,73.25489910633208
2018-11-28 12:00:00+01:00,71.85132059235984
2018-11-28 13:00:00+01:00,69.37864275585618
2018-11-28 14:00:00+01:00,69.09069063789512
2018-11-28 15:00:00+01:00,69.62544563910006
2018-11-28 16:00:00+01:00,69.44837493741284
2018-11-28 17:00:00+01:00,73.66115057150081
2018-11-28 18:00:00+01:00,79.29106108245387
2018-11-28 19:00:00+01:00,77.5509755350165
2018-11-28 20:00:00+01:00,77.51878753426513
2018-11-28 21:00:00+01:00,74.92757396180667
2018-11-28 22:00:00+01:00,70.1312031211671
2018-11-28 23:00:00+01:00,65.9766753293842
2018-11-29 00:00:00+01:00,58.41987704579915
2018-11-29 01:00:00+01:00,54.577637614974684
2018-11-29 02:00:00+01:00,51.513491156970474
2018-11-29 03:00:00+01:00,53.50647650995311
2018-11-29 04:00:00+01:00,50.69715205265757
2018-11-29 05:00:00+01:00,52.10286765660296
2018-11-29 06:00:00+01:00,58.21069106440273
2018-11-29 07:00:00+01:00,65.98922371762698
2018-11-29 08:00:00+01:00,73.058819124239
2018-11-29 09:00:00+01:00,73.66127859618878
2018-11-29 10:00:00+01:00,73.55272113524303
2018-11-29 11:00:00+01:00,73.11381159580793
2018-11-29 12:00:00+01:00,70.9432254033075
2018-11-29 13:00:00+01:00,70.23262495143634
2018-11-29 14:00:00+01:00,71.7853261004774
2018-11-29 15:00:00+01:00,70.07261017354273
2018-11-29 16:00:00+01:00,69.81677948793836
2018-11-29 17:00:00+01:00,73.66253664619602
2018-11-29 18:00:00+01:00,81.67674485364034
2018-11-29 19:00:00+01:00,83.04867392424806
2018-11-29 20:00:00+01:00,82.81463267818872
2018-11-29 21:00:00+01:00,77.1514727385731
2018-11-29 22:00:00+01:00,71.14212655572076
2018-11-29 23:00:00+01:00,64.75900972690319
2018-11-30 00:00:00+01:00,62.01619404837265
2018-11-30 01:00:00+01:00,59.30898971020188
2018-11-30 02:00:00+01:00,56.2213774323909
2018-11-30 03:00:00+01:00,55.466949500070655
2018-11-30 04:00:00+01:00,54.78978057308088
2018-11-30 05:00:00+01:00,55.29795641842801
2018-11-30 06:00:00+01:00,61.05360955406778
2018-11-30 07:00:00+01:00,69.80521408415949
2018-11-30 08:00:00+01:00,73.43108815853073
2018-11-30 09:00:00+01:00,76.0526439996255
2018-11-30 10:00:00+01:00,76.43437596859565
2018-11-30 11:00:00+01:00,74.98411205407884
2018-11-30 12:00:00+01:00,73.3967858289183
2018-11-30 13:00:00+01:00,71.40382931363096
2018-11-30 14:00:00+01:00,68.98584901946333
2018-11-30 15:00:00+01:00,68.35278040109911
2018-11-30 16:00:00+01:00,69.01660220836659
2018-11-30 17:00:00+01:00,71.45687858658245
2018-11-30 18:00:00+01:00,79.05144829314281
2018-11-30 19:00:00+01:00,81.31201798299784
2018-11-30 20:00:00+01:00,81.85374896072847
2018-11-30 21:00:00+01:00,80.03270670548993
2018-11-30 22:00:00+01:00,73.38308636750075
2018-11-30 23:00:00+01:00,67.77017039087137
2018-12-01 00:00:00+01:00,64.24693990434527
2018-12-01 01:00:00+01:00,62.0172585503891
2018-12-01 02:00:00+01:00,58.03080581205725
2018-12-01 03:00:00+01:00,56.263830480611496
2018-12-01 04:00:00+01:00,54.53114830694102
2018-12-01 05:00:00+01:00,55.705100339028114
2018-12-01 06:00:00+01:00,57.56748633827787
2018-12-01 07:00:00+01:00,59.627947958886814
2018-12-01 08:00:00+01:00,64.02423171462897
2018-12-01 09:00:00+01:00,67.20646555114614
2018-12-01 10:00:00+01:00,69.37616412815841
2018-12-01 11:00:00+01:00,68.51102856175072
2018-12-01 12:00:00+01:00,65.91088504757458
2018-12-01 13:00:00+01:00,67.02630488095234
2018-12-01 14:00:00+01:00,64.62602152760721
2018-12-01 15:00:00+01:00,64.5477015839388
2018-12-01 16:00:00+01:00,65.63977371590222
2018-12-01 17:00:00+01:00,69.4364028650471
2018-12-01 18:00:00+01:00,75.44961920698063
2018-12-01 19:00:00+01:00,77.1478724923553
2018-12-01 20:00:00+01:00,74.89255031185975
2018-12-01 21:00:00+01:00,74.77364949094103
2018-12-01 22:00:00+01:00,70.77695435394456
2018-12-01 23:00:00+01:00,64.92422228865932
2018-12-02 00:00:00+01:00,60.39340011644521
2018-12-02 01:00:00+01:00,57.50036780055177
2018-12-02 02:00:00+01:00,53.061199253251665
2018-12-02 03:00:00+01:00,51.108252547836166
2018-12-02 04:00:00+01:00,51.84013066795192
2018-12-02 05:00:00+01:00,51.30731973746529
2018-12-02 06:00:00+01:00,53.72546753479438
2018-12-02 07:00:00+01:00,57.42677891800228
2018-12-02 08:00:00+01:00,61.9295143110289
2018-12-02 09:00:00+01:00,64.25824748415914
2018-12-02 10:00:00+01:00,65.22214177470381
2018-12-02 11:00:00+01:00,63.702540668276164
2018-12-02 12:00:00+01:00,64.44429952064283
2018-12-02 13:00:00+01:00,62.72487939781274
2018-12-02 14:00:00+01:00,62.0002253720572
2018-12-02 15:00:00+01:00,61.320391562621715
2018-12-02 16:00:00+01:00,62.712345220828475
2018-12-02 17:00:00+01:00,65.80431282391265
2018-12-02 18:00:00+01:00,72.19471541730329
2018-12-02 19:00:00+01:00,75.64208360486406
2018-12-02 20:00:00+01:00,76.46365111741198
2018-12-02 21:00:00+01:00,75.4783751804393
2018-12-02 22:00:00+01:00,71.34528943062125
2018-12-02 23:00:00+01:00,68.94084977832775
2018-12-03 00:00:00+01:00,58.83906526995724
2018-12-03 01:00:00+01:00,55.46618862049589
2018-12-03 02:00:00+01:00,51.232382453763684
2018-12-03 03:00:00+01:00,48.30972109938324
2018-12-03 04:00:00+01:00,49.45609744167566
2018-12-03 05:00:00+01:00,51.772527082664986
2018-12-03 06:00:00+01:00,57.27419370763218
2018-12-03 07:00:00+01:00,63.39999501763572
2018-12-03 08:00:00+01:00,73.9118254457597
2018-12-03 09:00:00+01:00,76.1914642580373
2018-12-03 10:00:00+01:00,75.82287468102903
2018-12-03 11:00:00+01:00,74.71027114134914
2018-12-03 12:00:00+01:00,73.66175834229877
2018-12-03 13:00:00+01:00,73.52973138448503
2018-12-03 14:00:00+01:00,73.17531414105183
2018-12-03 15:00:00+01:00,71.4616131388879
2018-12-03 16:00:00+01:00,72.24526629035483
2018-12-03 17:00:00+01:00,76.36747468639379
2018-12-03 18:00:00+01:00,78.90187237200577
2018-12-03 19:00:00+01:00,81.36568312373008
2018-12-03 20:00:00+01:00,80.00876701128611
2018-12-03 21:00:00+01:00,79.07026640633354
2018-12-03 22:00:00+01:00,73.97483835891883
2018-12-03 23:00:00+01:00,68.93855838742107
2018-12-04 00:00:00+01:00,62.13446357413051
2018-12-04 01:00:00+01:00,58.79929835687617
2018-12-04 02:00:00+01:00,54.9281944607818
2018-12-04 03:00:00+01:00,54.70964941130743
2018-12-04 04:00:00+01:00,55.71157358772041
2018-12-04 05:00:00+01:00,57.77868390678276
2018-12-04 06:00:00+01:00,63.53720285993818
2018-12-04 07:00:00+01:00,71.24376526925317
2018-12-04 08:00:00+01:00,78.07668294523005
2018-12-04 09:00:00+01:00,78.56879501487673
2018-12-04 10:00:00+01:00,76.74918749397821
2018-12-04 11:00:00+01:00,75.24955587746949
2018-12-04 12:00:00+01:00,74.80090762056928
2018-12-04 13:00:00+01:00,73.44750943527931
2018-12-04 14:00:00+01:00,72.95883137803497
2018-12-04 15:00:00+01:00,73.02573209350523
2018-12-04 16:00:00+01:00,72.57009367215676
2018-12-04 17:00:00+01:00,76.60476822772371
2018-12-04 18:00:00+01:00,81.13929733576559
2018-12-04 19:00:00+01:00,81.16327974706843
2018-12-04 20:00:00+01:00,80.27641569745869
2018-12-04 21:00:00+01:00,79.45538598558987
2018-12-04 22:00:00+01:00,75.4819173707259
2018-12-04 23:00:00+01:00,69.76409379425526
2018-12-05 00:00:00+01:00,64.23330644828658
2018-12-05 01:00:00+01:00,59.45772806964135
2018-12-05 02:00:00+01:00,56.39311831469379
2018-12-05 03:00:00+01:00,55.55057128262228
2018-12-05 04:00:00+01:00,54.82184637748126
2018-12-05 05:00:00+01:00,56.83744366438174
2018-12-05 06:00:00+01:00,64.61450002852716
2018-12-05 07:00:00+01:00,72.90069640887891
2018-12-05 08:00:00+01:00,78.78676220329943
2018-12-05 09:00:00+01:00,79.42347257247077
2018-12-05 10:00:00+01:00,78.79127864597997
2018-12-05 11:00:00+01:00,76.94991099150553
2018-12-05 12:00:00+01:00,75.90111671958599
2018-12-05 13:00:00+01:00,75.24163322037815
2018-12-05 14:00:00+01:00,75.27463576943073
2018-12-05 15:00:00+01:00,74.58751966559757
2018-12-05 16:00:00+01:00,74.85337817394371
2018-12-05 17:00:00+01:00,74.9444359033175
2018-12-05 18:00:00+01:00,81.5090256800642
2018-12-05 19:00:00+01:00,82.19410028102264
2018-12-05 20:00:00+01:00,82.37983389068648
2018-12-05 21:00:00+01:00,80.3744579601533
2018-12-05 22:00:00+01:00,75.52698435187678
2018-12-05 23:00:00+01:00,70.12983202743207
2018-12-06 00:00:00+01:00,67.9978640666104
2018-12-06 01:00:00+01:00,63.63903364253543
2018-12-06 02:00:00+01:00,61.47938161001136
2018-12-06 03:00:00+01:00,59.596942187949026
2018-12-06 04:00:00+01:00,58.26496606573093
2018-12-06 05:00:00+01:00,59.848313517197425
2018-12-06 06:00:00+01:00,65.15445218147333
2018-12-06 07:00:00+01:00,72.37209422776145
2018-12-06 08:00:00+01:00,78.62535643451584
2018-12-06 09:00:00+01:00,79.66076627741582
2018-12-06 10:00:00+01:00,79.18761882015129
2018-12-06 11:00:00+01:00,77.11754297516414
2018-12-06 12:00:00+01:00,75.87689738575068
2018-12-06 13:00:00+01:00,75.01916018202571
2018-12-06 14:00:00+01:00,74.78035588755732
2018-12-06 15:00:00+01:00,72.67852025057205
2018-12-06 16:00:00+01:00,72.98560786847233
2018-12-06 17:00:00+01:00,74.88491384335748
2018-12-06 18:00:00+01:00,81.99196360936365
2018-12-06 19:00:00+01:00,84.26191338860237
2018-12-06 20:00:00+01:00,84.18030045773726
2018-12-06 21:00:00+01:00,81.72656521142106
2018-12-06 22:00:00+01:00,76.24142484014051
2018-12-06 23:00:00+01:00,73.34821027491147
2018-12-07 00:00:00+01:00,69.7736392777955
2018-12-07 01:00:00+01:00,66.10232793524942
2018-12-07 02:00:00+01:00,63.12456465526225
2018-12-07 03:00:00+01:00,63.1616498917685
2018-12-07 04:00:00+01:00,62.906184442798256
2018-12-07 05:00:00+01:00,62.45180504034969
2018-12-07 06:00:00+01:00,69.44936676241012
2018-12-07 07:00:00+01:00,75.31589864237992
2018-12-07 08:00:00+01:00,80.10223034740835
2018-12-07 09:00:00+01:00,81.12263146392722
2018-12-07 10:00:00+01:00,81.17699793786646
2018-12-07 11:00:00+01:00,80.18584928068785
2018-12-07 12:00:00+01:00,78.19203698526503
2018-12-07 13:00:00+01:00,76.24080043365971
2018-12-07 14:00:00+01:00,75.57615274088558
2018-12-07 15:00:00+01:00,72.46339951326551
2018-12-07 16:00:00+01:00,75.38284627461735
2018-12-07 17:00:00+01:00,74.20706791991792
2018-12-07 18:00:00+01:00,77.31420030229448
2018-12-07 19:00:00+01:00,79.06912020489635
2018-12-07 20:00:00+01:00,80.99021951599741
2018-12-07 21:00:00+01:00,77.75636446133251
2018-12-07 22:00:00+01:00,72.58913242357723
2018-12-07 23:00:00+01:00,70.02545426856794
2018-12-08 00:00:00+01:00,66.11148785463762
2018-12-08 01:00:00+01:00,62.929156526305555
2018-12-08 02:00:00+01:00,59.40783276071378
2018-12-08 03:00:00+01:00,58.470628493910276
2018-12-08 04:00:00+01:00,58.22305981127153
2018-12-08 05:00:00+01:00,57.815420030260576
2018-12-08 06:00:00+01:00,59.77690730446716
2018-12-08 07:00:00+01:00,63.22146482310105
2018-12-08 08:00:00+01:00,66.49904221745412
2018-12-08 09:00:00+01:00,68.54176272740098
2018-12-08 10:00:00+01:00,70.93820407510744
2018-12-08 11:00:00+01:00,69.57289286779037
2018-12-08 12:00:00+01:00,67.94222166349357
2018-12-08 13:00:00+01:00,67.44435439375515
2018-12-08 14:00:00+01:00,65.31577535130451
2018-12-08 15:00:00+01:00,66.6597362478115
2018-12-08 16:00:00+01:00,67.70996098758296
2018-12-08 17:00:00+01:00,70.33681109058865
2018-12-08 18:00:00+01:00,75.60303485919722
2018-12-08 19:00:00+01:00,77.1387701749559
2018-12-08 20:00:00+01:00,76.83440758305095
2018-12-08 21:00:00+01:00,75.49148931503701
2018-12-08 22:00:00+01:00,71.59652681759884
2018-12-08 23:00:00+01:00,68.9317023909803
2018-12-09 00:00:00+01:00,64.05185710417108
2018-12-09 01:00:00+01:00,61.555926716207814
2018-12-09 02:00:00+01:00,58.7864820292505
2018-12-09 03:00:00+01:00,57.02769873217346
2018-12-09 04:00:00+01:00,55.998064476008146
2018-12-09 05:00:00+01:00,55.207050212480965
2018-12-09 06:00:00+01:00,57.34696441354317
2018-12-09 07:00:00+01:00,60.623158722396376
2018-12-09 08:00:00+01:00,63.74938439144171
2018-12-09 09:00:00+01:00,65.29872834804756
2018-12-09 10:00:00+01:00,61.318140612213035
2018-12-09 11:00:00+01:00,61.361708995152306
2018-12-09 12:00:00+01:00,61.258920579587596
2018-12-09 13:00:00+01:00,60.95315223670584
2018-12-09 14:00:00+01:00,60.23027209630629
2018-12-09 15:00:00+01:00,59.69231356567201
2018-12-09 16:00:00+01:00,59.87848158787432
2018-12-09 17:00:00+01:00,62.75572520940596
2018-12-09 18:00:00+01:00,68.7775019151934
2018-12-09 19:00:00+01:00,72.931269349792
2018-12-09 20:00:00+01:00,74.15629929291158
2018-12-09 21:00:00+01:00,74.35470918684159
2018-12-09 22:00:00+01:00,72.27089056359195
2018-12-09 23:00:00+01:00,68.88759932417588
2018-12-10 00:00:00+01:00,60.102329928499046
2018-12-10 01:00:00+01:00,57.94936872737463
2018-12-10 02:00:00+01:00,55.14452472837462
2018-12-10 03:00:00+01:00,53.183209409525695
2018-12-10 04:00:00+01:00,54.019149728738235
2018-12-10 05:00:00+01:00,56.66678054575717
2018-12-10 06:00:00+01:00,65.02382535426537
2018-12-10 07:00:00+01:00,72.19803470487075
2018-12-10 08:00:00+01:00,77.56519634376848
2018-12-10 09:00:00+01:00,79.44337002352428
2018-12-10 10:00:00+01:00,79.0970892316125
2018-12-10 11:00:00+01:00,76.72550989645077
2018-12-10 12:00:00+01:00,76.0750748463218
2018-12-10 13:00:00+01:00,75.6257043753662
2018-12-10 14:00:00+01:00,75.36207159545974
2018-12-10 15:00:00+01:00,73.79086471810248
2018-12-10 16:00:00+01:00,73.77054313990017
2018-12-10 17:00:00+01:00,75.77655219572291
2018-12-10 18:00:00+01:00,81.6908334443634
2018-12-10 19:00:00+01:00,84.37056990829417
2018-12-10 20:00:00+01:00,84.70267973637313
2018-12-10 21:00:00+01:00,82.40190442060499
2018-12-10 22:00:00+01:00,76.90197800859487
2018-12-10 23:00:00+01:00,72.77770198740848
2018-12-11 00:00:00+01:00,64.7296393427418
2018-12-11 01:00:00+01:00,61.245773300195424
2018-12-11 02:00:00+01:00,57.104520771280534
2018-12-11 03:00:00+01:00,57.25269476037903
2018-12-11 04:00:00+01:00,58.381313766409214
2018-12-11 05:00:00+01:00,59.918644917811186
2018-12-11 06:00:00+01:00,63.85292854640827
2018-12-11 07:00:00+01:00,70.85046059708299
2018-12-11 08:00:00+01:00,78.89681077485493
2018-12-11 09:00:00+01:00,78.96449339455103
2018-12-11 10:00:00+01:00,77.21381315274685
2018-12-11 11:00:00+01:00,77.4036023875906
2018-12-11 12:00:00+01:00,78.28828381458713
2018-12-11 13:00:00+01:00,76.01932519817431
2018-12-11 14:00:00+01:00,73.44675441127434
2018-12-11 15:00:00+01:00,73.26532667963886
2018-12-11 16:00:00+01:00,74.55073091709271
2018-12-11 17:00:00+01:00,76.9516623129849
2018-12-11 18:00:00+01:00,82.17483815199178
2018-12-11 19:00:00+01:00,83.7564749096922
2018-12-11 20:00:00+01:00,83.06517802361104
2018-12-11 21:00:00+01:00,80.56222177834663
2018-12-11 22:00:00+01:00,76.13618578732168
2018-12-11 23:00:00+01:00,71.70654047826939
2018-12-12 00:00:00+01:00,65.05218270968516
2018-12-12 01:00:00+01:00,61.56926208907072
2018-12-12 02:00:00+01:00,58.59342403770902
2018-12-12 03:00:00+01:00,57.936445984482596
2018-12-12 04:00:00+01:00,57.41241836335717
2018-12-12 05:00:00+01:00,56.84712884364529
2018-12-12 06:00:00+01:00,63.5359178218749
2018-12-12 07:00:00+01:00,72.14415330410414
2018-12-12 08:00:00+01:00,78.29173214470698
2018-12-12 09:00:00+01:00,79.25217494052886
2018-12-12 10:00:00+01:00,79.73654811683427
2018-12-12 11:00:00+01:00,77.02442719910665
2018-12-12 12:00:00+01:00,75.99687739803477
2018-12-12 13:00:00+01:00,75.78982921479779
2018-12-12 14:00:00+01:00,75.99761827606
2018-12-12 15:00:00+01:00,75.14080815871573
2018-12-12 16:00:00+01:00,75.61775571337877
2018-12-12 17:00:00+01:00,77.19656362694634
2018-12-12 18:00:00+01:00,82.30560290973541
2018-12-12 19:00:00+01:00,83.19870860833018
2018-12-12 20:00:00+01:00,77.8914375805142
2018-12-12 21:00:00+01:00,76.51901664756763
2018-12-12 22:00:00+01:00,71.60476804952302
2018-12-12 23:00:00+01:00,65.07085864583264
2018-12-13 00:00:00+01:00,57.97837662153332
2018-12-13 01:00:00+01:00,52.31846010986541
2018-12-13 02:00:00+01:00,47.037557458371055
2018-12-13 03:00:00+01:00,44.11944293708884
2018-12-13 04:00:00+01:00,43.014169001310925
2018-12-13 05:00:00+01:00,43.857073350475865
2018-12-13 06:00:00+01:00,49.81678163944296
2018-12-13 07:00:00+01:00,61.20407126637924
2018-12-13 08:00:00+01:00,69.26556351460395
2018-12-13 09:00:00+01:00,68.75620388402719
2018-12-13 10:00:00+01:00,67.30617127926519
2018-12-13 11:00:00+01:00,67.86511755747455
2018-12-13 12:00:00+01:00,65.76189885410531
2018-12-13 13:00:00+01:00,66.60522293620924
2018-12-13 14:00:00+01:00,65.20033607634467
2018-12-13 15:00:00+01:00,64.5049918121313
2018-12-13 16:00:00+01:00,63.56068985782988
2018-12-13 17:00:00+01:00,65.45556698084349
2018-12-13 18:00:00+01:00,71.73485987798705
2018-12-13 19:00:00+01:00,71.31346055174483
2018-12-13 20:00:00+01:00,71.02423935631215
2018-12-13 21:00:00+01:00,71.03004194003591
2018-12-13 22:00:00+01:00,67.42809333604107
2018-12-13 23:00:00+01:00,62.31673297771845
2018-12-14 00:00:00+01:00,54.89329736709946
2018-12-14 01:00:00+01:00,50.41797345996744
2018-12-14 02:00:00+01:00,47.886960442089276
2018-12-14 03:00:00+01:00,45.78843125956769
2018-12-14 04:00:00+01:00,47.33545880990683
2018-12-14 05:00:00+01:00,48.81340648376126
2018-12-14 06:00:00+01:00,54.513865900353004
2018-12-14 07:00:00+01:00,63.584398103029876
2018-12-14 08:00:00+01:00,68.0169678590111
2018-12-14 09:00:00+01:00,71.34800374120213
2018-12-14 10:00:00+01:00,71.05534297613228
2018-12-14 11:00:00+01:00,69.6417333675234
2018-12-14 12:00:00+01:00,69.89885279566762
2018-12-14 13:00:00+01:00,69.3137995525616
2018-12-14 14:00:00+01:00,68.82819307444426
2018-12-14 15:00:00+01:00,67.71324691225159
2018-12-14 16:00:00+01:00,68.31043139281384
2018-12-14 17:00:00+01:00,70.75408304805649
2018-12-14 18:00:00+01:00,77.70000062888327
2018-12-14 19:00:00+01:00,80.73434461073265
2018-12-14 20:00:00+01:00,78.88618901905157
2018-12-14 21:00:00+01:00,79.43838170014654
2018-12-14 22:00:00+01:00,74.65396275518869
2018-12-14 23:00:00+01:00,70.40204398139828
2018-12-15 00:00:00+01:00,64.24072092189614
2018-12-15 01:00:00+01:00,61.34440063789676
2018-12-15 02:00:00+01:00,56.58701443472927
2018-12-15 03:00:00+01:00,54.37159757425653
2018-12-15 04:00:00+01:00,54.23861926591496
2018-12-15 05:00:00+01:00,54.649533609105255
2018-12-15 06:00:00+01:00,55.082795723021924
2018-12-15 07:00:00+01:00,58.179439911073196
2018-12-15 08:00:00+01:00,64.54078540924591
2018-12-15 09:00:00+01:00,65.82951150385006
2018-12-15 10:00:00+01:00,69.15409835816398
2018-12-15 11:00:00+01:00,68.28693938287297
2018-12-15 12:00:00+01:00,68.0980651917247
2018-12-15 13:00:00+01:00,66.43639531143523
2018-12-15 14:00:00+01:00,64.61738703734757
2018-12-15 15:00:00+01:00,63.435879092277254
2018-12-15 16:00:00+01:00,62.264892028199824
2018-12-15 17:00:00+01:00,64.23383806763798
2018-12-15 18:00:00+01:00,70.61576785246562
2018-12-15 19:00:00+01:00,72.1413109290432
2018-12-15 20:00:00+01:00,72.80475428078053
2018-12-15 21:00:00+01:00,69.70718550493724
2018-12-15 22:00:00+01:00,66.18380386992278
2018-12-15 23:00:00+01:00,61.609230850126266
2018-12-16 00:00:00+01:00,59.650297439527215
2018-12-16 01:00:00+01:00,54.74865954800785
2018-12-16 02:00:00+01:00,50.36595703462117
2018-12-16 03:00:00+01:00,47.73771789495766
2018-12-16 04:00:00+01:00,44.373666545478194
2018-12-16 05:00:00+01:00,45.150119545816175
2018-12-16 06:00:00+01:00,47.42179195431097
2018-12-16 07:00:00+01:00,52.21707209758378
2018-12-16 08:00:00+01:00,56.03511074841527
2018-12-16 09:00:00+01:00,57.84023529432982
2018-12-16 10:00:00+01:00,60.23644642423932
2018-12-16 11:00:00+01:00,61.72543960045331
2018-12-16 12:00:00+01:00,61.74666643808235
2018-12-16 13:00:00+01:00,59.52124610102479
2018-12-16 14:00:00+01:00,59.665955318156136
2018-12-16 15:00:00+01:00,56.29254547829792
2018-12-16 16:00:00+01:00,56.00735332357376
2018-12-16 17:00:00+01:00,60.16637481079596
2018-12-16 18:00:00+01:00,66.44215980894661
2018-12-16 19:00:00+01:00,69.10311570859756
2018-12-16 20:00:00+01:00,69.33527294275474
2018-12-16 21:00:00+01:00,71.50886415433582
2018-12-16 22:00:00+01:00,65.70138454107543
2018-12-16 23:00:00+01:00,63.87441564601141
2018-12-17 00:00:00+01:00,57.01534361500149
2018-12-17 01:00:00+01:00,54.346455515800436
2018-12-17 02:00:00+01:00,54.99654836676174
2018-12-17 03:00:00+01:00,52.10146004923007
2018-12-17 04:00:00+01:00,51.97731151749696
2018-12-17 05:00:00+01:00,54.448131753133985
2018-12-17 06:00:00+01:00,64.58203862032775
2018-12-17 07:00:00+01:00,70.85468458894509
2018-12-17 08:00:00+01:00,79.80547467426051
2018-12-17 09:00:00+01:00,79.7539789998901
2018-12-17 10:00:00+01:00,81.84485538598021
2018-12-17 11:00:00+01:00,80.59066174454864
2018-12-17 12:00:00+01:00,78.77016251916386
2018-12-17 13:00:00+01:00,76.04273461924684
2018-12-17 14:00:00+01:00,74.6840563677945
2018-12-17 15:00:00+01:00,73.3784524714711
2018-12-17 16:00:00+01:00,72.51341932430499
2018-12-17 17:00:00+01:00,75.28590577222029
2018-12-17 18:00:00+01:00,81.1764520473284
2018-12-17 19:00:00+01:00,84.8731979851881
2018-12-17 20:00:00+01:00,81.1243865295384
2018-12-17 21:00:00+01:00,77.70153758440874
2018-12-17 22:00:00+01:00,71.7716342866331
2018-12-17 23:00:00+01:00,66.27250648870957
2018-12-18 00:00:00+01:00,60.469147000995825
2018-12-18 01:00:00+01:00,54.406449018210424
2018-12-18 02:00:00+01:00,51.953813903339096
2018-12-18 03:00:00+01:00,51.50652251883995
2018-12-18 04:00:00+01:00,51.64253226647923
2018-12-18 05:00:00+01:00,52.66587318546791
2018-12-18 06:00:00+01:00,56.99098549360516
2018-12-18 07:00:00+01:00,63.6064109400161
2018-12-18 08:00:00+01:00,71.79822689625517
2018-12-18 09:00:00+01:00,73.79362056102893
2018-12-18 10:00:00+01:00,74.4039631142147
2018-12-18 11:00:00+01:00,75.72221818705442
2018-12-18 12:00:00+01:00,73.79958762685328
2018-12-18 13:00:00+01:00,73.84311156078671
2018-12-18 14:00:00+01:00,72.97131147549455
2018-12-18 15:00:00+01:00,73.19397306960532
2018-12-18 16:00:00+01:00,72.44240388875598
2018-12-18 17:00:00+01:00,74.7336605918055
2018-12-18 18:00:00+01:00,79.88693647960876
2018-12-18 19:00:00+01:00,80.65112155633034
2018-12-18 20:00:00+01:00,81.26026158895458
2018-12-18 21:00:00+01:00,77.65019506493842
2018-12-18 22:00:00+01:00,71.23480273078138
2018-12-18 23:00:00+01:00,66.06620165454777
2018-12-19 00:00:00+01:00,59.81025378861315
2018-12-19 01:00:00+01:00,55.95405202063819
2018-12-19 02:00:00+01:00,53.96731682378834
2018-12-19 03:00:00+01:00,52.89039694312114
2018-12-19 04:00:00+01:00,52.2941716907664
2018-12-19 05:00:00+01:00,49.64020961059867
2018-12-19 06:00:00+01:00,56.928424600667654
2018-12-19 07:00:00+01:00,65.2809024198318
2018-12-19 08:00:00+01:00,70.06441194055382
2018-12-19 09:00:00+01:00,72.04890465697311
2018-12-19 10:00:00+01:00,71.95105225377029
2018-12-19 11:00:00+01:00,71.86278542740546
2018-12-19 12:00:00+01:00,69.97151018030735
2018-12-19 13:00:00+01:00,68.1587515071044
2018-12-19 14:00:00+01:00,68.15036427542206
2018-12-19 15:00:00+01:00,68.97833743260621
2018-12-19 16:00:00+01:00,68.20157652263445
2018-12-19 17:00:00+01:00,72.99298333529983
2018-12-19 18:00:00+01:00,77.53168577442482
2018-12-19 19:00:00+01:00,81.7685160672209
2018-12-19 20:00:00+01:00,80.08807969290207
2018-12-19 21:00:00+01:00,78.60321001237865
2018-12-19 22:00:00+01:00,73.03939354981621
2018-12-19 23:00:00+01:00,67.98087027315506
2018-12-20 00:00:00+01:00,63.7186149555925
2018-12-20 01:00:00+01:00,60.4627455718448
2018-12-20 02:00:00+01:00,56.78482818733347
2018-12-20 03:00:00+01:00,53.11140848987234
2018-12-20 04:00:00+01:00,53.20570652850711
2018-12-20 05:00:00+01:00,54.52547561127887
2018-12-20 06:00:00+01:00,62.65768073022419
2018-12-20 07:00:00+01:00,68.88354644701022
2018-12-20 08:00:00+01:00,74.75461981165226
2018-12-20 09:00:00+01:00,76.05553568607856
2018-12-20 10:00:00+01:00,75.95402117500976
2018-12-20 11:00:00+01:00,76.04723445948547
2018-12-20 12:00:00+01:00,75.32211733939037
2018-12-20 13:00:00+01:00,73.6356101044629
2018-12-20 14:00:00+01:00,72.35843261075823
2018-12-20 15:00:00+01:00,71.48154973287231
2018-12-20 16:00:00+01:00,72.88097089750653
2018-12-20 17:00:00+01:00,77.43577598954789
2018-12-20 18:00:00+01:00,82.56515180324533
2018-12-20 19:00:00+01:00,82.61108242512744
2018-12-20 20:00:00+01:00,81.70864565843145
2018-12-20 21:00:00+01:00,77.36189525588149
2018-12-20 22:00:00+01:00,71.37900358652277
2018-12-20 23:00:00+01:00,66.39449409604867
2018-12-21 00:00:00+01:00,61.91354405883127
2018-12-21 01:00:00+01:00,57.62762599765364
2018-12-21 02:00:00+01:00,54.863513407976846
2018-12-21 03:00:00+01:00,53.32245788867517
2018-12-21 04:00:00+01:00,53.368046532436686
2018-12-21 05:00:00+01:00,52.48248923387657
2018-12-21 06:00:00+01:00,57.86772950725605
2018-12-21 07:00:00+01:00,66.24923392375858
2018-12-21 08:00:00+01:00,73.89852454412018
2018-12-21 09:00:00+01:00,75.78716110890058
2018-12-21 10:00:00+01:00,75.8345336159977
2018-12-21 11:00:00+01:00,75.45603777045893
2018-12-21 12:00:00+01:00,74.19393132676242
2018-12-21 13:00:00+01:00,74.88272164790219
2018-12-21 14:00:00+01:00,71.40822175734306
2018-12-21 15:00:00+01:00,72.128756306941
2018-12-21 16:00:00+01:00,71.89343104754411
2018-12-21 17:00:00+01:00,75.66337002430834
2018-12-21 18:00:00+01:00,79.8422776243131
2018-12-21 19:00:00+01:00,81.36419366532745
2018-12-21 20:00:00+01:00,81.98390801842937
2018-12-21 21:00:00+01:00,78.13508597963407
2018-12-21 22:00:00+01:00,73.01114470354294
2018-12-21 23:00:00+01:00,68.2136384027295
2018-12-22 00:00:00+01:00,58.408976392434944
2018-12-22 01:00:00+01:00,55.20589354648803
2018-12-22 02:00:00+01:00,54.630311017658805
2018-12-22 03:00:00+01:00,53.11493297062801
2018-12-22 04:00:00+01:00,52.93395134218815
2018-12-22 05:00:00+01:00,51.79856372746182
2018-12-22 06:00:00+01:00,53.79352882632321
2018-12-22 07:00:00+01:00,57.664037457088874
2018-12-22 08:00:00+01:00,61.1477931762576
2018-12-22 09:00:00+01:00,64.14231813816058
2018-12-22 10:00:00+01:00,65.52293204762444
2018-12-22 11:00:00+01:00,63.36045623172029
2018-12-22 12:00:00+01:00,62.66672660071972
2018-12-22 13:00:00+01:00,62.3254254883272
2018-12-22 14:00:00+01:00,61.1265897285067
2018-12-22 15:00:00+01:00,61.06642179109661
2018-12-22 16:00:00+01:00,60.14151799722262
2018-12-22 17:00:00+01:00,65.18098204728301
2018-12-22 18:00:00+01:00,70.12527197211145
2018-12-22 19:00:00+01:00,71.3366234762855
2018-12-22 20:00:00+01:00,72.00220455760213
2018-12-22 21:00:00+01:00,70.65264025730602
2018-12-22 22:00:00+01:00,66.63115016602974
2018-12-22 23:00:00+01:00,63.060168092812056
2018-12-23 00:00:00+01:00,58.77370226957927
2018-12-23 01:00:00+01:00,56.5126990182276
2018-12-23 02:00:00+01:00,52.43949974808836
2018-12-23 03:00:00+01:00,49.55969030464639
2018-12-23 04:00:00+01:00,48.86467999824654
2018-12-23 05:00:00+01:00,49.268617742451745
2018-12-23 06:00:00+01:00,51.083235387930756
2018-12-23 07:00:00+01:00,53.10476730803941
2018-12-23 08:00:00+01:00,57.88308059886693
2018-12-23 09:00:00+01:00,59.48470997955386
2018-12-23 10:00:00+01:00,61.649597560382084
2018-12-23 11:00:00+01:00,61.48960636310445
2018-12-23 12:00:00+01:00,59.69317946584869
2018-12-23 13:00:00+01:00,59.75390867289362
2018-12-23 14:00:00+01:00,60.149374678816265
2018-12-23 15:00:00+01:00,59.09511728995208
2018-12-23 16:00:00+01:00,59.0391760300108
2018-12-23 17:00:00+01:00,62.523169730704126
2018-12-23 18:00:00+01:00,70.63310758983262
2018-12-23 19:00:00+01:00,73.34325117537263
2018-12-23 20:00:00+01:00,73.80048168219763
2018-12-23 21:00:00+01:00,72.6439301585643
2018-12-23 22:00:00+01:00,69.5336313420065
2018-12-23 23:00:00+01:00,65.47877763686417
2018-12-24 00:00:00+01:00,61.042371038572504
2018-12-24 01:00:00+01:00,55.12637045845463
2018-12-24 02:00:00+01:00,51.400105604941025
2018-12-24 03:00:00+01:00,51.385758466551266
2018-12-24 04:00:00+01:00,50.736567342067765
2018-12-24 05:00:00+01:00,51.95815238066613
2018-12-24 06:00:00+01:00,57.02352117687483
2018-12-24 07:00:00+01:00,64.385669885347
2018-12-24 08:00:00+01:00,69.49683789414965
2018-12-24 09:00:00+01:00,71.73039810848844
2018-12-24 10:00:00+01:00,73.10481586686522
2018-12-24 11:00:00+01:00,71.50256803922724
2018-12-24 12:00:00+01:00,70.25908815527883
2018-12-24 13:00:00+01:00,68.0054757253403
2018-12-24 14:00:00+01:00,67.82260977421292
2018-12-24 15:00:00+01:00,67.70485074477533
2018-12-24 16:00:00+01:00,68.01118760603745
2018-12-24 17:00:00+01:00,71.29887968029011
2018-12-24 18:00:00+01:00,75.99103404335493
2018-12-24 19:00:00+01:00,78.52417118654269
2018-12-24 20:00:00+01:00,77.93590181402041
2018-12-24 21:00:00+01:00,76.32228041223658
2018-12-24 22:00:00+01:00,72.19466740501679
2018-12-24 23:00:00+01:00,67.9132890491677
2018-12-25 00:00:00+01:00,61.654726730223445
2018-12-25 01:00:00+01:00,55.545485974887576
2018-12-25 02:00:00+01:00,52.6238293004531
2018-12-25 03:00:00+01:00,53.199492945088686
2018-12-25 04:00:00+01:00,52.22022803289813
2018-12-25 05:00:00+01:00,52.583770276428254
2018-12-25 06:00:00+01:00,58.79268923764062
2018-12-25 07:00:00+01:00,65.48553433974324
2018-12-25 08:00:00+01:00,70.80449373249805
2018-12-25 09:00:00+01:00,72.22353343151592
2018-12-25 10:00:00+01:00,73.06146450061438
2018-12-25 11:00:00+01:00,70.77237857539451
2018-12-25 12:00:00+01:00,70.73241189806771
2018-12-25 13:00:00+01:00,68.90840441635977
2018-12-25 14:00:00+01:00,67.03926242454797
2018-12-25 15:00:00+01:00,66.87571911936145
2018-12-25 16:00:00+01:00,69.04678619156806
2018-12-25 17:00:00+01:00,72.20249059775517
2018-12-25 18:00:00+01:00,75.35539946032681
2018-12-25 19:00:00+01:00,76.55132525601753
2018-12-25 20:00:00+01:00,75.75436278478217
2018-12-25 21:00:00+01:00,74.40469064710123
2018-12-25 22:00:00+01:00,68.9017765614236
2018-12-25 23:00:00+01:00,64.98929846635298
2018-12-26 00:00:00+01:00,60.42218370307904
2018-12-26 01:00:00+01:00,55.280646139843164
2018-12-26 02:00:00+01:00,52.453377312568534
2018-12-26 03:00:00+01:00,51.657112776308225
2018-12-26 04:00:00+01:00,50.878562173212025
2018-12-26 05:00:00+01:00,52.15869868801716
2018-12-26 06:00:00+01:00,57.2829812498062
2018-12-26 07:00:00+01:00,64.06167049038051
2018-12-26 08:00:00+01:00,69.38726057529165
2018-12-26 09:00:00+01:00,72.51660950159354
2018-12-26 10:00:00+01:00,73.81220172793324
2018-12-26 11:00:00+01:00,73.40565766947046
2018-12-26 12:00:00+01:00,71.30530650110538
2018-12-26 13:00:00+01:00,70.70532555997806
2018-12-26 14:00:00+01:00,68.94054489088927
2018-12-26 15:00:00+01:00,67.60088857697737
2018-12-26 16:00:00+01:00,68.33750659093444
2018-12-26 17:00:00+01:00,71.99146676875856
2018-12-26 18:00:00+01:00,76.65300629370923
2018-12-26 19:00:00+01:00,76.39516770885685
2018-12-26 20:00:00+01:00,76.32338155831864
2018-12-26 21:00:00+01:00,74.16323466216802
2018-12-26 22:00:00+01:00,69.5058715570165
2018-12-26 23:00:00+01:00,65.8531422125414
2018-12-27 00:00:00+01:00,60.432201538210954
2018-12-27 01:00:00+01:00,55.77534575273802
2018-12-27 02:00:00+01:00,51.10370126548233
2018-12-27 03:00:00+01:00,51.117139056518646
2018-12-27 04:00:00+01:00,51.350899061246054
2018-12-27 05:00:00+01:00,52.18862476903013
2018-12-27 06:00:00+01:00,57.26045264442727
2018-12-27 07:00:00+01:00,64.33302279656361
2018-12-27 08:00:00+01:00,70.38902903558333
2018-12-27 09:00:00+01:00,73.73179114614452
2018-12-27 10:00:00+01:00,74.7031579340585
2018-12-27 11:00:00+01:00,73.7086659872841
2018-12-27 12:00:00+01:00,71.03671796871977
2018-12-27 13:00:00+01:00,70.18977365795261
2018-12-27 14:00:00+01:00,69.03835618274164
2018-12-27 15:00:00+01:00,68.55991928068016
2018-12-27 16:00:00+01:00,69.5033810149226
2018-12-27 17:00:00+01:00,72.33190585131094
2018-12-27 18:00:00+01:00,76.09134833549194
2018-12-27 19:00:00+01:00,76.09250070256469
2018-12-27 20:00:00+01:00,75.9426478943655
2018-12-27 21:00:00+01:00,73.41042560741336
2018-12-27 22:00:00+01:00,68.30791047251753
2018-12-27 23:00:00+01:00,64.94848795111882
2018-12-28 00:00:00+01:00,60.82392170825787
2018-12-28 01:00:00+01:00,55.0613476325249
2018-12-28 02:00:00+01:00,52.54595311659875
2018-12-28 03:00:00+01:00,51.899806421502745
2018-12-28 04:00:00+01:00,50.69927207445019
2018-12-28 05:00:00+01:00,50.72923751215918
2018-12-28 06:00:00+01:00,57.29921772358645
2018-12-28 07:00:00+01:00,63.811372249139446
2018-12-28 08:00:00+01:00,69.27956209461166
2018-12-28 09:00:00+01:00,70.79613844567417
2018-12-28 10:00:00+01:00,71.15388910206546
2018-12-28 11:00:00+01:00,71.84483796216811
2018-12-28 12:00:00+01:00,71.29341021828382
2018-12-28 13:00:00+01:00,70.2088025798699
2018-12-28 14:00:00+01:00,68.5499110773648
2018-12-28 15:00:00+01:00,66.0267558762095
2018-12-28 16:00:00+01:00,67.2459505569999
2018-12-28 17:00:00+01:00,70.8214842001078
2018-12-28 18:00:00+01:00,74.57348179438806
2018-12-28 19:00:00+01:00,74.44794069138395
2018-12-28 20:00:00+01:00,73.78917242119267
2018-12-28 21:00:00+01:00,71.80604149466856
2018-12-28 22:00:00+01:00,65.89457198202028
2018-12-28 23:00:00+01:00,63.30884301347006
2018-12-29 00:00:00+01:00,56.715750759004266
2018-12-29 01:00:00+01:00,53.60040372500317
2018-12-29 02:00:00+01:00,51.357247990438076
2018-12-29 03:00:00+01:00,45.84364030154404
2018-12-29 04:00:00+01:00,47.267329701912956
2018-12-29 05:00:00+01:00,47.36831976190924
2018-12-29 06:00:00+01:00,47.40133526028533
2018-12-29 07:00:00+01:00,54.13940804894403
2018-12-29 08:00:00+01:00,57.69783941477156
2018-12-29 09:00:00+01:00,60.65562010801363
2018-12-29 10:00:00+01:00,61.75274060694122
2018-12-29 11:00:00+01:00,61.85942401656727
2018-12-29 12:00:00+01:00,60.5038837530847
2018-12-29 13:00:00+01:00,59.058687964694876
2018-12-29 14:00:00+01:00,58.19688067624543
2018-12-29 15:00:00+01:00,56.73373952946806
2018-12-29 16:00:00+01:00,58.9462832449809
2018-12-29 17:00:00+01:00,62.092158864946335
2018-12-29 18:00:00+01:00,67.20658219157878
2018-12-29 19:00:00+01:00,70.11881465212282
2018-12-29 20:00:00+01:00,69.58837612786697
2018-12-29 21:00:00+01:00,68.51590311320776
2018-12-29 22:00:00+01:00,62.71153274590237
2018-12-29 23:00:00+01:00,59.96003638296285
2018-12-30 00:00:00+01:00,54.09712166128477
2018-12-30 01:00:00+01:00,51.63863181380427
2018-12-30 02:00:00+01:00,45.84213906412128
2018-12-30 03:00:00+01:00,45.99273059897386
2018-12-30 04:00:00+01:00,46.01309644880965
2018-12-30 05:00:00+01:00,46.55328250984645
2018-12-30 06:00:00+01:00,46.910246861499274
2018-12-30 07:00:00+01:00,48.619221092900226
2018-12-30 08:00:00+01:00,51.011874276445006
2018-12-30 09:00:00+01:00,52.90910517884873
2018-12-30 10:00:00+01:00,55.01867252272769
2018-12-30 11:00:00+01:00,55.374506509719275
2018-12-30 12:00:00+01:00,54.26189518220386
2018-12-30 13:00:00+01:00,53.658794805815596
2018-12-30 14:00:00+01:00,53.06468761038593
2018-12-30 15:00:00+01:00,52.41011246858603
2018-12-30 16:00:00+01:00,52.16390902597457
2018-12-30 17:00:00+01:00,55.74631603613116
2018-12-30 18:00:00+01:00,62.24165108607784
2018-12-30 19:00:00+01:00,66.1757165614349
2018-12-30 20:00:00+01:00,67.97886519162924
2018-12-30 21:00:00+01:00,66.34025560118509
2018-12-30 22:00:00+01:00,62.03723916442226
2018-12-30 23:00:00+01:00,58.39104427530751
2018-12-31 00:00:00+01:00,57.006304557544276
2018-12-31 01:00:00+01:00,54.473446700811074
2018-12-31 02:00:00+01:00,52.07651518162305
2018-12-31 03:00:00+01:00,48.95412812071808
2018-12-31 04:00:00+01:00,48.83173386804604
2018-12-31 05:00:00+01:00,50.671690476847694
2018-12-31 06:00:00+01:00,55.42204208549018
2018-12-31 07:00:00+01:00,61.486492577590184
2018-12-31 08:00:00+01:00,66.88037595959382
2018-12-31 09:00:00+01:00,70.05318385156636
2018-12-31 10:00:00+01:00,70.46922804012445
2018-12-31 11:00:00+01:00,69.31676754536325
2018-12-31 12:00:00+01:00,67.17231086650395
2018-12-31 13:00:00+01:00,65.47067271548293
2018-12-31 14:00:00+01:00,64.08821025340369
2018-12-31 15:00:00+01:00,62.9593925821128
2018-12-31 16:00:00+01:00,63.14701424460086
2018-12-31 17:00:00+01:00,65.50108317869392
2018-12-31 18:00:00+01:00,69.29470429778779
2018-12-31 19:00:00+01:00,72.47754362487457
2018-12-31 20:00:00+01:00,73.46914847628699
2018-12-31 21:00:00+01:00,71.52276191336233
2018-12-31 22:00:00+01:00,66.47887857011061
2018-12-31 23:00:00+01:00,63.891483952433475
